sequence	v_call	d_call	j_call	junction	counts	freqs
caggtgcagctacagcagtggggcgcaggactgttgaagccttcggagaccctgtccctcacctgcgctgtctatggtgggtccttcagtggttactactggagctggatccgccagcccccagggaaggggctggagtggattggggaaatcaatcatagtggaagcaccaactacaacccgtccctcaagagtcgagtcaccatatcagtagacacgtccaagaaccagttctccctgaagctgagctctgtgaccgccgcggacacggctgtgtattactgtgcgagagggagtattatctactactacggtatggacgtctgggggcaagggaccacggtcaccgtctcctca	IGHV4-34	IGHD3-9	IGHJ6	tgtgcgagagggagtattatctactactacggtatggacgtctgg	64000	0.390351010948126
caggtgcagctggtgcagtctggggctgaggtgaagaagcctgggtcctcggtgaaggtctcctgcaaggcttctggaggcaccttcagcagctatgctatcagctgggtgcgacaggcccctggacaagggcttgagtggatgggagggatcatccctatctttggtacagcaaactacgcacagaagttccagggcagagtcacgattaccgcggacgaatccacgagcacagcctacatggagctgagcagcctgagatctgaggacacggccgtgtattactgtgctggtggctggtactactactacggtatggacgtctgggggcaagggaccacggtcaccgtctcctca	IGHV1-69	IGHD6-19	IGHJ6	tgtgctggtggctggtactactactacggtatggacgtctgg	22627	0.138007380073801
gaggtgcagctgttggagtctgggggaggcttggtacagcctggggggtccctgagactctcctgtgcagcctctggattcacctttagcagctatgccatgagctgggtccgccaggctccagggaaggggctggagtgggtctcagctattagtggtagtggtggtagcacatactacgcagactccgtgaagggccggttcaccatctccagagacaattccaagaacacgctgtatctgcaaatgaacagcctgagagccgaggacacggccgtatattactgtgcgaatcattgtaactactactacggtatggacgtctgggggcaagggaccacggtcaccgtctcctca	IGHV3-23	IGHD2-15	IGHJ6	tgtgcgaatcattgtaactactactacggtatggacgtctgg	12317	0.0751242719038761
gaggtgcagctgttggagtctgggggaggcttggtacagcctggggggtccctgagactctcctgtgcagcctctggattcacctttagcagctatgccatgagctgggtccgccaggctccagggaaggggctggagtgggtctcagctattagtggtagtggtggtagcacatactacgcagactccgtgaagggccggttcaccatctccagagacaattccaagaacacgctgtatctgcaaatgaacagcctgagagccgaggacacggccgtatattactgtgcgaaagaggcccggggagttattataacggactactggggccaaggaaccctggtcaccgtctcctca	IGHV3-23	IGHD3-10	IGHJ4	tgtgcgaaagaggcccggggagttattataacggactactgg	8000	0.0487938763685158
gaggtgcagctggtggagtctggaggaggcttgatccagcctggggggtccctgagactctcctgtgcagcctctgggttcaccgtcagtagcaactacatgagctgggtccgccaggctccagggaaggggctggagtgggtctcagttatttatagcggtggtagcacatactacgcagactccgtgaagggccgattcaccatctccagagacaattccaagaacacgctgtatcttcaaatgaacagcctgagagccgaggacacggccgtgtattactgtgcgagagacgggcgtaccagctgctaccactttgactactggggccaaggaaccctggtcaccgtctcctca	IGHV3-53	IGHD2-2	IGHJ4	tgtgcgagagacgggcgtaccagctgctaccactttgactactgg	5724	0.034912018541673
caggtgcagctggtgcagtctggggctgaggtgaagaagcctggggcctcagtgaaggtctcctgcaaggcttctggatacaccttcaccggctactatatgcactgggtgcgacaggcccctggacaagggcttgagtggatgggacggatcaaccctaacagtggtggcacaaactatgcacagaagtttcagggcagggtcaccagtaccagggacacgtccatcagcacagcctacatggagctgagcaggctgagatctgacgacacggtcgtgtattactgtgcgagtatgcttataccctgtggctttgactactggggccaaggaaccctggtcaccgtctcctca	IGHV1-2	IGHD3-16	IGHJ4	tgtgcgagtatgcttataccctgtggctttgactactgg	4355	0.0265621664481108
caggtgcagctggtgcagtctggggctgaggtgaagaagcctgggtcctcggtgaaggtctcctgcaaggcttctggaggcaccttcagcagctatgctatcagctgggtgcgacaggcccctggacaagggcttgagtggatgggagggatcatccctatctttggtacagcaaactacgcacagaagttccagggcagagtcacgattaccgcggacgaatccacgagcacagcctacatggagctgagcagcctgagatctgaggacacggccgtgtattactgtgcgagagcgggctacaatccctactttgactactggggccaaggaaccctggtcaccgtctcctca	IGHV1-69	IGHD5-24	IGHJ4	tgtgcgagagcgggctacaatccctactttgactactgg	3456	0.0210789545911988
caggtgcagctggtgcagtctggggctgaggtgaagaagcctggggcctcagtgaaggtctcctgcaaggcttctggatacaccttcaccagttatgatatcaactgggtgcgacaggccactggacaagggcttgagtggatgggatggatgaaccctaacagtggtaacacaggctatgcacagaagttccagggcagagtcaccatgaccaggaacacctccataagcacagcctacatggagctgagcagcctgagatctgaggacacggccgtgtattactgtgcgagaggtcctatggttcggggagtctttgactactggggccaaggaaccctggtcaccgtctcctca	IGHV1-8	IGHD3-10	IGHJ4	tgtgcgagaggtcctatggttcggggagtctttgactactgg	2828	0.0172486352962703
caggtgcagctggtgcagtctggggctgaggtgaagaagcctgggtcctcggtgaaggtctcctgcaaggcttctggaggcaccttcagcagctatgctatcagctgggtgcgacaggcccctggacaagggcttgagtggatgggagggatcatccctatctttggtacagcaaactacgcacagaagttccagggcagagtcacgattaccgcggacgaatccacgagcacagcctacatggagctgagcagcctgagatctgaggacacggccgtgtattactgtgcgagtcggtaccagctgctatcctggttcgactcctggggccaaggaaccctggtcaccgtctcctca	IGHV1-69	IGHD2-2	IGHJ5	tgtgcgagtcggtaccagctgctatcctggttcgactcctgg	2370	0.0144551858741728
gaggtgcagctgttggagtctgggggaggcttggtacagcctggggggtccctgagactctcctgtgcagcctctggattcacctttagcagctatgccatgagctgggtccgccaggctccagggaaggggctggagtgggtctcagctattagtggtagtggtggtagcacatactacgcagactccgtgaagggccggttcaccatctccagagacaattccaagaacacgctgtatctgcaaatgaacagcctgagagccgaggacacggccgtatattactgttcaacgggtattactatggttcggggagacccccactactggggccaaggaaccctggtcaccgtctcctca	IGHV3-23	IGHD3-10	IGHJ4	tgttcaacgggtattactatggttcggggagacccccactactgg	2024	0.0123448507212345
gaggtgcagctgttggagtctgggggaggcttggtacagcctggggggtccctgagactctcctgtgcagcctctggattcacctttagcagctatgccatgagctgggtccgccaggctccagggaaggggctggagtgggtctcagctattagtggtagtggtggtagcacatactacgcagactccgtgaagggccggttcaccatctccagagacaattccaagaacacgctgtatctgcaaatgaacagcctgagagccgaggacacggccgtatattactgtgcgaaagatcggaacagtggaagggactactttgactactggggccaaggaaccctggtcaccgtctcctca	IGHV3-23	IGHD6-19	IGHJ4	tgtgcgaaagatcggaacagtggaagggactactttgactactgg	1754	0.0106980573937971
gaggtgcagctggtggagtctgggggaggcttggtccagcctggggggtccctgaaactctcctgtgcagcctctgggttcaccttcagtggctctgctatgcactgggtccgccaggcttccgggaaagggctggagtgggttggccgtattagaagcaaagctaacagttacgcgacagcatatgctgcgtcggtgaaaggcaggttcaccatctccagagatgattcaaagaacacggcgtatctgcaaatgaacagcctgaaaaccgaggacacggccgtgtattactgtaaggatattgtagtagtaccagctgctagctttgactactggggccaaggaaccctggtcaccgtctcctca	IGHV3-73	IGHD2-2	IGHJ4	tgtaaggatattgtagtagtaccagctgctagctttgactactgg	1540	0.00939282120093928
gaggtgcagctggtgcagtctggagcagaggtgaaaaagcccggggagtctctgaagatctcctgtaagggttctggatacagctttaccagctactggatcggctgggtgcgccagatgcccgggaaaggcctggagtggatggggatcatctatcctggtgactctgataccagatacagcccgtccttccaaggccaggtcaccatctcagccgacaagtccatcagcaccgcctacctgcagtggagcagcctgaaggcctcggacaccgccatgtattactgtgcgagagtattacgatttttggagtggttattcgactactggggccaaggaaccctggtcaccgtctcctca	IGHV5-51	IGHD3-3	IGHJ4	tgtgcgagagtattacgatttttggagtggttattcgactactgg	1365	0.008325455155378
caggtgcagctacagcagtggggcgcaggactgttgaagccttcggagaccctgtccctcacctgcgctgtctatggtgggtccttcagtggttactactggagctggatccgccagcccccagggaaggggctggagtggattggggaaatcaatcatagtggaagcaccaactacaacccgtccctcaagagtcgagtcaccatatcagtagacacgtccaagaaccagttctccctgaagctgagctctgtgaccgccgcggacacggctgtgtattactgtgcgattgagtgggtcgactactactacggtatggacgtctgggggcaagggaccacggtcaccgtctcctca	IGHV4-34	IGHD3-22	IGHJ6	tgtgcgattgagtgggtcgactactactacggtatggacgtctgg	1222	0.00745326461529078
caggttcagctggtgcagtctggagctgaggtgaagaagcctggggcctcagtgaaggtctcctgcaaggcttctggttacacctttaccagctatggtatcagctgggtgcgacaggcccctggacaagggcttgagtggatgggatggatcagcgcttacaatggtaacacaaactatgcacagaagctccagggcagagtcaccatgaccacagacacatccacgagcacagcctacatggagctgaggagcctgagatctgacgacacggccgtgtattactgtgcgaggctggtcccttactactactacggtatggacgtctgggggcaagggaccacggtcaccgtctcctca	IGHV1-18	IGHD6-19	IGHJ6	tgtgcgaggctggtcccttactactactacggtatggacgtctgg	1102	0.00672135646976304
caggttcagctggtgcagtctggagctgaggtgaagaagcctggggcctcagtgaaggtctcctgcaaggcttctggttacacctttaccagctatggtatcagctgggtgcgacaggcccctggacaagggcttgagtggatgggatggatcagcgcttacaatggtaacacaaactatgcacagaagctccagggcagagtcaccatgaccacagacacatccacgagcacagcctacatggagctgaggagcctgagatctgacgacacggccgtgtattactgtgcgagagaaggagcagcggctagggactttgactactggggccaaggaaccctggtcaccgtctcctca	IGHV1-18	IGHD6-25	IGHJ4	tgtgcgagagaaggagcagcggctagggactttgactactgg	1000	0.00609923454606447
caggtgcagctggtgcagtctggggctgaggtgaagaagcctggggcctcagtgaaggtttcctgcaaggcatctggatacaccttcaccagctactatatgcactgggtgcgacaggcccctggacaagggcttgagtggatgggaataatcaaccctagtggtggtagcacaagctacgcacagaagttccagggcagagtcaccatgaccagggacacgtccacgagcacagtctacatggagctgagcagcctgagatctgaggacacggccgtgtattactgtgcgagagaggactatgatagtagtggttactttgactactggggccaaggaaccctggtcaccgtctcctca	IGHV1-46	IGHD3-22	IGHJ4	tgtgcgagagaggactatgatagtagtggttactttgactactgg	913	0.00556860114055686
gaggtgcagctgttggagtctgggggaggcttggtacagcctggggggtccctgagactctcctgtgcagcctctggattcacctttagcagctatgccatgagctgggtccgccaggctccagggaaggggctggagtgggtctcagctattagtggtagtggtggtagcacatactacgcagactccgtgaagggccggttcaccatctccagagacaattccaagaacacgctgtatctgcaaatgaacagcctgagagccgaggacacggccgtatattactgtgcacatattatgatttgggtttctgatgcttttgatgtctggggccaagggacaatggtcaccgtctcttca	IGHV3-23	IGHD3-16	IGHJ3	tgtgcacatattatgatttgggtttctgatgcttttgatgtctgg	838	0.00511115854960202
gaggtgcagctggtggagtctgggggaggtgtggtacggcctggggggtccctgagactctcctgtgcagcctctggattcacctttgatgattatggcatgagctgggtccgccaagctccagggaaggggctggagtgggtctctggtattaattggaatggtggtagcacaggttatgcagactctgtgaagggccgattcaccatctccagagacaacgccaagaactccctgtatctgcaaatgaacagtctgagagccgaggacacggccttgtatcactgtgcgagagagacccttctgtggctgtactttgactactggggccaaggaaccctggtcaccgtctcctca	IGHV3-20	IGHD6-19	IGHJ4	tgtgcgagagagacccttctgtggctgtactttgactactgg	773	0.00471470830410783
gaggtgcagctggtggagtctgggggaggcttggtaaagcctggggggtcccttagactctcctgtgcagcctctggattcactttcagtaacgcctggatgagctgggtccgccaggctccagggaaggggctggagtgggttggccgtattaaaagcaaaactgatggtgggacaacagactacgctgcacccgtgaaaggcagattcaccatctcaagagatgattcaaaaaacacgctgtatctgcaaatgaacagcctgaaaaccgaggacacagccgtgtattactgtaccacagagggtagcagcagctggtacgtctttgactactggggccaaggaaccctggtcaccgtctcctca	IGHV3-15	IGHD6-13	IGHJ4	tgtaccacagagggtagcagcagctggtacgtctttgactactgg	716	0.00436705193498216
gaggtgcagctggtggagtccgggggaggcttagttcagcctggggggtccctgagactctcctgtgcagcctctggattcaccttcagtagctactggatgcactgggtccgccaagctccagggaaggggctggtgtgggtctcacgtattaatagtgatgggagtagcacaagctacgcggactccgtgaagggccgattcaccatctccagagacaacgccaagaacacgctgtatctgcaaatgaacagtctgagagccgaggacacggctgtgtattactgtgcaaggcctagtacaactggaacgacgttcgactcctggggccaaggaaccctggtcaccgtctcctca	IGHV3-74	IGHD1-1	IGHJ5	tgtgcaaggcctagtacaactggaacgacgttcgactcctgg	665	0.00405599097313287
gaggtgcagctgttggagtctgggggaggcttggtacagcctggggggtccctgagactctcctgtgcagcctctggattcacctttagcagctatgccatgagctgggtccgccaggctccagggaaggggctggagtgggtctcagctattagtggtagtggtggtagcacatactacgcagactccgtgaagggccggttcaccatctccagagacaattccaagaacacgctgtatctgcaaatgaacagcctgagagccgaggacacggccgtatattactgtgcgaaagatttttggagtggttattatccttttgactactggggccaaggaaccctggtcaccgtctcctca	IGHV3-23	IGHD3-3	IGHJ4	tgtgcgaaagatttttggagtggttattatccttttgactactgg	620	0.00378152541855997
caggtgcagctggtggagtctgggggaggcttggtcaagcctggagggtccctgagactctcctgtgcagcctctggattcaccttcagtgactactacatgagctggatccgccaggctccagggaaggggctggagtgggtttcatacattagtagtagtggtagtaccatatactacgcagactctgtgaagggccgattcaccatctccagggacaacgccaagaactcactgtatctgcaaatgaacagcctgagagccgaggacacggccgtgtattactgtgcgagagacgtgagcaggaactggttcgactcctggggccaaggaaccctggtcaccgtctcctca	IGHV3-11	IGHD6-13	IGHJ5	tgtgcgagagacgtgagcaggaactggttcgactcctgg	580	0.00353755603671739
gaggtgcagctggtgcagtctggagcagaggtgaaaaagcccggggagtctctgaagatctcctgtaagggttctggatacagctttaccagctactggatcggctgggtgcgccagatgcccgggaaaggcctggagtggatggggatcatctatcctggtgactctgataccagatacagcccgtccttccaaggccaggtcaccatctcagccgacaagtccatcagcaccgcctacctgcagtggagcagcctgaaggcctcggacaccgccatgtattactgtgcgagtatagcagtggctggtacatttgactactggggccaaggaaccctggtcaccgtctcctca	IGHV5-51	IGHD6-19	IGHJ4	tgtgcgagtatagcagtggctggtacatttgactactgg	544	0.00331798359305907
gaggtgcagctgttggagtctgggggaggcttggtacagcctggggggtccctgagactctcctgtgcagcctctggattcacctttagcagctatgccatgagctgggtccgccaggctccagggaaggggctggagtgggtctcagctattagtggtagtggtggtagcacatactacgcagactccgtgaagggccggttcaccatctccagagacaattccaagaacacgctgtatctgcaaatgaacagcctgagagccgaggacacggccgtatattactgtgcgaaagtgactacggtgactacatggtacttcgatctctggggccgtggcaccctggtcactgtctcctca	IGHV3-23	IGHD4-17	IGHJ2	tgtgcgaaagtgactacggtgactacatggtacttcgatctctgg	512	0.00312280808758501
gaggtgcagctggtgcagtctggagcagaggtgaaaaagcccggggagtctctgaagatctcctgtaagggttctggatacagctttaccagctactggatcggctgggtgcgccagatgcccgggaaaggcctggagtggatggggatcatctatcctggtgactctgataccagatacagcccgtccttccaaggccaggtcaccatctcagccgacaagtccatcagcaccgcctacctgcagtggagcagcctgaaggcctcggacaccgccatgtattactgtgcgctagttatagcagtggctgggagggactactggggccaaggaaccctggtcaccgtctcctca	IGHV5-51	IGHD6-19	IGHJ4	tgtgcgctagttatagcagtggctgggagggactactgg	483	0.00294593028574914
gaggtgcagctggtgcagtctggagcagaggtgaaaaagcccggggagtctctgaagatctcctgtaagggttctggatacagctttaccagctactggatcggctgggtgcgccagatgcccgggaaaggcctggagtggatggggatcatctatcctggtgactctgataccagatacagcccgtccttccaaggccaggtcaccatctcagccgacaagtccatcagcaccgcctacctgcagtggagcagcctgaaggcctcggacaccgccatgtattactgtgcgagctcttactactactactacggtatggacgtctgggggcaagggaccacggtcaccgtctcctca	IGHV5-51	IGHD7-27	IGHJ6	tgtgcgagctcttactactactactacggtatggacgtctgg	456	0.0027812509530054
caggttcagctggtgcagtctggagctgaggtgaagaagcctggggcctcagtgaaggtctcctgcaaggcttctggttacacctttaccagctatggtatcagctgggtgcgacaggcccctggacaagggcttgagtggatgggatggatcagcgcttacaatggtaacacaaactatgcacagaagctccagggcagagtcaccatgaccacagacacatccacgagcacagcctacatggagctgaggagcctgagatctgacgacacggccgtgtattactgtgcgagaagggtagtaccagctgctatggttgactactggggccaaggaaccctggtcaccgtctcctca	IGHV1-18	IGHD2-2	IGHJ4	tgtgcgagaagggtagtaccagctgctatggttgactactgg	432	0.00263486932389985
caggttcagctggtgcagtctggagctgaggtgaagaagcctggggcctcagtgaaggtctcctgcaaggcttctggttacacctttaccagctatggtatcagctgggtgcgacaggcccctggacaagggcttgagtggatgggatggatcagcgcttacaatggtaacacaaactatgcacagaagctccagggcagagtcaccatgaccacagacacatccacgagcacagcctacatggagctgaggagcctgagatctgacgacacggccgtgtattactgtgcgagagcaagtgggagctactactttgactactggggccaaggaaccctggtcaccgtctcctca	IGHV1-18	IGHD1-26	IGHJ4	tgtgcgagagcaagtgggagctactactttgactactgg	410	0.00250068616388643
gaggtgcagctggtggagtctggaggaggcttgatccagcctggggggtccctgagactctcctgtgcagcctctgggttcaccgtcagtagcaactacatgagctgggtccgccaggctccagggaaggggctggagtgggtctcagttatttatagcggtggtagcacatactacgcagactccgtgaagggccgattcaccatctccagagacaattccaagaacacgctgtatcttcaaatgaacagcctgagagccgaggacacggccgtgtattactgtgcgagaaggggtagtagtaccagctgctttgactactggggccaaggaaccctggtcaccgtctcctca	IGHV3-53	IGHD2-2	IGHJ4	tgtgcgagaaggggtagtagtaccagctgctttgactactgg	389	0.00237260223841908
caggtcaccttgagggagtctggtcctgcgctggtgaaacccacacagaccctcacactgacctgcaccttctctgggttctcactcagcactagtggaatgtgtgtgagctggatccgtcagcccccagggaaggccctggagtggcttgcactcattgattgggatgatgataaatactacagcacatctctgaagaccaggctcaccatctccaaggacacctccaaaaaccaggtggtccttacaatgaccaacatggaccctgtggacacagccacgtattactgtgcccatattacgatttttggagtggttgggttcgactcctggggccaaggaaccctggtcaccgtctcctca	IGHV2-70	IGHD3-3	IGHJ5	tgtgcccatattacgatttttggagtggttgggttcgactcctgg	371	0.00226281601658992
caggttcagctggtgcagtctggagctgaggtgaagaagcctggggcctcagtgaaggtctcctgcaaggcttctggttacacctttaccagctatggtatcagctgggtgcgacaggcccctggacaagggcttgagtggatgggatggatcagcgcttacaatggtaacacaaactatgcacagaagctccagggcagagtcaccatgaccacagacacatccacgagcacagcctacatggagctgaggagcctgagatctgacgacacggccgtgtattactgtgcgagaggaggtatagcagcagctggtgactactggggccaaggaaccctggtcaccgtctcctca	IGHV1-18	IGHD6-13	IGHJ4	tgtgcgagaggaggtatagcagcagctggtgactactgg	354	0.00215912902930682
gaggtgcagctgttggagtctgggggaggcttggtacagcctggggggtccctgagactctcctgtgcagcctctggattcacctttagcagctatgccatgagctgggtccgccaggctccagggaaggggctggagtgggtctcagctattagtggtagtggtggtagcacatactacgcagactccgtgaagggccggttcaccatctccagagacaattccaagaacacgctgtatctgcaaatgaacagcctgagagccgaggacacggccgtatattactgtgcgaaagagactggatactactactacggtatggacgtctgggggcaagggaccacggtcaccgtctcctca	IGHV3-23	IGHD7-27	IGHJ6	tgtgcgaaagagactggatactactactacggtatggacgtctgg	338	0.00206154127656979
caggtgcagctggtgcagtctggggctgaggtgaagaagcctggggcctcagtgaaggtctcctgcaaggcttctggatacaccttcaccggctactatatgcactgggtgcgacaggcccctggacaagggcttgagtggatgggacggatcaaccctaacagtggtggcacaaactatgcacagaagtttcagggcagggtcaccagtaccagggacacgtccatcagcacagcctacatggagctgagcaggctgagatctgacgacacggtcgtgtattactgtgaggatattgtagtagtaccaggaaggtactttgactactggggccaaggaaccctggtcaccgtctcctca	IGHV1-2	IGHD2-2	IGHJ4	tgtgaggatattgtagtagtaccaggaaggtactttgactactgg	323	0.00197005275837882
gaggtgcagctggtggagtctgggggaggcttggtaaagcctggggggtcccttagactctcctgtgcagcctctggattcactttcagtaacgcctggatgagctgggtccgccaggctccagggaaggggctggagtgggttggccgtattaaaagcaaaactgatggtgggacaacagactacgctgcacccgtgaaaggcagattcaccatctcaagagatgattcaaaaaacacgctgtatctgcaaatgaacagcctgaaaaccgaggacacagccgtgtattactgtaccacagatgactacggtgactacgacttcgatctctggggccgtggcaccctggtcactgtctcctca	IGHV3-15	IGHD4-17	IGHJ2	tgtaccacagatgactacggtgactacgacttcgatctctgg	309	0.00188466347473392
caggtgcagctggtgcagtctggggctgaggtgaagaagcctgggtcctcggtgaaggtctcctgcaaggcttctggaggcaccttcagcagctatgctatcagctgggtgcgacaggcccctggacaagggcttgagtggatgggagggatcatccctatctttggtacagcaaactacgcacagaagttccagggcagagtcacgattaccgcggacgaatccacgagcacagcctacatggagctgagcagcctgagatctgaggacacggccgtgtattactgtgcgagagatagcagctcgtcccactactttgactactggggccaaggaaccctggtcaccgtctcctca	IGHV1-69	IGHD6-6	IGHJ4	tgtgcgagagatagcagctcgtcccactactttgactactgg	296	0.00180537342563508
caggttcagctggtgcagtctggagctgaggtgaagaagcctggggcctcagtgaaggtctcctgcaaggcttctggttacacctttaccagctatggtatcagctgggtgcgacaggcccctggacaagggcttgagtggatgggatggatcagcgcttacaatggtaacacaaactatgcacagaagctccagggcagagtcaccatgaccacagacacatccacgagcacagcctacatggagctgaggagcctgagatctgacgacacggccgtgtattactgtgcgagagatcccatagtgggagctgagaactttgactactggggccaaggaaccctggtcaccgtctcctca	IGHV1-18	IGHD1-26	IGHJ4	tgtgcgagagatcccatagtgggagctgagaactttgactactgg	284	0.00173218261108231
gaggtgcagctggtggagtctgggggaggcttggtccagcctggggggtccctgaaactctcctgtgcagcctctgggttcaccttcagtggctctgctatgcactgggtccgccaggcttccgggaaagggctggagtgggttggccgtattagaagcaaagctaacagttacgcgacagcatatgctgcgtcggtgaaaggcaggttcaccatctccagagatgattcaaagaacacggcgtatctgcaaatgaacagcctgaaaaccgaggacacggccgtgtattactgtactagacctatggttcggggagttattataacccactggggccaaggaaccctggtcaccgtctcctca	IGHV3-73	IGHD3-10	IGHJ4	tgtactagacctatggttcggggagttattataacccactgg	273	0.0016650910310756
caggtgcagctacagcagtggggcgcaggactgttgaagccttcggagaccctgtccctcacctgcgctgtctatggtgggtccttcagtggttactactggagctggatccgccagcccccagggaaggggctggagtggattggggaaatcaatcatagtggaagcaccaactacaacccgtccctcaagagtcgagtcaccatatcagtagacacgtccaagaaccagttctccctgaagctgagctctgtgaccgccgcggacacggctgtgtattactgtgcgagagcgcatggtggtactcactactttgactactggggccaaggaaccctggtcaccgtctcctca	IGHV4-34	IGHD4-23	IGHJ4	tgtgcgagagcgcatggtggtactcactactttgactactgg	263	0.00160409868561496
gaggtgcagctgttggagtctgggggaggcttggtacagcctggggggtccctgagactctcctgtgcagcctctggattcacctttagcagctatgccatgagctgggtccgccaggctccagggaaggggctggagtgggtctcagctattagtggtagtggtggtagcacatactacgcagactccgtgaagggccggttcaccatctccagagacaattccaagaacacgctgtatctgcaaatgaacagcctgagagccgaggacacggccgtatattactgtgcgaaatattgtagtggtgggccctttgactactggggccaaggaaccctggtcaccgtctcctca	IGHV3-23	IGHD2-15	IGHJ4	tgtgcgaaatattgtagtggtgggccctttgactactgg	253	0.00154310634015431
gaggtgcagctggtgcagtctggagcagaggtgaaaaagcccggggagtctctgaagatctcctgtaagggttctggatacagctttaccagctactggatcggctgggtgcgccagatgcccgggaaaggcctggagtggatggggatcatctatcctggtgactctgataccagatacagcccgtccttccaaggccaggtcaccatctcagccgacaagtccatcagcaccgcctacctgcagtggagcagcctgaaggcctcggacaccgccatgtattactgtgcgagacaggactactactactacggtatggacgtctgggggcaagggaccacggtcaccgtctcctca	IGHV5-51	IGHD4-23	IGHJ6	tgtgcgagacaggactactactactacggtatggacgtctgg	244	0.00148821322923973
caggttcagctggtgcagtctggagctgaggtgaagaagcctggggcctcagtgaaggtctcctgcaaggcttctggttacacctttaccagctatggtatcagctgggtgcgacaggcccctggacaagggcttgagtggatgggatggatcagcgcttacaatggtaacacaaactatgcacagaagctccagggcagagtcaccatgaccacagacacatccacgagcacagcctacatggagctgaggagcctgagatctgacgacacggccgtgtattactgtgcgactatgggctactactacggtatggacgtctgggggcaagggaccacggtcaccgtctcctca	IGHV1-18	IGHD3-22	IGHJ6	tgtgcgactatgggctactactacggtatggacgtctgg	235	0.00143332011832515
gaggtgcagctggtggagtctgggggaggcttggtaaagcctggggggtcccttagactctcctgtgcagcctctggattcactttcagtaacgcctggatgagctgggtccgccaggctccagggaaggggctggagtgggttggccgtattaaaagcaaaactgatggtgggacaacagactacgctgcacccgtgaaaggcagattcaccatctcaagagatgattcaaaaaacacgctgtatctgcaaatgaacagcctgaaaaccgaggacacagccgtgtattactgtaccacagatcactggaagaactggttcgactcctggggccaaggaaccctggtcaccgtctcctca	IGHV3-15	IGHD1-7	IGHJ5	tgtaccacagatcactggaagaactggttcgactcctgg	227	0.00138452624195663
caggttcagctggtgcagtctggagctgaggtgaagaagcctggggcctcagtgaaggtctcctgcaaggcttctggttacacctttaccagctatggtatcagctgggtgcgacaggcccctggacaagggcttgagtggatgggatggatcagcgcttacaatggtaacacaaactatgcacagaagctccagggcagagtcaccatgaccacagacacatccacgagcacagcctacatggagctgaggagcctgagatctgacgacacggccgtgtattactgtgatattgtagtagtaccagctgctatgaactttgactactggggccaaggaaccctggtcaccgtctcctca	IGHV1-18	IGHD2-2	IGHJ4	tgtgatattgtagtagtaccagctgctatgaactttgactactgg	219	0.00133573236558812
gaggtgcagctggtggagtctgggggaggcttggtacagccagggcggtccctgagactctcctgtacagcttctggattcacctttggtgattatgctatgagctggttccgccaggctccagggaaggggctggagtgggtaggtttcattagaagcaaagcttatggtgggacaacagaatacaccgcgtctgtgaaaggcagattcaccatctcaagagatggttccaaaagcatcgcctatctgcaaatgaacagcctgaaaaccgaggacacagccgtgtattactgtactaccggggtaactccctactacggtatggacgtctgggggcaagggaccacggtcaccgtctcctca	IGHV3-49	IGHD4-23	IGHJ6	tgtactaccggggtaactccctactacggtatggacgtctgg	212	0.00129303772376567
gaggtgcagctgttggagtctgggggaggcttggtacagcctggggggtccctgagactctcctgtgcagcctctggattcacctttagcagctatgccatgagctgggtccgccaggctccagggaaggggctggagtgggtctcagctattagtggtagtggtggtagcacatactacgcagactccgtgaagggccggttcaccatctccagagacaattccaagaacacgctgtatctgcaaatgaacagcctgagagccgaggacacggccgtatattactgtgcgaaagatcagcagctggaggactttgactactggggccaaggaaccctggtcaccgtctcctca	IGHV3-23	IGHD6-13	IGHJ4	tgtgcgaaagatcagcagctggaggactttgactactgg	205	0.00125034308194322
caggtgcagctggtgcagtctggggctgaggtgaagaagcctgggtcctcggtgaaggtctcctgcaaggcttctggaggcaccttcagcagctatgctatcagctgggtgcgacaggcccctggacaagggcttgagtggatgggagggatcatccctatctttggtacagcaaactacgcacagaagttccagggcagagtcacgattaccgcggacgaatccacgagcacagcctacatggagctgagcagcctgagatctgaggacacggccgtgtattactgtgcgagagattgtagttactacggtatggacgtctgggggcaagggaccacggtcaccgtctcctca	IGHV1-69	IGHD2-2	IGHJ6	tgtgcgagagattgtagttactacggtatggacgtctgg	199	0.00121374767466683
caggtgcagctggtgcagtctggggctgaggtgaagaagcctggggcctcagtgaaggtctcctgcaaggcttctggatacaccttcaccagttatgatatcaactgggtgcgacaggccactggacaagggcttgagtggatgggatggatgaaccctaacagtggtaacacaggctatgcacagaagttccagggcagagtcaccatgaccaggaacacctccataagcacagcctacatggagctgagcagcctgagatctgaggacacggccgtgtattactgtgcgaggcgatattttgactggtactactttgactactggggccaaggaaccctggtcaccgtctcctca	IGHV1-8	IGHD3-9	IGHJ4	tgtgcgaggcgatattttgactggtactactttgactactgg	192	0.00117105303284438
caggttcagctggtgcagtctggagctgaggtgaagaagcctggggcctcagtgaaggtctcctgcaaggcttctggttacacctttaccagctatggtatcagctgggtgcgacaggcccctggacaagggcttgagtggatgggatggatcagcgcttacaatggtaacacaaactatgcacagaagctccagggcagagtcaccatgaccacagacacatccacgagcacagcctacatggagctgaggagcctgagatctgacgacacggccgtgtattactgtgcgagaggggttcggggagttattatacccgactcctggggccaaggaaccctggtcaccgtctcctca	IGHV1-18	IGHD3-10	IGHJ5	tgtgcgagaggggttcggggagttattatacccgactcctgg	187	0.00114055686011406
caggtgcagctggtgcagtctggggctgaggtgaagaagcctgggtcctcggtgaaggtctcctgcaaggcttctggaggcaccttcagcagctatgctatcagctgggtgcgacaggcccctggacaagggcttgagtggatgggagggatcatccctatctttggtacagcaaactacgcacagaagttccagggcagagtcacgattaccgcggacgaatccacgagcacagcctacatggagctgagcagcctgagatctgaggacacggccgtgtattactgtgcgaggagggggcggtatagcagcaggaggttcgactcctggggccaaggaaccctggtcaccgtctcctca	IGHV1-69	IGHD6-13	IGHJ5	tgtgcgaggagggggcggtatagcagcaggaggttcgactcctgg	181	0.00110396145283767
caggttcagctggtgcagtctggagctgaggtgaagaagcctggggcctcagtgaaggtctcctgcaaggcttctggttacacctttaccagctatggtatcagctgggtgcgacaggcccctggacaagggcttgagtggatgggatggatcagcgcttacaatggtaacacaaactatgcacagaagctccagggcagagtcaccatgaccacagacacatccacgagcacagcctacatggagctgaggagcctgagatctgacgacacggccgtgtattactgtgcgagagggggtatgtacgactacggtatggacgtctgggggcaagggaccacggtcaccgtctcctca	IGHV1-18	IGHD2-2	IGHJ6	tgtgcgagagggggtatgtacgactacggtatggacgtctgg	176	0.00107346528010735
gaggtgcagctggtggagtctgggggaggcttggtaaagcctggggggtcccttagactctcctgtgcagcctctggattcactttcagtaacgcctggatgagctgggtccgccaggctccagggaaggggctggagtgggttggccgtattaaaagcaaaactgatggtgggacaacagactacgctgcacccgtgaaaggcagattcaccatctcaagagatgattcaaaaaacacgctgtatctgcaaatgaacagcctgaaaaccgaggacacagccgtgtattactgtaccaccttagtatactactactacggtatggacgtctgggggcaagggaccacggtcaccgtctcctca	IGHV3-15	IGHD2-2	IGHJ6	tgtaccaccttagtatactactactacggtatggacgtctgg	171	0.00104296910737702
gaggtgcagctggtgcagtctggagcagaggtgaaaaagcccggggagtctctgaagatctcctgtaagggttctggatacagctttaccagctactggatcggctgggtgcgccagatgcccgggaaaggcctggagtggatggggatcatctatcctggtgactctgataccagatacagcccgtccttccaaggccaggtcaccatctcagccgacaagtccatcagcaccgcctacctgcagtggagcagcctgaaggcctcggacaccgccatgtattactgtgcgagacggtactatggttcggggagttactttgactactggggccaaggaaccctggtcaccgtctcctca	IGHV5-51	IGHD3-10	IGHJ4	tgtgcgagacggtactatggttcggggagttactttgactactgg	166	0.0010124729346467
caggtgcagctacagcagtggggcgcaggactgttgaagccttcggagaccctgtccctcacctgcgctgtctatggtgggtccttcagtggttactactggagctggatccgccagcccccagggaaggggctggagtggattggggaaatcaatcatagtggaagcaccaactacaacccgtccctcaagagtcgagtcaccatatcagtagacacgtccaagaaccagttctccctgaagctgagctctgtgaccgccgcggacacggctgtgtattactgtgcgagaggctggactacctactactacggtatggacgtctgggggcaagggaccacggtcaccgtctcctca	IGHV4-34	IGHD4-17	IGHJ6	tgtgcgagaggctggactacctactactacggtatggacgtctgg	161	0.000981976761916379
gaggtgcagctggtggagtctgggggaggcttggtaaagcctggggggtcccttagactctcctgtgcagcctctggattcactttcagtaacgcctggatgagctgggtccgccaggctccagggaaggggctggagtgggttggccgtattaaaagcaaaactgatggtgggacaacagactacgctgcacccgtgaaaggcagattcaccatctcaagagatgattcaaaaaacacgctgtatctgcaaatgaacagcctgaaaaccgaggacacagccgtgtattactgtaccacagattggcctacaacctactacggtatggacgtctgggggcaagggaccacggtcaccgtctcctca	IGHV3-15	IGHD5-24	IGHJ6	tgtaccacagattggcctacaacctactacggtatggacgtctgg	157	0.000957579823732122
cagatcaccttgaaggagtctggtcctacgctggtgaaacccacacagaccctcacgctgacctgcaccttctctgggttctcactcagcactagtggagtgggtgtgggctggatccgtcagcccccaggaaaggccctggagtggcttgcactcatttattggaatgatgataagcgctacagcccatctctgaagagcaggctcaccatcaccaaggacacctccaaaaaccaggtggtccttacaatgaccaacatggaccctgtggacacagccacatattactgtgcacacagatgcactacggtggtaaactggttcgactcctggggccaaggaaccctggtcaccgtctcctca	IGHV2-5	IGHD4-23	IGHJ5	tgtgcacacagatgcactacggtggtaaactggttcgactcctgg	153	0.000933182885547864
gaggtgcagctgttggagtctgggggaggcttggtacagcctggggggtccctgagactctcctgtgcagcctctggattcacctttagcagctatgccatgagctgggtccgccaggctccagggaaggggctggagtgggtctcagctattagtggtagtggtggtagcacatactacgcagactccgtgaagggccggttcaccatctccagagacaattccaagaacacgctgtatctgcaaatgaacagcctgagagccgaggacacggccgtatattactgtgcgaaagaatattactatgatagtttctttgactactggggccaaggaaccctggtcaccgtctcctca	IGHV3-23	IGHD3-22	IGHJ4	tgtgcgaaagaatattactatgatagtttctttgactactgg	149	0.000908785947363606
gaggtgcagctggtggagtctgggggaggcttggtacagccagggcggtccctgagactctcctgtacagcttctggattcacctttggtgattatgctatgagctggttccgccaggctccagggaaggggctggagtgggtaggtttcattagaagcaaagcttatggtgggacaacagaatacaccgcgtctgtgaaaggcagattcaccatctcaagagatggttccaaaagcatcgcctatctgcaaatgaacagcctgaaaaccgaggacacagccgtgtattactgtactagagatagcagcagctggtacttcgactcctggggccaaggaaccctggtcaccgtctcctca	IGHV3-49	IGHD6-13	IGHJ5	tgtactagagatagcagcagctggtacttcgactcctgg	145	0.000884389009179348
caggtgcagctggtgcagtctggggctgaggtgaagaagcctgggtcctcggtgaaggtctcctgcaaggcttctggaggcaccttcagcagctatgctatcagctgggtgcgacaggcccctggacaagggcttgagtggatgggagggatcatccctatctttggtacagcaaactacgcacagaagttccagggcagagtcacgattaccgcggacgaatccacgagcacagcctacatggagctgagcagcctgagatctgaggacacggccgtgtattactgtgcgagggattactatgatagtagtggtttctttgactactggggccaaggaaccctggtcaccgtctcctca	IGHV1-69	IGHD3-22	IGHJ4	tgtgcgagggattactatgatagtagtggtttctttgactactgg	141	0.00085999207099509
caggtgcagctggtgcagtctggggctgaggtgaagaagcctgggtcctcggtgaaggtctcctgcaaggcttctggaggcaccttcagcagctatgctatcagctgggtgcgacaggcccctggacaagggcttgagtggatgggagggatcatccctatctttggtacagcaaactacgcacagaagttccagggcagagtcacgattaccgcggacgaatccacgagcacagcctacatggagctgagcagcctgagatctgaggacacggccgtgtattactgtgcgagagacgctggtaccaactggttcgactcctggggccaaggaaccctggtcaccgtctcctca	IGHV1-69	IGHD6-19	IGHJ5	tgtgcgagagacgctggtaccaactggttcgactcctgg	138	0.000841694367356897
gaggtgcagctggtgcagtctggagcagaggtgaaaaagcccggggagtctctgaagatctcctgtaagggttctggatacagctttaccagctactggatcggctgggtgcgccagatgcccgggaaaggcctggagtggatggggatcatctatcctggtgactctgataccagatacagcccgtccttccaaggccaggtcaccatctcagccgacaagtccatcagcaccgcctacctgcagtggagcagcctgaaggcctcggacaccgccatgtattactgtgcgagacatggagtgggagctacctactttgactactggggccaaggaaccctggtcaccgtctcctca	IGHV5-51	IGHD1-26	IGHJ4	tgtgcgagacatggagtgggagctacctactttgactactgg	134	0.000817297429172639
gaggtgcagctggtgcagtctggagcagaggtgaaaaagcccggggagtctctgaagatctcctgtaagggttctggatacagctttaccagctactggatcggctgggtgcgccagatgcccgggaaaggcctggagtggatggggatcatctatcctggtgactctgataccagatacagcccgtccttccaaggccaggtcaccatctcagccgacaagtccatcagcaccgcctacctgcagtggagcagcctgaaggcctcggacaccgccatgtattactgtgcgagatattgtagtagtaccaggagctggttcgactcctggggccaaggaaccctggtcaccgtctcctca	IGHV5-51	IGHD2-2	IGHJ5	tgtgcgagatattgtagtagtaccaggagctggttcgactcctgg	131	0.000798999725534445
caggttcagctggtgcagtctggagctgaggtgaagaagcctggggcctcagtgaaggtctcctgcaaggcttctggttacacctttaccagctatggtatcagctgggtgcgacaggcccctggacaagggcttgagtggatgggatggatcagcgcttacaatggtaacacaaactatgcacagaagctccagggcagagtcaccatgaccacagacacatccacgagcacagcctacatggagctgaggagcctgagatctgacgacacggccgtgtattactgtgcgagagtgaatagcagtggctggtccggctttgactactggggccaaggaaccctggtcaccgtctcctca	IGHV1-18	IGHD6-19	IGHJ4	tgtgcgagagtgaatagcagtggctggtccggctttgactactgg	128	0.000780702021896252
gaggtgcagctgttggagtctgggggaggcttggtacagcctggggggtccctgagactctcctgtgcagcctctggattcacctttagcagctatgccatgagctgggtccgccaggctccagggaaggggctggagtgggtctcagctattagtggtagtggtggtagcacatactacgcagactccgtgaagggccggttcaccatctccagagacaattccaagaacacgctgtatctgcaaatgaacagcctgagagccgaggacacggccgtatattactgtgcgaaagactatgcttactactactacggtatggacgtctgggggcaagggaccacggtcaccgtctcctca	IGHV3-23	IGHD3-10	IGHJ6	tgtgcgaaagactatgcttactactactacggtatggacgtctgg	125	0.000762404318258059
caggttcagctggtgcagtctggagctgaggtgaagaagcctggggcctcagtgaaggtctcctgcaaggcttctggttacacctttaccagctatggtatcagctgggtgcgacaggcccctggacaagggcttgagtggatgggatggatcagcgcttacaatggtaacacaaactatgcacagaagctccagggcagagtcaccatgaccacagacacatccacgagcacagcctacatggagctgaggagcctgagatctgacgacacggccgtgtattactgtgcgagagggagatggatattacgagactactttgactactggggccaaggaaccctggtcaccgtctcctca	IGHV1-18	IGHD2-2	IGHJ4	tgtgcgagagggagatggatattacgagactactttgactactgg	122	0.000744106614619865
gaggtgcagctgttggagtctgggggaggcttggtacagcctggggggtccctgagactctcctgtgcagcctctggattcacctttagcagctatgccatgagctgggtccgccaggctccagggaaggggctggagtgggtctcagctattagtggtagtggtggtagcacatactacgcagactccgtgaagggccggttcaccatctccagagacaattccaagaacacgctgtatctgcaaatgaacagcctgagagccgaggacacggccgtatattactgtgcgaaacaactggaacggcactactttgactactggggccaaggaaccctggtcaccgtctcctca	IGHV3-23	IGHD1-1	IGHJ4	tgtgcgaaacaactggaacggcactactttgactactgg	119	0.000725808910981672
gaggtgcagctggtggagtctgggggaggtgtggtacggcctggggggtccctgagactctcctgtgcagcctctggattcacctttgatgattatggcatgagctgggtccgccaagctccagggaaggggctggagtgggtctctggtattaattggaatggtggtagcacaggttatgcagactctgtgaagggccgattcaccatctccagagacaacgccaagaactccctgtatctgcaaatgaacagtctgagagccgaggacacggccttgtatcactgtgcgagagagggctacaattacatgtactttgactactggggccaaggaaccctggtcaccgtctcctca	IGHV3-20	IGHD5-24	IGHJ4	tgtgcgagagagggctacaattacatgtactttgactactgg	117	0.000713610441889543
caggtgcagctacagcagtggggcgcaggactgttgaagccttcggagaccctgtccctcacctgcgctgtctatggtgggtccttcagtggttactactggagctggatccgccagcccccagggaaggggctggagtggattggggaaatcaatcatagtggaagcaccaactacaacccgtccctcaagagtcgagtcaccatatcagtagacacgtccaagaaccagttctccctgaagctgagctctgtgaccgccgcggacacggctgtgtattactgtgcgcgagggtaccagctgctatgccggtactttgactactggggccaaggaaccctggtcaccgtctcctca	IGHV4-34	IGHD2-2	IGHJ4	tgtgcgcgagggtaccagctgctatgccggtactttgactactgg	114	0.000695312738251349
caggttcagctggtgcagtctggagctgaggtgaagaagcctggggcctcagtgaaggtctcctgcaaggcttctggttacacctttaccagctatggtatcagctgggtgcgacaggcccctggacaagggcttgagtggatgggatggatcagcgcttacaatggtaacacaaactatgcacagaagctccagggcagagtcaccatgaccacagacacatccacgagcacagcctacatggagctgaggagcctgagatctgacgacacggccgtgtattactgtgcgagagacaactactactactacggtatggacgtctgggggcaagggaccacggtcaccgtctcctca	IGHV1-18	IGHD4-17	IGHJ6	tgtgcgagagacaactactactactacggtatggacgtctgg	112	0.00068311426915922
caggtgcagctggtgcagtctggggctgaggtgaagaagcctgggtcctcggtgaaggtctcctgcaaggcttctggaggcaccttcagcagctatgctatcagctgggtgcgacaggcccctggacaagggcttgagtggatgggagggatcatccctatctttggtacagcaaactacgcacagaagttccagggcagagtcacgattaccgcggacgaatccacgagcacagcctacatggagctgagcagcctgagatctgaggacacggccgtgtattactgtgcgatagagatggctacaattaaaaactggttcgactcctggggccaaggaaccctggtcaccgtctcctca	IGHV1-69	IGHD5-24	IGHJ5	tgtgcgatagagatggctacaattaaaaactggttcgactcctgg	109	0.000664816565521027
gaggtgcagctggtggagtctgggggaggtgtggtacggcctggggggtccctgagactctcctgtgcagcctctggattcacctttgatgattatggcatgagctgggtccgccaagctccagggaaggggctggagtgggtctctggtattaattggaatggtggtagcacaggttatgcagactctgtgaagggccgattcaccatctccagagacaacgccaagaactccctgtatctgcaaatgaacagtctgagagccgaggacacggccttgtatcactgtgcgagactggattactactactactacggtatggacgtctgggggcaagggaccacggtcaccgtctcctca	IGHV3-20	IGHD7-27	IGHJ6	tgtgcgagactggattactactactactacggtatggacgtctgg	107	0.000652618096428898
caggtgcagctggtggagtctgggggaggcttggtcaagcctggagggtccctgagactctcctgtgcagcctctggattcaccttcagtgactactacatgagctggatccgccaggctccagggaaggggctggagtgggtttcatacattagtagtagtggtagtaccatatactacgcagactctgtgaagggccgattcaccatctccagggacaacgccaagaactcactgtatctgcaaatgaacagcctgagagccgaggacacggccgtgtattactgtgcgagagatgggggtggctggtggaactactttgactactggggccaaggaaccctggtcaccgtctcctca	IGHV3-11	IGHD6-19	IGHJ4	tgtgcgagagatgggggtggctggtggaactactttgactactgg	105	0.000640419627336769
caggtgcagctggtgcagtctggggctgaggtgaagaagcctggggcctcagtgaaggtctcctgcaaggcttctggatacaccttcaccggctactatatgcactgggtgcgacaggcccctggacaagggcttgagtggatgggacggatcaaccctaacagtggtggcacaaactatgcacagaagtttcagggcagggtcaccagtaccagggacacgtccatcagcacagcctacatggagctgagcaggctgagatctgacgacacggtcgtgtattactgtgcgagagatatgatagtagtggttatctttgactactggggccaaggaaccctggtcaccgtctcctca	IGHV1-2	IGHD3-22	IGHJ4	tgtgcgagagatatgatagtagtggttatctttgactactgg	103	0.00062822115824464
gaggtgcagctgttggagtctgggggaggcttggtacagcctggggggtccctgagactctcctgtgcagcctctggattcacctttagcagctatgccatgagctgggtccgccaggctccagggaaggggctggagtgggtctcagctattagtggtagtggtggtagcacatactacgcagactccgtgaagggccggttcaccatctccagagacaattccaagaacacgctgtatctgcaaatgaacagcctgagagccgaggacacggccgtatattactgtgcgaattccatccctagctcgtccaactggttcgactcctggggccaaggaaccctggtcaccgtctcctca	IGHV3-23	IGHD6-6	IGHJ5	tgtgcgaattccatccctagctcgtccaactggttcgactcctgg	101	0.000616022689152511
caggtgcagctggtgcagtctggggctgaggtgaagaagcctggggcctcagtgaaggtctcctgcaaggcttctggatacaccttcaccagttatgatatcaactgggtgcgacaggccactggacaagggcttgagtggatgggatggatgaaccctaacagtggtaacacaggctatgcacagaagttccagggcagagtcaccatgaccaggaacacctccataagcacagcctacatggagctgagcagcctgagatctgaggacacggccgtgtattactgtgcgagaggatttttggagtggttattatatcctgactactggggccaaggaaccctggtcaccgtctcctca	IGHV1-8	IGHD3-3	IGHJ4	tgtgcgagaggatttttggagtggttattatatcctgactactgg	99	0.000603824220060382
caggttcagctggtgcagtctggagctgaggtgaagaagcctggggcctcagtgaaggtctcctgcaaggcttctggttacacctttaccagctatggtatcagctgggtgcgacaggcccctggacaagggcttgagtggatgggatggatcagcgcttacaatggtaacacaaactatgcacagaagctccagggcagagtcaccatgaccacagacacatccacgagcacagcctacatggagctgaggagcctgagatctgacgacacggccgtgtattactgtgcgactagtaccagctgctatgccgatgcttttgatgtctggggccaagggacaatggtcaccgtctcttca	IGHV1-18	IGHD2-2	IGHJ3	tgtgcgactagtaccagctgctatgccgatgcttttgatgtctgg	97	0.000591625750968253
caggttcagctggtgcagtctggagctgaggtgaagaagcctggggcctcagtgaaggtctcctgcaaggcttctggttacacctttaccagctatggtatcagctgggtgcgacaggcccctggacaagggcttgagtggatgggatggatcagcgcttacaatggtaacacaaactatgcacagaagctccagggcagagtcaccatgaccacagacacatccacgagcacagcctacatggagctgaggagcctgagatctgacgacacggccgtgtattactgtgcgagagaggttgggctagggtgtgaaggttttgactactggggccaaggaaccctggtcaccgtctcctca	IGHV1-18	IGHD2-8	IGHJ4	tgtgcgagagaggttgggctagggtgtgaaggttttgactactgg	95	0.000579427281876125
gaggtgcagctgttggagtctgggggaggcttggtacagcctggggggtccctgagactctcctgtgcagcctctggattcacctttagcagctatgccatgagctgggtccgccaggctccagggaaggggctggagtgggtctcagctattagtggtagtggtggtagcacatactacgcagactccgtgaagggccggttcaccatctccagagacaattccaagaacacgctgtatctgcaaatgaacagcctgagagccgaggacacggccgtatattactgtgcgaaagggatagcagtggctgagtactttgactactggggccaaggaaccctggtcaccgtctcctca	IGHV3-23	IGHD6-19	IGHJ4	tgtgcgaaagggatagcagtggctgagtactttgactactgg	93	0.000567228812783996
caggtgcagctggtggagtctgggggaggcttggtcaagcctggagggtccctgagactctcctgtgcagcctctggattcaccttcagtgactactacatgagctggatccgccaggctccagggaaggggctggagtgggtttcatacattagtagtagtggtagtaccatatactacgcagactctgtgaagggccgattcaccatctccagggacaacgccaagaactcactgtatctgcaaatgaacagcctgagagccgaggacacggccgtgtattactgtgcgatcattacgatttttggagtgcacttccagcactggggccagggcaccctggtcaccgtctcctca	IGHV3-11	IGHD3-3	IGHJ1	tgtgcgatcattacgatttttggagtgcacttccagcactgg	91	0.000555030343691867
caggtgcagctggtgcagtctggggctgaggtgaagaagcctggggcctcagtgaaggtctcctgcaaggcttctggatacaccttcaccagttatgatatcaactgggtgcgacaggccactggacaagggcttgagtggatgggatggatgaaccctaacagtggtaacacaggctatgcacagaagttccagggcagagtcaccatgaccaggaacacctccataagcacagcctacatggagctgagcagcctgagatctgaggacacggccgtgtattactgtgcgagaggtagggatatagcagtgagctttgactactggggccaaggaaccctggtcaccgtctcctca	IGHV1-8	IGHD6-19	IGHJ4	tgtgcgagaggtagggatatagcagtgagctttgactactgg	89	0.000542831874599738
gaggtgcagctggtgcagtctggagcagaggtgaaaaagcccggggagtctctgaagatctcctgtaagggttctggatacagctttaccagctactggatcggctgggtgcgccagatgcccgggaaaggcctggagtggatggggatcatctatcctggtgactctgataccagatacagcccgtccttccaaggccaggtcaccatctcagccgacaagtccatcagcaccgcctacctgcagtggagcagcctgaaggcctcggacaccgccatgtattactgtgcgagacatattgtagtagtaccaaactactttgactactggggccaaggaaccctggtcaccgtctcctca	IGHV5-51	IGHD2-2	IGHJ4	tgtgcgagacatattgtagtagtaccaaactactttgactactgg	88	0.000536732640053673
gaggtgcagctgttggagtctgggggaggcttggtacagcctggggggtccctgagactctcctgtgcagcctctggattcacctttagcagctatgccatgagctgggtccgccaggctccagggaaggggctggagtgggtctcagctattagtggtagtggtggtagcacatactacgcagactccgtgaagggccggttcaccatctccagagacaattccaagaacacgctgtatctgcaaatgaacagcctgagagccgaggacacggccgtatattactgtggaggggatagtagtggttattacggctggttcgactcctggggccaaggaaccctggtcaccgtctcctca	IGHV3-23	IGHD3-22	IGHJ5	tgtggaggggatagtagtggttattacggctggttcgactcctgg	86	0.000524534170961544
gaggtgcagctgttggagtctgggggaggcttggtacagcctggggggtccctgagactctcctgtgcagcctctggattcacctttagcagctatgccatgagctgggtccgccaggctccagggaaggggctggagtgggtctcagctattagtggtagtggtggtagcacatactacgcagactccgtgaagggccggttcaccatctccagagacaattccaagaacacgctgtatctgcaaatgaacagcctgagagccgaggacacggccgtatattactgtgcgaaagaagggtatagcagcggctactactttgactactggggccaaggaaccctggtcaccgtctcctca	IGHV3-23	IGHD6-25	IGHJ4	tgtgcgaaagaagggtatagcagcggctactactttgactactgg	85	0.00051843493641548
gaggtgcagctggtgcagtctggagcagaggtgaaaaagcccggggagtctctgaagatctcctgtaagggttctggatacagctttaccagctactggatcggctgggtgcgccagatgcccgggaaaggcctggagtggatggggatcatctatcctggtgactctgataccagatacagcccgtccttccaaggccaggtcaccatctcagccgacaagtccatcagcaccgcctacctgcagtggagcagcctgaaggcctcggacaccgccatgtattactgtgcgagatttttggagtggttattataccatttcgactcctggggccaaggaaccctggtcaccgtctcctca	IGHV5-51	IGHD3-3	IGHJ5	tgtgcgagatttttggagtggttattataccatttcgactcctgg	83	0.000506236467323351
caggtgcagctggtgcagtctggggctgaggtgaagaagcctgggtcctcggtgaaggtctcctgcaaggcttctggaggcaccttcagcagctatgctatcagctgggtgcgacaggcccctggacaagggcttgagtggatgggagggatcatccctatctttggtacagcaaactacgcacagaagttccagggcagagtcacgattaccgcggacgaatccacgagcacagcctacatggagctgagcagcctgagatctgaggacacggccgtgtattactgtgcgagagaatggttcggggagttagggcactttgactactggggccaaggaaccctggtcaccgtctcctca	IGHV1-69	IGHD3-10	IGHJ4	tgtgcgagagaatggttcggggagttagggcactttgactactgg	82	0.000500137232777286
caggtcaccttgaaggagtctggtcctgtgctggtgaaacccacagagaccctcacgctgacctgcaccgtctctgggttctcactcagcaatgctagaatgggtgtgagctggatccgtcagcccccagggaaggccctggagtggcttgcacacattttttcgaatgacgaaaaatcctacagcacatctctgaagagcaggctcaccatctccaaggacacctccaaaagccaggtggtccttaccatgaccaacatggaccctgtggacacagccacatattactgtgcacggatacttcaaaatattttgactggttatgactactggggccaaggaaccctggtcaccgtctcctca	IGHV2-26	IGHD3-9	IGHJ4	tgtgcacggatacttcaaaatattttgactggttatgactactgg	80	0.000487938763685158
gaggtgcagctggtggagtctgggggaggtgtggtacggcctggggggtccctgagactctcctgtgcagcctctggattcacctttgatgattatggcatgagctgggtccgccaagctccagggaaggggctggagtgggtctctggtattaattggaatggtggtagcacaggttatgcagactctgtgaagggccgattcaccatctccagagacaacgccaagaactccctgtatctgcaaatgaacagtctgagagccgaggacacggccttgtatcactgtgcgagagacgggaggtatagtgggtttgactactggggccaaggaaccctggtcaccgtctcctca	IGHV3-20	IGHD1-26	IGHJ4	tgtgcgagagacgggaggtatagtgggtttgactactgg	79	0.000481839529139093
gaggtgcagctggtgcagtctggagcagaggtgaaaaagcccggggagtctctgaagatctcctgtaagggttctggatacagctttaccagctactggatcggctgggtgcgccagatgcccgggaaaggcctggagtggatggggatcatctatcctggtgactctgataccagatacagcccgtccttccaaggccaggtcaccatctcagccgacaagtccatcagcaccgcctacctgcagtggagcagcctgaaggcctcggacaccgccatgtattactgtgcgagacgtacgatttttggagtggttgactttgactactggggccaaggaaccctggtcaccgtctcctca	IGHV5-51	IGHD3-3	IGHJ4	tgtgcgagacgtacgatttttggagtggttgactttgactactgg	78	0.000475740294593029
gaggtgcagctggtggagtctgggggaggtgtggtacggcctggggggtccctgagactctcctgtgcagcctctggattcacctttgatgattatggcatgagctgggtccgccaagctccagggaaggggctggagtgggtctctggtattaattggaatggtggtagcacaggttatgcagactctgtgaagggccgattcaccatctccagagacaacgccaagaactccctgtatctgcaaatgaacagtctgagagccgaggacacggccttgtatcactgtgcgagagatgggcagcagctggtacttgatgtctggggccaagggacaatggtcaccgtctcttca	IGHV3-20	IGHD6-13	IGHJ3	tgtgcgagagatgggcagcagctggtacttgatgtctgg	76	0.0004635418255009
gaggtgcagctgttggagtctgggggaggcttggtacagcctggggggtccctgagactctcctgtgcagcctctggattcacctttagcagctatgccatgagctgggtccgccaggctccagggaaggggctggagtgggtctcagctattagtggtagtggtggtagcacatactacgcagactccgtgaagggccggttcaccatctccagagacaattccaagaacacgctgtatctgcaaatgaacagcctgagagccgaggacacggccgtatattactgtgcgaaatcggtgtcatactactacggtatggacgtctgggggcaagggaccacggtcaccgtctcctca	IGHV3-23	IGHD2-21	IGHJ6	tgtgcgaaatcggtgtcatactactacggtatggacgtctgg	75	0.000457442590954835
caggtgcagctggtgcagtctggggctgaggtgaagaagcctgggtcctcggtgaaggtctcctgcaaggcttctggaggcaccttcagcagctatgctatcagctgggtgcgacaggcccctggacaagggcttgagtggatgggagggatcatccctatctttggtacagcaaactacgcacagaagttccagggcagagtcacgattaccgcggacgaatccacgagcacagcctacatggagctgagcagcctgagatctgaggacacggccgtgtattactgtgcgagagatcggagcagtggctggtacctatactactggggccaaggaaccctggtcaccgtctcctca	IGHV1-69	IGHD6-19	IGHJ4	tgtgcgagagatcggagcagtggctggtacctatactactgg	74	0.000451343356408771
gaggtgcagctggtggagtctgggggaggcttggtaaagcctggggggtcccttagactctcctgtgcagcctctggattcactttcagtaacgcctggatgagctgggtccgccaggctccagggaaggggctggagtgggttggccgtattaaaagcaaaactgatggtgggacaacagactacgctgcacccgtgaaaggcagattcaccatctcaagagatgattcaaaaaacacgctgtatctgcaaatgaacagcctgaaaaccgaggacacagccgtgtattactgtaccacagatcccccagtagtaccagctgctatgcactggggccaaggaaccctggtcaccgtctcctca	IGHV3-15	IGHD2-2	IGHJ4	tgtaccacagatcccccagtagtaccagctgctatgcactgg	73	0.000445244121862706
gaggtgcagctgttggagtctgggggaggcttggtacagcctggggggtccctgagactctcctgtgcagcctctggattcacctttagcagctatgccatgagctgggtccgccaggctccagggaaggggctggagtgggtctcagctattagtggtagtggtggtagcacatactacgcagactccgtgaagggccggttcaccatctccagagacaattccaagaacacgctgtatctgcaaatgaacagcctgagagccgaggacacggccgtatattactgtgcgaaagagaaggctgggagctactaccggttcgactcctggggccaaggaaccctggtcaccgtctcctca	IGHV3-23	IGHD1-26	IGHJ5	tgtgcgaaagagaaggctgggagctactaccggttcgactcctgg	71	0.000433045652770577
caggtccagcttgtgcagtctggggctgaggtgaagaagcctggggcctcagtgaaggtttcctgcaaggcttctggatacaccttcactagctatgctatgcattgggtgcgccaggcccccggacaaaggcttgagtggatgggatggatcaacgctggcaatggtaacacaaaatattcacagaagttccagggcagagtcaccattaccagggacacatccgcgagcacagcctacatggagctgagcagcctgagatctgaagacacggctgtgtattactgtgcgagagactcgctcgtcccctactacggtatggacgtctgggggcaagggaccacggtcaccgtctcctca	IGHV1-3	IGHD6-6	IGHJ6	tgtgcgagagactcgctcgtcccctactacggtatggacgtctgg	70	0.000426946418224513
gaggtgcagctggtggagtctgggggaggcttggtaaagcctggggggtcccttagactctcctgtgcagcctctggattcactttcagtaacgcctggatgagctgggtccgccaggctccagggaaggggctggagtgggttggccgtattaaaagcaaaactgatggtgggacaacagactacgctgcacccgtgaaaggcagattcaccatctcaagagatgattcaaaaaacacgctgtatctgcaaatgaacagcctgaaaaccgaggacacagccgtgtattactgtaccacagagggacgatattttgactggtggttcgactcctggggccaaggaaccctggtcaccgtctcctca	IGHV3-15	IGHD3-9	IGHJ5	tgtaccacagagggacgatattttgactggtggttcgactcctgg	69	0.000420847183678448
caggtgcagctggtgcagtctggggctgaggtgaagaagcctgggtcctcggtgaaggtctcctgcaaggcttctggaggcaccttcagcagctatgctatcagctgggtgcgacaggcccctggacaagggcttgagtggatgggagggatcatccctatctttggtacagcaaactacgcacagaagttccagggcagagtcacgattaccgcggacgaatccacgagcacagcctacatggagctgagcagcctgagatctgaggacacggccgtgtattactgtgcgagaaaggaggcagtggctggctttgactactggggccaaggaaccctggtcaccgtctcctca	IGHV1-69	IGHD6-19	IGHJ4	tgtgcgagaaaggaggcagtggctggctttgactactgg	68	0.000414747949132384
gaggtgcagctgttggagtctgggggaggcttggtacagcctggggggtccctgagactctcctgtgcagcctctggattcacctttagcagctatgccatgagctgggtccgccaggctccagggaaggggctggagtgggtctcagctattagtggtagtggtggtagcacatactacgcagactccgtgaagggccggttcaccatctccagagacaattccaagaacacgctgtatctgcaaatgaacagcctgagagccgaggacacggccgtatattactgtgcgaaaggagggtattacgatttttactactttgactactggggccaaggaaccctggtcaccgtctcctca	IGHV3-23	IGHD3-3	IGHJ4	tgtgcgaaaggagggtattacgatttttactactttgactactgg	67	0.000408648714586319
caggtgcagctggtgcagtctggggctgaggtgaagaagcctgggtcctcggtgaaggtctcctgcaaggcttctggaggcaccttcagcagctatgctatcagctgggtgcgacaggcccctggacaagggcttgagtggatgggagggatcatccctatctttggtacagcaaactacgcacagaagttccagggcagagtcacgattaccgcggacgaatccacgagcacagcctacatggagctgagcagcctgagatctgaggacacggccgtgtattactgtgcgagagattgtggtggtgattgctactggtttgactactggggccaaggaaccctggtcaccgtctcctca	IGHV1-69	IGHD2-21	IGHJ4	tgtgcgagagattgtggtggtgattgctactggtttgactactgg	66	0.000402549480040255
gaggtgcagctgttggagtctgggggaggcttggtacagcctggggggtccctgagactctcctgtgcagcctctggattcacctttagcagctatgccatgagctgggtccgccaggctccagggaaggggctggagtgggtctcagctattagtggtagtggtggtagcacatactacgcagactccgtgaagggccggttcaccatctccagagacaattccaagaacacgctgtatctgcaaatgaacagcctgagagccgaggacacggccgtatattactgtgcgaaacaaacgggtagtaccagctgctactttgactactggggccaaggaaccctggtcaccgtctcctca	IGHV3-23	IGHD2-2	IGHJ4	tgtgcgaaacaaacgggtagtaccagctgctactttgactactgg	65	0.00039645024549419
caggtgcagctacagcagtggggcgcaggactgttgaagccttcggagaccctgtccctcacctgcgctgtctatggtgggtccttcagtggttactactggagctggatccgccagcccccagggaaggggctggagtggattggggaaatcaatcatagtggaagcaccaactacaacccgtccctcaagagtcgagtcaccatatcagtagacacgtccaagaaccagttctccctgaagctgagctctgtgaccgccgcggacacggctgtgtattactgttatagtggggggggctactactactacggtatggacgtctgggggcaagggaccacggtcaccgtctcctca	IGHV4-34	IGHD1-26	IGHJ6	tgttatagtggggggggctactactactacggtatggacgtctgg	64	0.000390351010948126
gaggtgcagctggtggagtctgggggaggcttggtacagccagggcggtccctgagactctcctgtacagcttctggattcacctttggtgattatgctatgagctggttccgccaggctccagggaaggggctggagtgggtaggtttcattagaagcaaagcttatggtgggacaacagaatacaccgcgtctgtgaaaggcagattcaccatctcaagagatggttccaaaagcatcgcctatctgcaaatgaacagcctgaaaaccgaggacacagccgtgtattactgtactagacaggtagagatggctacaatgccttttgatgtctggggccaagggacaatggtcaccgtctcttca	IGHV3-49	IGHD5-24	IGHJ3	tgtactagacaggtagagatggctacaatgccttttgatgtctgg	63	0.000384251776402062
caggtgcagctggtgcagtctggggctgaggtgaagaagcctgggtcctcggtgaaggtctcctgcaaggcttctggaggcaccttcagcagctatgctatcagctgggtgcgacaggcccctggacaagggcttgagtggatgggagggatcatccctatctttggtacagcaaactacgcacagaagttccagggcagagtcacgattaccgcggacgaatccacgagcacagcctacatggagctgagcagcctgagatctgaggacacggccgtgtattactgtgcgagagatgggtgggagctactagggtactttgactactggggccaaggaaccctggtcaccgtctcctca	IGHV1-69	IGHD1-26	IGHJ4	tgtgcgagagatgggtgggagctactagggtactttgactactgg	62	0.000378152541855997
gaggtgcagctgttggagtctgggggaggcttggtacagcctggggggtccctgagactctcctgtgcagcctctggattcacctttagcagctatgccatgagctgggtccgccaggctccagggaaggggctggagtgggtctcagctattagtggtagtggtggtagcacatactacgcagactccgtgaagggccggttcaccatctccagagacaattccaagaacacgctgtatctgcaaatgaacagcctgagagccgaggacacggccgtatattactgtgcgaaagaggtacgtttgggggagtactactttgactactggggccaaggaaccctggtcaccgtctcctca	IGHV3-23	IGHD3-16	IGHJ4	tgtgcgaaagaggtacgtttgggggagtactactttgactactgg	61	0.000372053307309933
gaagtgcagctggtggagtctgggggagtcgtggtacagcctggggggtccctgagactctcctgtgcagcctctggattcacctttgatgattataccatgcactgggtccgtcaagctccggggaagggtctggagtgggtctctcttattagttgggatggtggtagcacatactatgcagactctgtgaagggccgattcaccatctccagagacaacagcaaaaactccctgtatctgcaaatgaacagtctgagaactgaggacaccgccttgtattactgtgcaaaagatagactacactactacggtatggacgtctgggggcaagggaccacggtcaccgtctcctca	IGHV3-43	IGHD4-17	IGHJ6	tgtgcaaaagatagactacactactacggtatggacgtctgg	60	0.000365954072763868
gaggtgcagctggtggagtctgggggaggcttggtaaagcctggggggtcccttagactctcctgtgcagcctctggattcactttcagtaacgcctggatgagctgggtccgccaggctccagggaaggggctggagtgggttggccgtattaaaagcaaaactgatggtgggacaacagactacgctgcacccgtgaaaggcagattcaccatctcaagagatgattcaaaaaacacgctgtatctgcaaatgaacagcctgaaaaccgaggacacagccgtgtattactgtaccacagaggatattgtagtagtaccagctgtttactactggggccaaggaaccctggtcaccgtctcctca	IGHV3-15	IGHD2-2	IGHJ4	tgtaccacagaggatattgtagtagtaccagctgtttactactgg	59	0.000359854838217804
gaggtgcagctgttggagtctgggggaggcttggtacagcctggggggtccctgagactctcctgtgcagcctctggattcacctttagcagctatgccatgagctgggtccgccaggctccagggaaggggctggagtgggtctcagctattagtggtagtggtggtagcacatactacgcagactccgtgaagggccggttcaccatctccagagacaattccaagaacacgctgtatctgcaaatgaacagcctgagagccgaggacacggccgtatattactgtgcgaaagtggctggtacattaaactggttcgactcctggggccaaggaaccctggtcaccgtctcctca	IGHV3-23	IGHD6-19	IGHJ5	tgtgcgaaagtggctggtacattaaactggttcgactcctgg	59	0.000359854838217804
gaggtgcagctggtggagtctgggggaggcttggtacagccagggcggtccctgagactctcctgtacagcttctggattcacctttggtgattatgctatgagctggttccgccaggctccagggaaggggctggagtgggtaggtttcattagaagcaaagcttatggtgggacaacagaatacaccgcgtctgtgaaaggcagattcaccatctcaagagatggttccaaaagcatcgcctatctgcaaatgaacagcctgaaaaccgaggacacagccgtgtattactgtactagagacgatattttgactggctttgactactggggccaaggaaccctggtcaccgtctcctca	IGHV3-49	IGHD3-9	IGHJ4	tgtactagagacgatattttgactggctttgactactgg	58	0.000353755603671739
gaggtgcagctgttggagtctgggggaggcttggtacagcctggggggtccctgagactctcctgtgcagcctctggattcacctttagcagctatgccatgagctgggtccgccaggctccagggaaggggctggagtgggtctcagctattagtggtagtggtggtagcacatactacgcagactccgtgaagggccggttcaccatctccagagacaattccaagaacacgctgtatctgcaaatgaacagcctgagagccgaggacacggccgtatattactgtgcgaaagatagtggctacgatttctactttgactactggggccaaggaaccctggtcaccgtctcctca	IGHV3-23	IGHD5-12	IGHJ4	tgtgcgaaagatagtggctacgatttctactttgactactgg	57	0.000347656369125675
gaggtgcagctggtgcagtctggagcagaggtgaaaaagcccggggagtctctgaagatctcctgtaagggttctggatacagctttaccagctactggatcggctgggtgcgccagatgcccgggaaaggcctggagtggatggggatcatctatcctggtgactctgataccagatacagcccgtccttccaaggccaggtcaccatctcagccgacaagtccatcagcaccgcctacctgcagtggagcagcctgaaggcctcggacaccgccatgtattactgtgcgagacaggtgacctactactactacggtatggacgtctgggggcaagggaccacggtcaccgtctcctca	IGHV5-51	IGHD4-17	IGHJ6	tgtgcgagacaggtgacctactactactacggtatggacgtctgg	56	0.00034155713457961
caggtgcagctggtgcagtctggggctgaggtgaagaagcctgggtcctcggtgaaggtctcctgcaaggcttctggaggcaccttcagcagctatgctatcagctgggtgcgacaggcccctggacaagggcttgagtggatgggagggatcatccctatctttggtacagcaaactacgcacagaagttccagggcagagtcacgattaccgcggacgaatccacgagcacagcctacatggagctgagcagcctgagatctgaggacacggccgtgtattactgtgcgagagatatgatagtctcgggctactttgactactggggccaaggaaccctggtcaccgtctcctca	IGHV1-69	IGHD3-22	IGHJ4	tgtgcgagagatatgatagtctcgggctactttgactactgg	55	0.000335457900033546
gaggtgcagctggtgcagtctggagcagaggtgaaaaagcccggggagtctctgaagatctcctgtaagggttctggatacagctttaccagctactggatcggctgggtgcgccagatgcccgggaaaggcctggagtggatggggatcatctatcctggtgactctgataccagatacagcccgtccttccaaggccaggtcaccatctcagccgacaagtccatcagcaccgcctacctgcagtggagcagcctgaaggcctcggacaccgccatgtattactgtgcgaggggtatagcagcagctggtacttggttcgactcctggggccaaggaaccctggtcaccgtctcctca	IGHV5-51	IGHD6-13	IGHJ5	tgtgcgaggggtatagcagcagctggtacttggttcgactcctgg	55	0.000335457900033546
caggtgcagctggtgcagtctggggctgaggtgaagaagcctggggcctcagtgaaggtctcctgcaaggcttctggatacaccttcaccggctactatatgcactgggtgcgacaggcccctggacaagggcttgagtggatgggacggatcaaccctaacagtggtggcacaaactatgcacagaagtttcagggcagggtcaccagtaccagggacacgtccatcagcacagcctacatggagctgagcaggctgagatctgacgacacggtcgtgtattactgtgcgactatgatagtagtggttattaactactttgactactggggccaaggaaccctggtcaccgtctcctca	IGHV1-2	IGHD3-22	IGHJ4	tgtgcgactatgatagtagtggttattaactactttgactactgg	54	0.000329358665487481
caggttcagctggtgcagtctggagctgaggtgaagaagcctggggcctcagtgaaggtctcctgcaaggcttctggttacacctttaccagctatggtatcagctgggtgcgacaggcccctggacaagggcttgagtggatgggatggatcagcgcttacaatggtaacacaaactatgcacagaagctccagggcagagtcaccatgaccacagacacatccacgagcacagcctacatggagctgaggagcctgagatctgacgacacggccgtgtattactgtgcgggtatagcagcggctactcactttgactactggggccaaggaaccctggtcaccgtctcctca	IGHV1-18	IGHD6-25	IGHJ4	tgtgcgggtatagcagcggctactcactttgactactgg	53	0.000323259430941417
gaggtgcagctggtggagtctgggggaggcttggtacagccagggcggtccctgagactctcctgtacagcttctggattcacctttggtgattatgctatgagctggttccgccaggctccagggaaggggctggagtgggtaggtttcattagaagcaaagcttatggtgggacaacagaatacaccgcgtctgtgaaaggcagattcaccatctcaagagatggttccaaaagcatcgcctatctgcaaatgaacagcctgaaaaccgaggacacagccgtgtattactgtactagagatcgcgagtatagcagtgggtactttgactactggggccaaggaaccctggtcaccgtctcctca	IGHV3-49	IGHD6-19	IGHJ4	tgtactagagatcgcgagtatagcagtgggtactttgactactgg	53	0.000323259430941417
cagatcaccttgaaggagtctggtcctacgctggtgaaacccacacagaccctcacgctgacctgcaccttctctgggttctcactcagcactagtggagtgggtgtgggctggatccgtcagcccccaggaaaggccctggagtggcttgcactcatttattggaatgatgataagcgctacagcccatctctgaagagcaggctcaccatcaccaaggacacctccaaaaaccaggtggtccttacaatgaccaacatggaccctgtggacacagccacatattactgtgcacacagacgggttactatgatagtagtggccgactactggggccaaggaaccctggtcaccgtctcctca	IGHV2-5	IGHD3-22	IGHJ4	tgtgcacacagacgggttactatgatagtagtggccgactactgg	52	0.000317160196395352
gaggtgcagctgttggagtctgggggaggcttggtacagcctggggggtccctgagactctcctgtgcagcctctggattcacctttagcagctatgccatgagctgggtccgccaggctccagggaaggggctggagtgggtctcagctattagtggtagtggtggtagcacatactacgcagactccgtgaagggccggttcaccatctccagagacaattccaagaacacgctgtatctgcaaatgaacagcctgagagccgaggacacggccgtatattactgtgcgaaagacaggggtgggcgtgactactttgactactggggccaaggaaccctggtcaccgtctcctca	IGHV3-23	IGHD6-19	IGHJ4	tgtgcgaaagacaggggtgggcgtgactactttgactactgg	51	0.000311060961849288
gaggtgcagctggtggagtctgggggaggtgtggtacggcctggggggtccctgagactctcctgtgcagcctctggattcacctttgatgattatggcatgagctgggtccgccaagctccagggaaggggctggagtgggtctctggtattaattggaatggtggtagcacaggttatgcagactctgtgaagggccgattcaccatctccagagacaacgccaagaactccctgtatctgcaaatgaacagtctgagagccgaggacacggccttgtatcactgtgcgagagagcctgggtatcactactttgactactggggccaaggaaccctggtcaccgtctcctca	IGHV3-20	IGHD6-13	IGHJ4	tgtgcgagagagcctgggtatcactactttgactactgg	51	0.000311060961849288
gaggtgcagctggtggagtctgggggaggcttggtaaagcctggggggtcccttagactctcctgtgcagcctctggattcactttcagtaacgcctggatgagctgggtccgccaggctccagggaaggggctggagtgggttggccgtattaaaagcaaaactgatggtgggacaacagactacgctgcacccgtgaaaggcagattcaccatctcaagagatgattcaaaaaacacgctgtatctgcaaatgaacagcctgaaaaccgaggacacagccgtgtattactgtacccaggatattgtagtggtgggggcttttgatgtctggggccaagggacaatggtcaccgtctcttca	IGHV3-15	IGHD2-15	IGHJ3	tgtacccaggatattgtagtggtgggggcttttgatgtctgg	50	0.000304961727303223
caggttcagctggtgcagtctggagctgaggtgaagaagcctggggcctcagtgaaggtctcctgcaaggcttctggttacacctttaccagctatggtatcagctgggtgcgacaggcccctggacaagggcttgagtggatgggatggatcagcgcttacaatggtaacacaaactatgcacagaagctccagggcagagtcaccatgaccacagacacatccacgagcacagcctacatggagctgaggagcctgagatctgacgacacggccgtgtattactgtgcgagatatgatagtagtggttattacccctttgactactggggccaaggaaccctggtcaccgtctcctca	IGHV1-18	IGHD3-22	IGHJ4	tgtgcgagatatgatagtagtggttattacccctttgactactgg	49	0.000298862492757159
caggttcagctggtgcagtctggagctgaggtgaagaagcctggggcctcagtgaaggtctcctgcaaggcttctggttacacctttaccagctatggtatcagctgggtgcgacaggcccctggacaagggcttgagtggatgggatggatcagcgcttacaatggtaacacaaactatgcacagaagctccagggcagagtcaccatgaccacagacacatccacgagcacagcctacatggagctgaggagcctgagatctgacgacacggccgtgtattactgtgcgagagtcggagaaggatccatctttgactactggggccaaggaaccctggtcaccgtctcctca	IGHV1-18	IGHD2-2	IGHJ4	tgtgcgagagtcggagaaggatccatctttgactactgg	49	0.000298862492757159
caggtgcagctggtgcagtctggggctgaggtgaagaagcctgggtcctcggtgaaggtctcctgcaaggcttctggaggcaccttcagcagctatgctatcagctgggtgcgacaggcccctggacaagggcttgagtggatgggagggatcatccctatctttggtacagcaaactacgcacagaagttccagggcagagtcacgattaccgcggacgaatccacgagcacagcctacatggagctgagcagcctgagatctgaggacacggccgtgtattactgtgcgagacggttcggggggtactactacggtatggacgtctgggggcaagggaccacggtcaccgtctcctca	IGHV1-69	IGHD3-10	IGHJ6	tgtgcgagacggttcggggggtactactacggtatggacgtctgg	48	0.000292763258211095
caggttcagctggtgcagtctggagctgaggtgaagaagcctggggcctcagtgaaggtctcctgcaaggcttctggttacacctttaccagctatggtatcagctgggtgcgacaggcccctggacaagggcttgagtggatgggatggatcagcgcttacaatggtaacacaaactatgcacagaagctccagggcagagtcaccatgaccacagacacatccacgagcacagcctacatggagctgaggagcctgagatctgacgacacggccgtgtattactgtgcgagagatggggatcaggatattgtagtagttgactactggggccaaggaaccctggtcaccgtctcctca	IGHV1-18	IGHD2-2	IGHJ4	tgtgcgagagatggggatcaggatattgtagtagttgactactgg	47	0.00028666402366503
caggtgcagctggtgcagtctggggctgaggtgaagaagcctgggtcctcggtgaaggtctcctgcaaggcttctggaggcaccttcagcagctatgctatcagctgggtgcgacaggcccctggacaagggcttgagtggatgggagggatcatccctatctttggtacagcaaactacgcacagaagttccagggcagagtcacgattaccgcggacgaatccacgagcacagcctacatggagctgagcagcctgagatctgaggacacggccgtgtattactgtgcgaacgatattttgactggttattataacttcgactcctggggccaaggaaccctggtcaccgtctcctca	IGHV1-69	IGHD3-9	IGHJ5	tgtgcgaacgatattttgactggttattataacttcgactcctgg	47	0.00028666402366503
gaggtgcagctggtgcagtctggagcagaggtgaaaaagcccggggagtctctgaagatctcctgtaagggttctggatacagctttaccagctactggatcggctgggtgcgccagatgcccgggaaaggcctggagtggatggggatcatctatcctggtgactctgataccagatacagcccgtccttccaaggccaggtcaccatctcagccgacaagtccatcagcaccgcctacctgcagtggagcagcctgaaggcctcggacaccgccatgtattactgtgcgagaggatttttggagtggttatactttgactactggggccaaggaaccctggtcaccgtctcctca	IGHV5-51	IGHD3-3	IGHJ4	tgtgcgagaggatttttggagtggttatactttgactactgg	46	0.000280564789118966
caggtgcagctggtggagtctgggggaggcttggtcaagcctggagggtccctgagactctcctgtgcagcctctggattcaccttcagtgactactacatgagctggatccgccaggctccagggaaggggctggagtgggtttcatacattagtagtagtggtagtaccatatactacgcagactctgtgaagggccgattcaccatctccagggacaacgccaagaactcactgtatctgcaaatgaacagcctgagagccgaggacacggccgtgtattactgtgcgagaggtaattactatgatagtagtggctttgactactggggccaaggaaccctggtcaccgtctcctca	IGHV3-11	IGHD3-22	IGHJ4	tgtgcgagaggtaattactatgatagtagtggctttgactactgg	46	0.000280564789118966
gaggtgcagctggtggagtctgggggaggcttggtaaagcctggggggtcccttagactctcctgtgcagcctctggattcactttcagtaacgcctggatgagctgggtccgccaggctccagggaaggggctggagtgggttggccgtattaaaagcaaaactgatggtgggacaacagactacgctgcacccgtgaaaggcagattcaccatctcaagagatgattcaaaaaacacgctgtatctgcaaatgaacagcctgaaaaccgaggacacagccgtgtattactgtacatatcgtaccagctgctatgccgactactttgactactggggccaaggaaccctggtcaccgtctcctca	IGHV3-15	IGHD2-2	IGHJ4	tgtacatatcgtaccagctgctatgccgactactttgactactgg	45	0.000274465554572901
caggtgcagctggtggagtctgggggaggcttggtcaagcctggagggtccctgagactctcctgtgcagcctctggattcaccttcagtgactactacatgagctggatccgccaggctccagggaaggggctggagtgggtttcatacattagtagtagtggtagtaccatatactacgcagactctgtgaagggccgattcaccatctccagggacaacgccaagaactcactgtatctgcaaatgaacagcctgagagccgaggacacggccgtgtattactgtgcgagggcagctttggactactactacggtatggacgtctgggggcaagggaccacggtcaccgtctcctca	IGHV3-11	IGHD6-6	IGHJ6	tgtgcgagggcagctttggactactactacggtatggacgtctgg	45	0.000274465554572901
cagatcaccttgaaggagtctggtcctacgctggtgaaacccacacagaccctcacgctgacctgcaccttctctgggttctcactcagcactagtggagtgggtgtgggctggatccgtcagcccccaggaaaggccctggagtggcttgcactcatttattggaatgatgataagcgctacagcccatctctgaagagcaggctcaccatcaccaaggacacctccaaaaaccaggtggtccttacaatgaccaacatggaccctgtggacacagccacatattactgtgcacacatatattgtagtagtgcgttcgactcctggggccaaggaaccctggtcaccgtctcctca	IGHV2-5	IGHD2-2	IGHJ5	tgtgcacacatatattgtagtagtgcgttcgactcctgg	44	0.000268366320026837
gaggtgcagctggtggagtctggaggaggcttgatccagcctggggggtccctgagactctcctgtgcagcctctgggttcaccgtcagtagcaactacatgagctgggtccgccaggctccagggaaggggctggagtgggtctcagttatttatagcggtggtagcacatactacgcagactccgtgaagggccgattcaccatctccagagacaattccaagaacacgctgtatcttcaaatgaacagcctgagagccgaggacacggccgtgtattactgtgcgagaaggggatattgtagtagttttgactactggggccaaggaaccctggtcaccgtctcctca	IGHV3-53	IGHD2-2	IGHJ4	tgtgcgagaaggggatattgtagtagttttgactactgg	44	0.000268366320026837
gaggtgcagctgttggagtctgggggaggcttggtacagcctggggggtccctgagactctcctgtgcagcctctggattcacctttagcagctatgccatgagctgggtccgccaggctccagggaaggggctggagtgggtctcagctattagtggtagtggtggtagcacatactacgcagactccgtgaagggccggttcaccatctccagagacaattccaagaacacgctgtatctgcaaatgaacagcctgagagccgaggacacggccgtatattactgtgcgaaagagtatggttcggggagttactttgactactggggccaaggaaccctggtcaccgtctcctca	IGHV3-23	IGHD3-10	IGHJ4	tgtgcgaaagagtatggttcggggagttactttgactactgg	43	0.000262267085480772
caggtccagcttgtgcagtctggggctgaggtgaagaagcctggggcctcagtgaaggtttcctgcaaggcttctggatacaccttcactagctatgctatgcattgggtgcgccaggcccccggacaaaggcttgagtggatgggatggatcaacgctggcaatggtaacacaaaatattcacagaagttccagggcagagtcaccattaccagggacacatccgcgagcacagcctacatggagctgagcagcctgagatctgaagacacggctgtgtattactgtgcgagagcgagctgccactactactacggtatggacgtctgggggcaagggaccacggtcaccgtctcctca	IGHV1-3	IGHD2-2	IGHJ6	tgtgcgagagcgagctgccactactactacggtatggacgtctgg	43	0.000262267085480772
gaggtgcagctgttggagtctgggggaggcttggtacagcctggggggtccctgagactctcctgtgcagcctctggattcacctttagcagctatgccatgagctgggtccgccaggctccagggaaggggctggagtgggtctcagctattagtggtagtggtggtagcacatactacgcagactccgtgaagggccggttcaccatctccagagacaattccaagaacacgctgtatctgcaaatgaacagcctgagagccgaggacacggccgtatattactgtgcgataagacgatatagtggctacgattactttgactactggggccaaggaaccctggtcaccgtctcctca	IGHV3-23	IGHD5-12	IGHJ4	tgtgcgataagacgatatagtggctacgattactttgactactgg	42	0.000256167850934708
gaggtgcagctggtggagtctgggggaggcttggtaaagcctggggggtcccttagactctcctgtgcagcctctggattcactttcagtaacgcctggatgagctgggtccgccaggctccagggaaggggctggagtgggttggccgtattaaaagcaaaactgatggtgggacaacagactacgctgcacccgtgaaaggcagattcaccatctcaagagatgattcaaaaaacacgctgtatctgcaaatgaacagcctgaaaaccgaggacacagccgtgtattactgtggaactatgatagtagtggttattactacgagggactactggggccaaggaaccctggtcaccgtctcctca	IGHV3-15	IGHD3-22	IGHJ4	tgtggaactatgatagtagtggttattactacgagggactactgg	42	0.000256167850934708
caggttcagctggtgcagtctggagctgaggtgaagaagcctggggcctcagtgaaggtctcctgcaaggcttctggttacacctttaccagctatggtatcagctgggtgcgacaggcccctggacaagggcttgagtggatgggatggatcagcgcttacaatggtaacacaaactatgcacagaagctccagggcagagtcaccatgaccacagacacatccacgagcacagcctacatggagctgaggagcctgagatctgacgacacggccgtgtattactgtgcgagatcaccggaacctgaatacttccagcactggggccagggcaccctggtcaccgtctcctca	IGHV1-18	IGHD1-14	IGHJ1	tgtgcgagatcaccggaacctgaatacttccagcactgg	41	0.000250068616388643
caggtgcagctacagcagtggggcgcaggactgttgaagccttcggagaccctgtccctcacctgcgctgtctatggtgggtccttcagtggttactactggagctggatccgccagcccccagggaaggggctggagtggattggggaaatcaatcatagtggaagcaccaactacaacccgtccctcaagagtcgagtcaccatatcagtagacacgtccaagaaccagttctccctgaagctgagctctgtgaccgccgcggacacggctgtgtattactgtgcgagaggggattgtagtggtggtagcgcttttgatgtctggggccaagggacaatggtcaccgtctcttca	IGHV4-34	IGHD2-15	IGHJ3	tgtgcgagaggggattgtagtggtggtagcgcttttgatgtctgg	41	0.000250068616388643
gaggtgcagctggtggagtctgggggaggcttggtaaagcctggggggtcccttagactctcctgtgcagcctctggattcactttcagtaacgcctggatgagctgggtccgccaggctccagggaaggggctggagtgggttggccgtattaaaagcaaaactgatggtgggacaacagactacgctgcacccgtgaaaggcagattcaccatctcaagagatgattcaaaaaacacgctgtatctgcaaatgaacagcctgaaaaccgaggacacagccgtgtattactgtaccacagaggatcgcagctcgtctctctactttgactactggggccaaggaaccctggtcaccgtctcctca	IGHV3-15	IGHD6-6	IGHJ4	tgtaccacagaggatcgcagctcgtctctctactttgactactgg	40	0.000243969381842579
caggtgcagctggtgcagtctggggctgaggtgaagaagcctggggcctcagtgaaggtctcctgcaaggcttctggatacaccttcaccggctactatatgcactgggtgcgacaggcccctggacaagggcttgagtggatgggacggatcaaccctaacagtggtggcacaaactatgcacagaagtttcagggcagggtcaccagtaccagggacacgtccatcagcacagcctacatggagctgagcaggctgagatctgacgacacggtcgtgtattactgtgcgagagatgattactatgatagtagtgggtttgactactggggccaaggaaccctggtcaccgtctcctca	IGHV1-2	IGHD3-22	IGHJ4	tgtgcgagagatgattactatgatagtagtgggtttgactactgg	40	0.000243969381842579
caggtgcagctggtgcagtctggggctgaggtgaagaagcctgggtcctcggtgaaggtctcctgcaaggcttctggaggcaccttcagcagctatgctatcagctgggtgcgacaggcccctggacaagggcttgagtggatgggagggatcatccctatctttggtacagcaaactacgcacagaagttccagggcagagtcacgattaccgcggacgaatccacgagcacagcctacatggagctgagcagcctgagatctgaggacacggccgtgtattactgtgcgagagaggggggctggtacccttttgactactggggccaaggaaccctggtcaccgtctcctca	IGHV1-69	IGHD6-19	IGHJ4	tgtgcgagagaggggggctggtacccttttgactactgg	39	0.000237870147296514
caggttcagctggtgcagtctggagctgaggtgaagaagcctggggcctcagtgaaggtctcctgcaaggcttctggttacacctttaccagctatggtatcagctgggtgcgacaggcccctggacaagggcttgagtggatgggatggatcagcgcttacaatggtaacacaaactatgcacagaagctccagggcagagtcaccatgaccacagacacatccacgagcacagcctacatggagctgaggagcctgagatctgacgacacggccgtgtattactgtgcgaggtggtcccattactactacggtatggacgtctgggggcaagggaccacggtcaccgtctcctca	IGHV1-18	IGHD3-3	IGHJ6	tgtgcgaggtggtcccattactactacggtatggacgtctgg	39	0.000237870147296514
gaggtgcagctggtggagtctgggggaggcttggtaaagcctggggggtcccttagactctcctgtgcagcctctggattcactttcagtaacgcctggatgagctgggtccgccaggctccagggaaggggctggagtgggttggccgtattaaaagcaaaactgatggtgggacaacagactacgctgcacccgtgaaaggcagattcaccatctcaagagatgattcaaaaaacacgctgtatctgcaaatgaacagcctgaaaaccgaggacacagccgtgtattactgtaccacagagacgcagcagctgctttggttcgactcctggggccaaggaaccctggtcaccgtctcctca	IGHV3-15	IGHD6-13	IGHJ5	tgtaccacagagacgcagcagctgctttggttcgactcctgg	39	0.000237870147296514
caggtgcagctggtgcagtctggggctgaggtgaagaagcctgggtcctcggtgaaggtctcctgcaaggcttctggaggcaccttcagcagctatgctatcagctgggtgcgacaggcccctggacaagggcttgagtggatgggagggatcatccctatctttggtacagcaaactacgcacagaagttccagggcagagtcacgattaccgcggacgaatccacgagcacagcctacatggagctgagcagcctgagatctgaggacacggccgtgtattactgtgcgatacgatttttggagtggttggactttgactactggggccaaggaaccctggtcaccgtctcctca	IGHV1-69	IGHD3-3	IGHJ4	tgtgcgatacgatttttggagtggttggactttgactactgg	38	0.00023177091275045
gaggtgcagctgttggagtctgggggaggcttggtacagcctggggggtccctgagactctcctgtgcagcctctggattcacctttagcagctatgccatgagctgggtccgccaggctccagggaaggggctggagtgggtctcagctattagtggtagtggtggtagcacatactacgcagactccgtgaagggccggttcaccatctccagagacaattccaagaacacgctgtatctgcaaatgaacagcctgagagccgaggacacggccgtatattactgtgcgaaagacggcctggatggctaccactactttgactactggggccaaggaaccctggtcaccgtctcctca	IGHV3-23	IGHD5-24	IGHJ4	tgtgcgaaagacggcctggatggctaccactactttgactactgg	38	0.00023177091275045
gaggtgcagctggtggagtccgggggaggcttagttcagcctggggggtccctgagactctcctgtgcagcctctggattcaccttcagtagctactggatgcactgggtccgccaagctccagggaaggggctggtgtgggtctcacgtattaatagtgatgggagtagcacaagctacgcggactccgtgaagggccgattcaccatctccagagacaacgccaagaacacgctgtatctgcaaatgaacagtctgagagccgaggacacggctgtgtattactgtgcaagagtcgggggtgactacggtgactacggtgactactggggccaaggaaccctggtcaccgtctcctca	IGHV3-74	IGHD4-17	IGHJ4	tgtgcaagagtcgggggtgactacggtgactacggtgactactgg	37	0.000225671678204385
gaggtgcagctggtggagtctgggggaggcttggtaaagcctggggggtcccttagactctcctgtgcagcctctggattcactttcagtaacgcctggatgagctgggtccgccaggctccagggaaggggctggagtgggttggccgtattaaaagcaaaactgatggtgggacaacagactacgctgcacccgtgaaaggcagattcaccatctcaagagatgattcaaaaaacacgctgtatctgcaaatgaacagcctgaaaaccgaggacacagccgtgtattactgtaccacagactcgtatagcagcagccggttcgactcctggggccaaggaaccctggtcaccgtctcctca	IGHV3-15	IGHD6-13	IGHJ5	tgtaccacagactcgtatagcagcagccggttcgactcctgg	37	0.000225671678204385
caggtgcagctggtgcagtctggggctgaggtgaagaagcctgggtcctcggtgaaggtctcctgcaaggcttctggaggcaccttcagcagctatgctatcagctgggtgcgacaggcccctggacaagggcttgagtggatgggagggatcatccctatctttggtacagcaaactacgcacagaagttccagggcagagtcacgattaccgcggacgaatccacgagcacagcctacatggagctgagcagcctgagatctgaggacacggccgtgtattactgtgcgagcacgatttttggagtggttattctccactactggggccaaggaaccctggtcaccgtctcctca	IGHV1-69	IGHD3-3	IGHJ4	tgtgcgagcacgatttttggagtggttattctccactactgg	37	0.000225671678204385
caggtgcagctacagcagtggggcgcaggactgttgaagccttcggagaccctgtccctcacctgcgctgtctatggtgggtccttcagtggttactactggagctggatccgccagcccccagggaaggggctggagtggattggggaaatcaatcatagtggaagcaccaactacaacccgtccctcaagagtcgagtcaccatatcagtagacacgtccaagaaccagttctccctgaagctgagctctgtgaccgccgcggacacggctgtgtattactgtgcgagaggaagaggatattttgactggttattcttctggggccaagggacaatggtcaccgtctcttca	IGHV4-34	IGHD3-9	IGHJ3	tgtgcgagaggaagaggatattttgactggttattcttctgg	36	0.000219572443658321
caggtgcagctggtggagtctgggggaggcttggtcaagcctggagggtccctgagactctcctgtgcagcctctggattcaccttcagtgactactacatgagctggatccgccaggctccagggaaggggctggagtgggtttcatacattagtagtagtggtagtaccatatactacgcagactctgtgaagggccgattcaccatctccagggacaacgccaagaactcactgtatctgcaaatgaacagcctgagagccgaggacacggccgtgtattactgtgcgagagatcccctttactatggttcgggggactactggggccaaggaaccctggtcaccgtctcctca	IGHV3-11	IGHD3-10	IGHJ4	tgtgcgagagatcccctttactatggttcgggggactactgg	36	0.000219572443658321
caggtgcagctggtgcagtctggggctgaggtgaagaagcctggggcctcagtgaaggtttcctgcaaggcatctggatacaccttcaccagctactatatgcactgggtgcgacaggcccctggacaagggcttgagtggatgggaataatcaaccctagtggtggtagcacaagctacgcacagaagttccagggcagagtcaccatgaccagggacacgtccacgagcacagtctacatggagctgagcagcctgagatctgaggacacggccgtgtattactgtgcgagagagataacgtactactacggtatggacgtctgggggcaagggaccacggtcaccgtctcctca	IGHV1-46	IGHD1-14	IGHJ6	tgtgcgagagagataacgtactactacggtatggacgtctgg	36	0.000219572443658321
caggtgcagctggtgcagtctggggctgaggtgaagaagcctgggtcctcggtgaaggtctcctgcaaggcttctggaggcaccttcagcagctatgctatcagctgggtgcgacaggcccctggacaagggcttgagtggatgggagggatcatccctatctttggtacagcaaactacgcacagaagttccagggcagagtcacgattaccgcggacgaatccacgagcacagcctacatggagctgagcagcctgagatctgaggacacggccgtgtattactgtgcgagagaggagagtgggagctaccactactttgactactggggccaaggaaccctggtcaccgtctcctca	IGHV1-69	IGHD1-26	IGHJ4	tgtgcgagagaggagagtgggagctaccactactttgactactgg	35	0.000213473209112256
caggtgcagctggtgcagtctggggctgaggtgaagaagcctggggcctcagtgaaggtttcctgcaaggcatctggatacaccttcaccagctactatatgcactgggtgcgacaggcccctggacaagggcttgagtggatgggaataatcaaccctagtggtggtagcacaagctacgcacagaagttccagggcagagtcaccatgaccagggacacgtccacgagcacagtctacatggagctgagcagcctgagatctgaggacacggccgtgtattactgtgcgagagttatacttgactactactacggtatggacgtctgggggcaagggaccacggtcaccgtctcctca	IGHV1-46	IGHD3-10	IGHJ6	tgtgcgagagttatacttgactactactacggtatggacgtctgg	35	0.000213473209112256
gaggtgcagctgttggagtctgggggaggcttggtacagcctggggggtccctgagactctcctgtgcagcctctggattcacctttagcagctatgccatgagctgggtccgccaggctccagggaaggggctggagtgggtctcagctattagtggtagtggtggtagcacatactacgcagactccgtgaagggccggttcaccatctccagagacaattccaagaacacgctgtatctgcaaatgaacagcctgagagccgaggacacggccgtatattactgtgggatggtggtagctgctactcctggctactttgactactggggccaaggaaccctggtcaccgtctcctca	IGHV3-23	IGHD2-15	IGHJ4	tgtgggatggtggtagctgctactcctggctactttgactactgg	34	0.000207373974566192
gaggtgcagctgttggagtctgggggaggcttggtacagcctggggggtccctgagactctcctgtgcagcctctggattcacctttagcagctatgccatgagctgggtccgccaggctccagggaaggggctggagtgggtctcagctattagtggtagtggtggtagcacatactacgcagactccgtgaagggccggttcaccatctccagagacaattccaagaacacgctgtatctgcaaatgaacagcctgagagccgaggacacggccgtatattactgtgcgaaagagggagcagcagccctctactttgactactggggccaaggaaccctggtcaccgtctcctca	IGHV3-23	IGHD6-13	IGHJ4	tgtgcgaaagagggagcagcagccctctactttgactactgg	34	0.000207373974566192
caggtgcagctggtgcagtctggggctgaggtgaagaagcctggggcctcagtgaaggtctcctgcaaggcttctggatacaccttcaccagttatgatatcaactgggtgcgacaggccactggacaagggcttgagtggatgggatggatgaaccctaacagtggtaacacaggctatgcacagaagttccagggcagagtcaccatgaccaggaacacctccataagcacagcctacatggagctgagcagcctgagatctgaggacacggccgtgtattactgtgcgagaggaggaattttttactacggtatggacgtctgggggcaagggaccacggtcaccgtctcctca	IGHV1-8	IGHD3-3	IGHJ6	tgtgcgagaggaggaattttttactacggtatggacgtctgg	34	0.000207373974566192
caggtcaccttgagggagtctggtcctgcgctggtgaaacccacacagaccctcacactgacctgcaccttctctgggttctcactcagcactagtggaatgtgtgtgagctggatccgtcagcccccagggaaggccctggagtggcttgcactcattgattgggatgatgataaatactacagcacatctctgaagaccaggctcaccatctccaaggacacctccaaaaaccaggtggtccttacaatgaccaacatggaccctgtggacacagccacgtattactgtgcacggggcccccctacggtgaactactttgactactggggccaaggaaccctggtcaccgtctcctca	IGHV2-70	IGHD4-17	IGHJ4	tgtgcacggggcccccctacggtgaactactttgactactgg	33	0.000201274740020127
caggtccagcttgtgcagtctggggctgaggtgaagaagcctggggcctcagtgaaggtttcctgcaaggcttctggatacaccttcactagctatgctatgcattgggtgcgccaggcccccggacaaaggcttgagtggatgggatggatcaacgctggcaatggtaacacaaaatattcacagaagttccagggcagagtcaccattaccagggacacatccgcgagcacagcctacatggagctgagcagcctgagatctgaagacacggctgtgtattactgtgcgagagaggatatagtggctacgatttactttgactactggggccaaggaaccctggtcaccgtctcctca	IGHV1-3	IGHD5-12	IGHJ4	tgtgcgagagaggatatagtggctacgatttactttgactactgg	33	0.000201274740020127
caggtgcagctggtgcagtctggggctgaggtgaagaagcctgggtcctcggtgaaggtctcctgcaaggcttctggaggcaccttcagcagctatgctatcagctgggtgcgacaggcccctggacaagggcttgagtggatgggagggatcatccctatctttggtacagcaaactacgcacagaagttccagggcagagtcacgattaccgcggacgaatccacgagcacagcctacatggagctgagcagcctgagatctgaggacacggccgtgtattactgtgcgagagaacgccagctgctatgcctcttcgatctctggggccgtggcaccctggtcactgtctcctca	IGHV1-69	IGHD2-2	IGHJ2	tgtgcgagagaacgccagctgctatgcctcttcgatctctgg	33	0.000201274740020127
gaggtgcagctggtgcagtctggagcagaggtgaaaaagcccggggagtctctgaagatctcctgtaagggttctggatacagctttaccagctactggatcggctgggtgcgccagatgcccgggaaaggcctggagtggatggggatcatctatcctggtgactctgataccagatacagcccgtccttccaaggccaggtcaccatctcagccgacaagtccatcagcaccgcctacctgcagtggagcagcctgaaggcctcggacaccgccatgtattactgtgcgagatccatagtagtggttagggggtactttgactactggggccaaggaaccctggtcaccgtctcctca	IGHV5-51	IGHD3-22	IGHJ4	tgtgcgagatccatagtagtggttagggggtactttgactactgg	33	0.000201274740020127
gaggtgcagctggtgcagtctggagcagaggtgaaaaagcccggggagtctctgaagatctcctgtaagggttctggatacagctttaccagctactggatcggctgggtgcgccagatgcccgggaaaggcctggagtggatggggatcatctatcctggtgactctgataccagatacagcccgtccttccaaggccaggtcaccatctcagccgacaagtccatcagcaccgcctacctgcagtggagcagcctgaaggcctcggacaccgccatgtattactgtgcgagaacacatgactactactactacggtatggacgtctgggggcaagggaccacggtcaccgtctcctca	IGHV5-51	IGHD4-17	IGHJ6	tgtgcgagaacacatgactactactactacggtatggacgtctgg	32	0.000195175505474063
cagatcaccttgaaggagtctggtcctacgctggtgaaacccacacagaccctcacgctgacctgcaccttctctgggttctcactcagcactagtggagtgggtgtgggctggatccgtcagcccccaggaaaggccctggagtggcttgcactcatttattggaatgatgataagcgctacagcccatctctgaagagcaggctcaccatcaccaaggacacctccaaaaaccaggtggtccttacaatgaccaacatggaccctgtggacacagccacatattactgtgcacggtattactatggttcgggggatgcttttgatgtctggggccaagggacaatggtcaccgtctcttca	IGHV2-5	IGHD3-10	IGHJ3	tgtgcacggtattactatggttcgggggatgcttttgatgtctgg	32	0.000195175505474063
caggtgcagctggtgcagtctggggctgaggtgaagaagcctgggtcctcggtgaaggtctcctgcaaggcttctggaggcaccttcagcagctatgctatcagctgggtgcgacaggcccctggacaagggcttgagtggatgggagggatcatccctatctttggtacagcaaactacgcacagaagttccagggcagagtcacgattaccgcggacgaatccacgagcacagcctacatggagctgagcagcctgagatctgaggacacggccgtgtattactgtgcgagagcccccatagcagtggctgactttgactactggggccaaggaaccctggtcaccgtctcctca	IGHV1-69	IGHD6-19	IGHJ4	tgtgcgagagcccccatagcagtggctgactttgactactgg	32	0.000195175505474063
gaggtgcagctgttggagtctgggggaggcttggtacagcctggggggtccctgagactctcctgtgcagcctctggattcacctttagcagctatgccatgagctgggtccgccaggctccagggaaggggctggagtgggtctcagctattagtggtagtggtggtagcacatactacgcagactccgtgaagggccggttcaccatctccagagacaattccaagaacacgctgtatctgcaaatgaacagcctgagagccgaggacacggccgtatattactgtgcgagtgggagctactacggatactttgactactggggccaaggaaccctggtcaccgtctcctca	IGHV3-23	IGHD1-26	IGHJ4	tgtgcgagtgggagctactacggatactttgactactgg	31	0.000189076270927999
gaggtgcagctggtggagtctggaggaggcttgatccagcctggggggtccctgagactctcctgtgcagcctctgggttcaccgtcagtagcaactacatgagctgggtccgccaggctccagggaaggggctggagtgggtctcagttatttatagcggtggtagcacatactacgcagactccgtgaagggccgattcaccatctccagagacaattccaagaacacgctgtatcttcaaatgaacagcctgagagccgaggacacggccgtgtattactgtgcgagagtggctacgattacagacaactggttcgactcctggggccaaggaaccctggtcaccgtctcctca	IGHV3-53	IGHD5-12	IGHJ5	tgtgcgagagtggctacgattacagacaactggttcgactcctgg	31	0.000189076270927999
gaggtgcagctggtgcagtctggagcagaggtgaaaaagcccggggagtctctgaagatctcctgtaagggttctggatacagctttaccagctactggatcggctgggtgcgccagatgcccgggaaaggcctggagtggatggggatcatctatcctggtgactctgataccagatacagcccgtccttccaaggccaggtcaccatctcagccgacaagtccatcagcaccgcctacctgcagtggagcagcctgaaggcctcggacaccgccatgtattactgtgcgagacacaaacatggagggtgtagttactttgactactggggccaaggaaccctggtcaccgtctcctca	IGHV5-51	IGHD2-2	IGHJ4	tgtgcgagacacaaacatggagggtgtagttactttgactactgg	31	0.000189076270927999
caggtacagctgcagcagtcaggtccaggactggtgaagccctcgcagaccctctcactcacctgtgccatctccggggacagtgtctctagcaacagtgctgcttggaactggatcaggcagtccccatcgagaggccttgagtggctgggaaggacatactacaggtccaagtggtataatgattatgcagtatctgtgaaaagtcgaataaccatcaacccagacacatccaagaaccagttctccctgcagctgaactctgtgactcccgaggacacggctgtgtattactgtgcaagagaatataaccggcactactttgactactggggccaaggaaccctggtcaccgtctcctca	IGHV6-1	IGHD1-14	IGHJ4	tgtgcaagagaatataaccggcactactttgactactgg	30	0.000182977036381934
caggtccagctggtacagtctggggctgaggtgaagaagcctggggcctcagtgaaggtctcctgcaaggtttccggatacaccctcactgaattatccatgcactgggtgcgacaggctcctggaaaagggcttgagtggatgggaggttttgatcctgaagatggtgaaacaatctacgcacagaagttccagggcagagtcaccatgaccgaggacacatctacagacacagcctacatggagctgagcagcctgagatctgaggacacggccgtgtattactgtgcaaatactatgatagtagtggttattacttttgactactggggccaaggaaccctggtcaccgtctcctca	IGHV1-24	IGHD3-22	IGHJ4	tgtgcaaatactatgatagtagtggttattacttttgactactgg	30	0.000182977036381934
gaggtgcagctgttggagtctgggggaggcttggtacagcctggggggtccctgagactctcctgtgcagcctctggattcacctttagcagctatgccatgagctgggtccgccaggctccagggaaggggctggagtgggtctcagctattagtggtagtggtggtagcacatactacgcagactccgtgaagggccggttcaccatctccagagacaattccaagaacacgctgtatctgcaaatgaacagcctgagagccgaggacacggccgtatattactgtgcgaaagggggcctcatatacgtctacggtatggacgtctgggggcaagggaccacggtcaccgtctcctca	IGHV3-23	IGHD3-10	IGHJ6	tgtgcgaaagggggcctcatatacgtctacggtatggacgtctgg	30	0.000182977036381934
gaggtgcagctggtggagtctgggggaggtgtggtacggcctggggggtccctgagactctcctgtgcagcctctggattcacctttgatgattatggcatgagctgggtccgccaagctccagggaaggggctggagtgggtctctggtattaattggaatggtggtagcacaggttatgcagactctgtgaagggccgattcaccatctccagagacaacgccaagaactccctgtatctgcaaatgaacagtctgagagccgaggacacggccttgtatcactgtgcgaggtattacccttactactacggtatggacgtctgggggcaagggaccacggtcaccgtctcctca	IGHV3-20	IGHD3-22	IGHJ6	tgtgcgaggtattacccttactactacggtatggacgtctgg	30	0.000182977036381934
caggtgcagctggtgcagtctggggctgaggtgaagaagcctggggcctcagtgaaggtctcctgcaaggcttctggatacaccttcaccggctactatatgcactgggtgcgacaggcccctggacaagggcttgagtggatgggacggatcaaccctaacagtggtggcacaaactatgcacagaagtttcagggcagggtcaccagtaccagggacacgtccatcagcacagcctacatggagctgagcaggctgagatctgacgacacggtcgtgtattactgtgcgagagagggtatagcagcagctgggatctttgactactggggccaaggaaccctggtcaccgtctcctca	IGHV1-2	IGHD6-13	IGHJ4	tgtgcgagagagggtatagcagcagctgggatctttgactactgg	29	0.00017687780183587
gaggtgcagctggtggagtctgggggaggcttggtaaagcctggggggtcccttagactctcctgtgcagcctctggattcactttcagtaacgcctggatgagctgggtccgccaggctccagggaaggggctggagtgggttggccgtattaaaagcaaaactgatggtgggacaacagactacgctgcacccgtgaaaggcagattcaccatctcaagagatgattcaaaaaacacgctgtatctgcaaatgaacagcctgaaaaccgaggacacagccgtgtattactgtaccacagaggttcggggagttattataacctttgactactggggccaaggaaccctggtcaccgtctcctca	IGHV3-15	IGHD3-10	IGHJ4	tgtaccacagaggttcggggagttattataacctttgactactgg	29	0.00017687780183587
gaggtgcagctgttggagtctgggggaggcttggtacagcctggggggtccctgagactctcctgtgcagcctctggattcacctttagcagctatgccatgagctgggtccgccaggctccagggaaggggctggagtgggtctcagctattagtggtagtggtggtagcacatactacgcagactccgtgaagggccggttcaccatctccagagacaattccaagaacacgctgtatctgcaaatgaacagcctgagagccgaggacacggccgtatattactgttactatggttcggggaggggggtctttgactactggggccaaggaaccctggtcaccgtctcctca	IGHV3-23	IGHD3-10	IGHJ4	tgttactatggttcggggaggggggtctttgactactgg	29	0.00017687780183587
caggttcagctggtgcagtctggagctgaggtgaagaagcctggggcctcagtgaaggtctcctgcaaggcttctggttacacctttaccagctatggtatcagctgggtgcgacaggcccctggacaagggcttgagtggatgggatggatcagcgcttacaatggtaacacaaactatgcacagaagctccagggcagagtcaccatgaccacagacacatccacgagcacagcctacatggagctgaggagcctgagatctgacgacacggccgtgtattactgtgcgagagagctaactggggattgcaactggttcgactcctggggccaaggaaccctggtcaccgtctcctca	IGHV1-18	IGHD7-27	IGHJ5	tgtgcgagagagctaactggggattgcaactggttcgactcctgg	29	0.00017687780183587
gaggtgcagctggtggagtctgggggaggcttggtaaagcctggggggtcccttagactctcctgtgcagcctctggattcactttcagtaacgcctggatgagctgggtccgccaggctccagggaaggggctggagtgggttggccgtattaaaagcaaaactgatggtgggacaacagactacgctgcacccgtgaaaggcagattcaccatctcaagagatgattcaaaaaacacgctgtatctgcaaatgaacagcctgaaaaccgaggacacagccgtgtattactgtaccacagatctcgggaactactactacggtatggacgtctgggggcaagggaccacggtcaccgtctcctca	IGHV3-15	IGHD3-10	IGHJ6	tgtaccacagatctcgggaactactactacggtatggacgtctgg	28	0.000170778567289805
caggtgcagctggtgcagtctggggctgaggtgaagaagcctgggtcctcggtgaaggtctcctgcaaggcttctggaggcaccttcagcagctatgctatcagctgggtgcgacaggcccctggacaagggcttgagtggatgggagggatcatccctatctttggtacagcaaactacgcacagaagttccagggcagagtcacgattaccgcggacgaatccacgagcacagcctacatggagctgagcagcctgagatctgaggacacggccgtgtattactgtgcgagagacgggatagcagcagctggtgacttcgatctctggggccgtggcaccctggtcactgtctcctca	IGHV1-69	IGHD6-13	IGHJ2	tgtgcgagagacgggatagcagcagctggtgacttcgatctctgg	28	0.000170778567289805
gaggtgcagctggtggagtctgggggaggtgtggtacggcctggggggtccctgagactctcctgtgcagcctctggattcacctttgatgattatggcatgagctgggtccgccaagctccagggaaggggctggagtgggtctctggtattaattggaatggtggtagcacaggttatgcagactctgtgaagggccgattcaccatctccagagacaacgccaagaactccctgtatctgcaaatgaacagtctgagagccgaggacacggccttgtatcactgtgcgagagatcgggggcagctcgtgtgggattttgatgtctggggccaagggacaatggtcaccgtctcttca	IGHV3-20	IGHD6-6	IGHJ3	tgtgcgagagatcgggggcagctcgtgtgggattttgatgtctgg	28	0.000170778567289805
gaggtgcagctggtgcagtctggagcagaggtgaaaaagcccggggagtctctgaagatctcctgtaagggttctggatacagctttaccagctactggatcggctgggtgcgccagatgcccgggaaaggcctggagtggatggggatcatctatcctggtgactctgataccagatacagcccgtccttccaaggccaggtcaccatctcagccgacaagtccatcagcaccgcctacctgcagtggagcagcctgaaggcctcggacaccgccatgtattactgtgcgagacagacgggtatagcagcgtttgactactggggccaaggaaccctggtcaccgtctcctca	IGHV5-51	IGHD6-13	IGHJ4	tgtgcgagacagacgggtatagcagcgtttgactactgg	28	0.000170778567289805
caggtgcagctggtgcagtctggggctgaggtgaagaagcctggggcctcagtgaaggtctcctgcaaggcttctggatacaccttcaccggctactatatgcactgggtgcgacaggcccctggacaagggcttgagtggatgggacggatcaaccctaacagtggtggcacaaactatgcacagaagtttcagggcagggtcaccagtaccagggacacgtccatcagcacagcctacatggagctgagcaggctgagatctgacgacacggtcgtgtattactgtgcgattactatgatagtagtggttaattactttgactactggggccaaggaaccctggtcaccgtctcctca	IGHV1-2	IGHD3-22	IGHJ4	tgtgcgattactatgatagtagtggttaattactttgactactgg	27	0.000164679332743741
gaggtgcagctggtgcagtctggagcagaggtgaaaaagcccggggagtctctgaagatctcctgtaagggttctggatacagctttaccagctactggatcggctgggtgcgccagatgcccgggaaaggcctggagtggatggggatcatctatcctggtgactctgataccagatacagcccgtccttccaaggccaggtcaccatctcagccgacaagtccatcagcaccgcctacctgcagtggagcagcctgaaggcctcggacaccgccatgtattactgtgcgagacattcccctgatatagtggactttgactactggggccaaggaaccctggtcaccgtctcctca	IGHV5-51	IGHD5-12	IGHJ4	tgtgcgagacattcccctgatatagtggactttgactactgg	27	0.000164679332743741
caggtgcagctacagcagtggggcgcaggactgttgaagccttcggagaccctgtccctcacctgcgctgtctatggtgggtccttcagtggttactactggagctggatccgccagcccccagggaaggggctggagtggattggggaaatcaatcatagtggaagcaccaactacaacccgtccctcaagagtcgagtcaccatatcagtagacacgtccaagaaccagttctccctgaagctgagctctgtgaccgccgcggacacggctgtgtattactgtgcgaccttagaactggactactactacggtatggacgtctgggggcaagggaccacggtcaccgtctcctca	IGHV4-34	IGHD1-7	IGHJ6	tgtgcgaccttagaactggactactactacggtatggacgtctgg	27	0.000164679332743741
caggttcagctggtgcagtctggagctgaggtgaagaagcctggggcctcagtgaaggtctcctgcaaggcttctggttacacctttaccagctatggtatcagctgggtgcgacaggcccctggacaagggcttgagtggatgggatggatcagcgcttacaatggtaacacaaactatgcacagaagctccagggcagagtcaccatgaccacagacacatccacgagcacagcctacatggagctgaggagcctgagatctgacgacacggccgtgtattactgtgcgagcggggccacggacggtgactacttcgactcctggggccaaggaaccctggtcaccgtctcctca	IGHV1-18	IGHD4-17	IGHJ5	tgtgcgagcggggccacggacggtgactacttcgactcctgg	27	0.000164679332743741
gaggtgcagctgttggagtctgggggaggcttggtacagcctggggggtccctgagactctcctgtgcagcctctggattcacctttagcagctatgccatgagctgggtccgccaggctccagggaaggggctggagtgggtctcagctattagtggtagtggtggtagcacatactacgcagactccgtgaagggccggttcaccatctccagagacaattccaagaacacgctgtatctgcaaatgaacagcctgagagccgaggacacggccgtatattactgtgcgaaaaggagtgggaggagggaatacttccagcactggggccagggcaccctggtcaccgtctcctca	IGHV3-23	IGHD1-26	IGHJ1	tgtgcgaaaaggagtgggaggagggaatacttccagcactgg	27	0.000164679332743741
caggtgcagctacagcagtggggcgcaggactgttgaagccttcggagaccctgtccctcacctgcgctgtctatggtgggtccttcagtggttactactggagctggatccgccagcccccagggaaggggctggagtggattggggaaatcaatcatagtggaagcaccaactacaacccgtccctcaagagtcgagtcaccatatcagtagacacgtccaagaaccagttctccctgaagctgagctctgtgaccgccgcggacacggctgtgtattactgtgcgagaaaggttctaactggggacctctactttgactactggggccaaggaaccctggtcaccgtctcctca	IGHV4-34	IGHD7-27	IGHJ4	tgtgcgagaaaggttctaactggggacctctactttgactactgg	26	0.000158580098197676
caggttcagctggtgcagtctggagctgaggtgaagaagcctggggcctcagtgaaggtctcctgcaaggcttctggttacacctttaccagctatggtatcagctgggtgcgacaggcccctggacaagggcttgagtggatgggatggatcagcgcttacaatggtaacacaaactatgcacagaagctccagggcagagtcaccatgaccacagacacatccacgagcacagcctacatggagctgaggagcctgagatctgacgacacggccgtgtattactgtgcgagagagtggctacgattacttgcttttgatgtctggggccaagggacaatggtcaccgtctcttca	IGHV1-18	IGHD5-12	IGHJ3	tgtgcgagagagtggctacgattacttgcttttgatgtctgg	26	0.000158580098197676
caggtgcagctggtgcagtctggggctgaggtgaagaagcctgggtcctcggtgaaggtctcctgcaaggcttctggaggcaccttcagcagctatgctatcagctgggtgcgacaggcccctggacaagggcttgagtggatgggagggatcatccctatctttggtacagcaaactacgcacagaagttccagggcagagtcacgattaccgcggacgaatccacgagcacagcctacatggagctgagcagcctgagatctgaggacacggccgtgtattactgtgcgagagaagggggttcggactactttgactactggggccaaggaaccctggtcaccgtctcctca	IGHV1-69	IGHD3-10	IGHJ4	tgtgcgagagaagggggttcggactactttgactactgg	26	0.000158580098197676
gaggtgcagctggtggagtctgggggaggcttggtacagccagggcggtccctgagactctcctgtacagcttctggattcacctttggtgattatgctatgagctggttccgccaggctccagggaaggggctggagtgggtaggtttcattagaagcaaagcttatggtgggacaacagaatacaccgcgtctgtgaaaggcagattcaccatctcaagagatggttccaaaagcatcgcctatctgcaaatgaacagcctgaaaaccgaggacacagccgtgtattactgtaactatgatagtagtggttacacttttgatgtctggggccaagggacaatggtcaccgtctcttca	IGHV3-49	IGHD3-22	IGHJ3	tgtaactatgatagtagtggttacacttttgatgtctgg	26	0.000158580098197676
caggttcagctggtgcagtctggagctgaggtgaagaagcctggggcctcagtgaaggtctcctgcaaggcttctggttacacctttaccagctatggtatcagctgggtgcgacaggcccctggacaagggcttgagtggatgggatggatcagcgcttacaatggtaacacaaactatgcacagaagctccagggcagagtcaccatgaccacagacacatccacgagcacagcctacatggagctgaggagcctgagatctgacgacacggccgtgtattactgtgcgagccgtaccagatactactacggtatggacgtctgggggcaagggaccacggtcaccgtctcctca	IGHV1-18	IGHD2-2	IGHJ6	tgtgcgagccgtaccagatactactacggtatggacgtctgg	25	0.000152480863651612
caggtacagctgcagcagtcaggtccaggactggtgaagccctcgcagaccctctcactcacctgtgccatctccggggacagtgtctctagcaacagtgctgcttggaactggatcaggcagtccccatcgagaggccttgagtggctgggaaggacatactacaggtccaagtggtataatgattatgcagtatctgtgaaaagtcgaataaccatcaacccagacacatccaagaaccagttctccctgcagctgaactctgtgactcccgaggacacggctgtgtattactgtgcaaattacgatattttgactggttatcctgactactggggccaaggaaccctggtcaccgtctcctca	IGHV6-1	IGHD3-9	IGHJ4	tgtgcaaattacgatattttgactggttatcctgactactgg	25	0.000152480863651612
gaggtgcagctggtggagtccgggggaggcttagttcagcctggggggtccctgagactctcctgtgcagcctctggattcaccttcagtagctactggatgcactgggtccgccaagctccagggaaggggctggtgtgggtctcacgtattaatagtgatgggagtagcacaagctacgcggactccgtgaagggccgattcaccatctccagagacaacgccaagaacacgctgtatctgcaaatgaacagtctgagagccgaggacacggctgtgtattactgtgcaagagagaggatagtagtggttattagctcctggggccaaggaaccctggtcaccgtctcctca	IGHV3-74	IGHD3-22	IGHJ5	tgtgcaagagagaggatagtagtggttattagctcctgg	25	0.000152480863651612
gaggtgcagctggtgcagtctggagcagaggtgaaaaagcccggggagtctctgaagatctcctgtaagggttctggatacagctttaccagctactggatcggctgggtgcgccagatgcccgggaaaggcctggagtggatggggatcatctatcctggtgactctgataccagatacagcccgtccttccaaggccaggtcaccatctcagccgacaagtccatcagcaccgcctacctgcagtggagcagcctgaaggcctcggacaccgccatgtattactgtgcgagacacgtattactgtacaactggttcgactcctggggccaaggaaccctggtcaccgtctcctca	IGHV5-51	IGHD3-10	IGHJ5	tgtgcgagacacgtattactgtacaactggttcgactcctgg	25	0.000152480863651612
cagctgcagctgcaggagtccggctcaggactggtgaagccttcacagaccctgtccctcacctgcgctgtctctggtggctccatcagcagtggtggttactcctggagctggatccggcagccaccagggaagggcctggagtggattgggtacatctatcatagtgggagcacctactacaacccgtccctcaagagtcgagtcaccatatcagtagacaggtccaagaaccagttctccctgaagctgagctctgtgaccgccgcggacacggccgtgtattactgtggaactatgcattactactactactacggtatggacgtctgggggcaagggaccacggtcaccgtctcctca	IGHV4-30-2	IGHD3-22	IGHJ6	tgtggaactatgcattactactactactacggtatggacgtctgg	25	0.000152480863651612
caggtgcagctggtgcagtctggggctgaggtgaagaagcctgggtcctcggtgaaggtctcctgcaaggcttctggaggcaccttcagcagctatgctatcagctgggtgcgacaggcccctggacaagggcttgagtggatgggagggatcatccctatctttggtacagcaaactacgcacagaagttccagggcagagtcacgattaccgcggacgaatccacgagcacagcctacatggagctgagcagcctgagatctgaggacacggccgtgtattactgtgcgagtgtgactacatactactacggtatggacgtctgggggcaagggaccacggtcaccgtctcctca	IGHV1-69	IGHD4-17	IGHJ6	tgtgcgagtgtgactacatactactacggtatggacgtctgg	24	0.000146381629105547
gaggtgcagctggtggagtccgggggaggcttagttcagcctggggggtccctgagactctcctgtgcagcctctggattcaccttcagtagctactggatgcactgggtccgccaagctccagggaaggggctggtgtgggtctcacgtattaatagtgatgggagtagcacaagctacgcggactccgtgaagggccgattcaccatctccagagacaacgccaagaacacgctgtatctgcaaatgaacagtctgagagccgaggacacggctgtgtattactgtgcaagctatgggacgtttcctggtccttttgactactggggccaaggaaccctggtcaccgtctcctca	IGHV3-74	IGHD3-10	IGHJ4	tgtgcaagctatgggacgtttcctggtccttttgactactgg	24	0.000146381629105547
gaagtgcagctggtggagtctgggggagtcgtggtacagcctggggggtccctgagactctcctgtgcagcctctggattcacctttgatgattataccatgcactgggtccgtcaagctccggggaagggtctggagtgggtctctcttattagttgggatggtggtagcacatactatgcagactctgtgaagggccgattcaccatctccagagacaacagcaaaaactccctgtatctgcaaatgaacagtctgagaactgaggacaccgccttgtattactgtgcaaaagataaagtgggagctactacctactttgactactggggccaaggaaccctggtcaccgtctcctca	IGHV3-43	IGHD1-26	IGHJ4	tgtgcaaaagataaagtgggagctactacctactttgactactgg	24	0.000146381629105547
gaggtgcagctggtggagtctgggggaggcttggtacagccagggcggtccctgagactctcctgtacagcttctggattcacctttggtgattatgctatgagctggttccgccaggctccagggaaggggctggagtgggtaggtttcattagaagcaaagcttatggtgggacaacagaatacaccgcgtctgtgaaaggcagattcaccatctcaagagatggttccaaaagcatcgcctatctgcaaatgaacagcctgaaaaccgaggacacagccgtgtattactgtactagagatcagtggctggtaccttttgactactggggccaaggaaccctggtcaccgtctcctca	IGHV3-49	IGHD6-19	IGHJ4	tgtactagagatcagtggctggtaccttttgactactgg	24	0.000146381629105547
gaggtgcagctgttggagtctgggggaggcttggtacagcctggggggtccctgagactctcctgtgcagcctctggattcacctttagcagctatgccatgagctgggtccgccaggctccagggaaggggctggagtgggtctcagctattagtggtagtggtggtagcacatactacgcagactccgtgaagggccggttcaccatctccagagacaattccaagaacacgctgtatctgcaaatgaacagcctgagagccgaggacacggccgtatattactgtgcgaaagaatattgtagtagtaccagctgctccgactactggggccaaggaaccctggtcaccgtctcctca	IGHV3-23	IGHD2-2	IGHJ4	tgtgcgaaagaatattgtagtagtaccagctgctccgactactgg	24	0.000146381629105547
caggttcagctggtgcagtctggagctgaggtgaagaagcctggggcctcagtgaaggtctcctgcaaggcttctggttacacctttaccagctatggtatcagctgggtgcgacaggcccctggacaagggcttgagtggatgggatggatcagcgcttacaatggtaacacaaactatgcacagaagctccagggcagagtcaccatgaccacagacacatccacgagcacagcctacatggagctgaggagcctgagatctgacgacacggccgtgtattactgtgcgaggagaggacgtatacacaactggttcgactcctggggccaaggaaccctggtcaccgtctcctca	IGHV1-18	IGHD3-3	IGHJ5	tgtgcgaggagaggacgtatacacaactggttcgactcctgg	24	0.000146381629105547
caggtgcagctggtgcagtctggggctgaggtgaagaagcctggggcctcagtgaaggtctcctgcaaggcttctggatacaccttcaccggctactatatgcactgggtgcgacaggcccctggacaagggcttgagtggatgggacggatcaaccctaacagtggtggcacaaactatgcacagaagtttcagggcagggtcaccagtaccagggacacgtccatcagcacagcctacatggagctgagcaggctgagatctgacgacacggtcgtgtattactgtgcgacggggagtagtaccagctgctatgcccttgactactggggccaaggaaccctggtcaccgtctcctca	IGHV1-2	IGHD2-2	IGHJ4	tgtgcgacggggagtagtaccagctgctatgcccttgactactgg	23	0.000140282394559483
cagctgcagctgcaggagtcgggcccaggactggtgaagccttcggagaccctgtccctcacctgcactgtctctggtggctccatcagcagtagtagttactactggggctggatccgccagcccccagggaaggggctggagtggattgggagtatctattatagtgggagcacctactacaacccgtccctcaagagtcgagtcaccatatccgtagacacgtccaagaaccagttctccctgaagctgagctctgtgaccgccgcagacacggctgtgtattactgtgcgagacaatgttgtagtagtaccaggggctttgactactggggccaaggaaccctggtcaccgtctcctca	IGHV4-39	IGHD2-2	IGHJ4	tgtgcgagacaatgttgtagtagtaccaggggctttgactactgg	23	0.000140282394559483
gaggtgcagctggtggagtctgggggaggcttggtccagcctggggggtccctgaaactctcctgtgcagcctctgggttcaccttcagtggctctgctatgcactgggtccgccaggcttccgggaaagggctggagtgggttggccgtattagaagcaaagctaacagttacgcgacagcatatgctgcgtcggtgaaaggcaggttcaccatctccagagatgattcaaagaacacggcgtatctgcaaatgaacagcctgaaaaccgaggacacggccgtgtattactgtactagacaaggggtgggagctactacgggctttgactactggggccaaggaaccctggtcaccgtctcctca	IGHV3-73	IGHD1-26	IGHJ4	tgtactagacaaggggtgggagctactacgggctttgactactgg	23	0.000140282394559483
caggtgcagctggtggagtctgggggaggcttggtcaagcctggagggtccctgagactctcctgtgcagcctctggattcaccttcagtgactactacatgagctggatccgccaggctccagggaaggggctggagtgggtttcatacattagtagtagtggtagtaccatatactacgcagactctgtgaagggccgattcaccatctccagggacaacgccaagaactcactgtatctgcaaatgaacagcctgagagccgaggacacggccgtgtattactgtgcgagagagcagtggctggactactttgactactggggccaaggaaccctggtcaccgtctcctca	IGHV3-11	IGHD6-19	IGHJ4	tgtgcgagagagcagtggctggactactttgactactgg	23	0.000140282394559483
caggtgcagctggtgcagtctggggctgaggtgaagaagcctggggcctcagtgaaggtctcctgcaaggcttctggatacaccttcaccagttatgatatcaactgggtgcgacaggccactggacaagggcttgagtggatgggatggatgaaccctaacagtggtaacacaggctatgcacagaagttccagggcagagtcaccatgaccaggaacacctccataagcacagcctacatggagctgagcagcctgagatctgaggacacggccgtgtattactgtgcgagagggaggaacgcagtggctggttggttcgactcctggggccaaggaaccctggtcaccgtctcctca	IGHV1-8	IGHD6-19	IGHJ5	tgtgcgagagggaggaacgcagtggctggttggttcgactcctgg	23	0.000140282394559483
gaggtgcagctggtggagtctgggggaggtgtggtacggcctggggggtccctgagactctcctgtgcagcctctggattcacctttgatgattatggcatgagctgggtccgccaagctccagggaaggggctggagtgggtctctggtattaattggaatggtggtagcacaggttatgcagactctgtgaagggccgattcaccatctccagagacaacgccaagaactccctgtatctgcaaatgaacagtctgagagccgaggacacggccttgtatcactgtgcgtgtagtagtaccagctgctatgcctactttgactactggggccaaggaaccctggtcaccgtctcctca	IGHV3-20	IGHD2-2	IGHJ4	tgtgcgtgtagtagtaccagctgctatgcctactttgactactgg	22	0.000134183160013418
caggtgcagctggtgcagtctggggctgaggtgaagaagcctggggcctcagtgaaggtttcctgcaaggcatctggatacaccttcaccagctactatatgcactgggtgcgacaggcccctggacaagggcttgagtggatgggaataatcaaccctagtggtggtagcacaagctacgcacagaagttccagggcagagtcaccatgaccagggacacgtccacgagcacagtctacatggagctgagcagcctgagatctgaggacacggccgtgtattactgtgcgagagaccgtggtaacgctgaatacttccagcactggggccagggcaccctggtcaccgtctcctca	IGHV1-46	IGHD4-23	IGHJ1	tgtgcgagagaccgtggtaacgctgaatacttccagcactgg	22	0.000134183160013418
caggtgcagctggtgcagtctggggctgaggtgaagaagcctgggtcctcggtgaaggtctcctgcaaggcttctggaggcaccttcagcagctatgctatcagctgggtgcgacaggcccctggacaagggcttgagtggatgggagggatcatccctatctttggtacagcaaactacgcacagaagttccagggcagagtcacgattaccgcggacgaatccacgagcacagcctacatggagctgagcagcctgagatctgaggacacggccgtgtattactgtgtctatgatagtagtggttattcctactactttgactactggggccaaggaaccctggtcaccgtctcctca	IGHV1-69	IGHD3-22	IGHJ4	tgtgtctatgatagtagtggttattcctactactttgactactgg	22	0.000134183160013418
gaggtgcagctggtggagtctgggggaggcttggtaaagcctggggggtcccttagactctcctgtgcagcctctggattcactttcagtaacgcctggatgagctgggtccgccaggctccagggaaggggctggagtgggttggccgtattaaaagcaaaactgatggtgggacaacagactacgctgcacccgtgaaaggcagattcaccatctcaagagatgattcaaaaaacacgctgtatctgcaaatgaacagcctgaaaaccgaggacacagccgtgtattactgtaccatcttttgctatggttcggggagttattttgactactggggccaaggaaccctggtcaccgtctcctca	IGHV3-15	IGHD3-10	IGHJ4	tgtaccatcttttgctatggttcggggagttattttgactactgg	22	0.000134183160013418
caggtgcagctggtgcagtctggggctgaggtgaagaagcctgggtcctcggtgaaggtctcctgcaaggcttctggaggcaccttcagcagctatgctatcagctgggtgcgacaggcccctggacaagggcttgagtggatgggagggatcatccctatctttggtacagcaaactacgcacagaagttccagggcagagtcacgattaccgcggacgaatccacgagcacagcctacatggagctgagcagcctgagatctgaggacacggccgtgtattactgtgcgagtaccttctactactactacggtatggacgtctgggggcaagggaccacggtcaccgtctcctca	IGHV1-69	IGHD6-19	IGHJ6	tgtgcgagtaccttctactactactacggtatggacgtctgg	22	0.000134183160013418
gaggtgcagctgttggagtctgggggaggcttggtacagcctggggggtccctgagactctcctgtgcagcctctggattcacctttagcagctatgccatgagctgggtccgccaggctccagggaaggggctggagtgggtctcagctattagtggtagtggtggtagcacatactacgcagactccgtgaagggccggttcaccatctccagagacaattccaagaacacgctgtatctgcaaatgaacagcctgagagccgaggacacggccgtatattactgtgcgaaagagaagcagtggctggtactaaggttcgactcctggggccaaggaaccctggtcaccgtctcctca	IGHV3-23	IGHD6-19	IGHJ5	tgtgcgaaagagaagcagtggctggtactaaggttcgactcctgg	22	0.000134183160013418
caggttcagctggtgcagtctggagctgaggtgaagaagcctggggcctcagtgaaggtctcctgcaaggcttctggttacacctttaccagctatggtatcagctgggtgcgacaggcccctggacaagggcttgagtggatgggatggatcagcgcttacaatggtaacacaaactatgcacagaagctccagggcagagtcaccatgaccacagacacatccacgagcacagcctacatggagctgaggagcctgagatctgacgacacggccgtgtattactgtgggtacgattactactactactacggtatggacgtctgggggcaagggaccacggtcaccgtctcctca	IGHV1-18	IGHD6-13	IGHJ6	tgtgggtacgattactactactactacggtatggacgtctgg	21	0.000128083925467354
gaggtgcagctggtgcagtctggagcagaggtgaaaaagcccggggagtctctgaagatctcctgtaagggttctggatacagctttaccagctactggatcggctgggtgcgccagatgcccgggaaaggcctggagtggatggggatcatctatcctggtgactctgataccagatacagcccgtccttccaaggccaggtcaccatctcagccgacaagtccatcagcaccgcctacctgcagtggagcagcctgaaggcctcggacaccgccatgtattactgtgcgagacaagctggtacgtactacggtatggacgtctgggggcaagggaccacggtcaccgtctcctca	IGHV5-51	IGHD6-13	IGHJ6	tgtgcgagacaagctggtacgtactacggtatggacgtctgg	21	0.000128083925467354
cagatcaccttgaaggagtctggtcctacgctggtgaaacccacacagaccctcacgctgacctgcaccttctctgggttctcactcagcactagtggagtgggtgtgggctggatccgtcagcccccaggaaaggccctggagtggcttgcactcatttattggaatgatgataagcgctacagcccatctctgaagagcaggctcaccatcaccaaggacacctccaaaaaccaggtggtccttacaatgaccaacatggaccctgtggacacagccacatattactgtgcacacagacttcactaccactactttgactactggggccaaggaaccctggtcaccgtctcctca	IGHV2-5	IGHD4-17	IGHJ4	tgtgcacacagacttcactaccactactttgactactgg	21	0.000128083925467354
caggtgcagctggtgcagtctggggctgaggtgaagaagcctgggtcctcggtgaaggtctcctgcaaggcttctggaggcaccttcagcagctatgctatcagctgggtgcgacaggcccctggacaagggcttgagtggatgggagggatcatccctatctttggtacagcaaactacgcacagaagttccagggcagagtcacgattaccgcggacgaatccacgagcacagcctacatggagctgagcagcctgagatctgaggacacggccgtgtattactgtgcgagagagggagcagcagctggctttgactactggggccaaggaaccctggtcaccgtctcctca	IGHV1-69	IGHD6-13	IGHJ4	tgtgcgagagagggagcagcagctggctttgactactgg	21	0.000128083925467354
caggtgcagctggtgcagtctggggctgaggtgaagaagcctggggcctcagtgaaggtctcctgcaaggcttctggatacaccttcaccagttatgatatcaactgggtgcgacaggccactggacaagggcttgagtggatgggatggatgaaccctaacagtggtaacacaggctatgcacagaagttccagggcagagtcaccatgaccaggaacacctccataagcacagcctacatggagctgagcagcctgagatctgaggacacggccgtgtattactgtgcgagaggtggtggtggtgatttggactggttcgactcctggggccaaggaaccctggtcaccgtctcctca	IGHV1-8	IGHD2-21	IGHJ5	tgtgcgagaggtggtggtggtgatttggactggttcgactcctgg	21	0.000128083925467354
gaggtgcagctgttggagtctgggggaggcttggtacagcctggggggtccctgagactctcctgtgcagcctctggattcacctttagcagctatgccatgagctgggtccgccaggctccagggaaggggctggagtgggtctcagctattagtggtagtggtggtagcacatactacgcagactccgtgaagggccggttcaccatctccagagacaattccaagaacacgctgtatctgcaaatgaacagcctgagagccgaggacacggccgtatattactgtgcgaaagagaggggaagcagttactggtacttcgatctctggggccgtggcaccctggtcactgtctcctca	IGHV3-23	IGHD6-19	IGHJ2	tgtgcgaaagagaggggaagcagttactggtacttcgatctctgg	21	0.000128083925467354
caggtgcagctggtgcagtctggggctgaggtgaagaagcctggggcctcagtgaaggtttcctgcaaggcatctggatacaccttcaccagctactatatgcactgggtgcgacaggcccctggacaagggcttgagtggatgggaataatcaaccctagtggtggtagcacaagctacgcacagaagttccagggcagagtcaccatgaccagggacacgtccacgagcacagtctacatggagctgagcagcctgagatctgaggacacggccgtgtattactgtgcgagagaaagacgttatgatacttttgactactggggccaaggaaccctggtcaccgtctcctca	IGHV1-46	IGHD3-22	IGHJ4	tgtgcgagagaaagacgttatgatacttttgactactgg	21	0.000128083925467354
caggtgcagctacagcagtggggcgcaggactgttgaagccttcggagaccctgtccctcacctgcgctgtctatggtgggtccttcagtggttactactggagctggatccgccagcccccagggaaggggctggagtggattggggaaatcaatcatagtggaagcaccaactacaacccgtccctcaagagtcgagtcaccatatcagtagacacgtccaagaaccagttctccctgaagctgagctctgtgaccgccgcggacacggctgtgtattactgtgcgagatgcagcagctggtacgcttttgatgtctggggccaagggacaatggtcaccgtctcttca	IGHV4-34	IGHD6-13	IGHJ3	tgtgcgagatgcagcagctggtacgcttttgatgtctgg	20	0.000121984690921289
caggtcaccttgagggagtctggtcctgcgctggtgaaacccacacagaccctcacactgacctgcaccttctctgggttctcactcagcactagtggaatgtgtgtgagctggatccgtcagcccccagggaaggccctggagtggcttgcactcattgattgggatgatgataaatactacagcacatctctgaagaccaggctcaccatctccaaggacacctccaaaaaccaggtggtccttacaatgaccaacatggaccctgtggacacagccacgtattactgtgcacggatacccaggtacaactggaacgaccccgacgtctgggggcaagggaccacggtcaccgtctcctca	IGHV2-70	IGHD1-1	IGHJ6	tgtgcacggatacccaggtacaactggaacgaccccgacgtctgg	20	0.000121984690921289
gaggtgcagctgttggagtctgggggaggcttggtacagcctggggggtccctgagactctcctgtgcagcctctggattcacctttagcagctatgccatgagctgggtccgccaggctccagggaaggggctggagtgggtctcagctattagtggtagtggtggtagcacatactacgcagactccgtgaagggccggttcaccatctccagagacaattccaagaacacgctgtatctgcaaatgaacagcctgagagccgaggacacggccgtatattactgtgcgaaagacctcgtcccttactactacggtatggacgtctgggggcaagggaccacggtcaccgtctcctca	IGHV3-23	IGHD6-6	IGHJ6	tgtgcgaaagacctcgtcccttactactacggtatggacgtctgg	20	0.000121984690921289
gaggtgcagctggtggagtccgggggaggcttagttcagcctggggggtccctgagactctcctgtgcagcctctggattcaccttcagtagctactggatgcactgggtccgccaagctccagggaaggggctggtgtgggtctcacgtattaatagtgatgggagtagcacaagctacgcggactccgtgaagggccgattcaccatctccagagacaacgccaagaacacgctgtatctgcaaatgaacagtctgagagccgaggacacggctgtgtattactgtgcaagacgtataaccggaaagtactttgactactggggccaaggaaccctggtcaccgtctcctca	IGHV3-74	IGHD1-14	IGHJ4	tgtgcaagacgtataaccggaaagtactttgactactgg	20	0.000121984690921289
caggtcaccttgagggagtctggtcctgcgctggtgaaacccacacagaccctcacactgacctgcaccttctctgggttctcactcagcactagtggaatgtgtgtgagctggatccgtcagcccccagggaaggccctggagtggcttgcactcattgattgggatgatgataaatactacagcacatctctgaagaccaggctcaccatctccaaggacacctccaaaaaccaggtggtccttacaatgaccaacatggaccctgtggacacagccacgtattactgtgctactatgatagtagtggttattaactttgactactggggccaaggaaccctggtcaccgtctcctca	IGHV2-70	IGHD3-22	IGHJ4	tgtgctactatgatagtagtggttattaactttgactactgg	20	0.000121984690921289
gaggtgcagctgttggagtctgggggaggcttggtacagcctggggggtccctgagactctcctgtgcagcctctggattcacctttagcagctatgccatgagctgggtccgccaggctccagggaaggggctggagtgggtctcagctattagtggtagtggtggtagcacatactacgcagactccgtgaagggccggttcaccatctccagagacaattccaagaacacgctgtatctgcaaatgaacagcctgagagccgaggacacggccgtatattactgtgcgaaagatagtaccagctgctatgccattgactactggggccaaggaaccctggtcaccgtctcctca	IGHV3-23	IGHD2-2	IGHJ4	tgtgcgaaagatagtaccagctgctatgccattgactactgg	20	0.000121984690921289
gaggtgcagctgttggagtctgggggaggcttggtacagcctggggggtccctgagactctcctgtgcagcctctggattcacctttagcagctatgccatgagctgggtccgccaggctccagggaaggggctggagtgggtctcagctattagtggtagtggtggtagcacatactacgcagactccgtgaagggccggttcaccatctccagagacaattccaagaacacgctgtatctgcaaatgaacagcctgagagccgaggacacggccgtatattactgtgcgaagaatagcagcagctgttctgatgcttttgatgtctggggccaagggacaatggtcaccgtctcttca	IGHV3-23	IGHD6-13	IGHJ3	tgtgcgaagaatagcagcagctgttctgatgcttttgatgtctgg	20	0.000121984690921289
caggtgcagctggtgcagtctggggctgaggtgaagaagcctggggcctcagtgaaggtctcctgcaaggcttctggatacaccttcaccagttatgatatcaactgggtgcgacaggccactggacaagggcttgagtggatgggatggatgaaccctaacagtggtaacacaggctatgcacagaagttccagggcagagtcaccatgaccaggaacacctccataagcacagcctacatggagctgagcagcctgagatctgaggacacggccgtgtattactgtgcgagaggtttagcagcagctggttttgactactggggccaaggaaccctggtcaccgtctcctca	IGHV1-8	IGHD6-13	IGHJ4	tgtgcgagaggtttagcagcagctggttttgactactgg	19	0.000115885456375225
gaggtgcagctggtggagtccgggggaggcttagttcagcctggggggtccctgagactctcctgtgcagcctctggattcaccttcagtagctactggatgcactgggtccgccaagctccagggaaggggctggtgtgggtctcacgtattaatagtgatgggagtagcacaagctacgcggactccgtgaagggccgattcaccatctccagagacaacgccaagaacacgctgtatctgcaaatgaacagtctgagagccgaggacacggctgtgtattactgtgcaagagaggtgggagctactacggggtttgactactggggccaaggaaccctggtcaccgtctcctca	IGHV3-74	IGHD1-26	IGHJ4	tgtgcaagagaggtgggagctactacggggtttgactactgg	19	0.000115885456375225
caggtgcagctggtgcagtctggggctgaggtgaagaagcctgggtcctcggtgaaggtctcctgcaaggcttctggaggcaccttcagcagctatgctatcagctgggtgcgacaggcccctggacaagggcttgagtggatgggagggatcatccctatctttggtacagcaaactacgcacagaagttccagggcagagtcacgattaccgcggacgaatccacgagcacagcctacatggagctgagcagcctgagatctgaggacacggccgtgtattactgtgcgagagacggctacgattaccgctttgactactggggccaaggaaccctggtcaccgtctcctca	IGHV1-69	IGHD5-12	IGHJ4	tgtgcgagagacggctacgattaccgctttgactactgg	19	0.000115885456375225
gaggtgcagctgttggagtctgggggaggcttggtacagcctggggggtccctgagactctcctgtgcagcctctggattcacctttagcagctatgccatgagctgggtccgccaggctccagggaaggggctggagtgggtctcagctattagtggtagtggtggtagcacatactacgcagactccgtgaagggccggttcaccatctccagagacaattccaagaacacgctgtatctgcaaatgaacagcctgagagccgaggacacggccgtatattactgtgcgaaagatacggggagttattatccttttgatgtctggggccaagggacaatggtcaccgtctcttca	IGHV3-23	IGHD3-10	IGHJ3	tgtgcgaaagatacggggagttattatccttttgatgtctgg	19	0.000115885456375225
caggtgcagctggtgcagtctggggctgaggtgaagaagcctgggtcctcggtgaaggtctcctgcaaggcttctggaggcaccttcagcagctatgctatcagctgggtgcgacaggcccctggacaagggcttgagtggatgggagggatcatccctatctttggtacagcaaactacgcacagaagttccagggcagagtcacgattaccgcggacgaatccacgagcacagcctacatggagctgagcagcctgagatctgaggacacggccgtgtattactgtgcgagagagccgagtggctggtacccctactttgactactggggccaaggaaccctggtcaccgtctcctca	IGHV1-69	IGHD6-19	IGHJ4	tgtgcgagagagccgagtggctggtacccctactttgactactgg	19	0.000115885456375225
caggtgcagctggtgcagtctggggctgaggtgaagaagcctggggcctcagtgaaggtctcctgcaaggcttctggatacaccttcaccggctactatatgcactgggtgcgacaggcccctggacaagggcttgagtggatgggacggatcaaccctaacagtggtggcacaaactatgcacagaagtttcagggcagggtcaccagtaccagggacacgtccatcagcacagcctacatggagctgagcaggctgagatctgacgacacggtcgtgtattactgtgcgagagatgattacgtttgggggagttatgccgattactggggccaaggaaccctggtcaccgtctcctca	IGHV1-2	IGHD3-16	IGHJ4	tgtgcgagagatgattacgtttgggggagttatgccgattactgg	19	0.000115885456375225
gaggtgcagctggtgcagtctggagcagaggtgaaaaagcccggggagtctctgaagatctcctgtaagggttctggatacagctttaccagctactggatcggctgggtgcgccagatgcccgggaaaggcctggagtggatggggatcatctatcctggtgactctgataccagatacagcccgtccttccaaggccaggtcaccatctcagccgacaagtccatcagcaccgcctacctgcagtggagcagcctgaaggcctcggacaccgccatgtattactgtgcgagacagatgcatcggagggtgactcgggatgtctggggccaagggacaatggtcaccgtctcttca	IGHV5-51	IGHD4-17	IGHJ3	tgtgcgagacagatgcatcggagggtgactcgggatgtctgg	19	0.000115885456375225
caggtgcagctacagcagtggggcgcaggactgttgaagccttcggagaccctgtccctcacctgcgctgtctatggtgggtccttcagtggttactactggagctggatccgccagcccccagggaaggggctggagtggattggggaaatcaatcatagtggaagcaccaactacaacccgtccctcaagagtcgagtcaccatatcagtagacacgtccaagaaccagttctccctgaagctgagctctgtgaccgccgcggacacggctgtgtattactgtgcgagaggtatagcagctcgtcccaactggttcgactcctggggccaaggaaccctggtcaccgtctcctca	IGHV4-34	IGHD6-6	IGHJ5	tgtgcgagaggtatagcagctcgtcccaactggttcgactcctgg	19	0.000115885456375225
gaagtgcagctggtggagtctgggggagtcgtggtacagcctggggggtccctgagactctcctgtgcagcctctggattcacctttgatgattataccatgcactgggtccgtcaagctccggggaagggtctggagtgggtctctcttattagttgggatggtggtagcacatactatgcagactctgtgaagggccgattcaccatctccagagacaacagcaaaaactccctgtatctgcaaatgaacagtctgagaactgaggacaccgccttgtattactgtgcacagttcgggcccgttgatgcttttgatgtctggggccaagggacaatggtcaccgtctcttca	IGHV3-43	IGHD3-10	IGHJ3	tgtgcacagttcgggcccgttgatgcttttgatgtctgg	18	0.00010978622182916
gaggtgcagctgttggagtctgggggaggcttggtacagcctggggggtccctgagactctcctgtgcagcctctggattcacctttagcagctatgccatgagctgggtccgccaggctccagggaaggggctggagtgggtctcagctattagtggtagtggtggtagcacatactacgcagactccgtgaagggccggttcaccatctccagagacaattccaagaacacgctgtatctgcaaatgaacagcctgagagccgaggacacggccgtatattactgtgcgaaagggacgatttttggagtggttaactttgactactggggccaaggaaccctggtcaccgtctcctca	IGHV3-23	IGHD3-3	IGHJ4	tgtgcgaaagggacgatttttggagtggttaactttgactactgg	18	0.00010978622182916
caggtcaccttgagggagtctggtcctgcgctggtgaaacccacacagaccctcacactgacctgcaccttctctgggttctcactcagcactagtggaatgtgtgtgagctggatccgtcagcccccagggaaggccctggagtggcttgcactcattgattgggatgatgataaatactacagcacatctctgaagaccaggctcaccatctccaaggacacctccaaaaaccaggtggtccttacaatgaccaacatggaccctgtggacacagccacgtattactgtgccccttatgattacgtttgggggaggggtgactactggggccaaggaaccctggtcaccgtctcctca	IGHV2-70	IGHD3-16	IGHJ4	tgtgccccttatgattacgtttgggggaggggtgactactgg	18	0.00010978622182916
gaggtgcagctggtgcagtctggagcagaggtgaaaaagcccggggagtctctgaagatctcctgtaagggttctggatacagctttaccagctactggatcggctgggtgcgccagatgcccgggaaaggcctggagtggatggggatcatctatcctggtgactctgataccagatacagcccgtccttccaaggccaggtcaccatctcagccgacaagtccatcagcaccgcctacctgcagtggagcagcctgaaggcctcggacaccgccatgtattactgtgcgagacatctcacggtggtaactccgagttttgatgtctggggccaagggacaatggtcaccgtctcttca	IGHV5-51	IGHD4-23	IGHJ3	tgtgcgagacatctcacggtggtaactccgagttttgatgtctgg	18	0.00010978622182916
caggtgcagctacagcagtggggcgcaggactgttgaagccttcggagaccctgtccctcacctgcgctgtctatggtgggtccttcagtggttactactggagctggatccgccagcccccagggaaggggctggagtggattggggaaatcaatcatagtggaagcaccaactacaacccgtccctcaagagtcgagtcaccatatcagtagacacgtccaagaaccagttctccctgaagctgagctctgtgaccgccgcggacacggctgtgtattactgtgcgagggaaaggtacggtgactctgatgcttttgatgtctggggccaagggacaatggtcaccgtctcttca	IGHV4-34	IGHD4-17	IGHJ3	tgtgcgagggaaaggtacggtgactctgatgcttttgatgtctgg	18	0.00010978622182916
gaggtgcagctggtggagtctgggggaggtgtggtacggcctggggggtccctgagactctcctgtgcagcctctggattcacctttgatgattatggcatgagctgggtccgccaagctccagggaaggggctggagtgggtctctggtattaattggaatggtggtagcacaggttatgcagactctgtgaagggccgattcaccatctccagagacaacgccaagaactccctgtatctgcaaatgaacagtctgagagccgaggacacggccttgtatcactgtgcgagagatcgggggggtatagcagcaggctttgactactggggccaaggaaccctggtcaccgtctcctca	IGHV3-20	IGHD6-13	IGHJ4	tgtgcgagagatcgggggggtatagcagcaggctttgactactgg	18	0.00010978622182916
gaggtgcagctggtggagtctgggggaggcttggtacagccagggcggtccctgagactctcctgtacagcttctggattcacctttggtgattatgctatgagctggttccgccaggctccagggaaggggctggagtgggtaggtttcattagaagcaaagcttatggtgggacaacagaatacaccgcgtctgtgaaaggcagattcaccatctcaagagatggttccaaaagcatcgcctatctgcaaatgaacagcctgaaaaccgaggacacagccgtgtattactgtactagacaagacggggggatattctactttgactactggggccaaggaaccctggtcaccgtctcctca	IGHV3-49	IGHD2-2	IGHJ4	tgtactagacaagacggggggatattctactttgactactgg	18	0.00010978622182916
gaggtgcagctggtgcagtctggagcagaggtgaaaaagcccggggagtctctgaagatctcctgtaagggttctggatacagctttaccagctactggatcggctgggtgcgccagatgcccgggaaaggcctggagtggatggggatcatctatcctggtgactctgataccagatacagcccgtccttccaaggccaggtcaccatctcagccgacaagtccatcagcaccgcctacctgcagtggagcagcctgaaggcctcggacaccgccatgtattactgtgagggtaaccggaactactacggtatggacgtctgggggcaagggaccacggtcaccgtctcctca	IGHV5-51	IGHD1-14	IGHJ6	tgtgagggtaaccggaactactacggtatggacgtctgg	18	0.00010978622182916
gaggtgcagctggtgcagtctggagcagaggtgaaaaagcccggggagtctctgaagatctcctgtaagggttctggatacagctttaccagctactggatcggctgggtgcgccagatgcccgggaaaggcctggagtggatggggatcatctatcctggtgactctgataccagatacagcccgtccttccaaggccaggtcaccatctcagccgacaagtccatcagcaccgcctacctgcagtggagcagcctgaaggcctcggacaccgccatgtattactgtgcgagacattgtatctcctgggatgcttttgatgtctggggccaagggacaatggtcaccgtctcttca	IGHV5-51	IGHD2-2	IGHJ3	tgtgcgagacattgtatctcctgggatgcttttgatgtctgg	18	0.00010978622182916
caggtccagcttgtgcagtctggggctgaggtgaagaagcctggggcctcagtgaaggtttcctgcaaggcttctggatacaccttcactagctatgctatgcattgggtgcgccaggcccccggacaaaggcttgagtggatgggatggatcaacgctggcaatggtaacacaaaatattcacagaagttccagggcagagtcaccattaccagggacacatccgcgagcacagcctacatggagctgagcagcctgagatctgaagacacggctgtgtattactgtgcgagagaccattgtagtagtaccagcggctttgactactggggccaaggaaccctggtcaccgtctcctca	IGHV1-3	IGHD2-2	IGHJ4	tgtgcgagagaccattgtagtagtaccagcggctttgactactgg	17	0.000103686987283096
cagatcaccttgaaggagtctggtcctacgctggtgaaacccacacagaccctcacgctgacctgcaccttctctgggttctcactcagcactagtggagtgggtgtgggctggatccgtcagcccccaggaaaggccctggagtggcttgcactcatttattggaatgatgataagcgctacagcccatctctgaagagcaggctcaccatcaccaaggacacctccaaaaaccaggtggtccttacaatgaccaacatggaccctgtggacacagccacatattactgtgcacacagacatagtgggagctactactttgactactggggccaaggaaccctggtcaccgtctcctca	IGHV2-5	IGHD1-26	IGHJ4	tgtgcacacagacatagtgggagctactactttgactactgg	17	0.000103686987283096
gaggtgcagctggtgcagtctggagcagaggtgaaaaagcccggggagtctctgaagatctcctgtaagggttctggatacagctttaccagctactggatcggctgggtgcgccagatgcccgggaaaggcctggagtggatggggatcatctatcctggtgactctgataccagatacagcccgtccttccaaggccaggtcaccatctcagccgacaagtccatcagcaccgcctacctgcagtggagcagcctgaaggcctcggacaccgccatgtattactgtgcgagacacgatttttggagtggttacgacgggaactggggccaaggaaccctggtcaccgtctcctca	IGHV5-51	IGHD3-3	IGHJ4	tgtgcgagacacgatttttggagtggttacgacgggaactgg	17	0.000103686987283096
gaggtgcagctgttggagtctgggggaggcttggtacagcctggggggtccctgagactctcctgtgcagcctctggattcacctttagcagctatgccatgagctgggtccgccaggctccagggaaggggctggagtgggtctcagctattagtggtagtggtggtagcacatactacgcagactccgtgaagggccggttcaccatctccagagacaattccaagaacacgctgtatctgcaaatgaacagcctgagagccgaggacacggccgtatattactgtgcgaaagactatgatagtagtggttattactacggctactggggccaaggaaccctggtcaccgtctcctca	IGHV3-23	IGHD3-22	IGHJ4	tgtgcgaaagactatgatagtagtggttattactacggctactgg	17	0.000103686987283096
cagctgcagctgcaggagtcgggcccaggactggtgaagccttcggagaccctgtccctcacctgcactgtctctggtggctccatcagcagtagtagttactactggggctggatccgccagcccccagggaaggggctggagtggattgggagtatctattatagtgggagcacctactacaacccgtccctcaagagtcgagtcaccatatccgtagacacgtccaagaaccagttctccctgaagctgagctctgtgaccgccgcagacacggctgtgtattactgtgcgagacaaacgtttgggggagtagagggctttgactactggggccaaggaaccctggtcaccgtctcctca	IGHV4-39	IGHD3-16	IGHJ4	tgtgcgagacaaacgtttgggggagtagagggctttgactactgg	17	0.000103686987283096
caggtcaccttgagggagtctggtcctgcgctggtgaaacccacacagaccctcacactgacctgcaccttctctgggttctcactcagcactagtggaatgtgtgtgagctggatccgtcagcccccagggaaggccctggagtggcttgcactcattgattgggatgatgataaatactacagcacatctctgaagaccaggctcaccatctccaaggacacctccaaaaaccaggtggtccttacaatgaccaacatggaccctgtggacacagccacgtattactgtgcacggatatatggttcggggagcactccctactggggccaaggaaccctggtcaccgtctcctca	IGHV2-70	IGHD3-10	IGHJ4	tgtgcacggatatatggttcggggagcactccctactgg	17	0.000103686987283096
caggttcagctggtgcagtctggagctgaggtgaagaagcctggggcctcagtgaaggtctcctgcaaggcttctggttacacctttaccagctatggtatcagctgggtgcgacaggcccctggacaagggcttgagtggatgggatggatcagcgcttacaatggtaacacaaactatgcacagaagctccagggcagagtcaccatgaccacagacacatccacgagcacagcctacatggagctgaggagcctgagatctgacgacacggccgtgtattactgtgcgagagaatggatgactacggtgactacaatggacgtctgggggcaagggaccacggtcaccgtctcctca	IGHV1-18	IGHD4-17	IGHJ6	tgtgcgagagaatggatgactacggtgactacaatggacgtctgg	17	0.000103686987283096
caggtccagcttgtgcagtctggggctgaggtgaagaagcctggggcctcagtgaaggtttcctgcaaggcttctggatacaccttcactagctatgctatgcattgggtgcgccaggcccccggacaaaggcttgagtggatgggatggatcaacgctggcaatggtaacacaaaatattcacagaagttccagggcagagtcaccattaccagggacacatccgcgagcacagcctacatggagctgagcagcctgagatctgaagacacggctgtgtattactgtgcgagagactatggttcggggagttattattttgactactggggccaaggaaccctggtcaccgtctcctca	IGHV1-3	IGHD3-10	IGHJ4	tgtgcgagagactatggttcggggagttattattttgactactgg	17	0.000103686987283096
gaggtgcagctgttggagtctgggggaggcttggtacagcctggggggtccctgagactctcctgtgcagcctctggattcacctttagcagctatgccatgagctgggtccgccaggctccagggaaggggctggagtgggtctcagctattagtggtagtggtggtagcacatactacgcagactccgtgaagggccggttcaccatctccagagacaattccaagaacacgctgtatctgcaaatgaacagcctgagagccgaggacacggccgtatattactgtgcgaaagatgagtgggagctactaccctactttgactactggggccaaggaaccctggtcaccgtctcctca	IGHV3-23	IGHD1-26	IGHJ4	tgtgcgaaagatgagtgggagctactaccctactttgactactgg	17	0.000103686987283096
gaggtgcagctggtggagtccgggggaggcttagttcagcctggggggtccctgagactctcctgtgcagcctctggattcaccttcagtagctactggatgcactgggtccgccaagctccagggaaggggctggtgtgggtctcacgtattaatagtgatgggagtagcacaagctacgcggactccgtgaagggccgattcaccatctccagagacaacgccaagaacacgctgtatctgcaaatgaacagtctgagagccgaggacacggctgtgtattactgtgcaagagatcccgggggtatagcagactactttgactactggggccaaggaaccctggtcaccgtctcctca	IGHV3-74	IGHD6-13	IGHJ4	tgtgcaagagatcccgggggtatagcagactactttgactactgg	16	9.75877527370315e-05
caggtgcagctggtgcagtctggggctgaggtgaagaagcctggggcctcagtgaaggtttcctgcaaggcatctggatacaccttcaccagctactatatgcactgggtgcgacaggcccctggacaagggcttgagtggatgggaataatcaaccctagtggtggtagcacaagctacgcacagaagttccagggcagagtcaccatgaccagggacacgtccacgagcacagtctacatggagctgagcagcctgagatctgaggacacggccgtgtattactgtgcgagagaagactgctactactacggtatggacgtctgggggcaagggaccacggtcaccgtctcctca	IGHV1-46	IGHD4-17	IGHJ6	tgtgcgagagaagactgctactactacggtatggacgtctgg	16	9.75877527370315e-05
caggtgcagctggtgcagtctggggctgaggtgaagaagcctggggcctcagtgaaggtctcctgcaaggcttctggatacaccttcaccggctactatatgcactgggtgcgacaggcccctggacaagggcttgagtggatgggacggatcaaccctaacagtggtggcacaaactatgcacagaagtttcagggcagggtcaccagtaccagggacacgtccatcagcacagcctacatggagctgagcaggctgagatctgacgacacggtcgtgtattactgtgcgagaatccaagcagtggctggccccgtctttgactactggggccaaggaaccctggtcaccgtctcctca	IGHV1-2	IGHD6-19	IGHJ4	tgtgcgagaatccaagcagtggctggccccgtctttgactactgg	16	9.75877527370315e-05
caggtgcagctggtgcagtctggggctgaggtgaagaagcctgggtcctcggtgaaggtctcctgcaaggcttctggaggcaccttcagcagctatgctatcagctgggtgcgacaggcccctggacaagggcttgagtggatgggagggatcatccctatctttggtacagcaaactacgcacagaagttccagggcagagtcacgattaccgcggacgaatccacgagcacagcctacatggagctgagcagcctgagatctgaggacacggccgtgtattactgtgcgagatggaagcagtggctggtctttgactactggggccaaggaaccctggtcaccgtctcctca	IGHV1-69	IGHD6-19	IGHJ4	tgtgcgagatggaagcagtggctggtctttgactactgg	16	9.75877527370315e-05
gaggtgcagctgttggagtctgggggaggcttggtacagcctggggggtccctgagactctcctgtgcagcctctggattcacctttagcagctatgccatgagctgggtccgccaggctccagggaaggggctggagtgggtctcagctattagtggtagtggtggtagcacatactacgcagactccgtgaagggccggttcaccatctccagagacaattccaagaacacgctgtatctgcaaatgaacagcctgagagccgaggacacggccgtatattactgtgcgaaagaccggttcggggagttattatactcgtactggggccaaggaaccctggtcaccgtctcctca	IGHV3-23	IGHD3-10	IGHJ4	tgtgcgaaagaccggttcggggagttattatactcgtactgg	16	9.75877527370315e-05
gaggtgcagctgttggagtctgggggaggcttggtacagcctggggggtccctgagactctcctgtgcagcctctggattcacctttagcagctatgccatgagctgggtccgccaggctccagggaaggggctggagtgggtctcagctattagtggtagtggtggtagcacatactacgcagactccgtgaagggccggttcaccatctccagagacaattccaagaacacgctgtatctgcaaatgaacagcctgagagccgaggacacggccgtatattactgtgcggattgtagtagtaccagctgctgctttgactactggggccaaggaaccctggtcaccgtctcctca	IGHV3-23	IGHD2-2	IGHJ4	tgtgcggattgtagtagtaccagctgctgctttgactactgg	16	9.75877527370315e-05
caggtgcagctggtgcagtctggggctgaggtgaagaagcctgggtcctcggtgaaggtctcctgcaaggcttctggaggcaccttcagcagctatgctatcagctgggtgcgacaggcccctggacaagggcttgagtggatgggagggatcatccctatctttggtacagcaaactacgcacagaagttccagggcagagtcacgattaccgcggacgaatccacgagcacagcctacatggagctgagcagcctgagatctgaggacacggccgtgtattactgtgcgagagtattgtactactactacggtatggacgtctgggggcaagggaccacggtcaccgtctcctca	IGHV1-69	IGHD3-9	IGHJ6	tgtgcgagagtattgtactactactacggtatggacgtctgg	16	9.75877527370315e-05
caggtccagcttgtgcagtctggggctgaggtgaagaagcctggggcctcagtgaaggtttcctgcaaggcttctggatacaccttcactagctatgctatgcattgggtgcgccaggcccccggacaaaggcttgagtggatgggatggatcaacgctggcaatggtaacacaaaatattcacagaagttccagggcagagtcaccattaccagggacacatccgcgagcacagcctacatggagctgagcagcctgagatctgaagacacggctgtgtattactgtgcgagagcctatagcagtgggtggtacttcgatctctggggccgtggcaccctggtcactgtctcctca	IGHV1-3	IGHD6-19	IGHJ2	tgtgcgagagcctatagcagtgggtggtacttcgatctctgg	16	9.75877527370315e-05
gaggtgcagctggtggagtctgggggaggcttggtacagccagggcggtccctgagactctcctgtacagcttctggattcacctttggtgattatgctatgagctggttccgccaggctccagggaaggggctggagtgggtaggtttcattagaagcaaagcttatggtgggacaacagaatacaccgcgtctgtgaaaggcagattcaccatctcaagagatggttccaaaagcatcgcctatctgcaaatgaacagcctgaaaaccgaggacacagccgtgtattactgtactagaaaggaggtggtcctctactttgactactggggccaaggaaccctggtcaccgtctcctca	IGHV3-49	IGHD2-15	IGHJ4	tgtactagaaaggaggtggtcctctactttgactactgg	16	9.75877527370315e-05
caggtccagcttgtgcagtctggggctgaggtgaagaagcctggggcctcagtgaaggtttcctgcaaggcttctggatacaccttcactagctatgctatgcattgggtgcgccaggcccccggacaaaggcttgagtggatgggatggatcaacgctggcaatggtaacacaaaatattcacagaagttccagggcagagtcaccattaccagggacacatccgcgagcacagcctacatggagctgagcagcctgagatctgaagacacggctgtgtattactgtgcgagagaggggtatagcagcagctggtacgtggactggggccaaggaaccctggtcaccgtctcctca	IGHV1-3	IGHD6-13	IGHJ4	tgtgcgagagaggggtatagcagcagctggtacgtggactgg	16	9.75877527370315e-05
caggttcagctggtgcagtctggagctgaggtgaagaagcctggggcctcagtgaaggtctcctgcaaggcttctggttacacctttaccagctatggtatcagctgggtgcgacaggcccctggacaagggcttgagtggatgggatggatcagcgcttacaatggtaacacaaactatgcacagaagctccagggcagagtcaccatgaccacagacacatccacgagcacagcctacatggagctgaggagcctgagatctgacgacacggccgtgtattactgtgcgagagagggcagtaccagctgctatgcctttgatgtctggggccaagggacaatggtcaccgtctcttca	IGHV1-18	IGHD2-2	IGHJ3	tgtgcgagagagggcagtaccagctgctatgcctttgatgtctgg	16	9.75877527370315e-05
gaggtgcagctgttggagtctgggggaggcttggtacagcctggggggtccctgagactctcctgtgcagcctctggattcacctttagcagctatgccatgagctgggtccgccaggctccagggaaggggctggagtgggtctcagctattagtggtagtggtggtagcacatactacgcagactccgtgaagggccggttcaccatctccagagacaattccaagaacacgctgtatctgcaaatgaacagcctgagagccgaggacacggccgtatattactgtgcgaaatgccctgatggctacaattactttgactactggggccaaggaaccctggtcaccgtctcctca	IGHV3-23	IGHD5-24	IGHJ4	tgtgcgaaatgccctgatggctacaattactttgactactgg	15	9.1488518190967e-05
gaggtgcagctgttggagtctgggggaggcttggtacagcctggggggtccctgagactctcctgtgcagcctctggattcacctttagcagctatgccatgagctgggtccgccaggctccagggaaggggctggagtgggtctcagctattagtggtagtggtggtagcacatactacgcagactccgtgaagggccggttcaccatctccagagacaattccaagaacacgctgtatctgcaaatgaacagcctgagagccgaggacacggccgtatattactgtgcgaaagaagtggctacccccaactggttcgactcctggggccaaggaaccctggtcaccgtctcctca	IGHV3-23	IGHD5-12	IGHJ5	tgtgcgaaagaagtggctacccccaactggttcgactcctgg	15	9.1488518190967e-05
gaagtgcagctggtggagtctgggggagtcgtggtacagcctggggggtccctgagactctcctgtgcagcctctggattcacctttgatgattataccatgcactgggtccgtcaagctccggggaagggtctggagtgggtctctcttattagttgggatggtggtagcacatactatgcagactctgtgaagggccgattcaccatctccagagacaacagcaaaaactccctgtatctgcaaatgaacagtctgagaactgaggacaccgccttgtattactgtgcaaaagatatcgtgggagctactcactactttgactactggggccaaggaaccctggtcaccgtctcctca	IGHV3-43	IGHD1-26	IGHJ4	tgtgcaaaagatatcgtgggagctactcactactttgactactgg	15	9.1488518190967e-05
gaggtgcagctggtggagtctgggggaggcttggtacagccagggcggtccctgagactctcctgtacagcttctggattcacctttggtgattatgctatgagctggttccgccaggctccagggaaggggctggagtgggtaggtttcattagaagcaaagcttatggtgggacaacagaatacaccgcgtctgtgaaaggcagattcaccatctcaagagatggttccaaaagcatcgcctatctgcaaatgaacagcctgaaaaccgaggacacagccgtgtattactgtactagacccccagcccccgctgaatacttccagcactggggccagggcaccctggtcaccgtctcctca	IGHV3-49	IGHD2-2	IGHJ1	tgtactagacccccagcccccgctgaatacttccagcactgg	15	9.1488518190967e-05
gaggtgcagctgttggagtctgggggaggcttggtacagcctggggggtccctgagactctcctgtgcagcctctggattcacctttagcagctatgccatgagctgggtccgccaggctccagggaaggggctggagtgggtctcagctattagtggtagtggtggtagcacatactacgcagactccgtgaagggccggttcaccatctccagagacaattccaagaacacgctgtatctgcaaatgaacagcctgagagccgaggacacggccgtatattactgtgctaattgtagtagtaccagctactactttgactactggggccaaggaaccctggtcaccgtctcctca	IGHV3-23	IGHD2-2	IGHJ4	tgtgctaattgtagtagtaccagctactactttgactactgg	15	9.1488518190967e-05
gaggtgcagctgttggagtctgggggaggcttggtacagcctggggggtccctgagactctcctgtgcagcctctggattcacctttagcagctatgccatgagctgggtccgccaggctccagggaaggggctggagtgggtctcagctattagtggtagtggtggtagcacatactacgcagactccgtgaagggccggttcaccatctccagagacaattccaagaacacgctgtatctgcaaatgaacagcctgagagccgaggacacggccgtatattactgtgcgaaagacggttactactactactacggtatggacgtctgggggcaagggaccacggtcaccgtctcctca	IGHV3-23	IGHD1-26	IGHJ6	tgtgcgaaagacggttactactactactacggtatggacgtctgg	15	9.1488518190967e-05
caggtgcagctggtgcagtctggggctgaggtgaagaagcctggggcctcagtgaaggtttcctgcaaggcatctggatacaccttcaccagctactatatgcactgggtgcgacaggcccctggacaagggcttgagtggatgggaataatcaaccctagtggtggtagcacaagctacgcacagaagttccagggcagagtcaccatgaccagggacacgtccacgagcacagtctacatggagctgagcagcctgagatctgaggacacggccgtgtattactgtgcgagagatggctacaatttctactacggtatggacgtctgggggcaagggaccacggtcaccgtctcctca	IGHV1-46	IGHD5-24	IGHJ6	tgtgcgagagatggctacaatttctactacggtatggacgtctgg	15	9.1488518190967e-05
caggtgcagctggtgcagtctggggctgaggtgaagaagcctgggtcctcggtgaaggtctcctgcaaggcttctggaggcaccttcagcagctatgctatcagctgggtgcgacaggcccctggacaagggcttgagtggatgggagggatcatccctatctttggtacagcaaactacgcacagaagttccagggcagagtcacgattaccgcggacgaatccacgagcacagcctacatggagctgagcagcctgagatctgaggacacggccgtgtattactgtgcgagagtagctcgctactactacggtatggacgtctgggggcaagggaccacggtcaccgtctcctca	IGHV1-69	IGHD6-6	IGHJ6	tgtgcgagagtagctcgctactactacggtatggacgtctgg	15	9.1488518190967e-05
caggttcagctggtgcagtctggagctgaggtgaagaagcctggggcctcagtgaaggtctcctgcaaggcttctggttacacctttaccagctatggtatcagctgggtgcgacaggcccctggacaagggcttgagtggatgggatggatcagcgcttacaatggtaacacaaactatgcacagaagctccagggcagagtcaccatgaccacagacacatccacgagcacagcctacatggagctgaggagcctgagatctgacgacacggccgtgtattactgtgttatagcagtggctggtacgccttttgactactggggccaaggaaccctggtcaccgtctcctca	IGHV1-18	IGHD6-19	IGHJ4	tgtgttatagcagtggctggtacgccttttgactactgg	15	9.1488518190967e-05
gaggtgcagctgttggagtctgggggaggcttggtacagcctggggggtccctgagactctcctgtgcagcctctggattcacctttagcagctatgccatgagctgggtccgccaggctccagggaaggggctggagtgggtctcagctattagtggtagtggtggtagcacatactacgcagactccgtgaagggccggttcaccatctccagagacaattccaagaacacgctgtatctgcaaatgaacagcctgagagccgaggacacggccgtatattactgtgcgagggctatgatagtagtggttattggccctgactactggggccaaggaaccctggtcaccgtctcctca	IGHV3-23	IGHD3-22	IGHJ4	tgtgcgagggctatgatagtagtggttattggccctgactactgg	15	9.1488518190967e-05
gaggtgcagctggtggagtccgggggaggcttagttcagcctggggggtccctgagactctcctgtgcagcctctggattcaccttcagtagctactggatgcactgggtccgccaagctccagggaaggggctggtgtgggtctcacgtattaatagtgatgggagtagcacaagctacgcggactccgtgaagggccgattcaccatctccagagacaacgccaagaacacgctgtatctgcaaatgaacagtctgagagccgaggacacggctgtgtattactgtgcaagagaccctcttatgcttatacgctactttgactactggggccaaggaaccctggtcaccgtctcctca	IGHV3-74	IGHD3-16	IGHJ4	tgtgcaagagaccctcttatgcttatacgctactttgactactgg	15	9.1488518190967e-05
gaggtgcagctgttggagtctgggggaggcttggtacagcctggggggtccctgagactctcctgtgcagcctctggattcacctttagcagctatgccatgagctgggtccgccaggctccagggaaggggctggagtgggtctcagctattagtggtagtggtggtagcacatactacgcagactccgtgaagggccggttcaccatctccagagacaattccaagaacacgctgtatctgcaaatgaacagcctgagagccgaggacacggccgtatattactgtgcgaaagatggactatggttcggggagttatgcgactactggggccaaggaaccctggtcaccgtctcctca	IGHV3-23	IGHD3-10	IGHJ4	tgtgcgaaagatggactatggttcggggagttatgcgactactgg	15	9.1488518190967e-05
caggtgcagctggtgcagtctggggctgaggtgaagaagcctggggcctcagtgaaggtttcctgcaaggcatctggatacaccttcaccagctactatatgcactgggtgcgacaggcccctggacaagggcttgagtggatgggaataatcaaccctagtggtggtagcacaagctacgcacagaagttccagggcagagtcaccatgaccagggacacgtccacgagcacagtctacatggagctgagcagcctgagatctgaggacacggccgtgtattactgtgcgagagagggagttattataactgatgcttttgatgtctggggccaagggacaatggtcaccgtctcttca	IGHV1-46	IGHD3-10	IGHJ3	tgtgcgagagagggagttattataactgatgcttttgatgtctgg	14	8.53892836449026e-05
gaggtgcagctgttggagtctgggggaggcttggtacagcctggggggtccctgagactctcctgtgcagcctctggattcacctttagcagctatgccatgagctgggtccgccaggctccagggaaggggctggagtgggtctcagctattagtggtagtggtggtagcacatactacgcagactccgtgaagggccggttcaccatctccagagacaattccaagaacacgctgtatctgcaaatgaacagcctgagagccgaggacacggccgtatattactgtgcgaaacgggagttatgctactactacggtatggacgtctgggggcaagggaccacggtcaccgtctcctca	IGHV3-23	IGHD3-16	IGHJ6	tgtgcgaaacgggagttatgctactactacggtatggacgtctgg	14	8.53892836449026e-05
caggtcaccttgagggagtctggtcctgcgctggtgaaacccacacagaccctcacactgacctgcaccttctctgggttctcactcagcactagtggaatgtgtgtgagctggatccgtcagcccccagggaaggccctggagtggcttgcactcattgattgggatgatgataaatactacagcacatctctgaagaccaggctcaccatctccaaggacacctccaaaaaccaggtggtccttacaatgaccaacatggaccctgtggacacagccacgtattactgtgcacgtgggtactactactacggtatggacgtctgggggcaagggaccacggtcaccgtctcctca	IGHV2-70	IGHD7-27	IGHJ6	tgtgcacgtgggtactactactacggtatggacgtctgg	14	8.53892836449026e-05
gaggtgcagctggtggagtctgggggaggcttggtaaagcctggggggtcccttagactctcctgtgcagcctctggattcactttcagtaacgcctggatgagctgggtccgccaggctccagggaaggggctggagtgggttggccgtattaaaagcaaaactgatggtgggacaacagactacgctgcacccgtgaaaggcagattcaccatctcaagagatgattcaaaaaacacgctgtatctgcaaatgaacagcctgaaaaccgaggacacagccgtgtattactgtaccacaggggctttggctacgatcctatactttgactactggggccaaggaaccctggtcaccgtctcctca	IGHV3-15	IGHD5-12	IGHJ4	tgtaccacaggggctttggctacgatcctatactttgactactgg	14	8.53892836449026e-05
caggtgcagctggtggagtctgggggaggcttggtcaagcctggagggtccctgagactctcctgtgcagcctctggattcaccttcagtgactactacatgagctggatccgccaggctccagggaaggggctggagtgggtttcatacattagtagtagtggtagtaccatatactacgcagactctgtgaagggccgattcaccatctccagggacaacgccaagaactcactgtatctgcaaatgaacagcctgagagccgaggacacggccgtgtattactgtgcgagagagcgatacgactactactacggtatggacgtctgggggcaagggaccacggtcaccgtctcctca	IGHV3-11	IGHD3-9	IGHJ6	tgtgcgagagagcgatacgactactactacggtatggacgtctgg	14	8.53892836449026e-05
gaggtgcagctggtggagtctgggggaggcttggtccagcctggagggtccctgagactctcctgtgcagcctctggattcaccttcagtgaccactacatggactgggtccgccaggctccagggaaggggctggagtgggttggccgtactagaaacaaagctaacagttacaccacagaatacgccgcgtctgtgaaaggcagattcaccatctcaagagatgattcaaagaactcactgtatctgcaaatgaacagcctgaaaaccgaggacacggccgtgtattactgtgctagagggaggtataactactactacggtatggacgtctgggggcaagggaccacggtcaccgtctcctca	IGHV3-72	IGHD1-14	IGHJ6	tgtgctagagggaggtataactactactacggtatggacgtctgg	14	8.53892836449026e-05
caggtgcagctggtggagtctgggggaggcttggtcaagcctggagggtccctgagactctcctgtgcagcctctggattcaccttcagtgactactacatgagctggatccgccaggctccagggaaggggctggagtgggtttcatacattagtagtagtggtagtaccatatactacgcagactctgtgaagggccgattcaccatctccagggacaacgccaagaactcactgtatctgcaaatgaacagcctgagagccgaggacacggccgtgtattactgtgcgagtggagtgggagacaactggttcgactcctggggccaaggaaccctggtcaccgtctcctca	IGHV3-11	IGHD1-26	IGHJ5	tgtgcgagtggagtgggagacaactggttcgactcctgg	14	8.53892836449026e-05
gaggtgcagctggtgcagtctggagcagaggtgaaaaagcccggggagtctctgaagatctcctgtaagggttctggatacagctttaccagctactggatcggctgggtgcgccagatgcccgggaaaggcctggagtggatggggatcatctatcctggtgactctgataccagatacagcccgtccttccaaggccaggtcaccatctcagccgacaagtccatcagcaccgcctacctgcagtggagcagcctgaaggcctcggacaccgccatgtattactgtgcgagacaggcgatttttggagtggtttttgactactggggccaaggaaccctggtcaccgtctcctca	IGHV5-51	IGHD3-3	IGHJ4	tgtgcgagacaggcgatttttggagtggtttttgactactgg	14	8.53892836449026e-05
caggtgcagctggtggagtctgggggaggcttggtcaagcctggagggtccctgagactctcctgtgcagcctctggattcaccttcagtgactactacatgagctggatccgccaggctccagggaaggggctggagtgggtttcatacattagtagtagtggtagtaccatatactacgcagactctgtgaagggccgattcaccatctccagggacaacgccaagaactcactgtatctgcaaatgaacagcctgagagccgaggacacggccgtgtattactgtgcgagagagcactatggttcggggatcgactttgactactggggccaaggaaccctggtcaccgtctcctca	IGHV3-11	IGHD3-10	IGHJ4	tgtgcgagagagcactatggttcggggatcgactttgactactgg	14	8.53892836449026e-05
gaggtgcagctggtgcagtctggagcagaggtgaaaaagcccggggagtctctgaagatctcctgtaagggttctggatacagctttaccagctactggatcggctgggtgcgccagatgcccgggaaaggcctggagtggatggggatcatctatcctggtgactctgataccagatacagcccgtccttccaaggccaggtcaccatctcagccgacaagtccatcagcaccgcctacctgcagtggagcagcctgaaggcctcggacaccgccatgtattactgtgcgagacagccgtatagtgggaggcactttgactactggggccaaggaaccctggtcaccgtctcctca	IGHV5-51	IGHD1-26	IGHJ4	tgtgcgagacagccgtatagtgggaggcactttgactactgg	14	8.53892836449026e-05
gaggtgcagctgttggagtctgggggaggcttggtacagcctggggggtccctgagactctcctgtgcagcctctggattcacctttagcagctatgccatgagctgggtccgccaggctccagggaaggggctggagtgggtctcagctattagtggtagtggtggtagcacatactacgcagactccgtgaagggccggttcaccatctccagagacaattccaagaacacgctgtatctgcaaatgaacagcctgagagccgaggacacggccgtatattactgtgcgagtggtaattactactactactacggtatggacgtctgggggcaagggaccacggtcaccgtctcctca	IGHV3-23	IGHD3-3	IGHJ6	tgtgcgagtggtaattactactactactacggtatggacgtctgg	14	8.53892836449026e-05
gaggtgcagctgttggagtctgggggaggcttggtacagcctggggggtccctgagactctcctgtgcagcctctggattcacctttagcagctatgccatgagctgggtccgccaggctccagggaaggggctggagtgggtctcagctattagtggtagtggtggtagcacatactacgcagactccgtgaagggccggttcaccatctccagagacaattccaagaacacgctgtatctgcaaatgaacagcctgagagccgaggacacggccgtatattactgtgcgagcatagtagtggttattacctgtatggacgtctgggggcaagggaccacggtcaccgtctcctca	IGHV3-23	IGHD3-22	IGHJ6	tgtgcgagcatagtagtggttattacctgtatggacgtctgg	14	8.53892836449026e-05
caggtcaccttgagggagtctggtcctgcgctggtgaaacccacacagaccctcacactgacctgcaccttctctgggttctcactcagcactagtggaatgtgtgtgagctggatccgtcagcccccagggaaggccctggagtggcttgcactcattgattgggatgatgataaatactacagcacatctctgaagaccaggctcaccatctccaaggacacctccaaaaaccaggtggtccttacaatgaccaacatggaccctgtggacacagccacgtattactgtgcacggatacagggcatgagtatagcagcttttgatgtctggggccaagggacaatggtcaccgtctcttca	IGHV2-70	IGHD6-6	IGHJ3	tgtgcacggatacagggcatgagtatagcagcttttgatgtctgg	14	8.53892836449026e-05
gaggtgcagctggtggagtctggaggaggcttgatccagcctggggggtccctgagactctcctgtgcagcctctgggttcaccgtcagtagcaactacatgagctgggtccgccaggctccagggaaggggctggagtgggtctcagttatttatagcggtggtagcacatactacgcagactccgtgaagggccgattcaccatctccagagacaattccaagaacacgctgtatcttcaaatgaacagcctgagagccgaggacacggccgtgtattactgtgcggggcgaaggatgtactactactacggtatggacgtctgggggcaagggaccacggtcaccgtctcctca	IGHV3-53	IGHD2-2	IGHJ6	tgtgcggggcgaaggatgtactactactacggtatggacgtctgg	13	7.92900490988381e-05
caggtgcagctggtgcagtctggggctgaggtgaagaagcctggggcctcagtgaaggtttcctgcaaggcatctggatacaccttcaccagctactatatgcactgggtgcgacaggcccctggacaagggcttgagtggatgggaataatcaaccctagtggtggtagcacaagctacgcacagaagttccagggcagagtcaccatgaccagggacacgtccacgagcacagtctacatggagctgagcagcctgagatctgaggacacggccgtgtattactgtgcgagagagatagtaccagctgctatgtactttgactactggggccaaggaaccctggtcaccgtctcctca	IGHV1-46	IGHD2-2	IGHJ4	tgtgcgagagagatagtaccagctgctatgtactttgactactgg	13	7.92900490988381e-05
gaggtgcagctggtggagtctgggggaggcttggtaaagcctggggggtcccttagactctcctgtgcagcctctggattcactttcagtaacgcctggatgagctgggtccgccaggctccagggaaggggctggagtgggttggccgtattaaaagcaaaactgatggtgggacaacagactacgctgcacccgtgaaaggcagattcaccatctcaagagatgattcaaaaaacacgctgtatctgcaaatgaacagcctgaaaaccgaggacacagccgtgtattactgtaccacatgggaggatgactactacggtatggacgtctgggggcaagggaccacggtcaccgtctcctca	IGHV3-15	IGHD2-2	IGHJ6	tgtaccacatgggaggatgactactacggtatggacgtctgg	13	7.92900490988381e-05
gaggtgcagctgttggagtctgggggaggcttggtacagcctggggggtccctgagactctcctgtgcagcctctggattcacctttagcagctatgccatgagctgggtccgccaggctccagggaaggggctggagtgggtctcagctattagtggtagtggtggtagcacatactacgcagactccgtgaagggccggttcaccatctccagagacaattccaagaacacgctgtatctgcaaatgaacagcctgagagccgaggacacggccgtatattactgtgcgaaagttgaagggagtctgtacaactggttcgactcctggggccaaggaaccctggtcaccgtctcctca	IGHV3-23	IGHD3-10	IGHJ5	tgtgcgaaagttgaagggagtctgtacaactggttcgactcctgg	13	7.92900490988381e-05
cagatcaccttgaaggagtctggtcctacgctggtgaaacccacacagaccctcacgctgacctgcaccttctctgggttctcactcagcactagtggagtgggtgtgggctggatccgtcagcccccaggaaaggccctggagtggcttgcactcatttattggaatgatgataagcgctacagcccatctctgaagagcaggctcaccatcaccaaggacacctccaaaaaccaggtggtccttacaatgaccaacatggaccctgtggacacagccacatattactgtgcacacagacccgatactcgagtggggtttgactactggggccaaggaaccctggtcaccgtctcctca	IGHV2-5	IGHD2-15	IGHJ4	tgtgcacacagacccgatactcgagtggggtttgactactgg	13	7.92900490988381e-05
caggtgcagctggtgcagtctggggctgaggtgaagaagcctgggtcctcggtgaaggtctcctgcaaggcttctggaggcaccttcagcagctatgctatcagctgggtgcgacaggcccctggacaagggcttgagtggatgggagggatcatccctatctttggtacagcaaactacgcacagaagttccagggcagagtcacgattaccgcggacgaatccacgagcacagcctacatggagctgagcagcctgagatctgaggacacggccgtgtattactgtgcgagagagccgatatactactactacggtatggacgtctgggggcaagggaccacggtcaccgtctcctca	IGHV1-69	IGHD3-9	IGHJ6	tgtgcgagagagccgatatactactactacggtatggacgtctgg	13	7.92900490988381e-05
caggtgcagctacagcagtggggcgcaggactgttgaagccttcggagaccctgtccctcacctgcgctgtctatggtgggtccttcagtggttactactggagctggatccgccagcccccagggaaggggctggagtggattggggaaatcaatcatagtggaagcaccaactacaacccgtccctcaagagtcgagtcaccatatcagtagacacgtccaagaaccagttctccctgaagctgagctctgtgaccgccgcggacacggctgtgtattactgtgcgagagcgttcggggagttattatacttcgactcctggggccaaggaaccctggtcaccgtctcctca	IGHV4-34	IGHD3-10	IGHJ5	tgtgcgagagcgttcggggagttattatacttcgactcctgg	13	7.92900490988381e-05
gaggtgcagctgttggagtctgggggaggcttggtacagcctggggggtccctgagactctcctgtgcagcctctggattcacctttagcagctatgccatgagctgggtccgccaggctccagggaaggggctggagtgggtctcagctattagtggtagtggtggtagcacatactacgcagactccgtgaagggccggttcaccatctccagagacaattccaagaacacgctgtatctgcaaatgaacagcctgagagccgaggacacggccgtatattactgtgcgaaagacagtattacgatattctttgactactggggccaaggaaccctggtcaccgtctcctca	IGHV3-23	IGHD3-9	IGHJ4	tgtgcgaaagacagtattacgatattctttgactactgg	13	7.92900490988381e-05
caggtgcagctggtgcagtctggggctgaggtgaagaagcctggggcctcagtgaaggtctcctgcaaggcttctggatacaccttcaccggctactatatgcactgggtgcgacaggcccctggacaagggcttgagtggatgggacggatcaaccctaacagtggtggcacaaactatgcacagaagtttcagggcagggtcaccagtaccagggacacgtccatcagcacagcctacatggagctgagcaggctgagatctgacgacacggtcgtgtattactgtgcgagaatagcagcagctgggggagggtttgactactggggccaaggaaccctggtcaccgtctcctca	IGHV1-2	IGHD6-13	IGHJ4	tgtgcgagaatagcagcagctgggggagggtttgactactgg	13	7.92900490988381e-05
caggttcagctggtgcagtctggagctgaggtgaagaagcctggggcctcagtgaaggtctcctgcaaggcttctggttacacctttaccagctatggtatcagctgggtgcgacaggcccctggacaagggcttgagtggatgggatggatcagcgcttacaatggtaacacaaactatgcacagaagctccagggcagagtcaccatgaccacagacacatccacgagcacagcctacatggagctgaggagcctgagatctgacgacacggccgtgtattactgtgcgactggctggtactactactacggtatggacgtctgggggcaagggaccacggtcaccgtctcctca	IGHV1-18	IGHD6-19	IGHJ6	tgtgcgactggctggtactactactacggtatggacgtctgg	13	7.92900490988381e-05
caggtgcagctacagcagtggggcgcaggactgttgaagccttcggagaccctgtccctcacctgcgctgtctatggtgggtccttcagtggttactactggagctggatccgccagcccccagggaaggggctggagtggattggggaaatcaatcatagtggaagcaccaactacaacccgtccctcaagagtcgagtcaccatatcagtagacacgtccaagaaccagttctccctgaagctgagctctgtgaccgccgcggacacggctgtgtattactgtgcgagaggggtggctggtgtgggggactactttgactactggggccaaggaaccctggtcaccgtctcctca	IGHV4-34	IGHD6-19	IGHJ4	tgtgcgagaggggtggctggtgtgggggactactttgactactgg	13	7.92900490988381e-05
gaggtgcagctggtggagtctgggggaggcttggtaaagcctggggggtcccttagactctcctgtgcagcctctggattcactttcagtaacgcctggatgagctgggtccgccaggctccagggaaggggctggagtgggttggccgtattaaaagcaaaactgatggtgggacaacagactacgctgcacccgtgaaaggcagattcaccatctcaagagatgattcaaaaaacacgctgtatctgcaaatgaacagcctgaaaaccgaggacacagccgtgtattactgtaccacagaggctacaattacctactttgactactggggccaaggaaccctggtcaccgtctcctca	IGHV3-15	IGHD5-24	IGHJ4	tgtaccacagaggctacaattacctactttgactactgg	13	7.92900490988381e-05
caaatgcagctggtgcagtctgggcctgaggtgaagaagcctgggacctcagtgaaggtctcctgcaaggcttctggattcacctttactagctctgctgtgcagtgggtgcgacaggctcgtggacaacgccttgagtggataggatggatcgtcgttggcagtggtaacacaaactacgcacagaagttccaggaaagagtcaccattaccagggacatgtccacaagcacagcctacatggagctgagcagcctgagatccgaggacacggccgtgtattactgtgcggcgggagtagcagagtactactacggtatggacgtctgggggcaagggaccacggtcaccgtctcctca	IGHV1-58	IGHD6-13	IGHJ6	tgtgcggcgggagtagcagagtactactacggtatggacgtctgg	13	7.92900490988381e-05
caggtgcagctggtgcagtctggggctgaggtgaagaagcctggggcctcagtgaaggtctcctgcaaggcttctggatacaccttcaccggctactatatgcactgggtgcgacaggcccctggacaagggcttgagtggatgggacggatcaaccctaacagtggtggcacaaactatgcacagaagtttcagggcagggtcaccagtaccagggacacgtccatcagcacagcctacatggagctgagcaggctgagatctgacgacacggtcgtgtattactgtgcgagagatacgtactactactactacggtatggacgtctgggggcaagggaccacggtcaccgtctcctca	IGHV1-2	IGHD6-13	IGHJ6	tgtgcgagagatacgtactactactactacggtatggacgtctgg	13	7.92900490988381e-05
caggtgcagctggtgcagtctggggctgaggtgaagaagcctggggcctcagtgaaggtctcctgcaaggcttctggatacaccttcaccggctactatatgcactgggtgcgacaggcccctggacaagggcttgagtggatgggacggatcaaccctaacagtggtggcacaaactatgcacagaagtttcagggcagggtcaccagtaccagggacacgtccatcagcacagcctacatggagctgagcaggctgagatctgacgacacggtcgtgtattactgtttccagggatattgtagtagtaccagctacttcgatctctggggccgtggcaccctggtcactgtctcctca	IGHV1-2	IGHD2-2	IGHJ2	tgtttccagggatattgtagtagtaccagctacttcgatctctgg	13	7.92900490988381e-05
gaggtgcagctgttggagtctgggggaggcttggtacagcctggggggtccctgagactctcctgtgcagcctctggattcacctttagcagctatgccatgagctgggtccgccaggctccagggaaggggctggagtgggtctcagctattagtggtagtggtggtagcacatactacgcagactccgtgaagggccggttcaccatctccagagacaattccaagaacacgctgtatctgcaaatgaacagcctgagagccgaggacacggccgtatattactgtgcgaaagaacgatttttggagtggttgggagactactggggccaaggaaccctggtcaccgtctcctca	IGHV3-23	IGHD3-3	IGHJ4	tgtgcgaaagaacgatttttggagtggttgggagactactgg	12	7.31908145527736e-05
gaggtgcagctggtgcagtctggagcagaggtgaaaaagcccggggagtctctgaagatctcctgtaagggttctggatacagctttaccagctactggatcggctgggtgcgccagatgcccgggaaaggcctggagtggatggggatcatctatcctggtgactctgataccagatacagcccgtccttccaaggccaggtcaccatctcagccgacaagtccatcagcaccgcctacctgcagtggagcagcctgaaggcctcggacaccgccatgtattactgtgcgagacacacccctaccttgggctactttgactactggggccaaggaaccctggtcaccgtctcctca	IGHV5-51	IGHD4-17	IGHJ4	tgtgcgagacacacccctaccttgggctactttgactactgg	12	7.31908145527736e-05
cagatcaccttgaaggagtctggtcctacgctggtgaaacccacacagaccctcacgctgacctgcaccttctctgggttctcactcagcactagtggagtgggtgtgggctggatccgtcagcccccaggaaaggccctggagtggcttgcactcatttattggaatgatgataagcgctacagcccatctctgaagagcaggctcaccatcaccaaggacacctccaaaaaccaggtggtccttacaatgaccaacatggaccctgtggacacagccacatattactgtgctgcgatgattacgtttgggggagttatctttgactactggggccaaggaaccctggtcaccgtctcctca	IGHV2-5	IGHD3-16	IGHJ4	tgtgctgcgatgattacgtttgggggagttatctttgactactgg	12	7.31908145527736e-05
caggtcaccttgagggagtctggtcctgcgctggtgaaacccacacagaccctcacactgacctgcaccttctctgggttctcactcagcactagtggaatgtgtgtgagctggatccgtcagcccccagggaaggccctggagtggcttgcactcattgattgggatgatgataaatactacagcacatctctgaagaccaggctcaccatctccaaggacacctccaaaaaccaggtggtccttacaatgaccaacatggaccctgtggacacagccacgtattactgtgctatattgtggtggtgcgcctactttgactactggggccaaggaaccctggtcaccgtctcctca	IGHV2-70	IGHD2-21	IGHJ4	tgtgctatattgtggtggtgcgcctactttgactactgg	12	7.31908145527736e-05
caggttcagctggtgcagtctggagctgaggtgaagaagcctggggcctcagtgaaggtctcctgcaaggcttctggttacacctttaccagctatggtatcagctgggtgcgacaggcccctggacaagggcttgagtggatgggatggatcagcgcttacaatggtaacacaaactatgcacagaagctccagggcagagtcaccatgaccacagacacatccacgagcacagcctacatggagctgaggagcctgagatctgacgacacggccgtgtattactgtgcgagaggtttggagtggttattatacccttttgatgtctggggccaagggacaatggtcaccgtctcttca	IGHV1-18	IGHD3-3	IGHJ3	tgtgcgagaggtttggagtggttattatacccttttgatgtctgg	12	7.31908145527736e-05
caggttcagctggtgcagtctggagctgaggtgaagaagcctggggcctcagtgaaggtctcctgcaaggcttctggttacacctttaccagctatggtatcagctgggtgcgacaggcccctggacaagggcttgagtggatgggatggatcagcgcttacaatggtaacacaaactatgcacagaagctccagggcagagtcaccatgaccacagacacatccacgagcacagcctacatggagctgaggagcctgagatctgacgacacggccgtgtattactgtgcgagaatacactactactacggtatggacgtctgggggcaagggaccacggtcaccgtctcctca	IGHV1-18	IGHD3-3	IGHJ6	tgtgcgagaatacactactactacggtatggacgtctgg	12	7.31908145527736e-05
gaggtgcagctggtggagtctgggggaggcttggtaaagcctggggggtcccttagactctcctgtgcagcctctggattcactttcagtaacgcctggatgagctgggtccgccaggctccagggaaggggctggagtgggttggccgtattaaaagcaaaactgatggtgggacaacagactacgctgcacccgtgaaaggcagattcaccatctcaagagatgattcaaaaaacacgctgtatctgcaaatgaacagcctgaaaaccgaggacacagccgtgtattactgtaccacagagtattactggggtgatgcttttgatgtctggggccaagggacaatggtcaccgtctcttca	IGHV3-15	IGHD3-22	IGHJ3	tgtaccacagagtattactggggtgatgcttttgatgtctgg	12	7.31908145527736e-05
caggtgcagctggtgcagtctggggctgaggtgaagaagcctgggtcctcggtgaaggtctcctgcaaggcttctggaggcaccttcagcagctatgctatcagctgggtgcgacaggcccctggacaagggcttgagtggatgggagggatcatccctatctttggtacagcaaactacgcacagaagttccagggcagagtcacgattaccgcggacgaatccacgagcacagcctacatggagctgagcagcctgagatctgaggacacggccgtgtattactgtgcgagagaaaatgactacctctggttcgactcctggggccaaggaaccctggtcaccgtctcctca	IGHV1-69	IGHD4-23	IGHJ5	tgtgcgagagaaaatgactacctctggttcgactcctgg	12	7.31908145527736e-05
gaggtgcagctggtgcagtctggagcagaggtgaaaaagcccggggagtctctgaagatctcctgtaagggttctggatacagctttaccagctactggatcggctgggtgcgccagatgcccgggaaaggcctggagtggatggggatcatctatcctggtgactctgataccagatacagcccgtccttccaaggccaggtcaccatctcagccgacaagtccatcagcaccgcctacctgcagtggagcagcctgaaggcctcggacaccgccatgtattactgtgcgagagggtatagcagtggctggtacggctttgactactggggccaaggaaccctggtcaccgtctcctca	IGHV5-51	IGHD6-19	IGHJ4	tgtgcgagagggtatagcagtggctggtacggctttgactactgg	12	7.31908145527736e-05
caggtgcagctggtgcagtctggggctgaggtgaagaagcctggggcctcagtgaaggtctcctgcaaggcttctggatacaccttcaccggctactatatgcactgggtgcgacaggcccctggacaagggcttgagtggatgggacggatcaaccctaacagtggtggcacaaactatgcacagaagtttcagggcagggtcaccagtaccagggacacgtccatcagcacagcctacatggagctgagcaggctgagatctgacgacacggtcgtgtattactgtgcgagagatccggagcagcagctgggctactttgactactggggccaaggaaccctggtcaccgtctcctca	IGHV1-2	IGHD6-13	IGHJ4	tgtgcgagagatccggagcagcagctgggctactttgactactgg	12	7.31908145527736e-05
gaggtgcagctggtgcagtctggagcagaggtgaaaaagcccggggagtctctgaagatctcctgtaagggttctggatacagctttaccagctactggatcggctgggtgcgccagatgcccgggaaaggcctggagtggatggggatcatctatcctggtgactctgataccagatacagcccgtccttccaaggccaggtcaccatctcagccgacaagtccatcagcaccgcctacctgcagtggagcagcctgaaggcctcggacaccgccatgtattactgtgcgcgtgatagtagtggttattactacgactttgactactggggccaaggaaccctggtcaccgtctcctca	IGHV5-51	IGHD3-22	IGHJ4	tgtgcgcgtgatagtagtggttattactacgactttgactactgg	12	7.31908145527736e-05
gaagtgcagctggtggagtctgggggagtcgtggtacagcctggggggtccctgagactctcctgtgcagcctctggattcacctttgatgattataccatgcactgggtccgtcaagctccggggaagggtctggagtgggtctctcttattagttgggatggtggtagcacatactatgcagactctgtgaagggccgattcaccatctccagagacaacagcaaaaactccctgtatctgcaaatgaacagtctgagaactgaggacaccgccttgtattactgtgcaaaagatatagtgggagcggactttgactactggggccaaggaaccctggtcaccgtctcctca	IGHV3-43	IGHD1-26	IGHJ4	tgtgcaaaagatatagtgggagcggactttgactactgg	12	7.31908145527736e-05
caggttcagctggtgcagtctggagctgaggtgaagaagcctggggcctcagtgaaggtctcctgcaaggcttctggttacacctttaccagctatggtatcagctgggtgcgacaggcccctggacaagggcttgagtggatgggatggatcagcgcttacaatggtaacacaaactatgcacagaagctccagggcagagtcaccatgaccacagacacatccacgagcacagcctacatggagctgaggagcctgagatctgacgacacggccgtgtattactgtgcgagactatggttcggggagttattatggttcgactcctggggccaaggaaccctggtcaccgtctcctca	IGHV1-18	IGHD3-10	IGHJ5	tgtgcgagactatggttcggggagttattatggttcgactcctgg	12	7.31908145527736e-05
gaggtgcagctggtgcagtctggagcagaggtgaaaaagcccggggagtctctgaagatctcctgtaagggttctggatacagctttaccagctactggatcggctgggtgcgccagatgcccgggaaaggcctggagtggatggggatcatctatcctggtgactctgataccagatacagcccgtccttccaaggccaggtcaccatctcagccgacaagtccatcagcaccgcctacctgcagtggagcagcctgaaggcctcggacaccgccatgtattactgtgcgagacactctcgagttaactactacggtatggacgtctgggggcaagggaccacggtcaccgtctcctca	IGHV5-51	IGHD3-10	IGHJ6	tgtgcgagacactctcgagttaactactacggtatggacgtctgg	12	7.31908145527736e-05
gaagtgcagctggtggagtctgggggagtcgtggtacagcctggggggtccctgagactctcctgtgcagcctctggattcacctttgatgattataccatgcactgggtccgtcaagctccggggaagggtctggagtgggtctctcttattagttgggatggtggtagcacatactatgcagactctgtgaagggccgattcaccatctccagagacaacagcaaaaactccctgtatctgcaaatgaacagtctgagaactgaggacaccgccttgtattactgtgcaaaagagagggggaaccacggggactactttgactactggggccaaggaaccctggtcaccgtctcctca	IGHV3-43	IGHD1-14	IGHJ4	tgtgcaaaagagagggggaaccacggggactactttgactactgg	12	7.31908145527736e-05
cagatcaccttgaaggagtctggtcctacgctggtgaaacccacacagaccctcacgctgacctgcaccttctctgggttctcactcagcactagtggagtgggtgtgggctggatccgtcagcccccaggaaaggccctggagtggcttgcactcatttattggaatgatgataagcgctacagcccatctctgaagagcaggctcaccatcaccaaggacacctccaaaaaccaggtggtccttacaatgaccaacatggaccctgtggacacagccacatattactgtgcacacagacaggttgtggctggtacctactttgactactggggccaaggaaccctggtcaccgtctcctca	IGHV2-5	IGHD6-19	IGHJ4	tgtgcacacagacaggttgtggctggtacctactttgactactgg	12	7.31908145527736e-05
caggttcagctggtgcagtctggagctgaggtgaagaagcctggggcctcagtgaaggtctcctgcaaggcttctggttacacctttaccagctatggtatcagctgggtgcgacaggcccctggacaagggcttgagtggatgggatggatcagcgcttacaatggtaacacaaactatgcacagaagctccagggcagagtcaccatgaccacagacacatccacgagcacagcctacatggagctgaggagcctgagatctgacgacacggccgtgtattactgtgcgagagatatagcagcagctgggatctactttgactactggggccaaggaaccctggtcaccgtctcctca	IGHV1-18	IGHD6-13	IGHJ4	tgtgcgagagatatagcagcagctgggatctactttgactactgg	12	7.31908145527736e-05
gaggtgcagctggtggagtccgggggaggcttagttcagcctggggggtccctgagactctcctgtgcagcctctggattcaccttcagtagctactggatgcactgggtccgccaagctccagggaaggggctggtgtgggtctcacgtattaatagtgatgggagtagcacaagctacgcggactccgtgaagggccgattcaccatctccagagacaacgccaagaacacgctgtatctgcaaatgaacagtctgagagccgaggacacggctgtgtattactgtgcaagagaatggttcggggagttatactactttgactactggggccaaggaaccctggtcaccgtctcctca	IGHV3-74	IGHD3-10	IGHJ4	tgtgcaagagaatggttcggggagttatactactttgactactgg	11	6.70915800067092e-05
gaggtgcagctggtggagtctgggggaggcttggtaaagcctggggggtcccttagactctcctgtgcagcctctggattcactttcagtaacgcctggatgagctgggtccgccaggctccagggaaggggctggagtgggttggccgtattaaaagcaaaactgatggtgggacaacagactacgctgcacccgtgaaaggcagattcaccatctcaagagatgattcaaaaaacacgctgtatctgcaaatgaacagcctgaaaaccgaggacacagccgtgtattactgtaccacaaaccgtagtagtaccagctgctactttgactactggggccaaggaaccctggtcaccgtctcctca	IGHV3-15	IGHD2-2	IGHJ4	tgtaccacaaaccgtagtagtaccagctgctactttgactactgg	11	6.70915800067092e-05
gaggtgcagctggtgcagtctggagcagaggtgaaaaagcccggggagtctctgaagatctcctgtaagggttctggatacagctttaccagctactggatcggctgggtgcgccagatgcccgggaaaggcctggagtggatggggatcatctatcctggtgactctgataccagatacagcccgtccttccaaggccaggtcaccatctcagccgacaagtccatcagcaccgcctacctgcagtggagcagcctgaaggcctcggacaccgccatgtattactgtacgccggagctactctactactactacggtatggacgtctgggggcaagggaccacggtcaccgtctcctca	IGHV5-51	IGHD1-26	IGHJ6	tgtacgccggagctactctactactactacggtatggacgtctgg	11	6.70915800067092e-05
gaggtgcagctggtggagtctgggggaggcttggtacagccagggcggtccctgagactctcctgtacagcttctggattcacctttggtgattatgctatgagctggttccgccaggctccagggaaggggctggagtgggtaggtttcattagaagcaaagcttatggtgggacaacagaatacaccgcgtctgtgaaaggcagattcaccatctcaagagatggttccaaaagcatcgcctatctgcaaatgaacagcctgaaaaccgaggacacagccgtgtattactgtactagagaccgaaattgtagtagtaccagctcctactggggccaaggaaccctggtcaccgtctcctca	IGHV3-49	IGHD2-2	IGHJ4	tgtactagagaccgaaattgtagtagtaccagctcctactgg	11	6.70915800067092e-05
gaggtgcagctggtgcagtctggagcagaggtgaaaaagcccggggagtctctgaagatctcctgtaagggttctggatacagctttaccagctactggatcggctgggtgcgccagatgcccgggaaaggcctggagtggatggggatcatctatcctggtgactctgataccagatacagcccgtccttccaaggccaggtcaccatctcagccgacaagtccatcagcaccgcctacctgcagtggagcagcctgaaggcctcggacaccgccatgtattactgtgcgagacaggtgggagctatctactggtacttcgatctctggggccgtggcaccctggtcactgtctcctca	IGHV5-51	IGHD1-26	IGHJ2	tgtgcgagacaggtgggagctatctactggtacttcgatctctgg	11	6.70915800067092e-05
caggtgcagctggtgcagtctggggctgaggtgaagaagcctggggcctcagtgaaggtctcctgcaaggcttctggatacaccttcaccggctactatatgcactgggtgcgacaggcccctggacaagggcttgagtggatgggacggatcaaccctaacagtggtggcacaaactatgcacagaagtttcagggcagggtcaccagtaccagggacacgtccatcagcacagcctacatggagctgagcaggctgagatctgacgacacggtcgtgtattactgtgcgataactggaactacctactactacggtatggacgtctgggggcaagggaccacggtcaccgtctcctca	IGHV1-2	IGHD1-7	IGHJ6	tgtgcgataactggaactacctactactacggtatggacgtctgg	11	6.70915800067092e-05
gaggtgcagctgttggagtctgggggaggcttggtacagcctggggggtccctgagactctcctgtgcagcctctggattcacctttagcagctatgccatgagctgggtccgccaggctccagggaaggggctggagtgggtctcagctattagtggtagtggtggtagcacatactacgcagactccgtgaagggccggttcaccatctccagagacaattccaagaacacgctgtatctgcaaatgaacagcctgagagccgaggacacggccgtatattactgtgcgaacatagcagctccccggggctttgactactggggccaaggaaccctggtcaccgtctcctca	IGHV3-23	IGHD6-6	IGHJ4	tgtgcgaacatagcagctccccggggctttgactactgg	11	6.70915800067092e-05
gaagtgcagctggtggagtctgggggagtcgtggtacagcctggggggtccctgagactctcctgtgcagcctctggattcacctttgatgattataccatgcactgggtccgtcaagctccggggaagggtctggagtgggtctctcttattagttgggatggtggtagcacatactatgcagactctgtgaagggccgattcaccatctccagagacaacagcaaaaactccctgtatctgcaaatgaacagtctgagaactgaggacaccgccttgtattactgtgcaaaagagggatctgaggatgcttttgatgtctggggccaagggacaatggtcaccgtctcttca	IGHV3-43	IGHD2-2	IGHJ3	tgtgcaaaagagggatctgaggatgcttttgatgtctgg	11	6.70915800067092e-05
caggtgcagctggtgcagtctggggctgaggtgaagaagcctggggcctcagtgaaggtctcctgcaaggcttctggatacaccttcaccggctactatatgcactgggtgcgacaggcccctggacaagggcttgagtggatgggacggatcaaccctaacagtggtggcacaaactatgcacagaagtttcagggcagggtcaccagtaccagggacacgtccatcagcacagcctacatggagctgagcaggctgagatctgacgacacggtcgtgtattactgtgcgagagatagaggctactactactacggtatggacgtctgggggcaagggaccacggtcaccgtctcctca	IGHV1-2	IGHD6-6	IGHJ6	tgtgcgagagatagaggctactactactacggtatggacgtctgg	11	6.70915800067092e-05
caggtgcagctggtggagtctgggggaggcttggtcaagcctggagggtccctgagactctcctgtgcagcctctggattcaccttcagtgactactacatgagctggatccgccaggctccagggaaggggctggagtgggtttcatacattagtagtagtggtagtaccatatactacgcagactctgtgaagggccgattcaccatctccagggacaacgccaagaactcactgtatctgcaaatgaacagcctgagagccgaggacacggccgtgtattactgtgcgagagacagcagctggtacccctactttgactactggggccaaggaaccctggtcaccgtctcctca	IGHV3-11	IGHD6-13	IGHJ4	tgtgcgagagacagcagctggtacccctactttgactactgg	11	6.70915800067092e-05
caggtgcagctggtgcagtctggggctgaggtgaagaagcctgggtcctcggtgaaggtctcctgcaaggcttctggaggcaccttcagcagctatgctatcagctgggtgcgacaggcccctggacaagggcttgagtggatgggagggatcatccctatctttggtacagcaaactacgcacagaagttccagggcagagtcacgattaccgcggacgaatccacgagcacagcctacatggagctgagcagcctgagatctgaggacacggccgtgtattactgtgcgacgtattactatgatagtagtggttactttgactactggggccaaggaaccctggtcaccgtctcctca	IGHV1-69	IGHD3-22	IGHJ4	tgtgcgacgtattactatgatagtagtggttactttgactactgg	11	6.70915800067092e-05
gaggtgcagctgttggagtctgggggaggcttggtacagcctggggggtccctgagactctcctgtgcagcctctggattcacctttagcagctatgccatgagctgggtccgccaggctccagggaaggggctggagtgggtctcagctattagtggtagtggtggtagcacatactacgcagactccgtgaagggccggttcaccatctccagagacaattccaagaacacgctgtatctgcaaatgaacagcctgagagccgaggacacggccgtatattactgtgcgaaagagattgtagtagtaccagagacttttgactactggggccaaggaaccctggtcaccgtctcctca	IGHV3-23	IGHD2-2	IGHJ4	tgtgcgaaagagattgtagtagtaccagagacttttgactactgg	11	6.70915800067092e-05
gaggtgcagctggtggagtctgggggaggtgtggtacggcctggggggtccctgagactctcctgtgcagcctctggattcacctttgatgattatggcatgagctgggtccgccaagctccagggaaggggctggagtgggtctctggtattaattggaatggtggtagcacaggttatgcagactctgtgaagggccgattcaccatctccagagacaacgccaagaactccctgtatctgcaaatgaacagtctgagagccgaggacacggccttgtatcactgtgcgagagagtattactatgatagacgctttgactactggggccaaggaaccctggtcaccgtctcctca	IGHV3-20	IGHD3-22	IGHJ4	tgtgcgagagagtattactatgatagacgctttgactactgg	11	6.70915800067092e-05
gaagtgcagctggtggagtctgggggagtcgtggtacagcctggggggtccctgagactctcctgtgcagcctctggattcacctttgatgattataccatgcactgggtccgtcaagctccggggaagggtctggagtgggtctctcttattagttgggatggtggtagcacatactatgcagactctgtgaagggccgattcaccatctccagagacaacagcaaaaactccctgtatctgcaaatgaacagtctgagaactgaggacaccgccttgtattactgtgcaaaagatatggactggaactacatctactttgactactggggccaaggaaccctggtcaccgtctcctca	IGHV3-43	IGHD1-7	IGHJ4	tgtgcaaaagatatggactggaactacatctactttgactactgg	11	6.70915800067092e-05
caggtgcagctggtgcagtctggggctgaggtgaagaagcctggggcctcagtgaaggtttcctgcaaggcatctggatacaccttcaccagctactatatgcactgggtgcgacaggcccctggacaagggcttgagtggatgggaataatcaaccctagtggtggtagcacaagctacgcacagaagttccagggcagagtcaccatgaccagggacacgtccacgagcacagtctacatggagctgagcagcctgagatctgaggacacggccgtgtattactgtgcgagagatattgtggtggtgattgctaggtttgactactggggccaaggaaccctggtcaccgtctcctca	IGHV1-46	IGHD2-21	IGHJ4	tgtgcgagagatattgtggtggtgattgctaggtttgactactgg	11	6.70915800067092e-05
gaggtgcagctgttggagtctgggggaggcttggtacagcctggggggtccctgagactctcctgtgcagcctctggattcacctttagcagctatgccatgagctgggtccgccaggctccagggaaggggctggagtgggtctcagctattagtggtagtggtggtagcacatactacgcagactccgtgaagggccggttcaccatctccagagacaattccaagaacacgctgtatctgcaaatgaacagcctgagagccgaggacacggccgtatattactgtgcgaaagtatggttcggggagttattatactttgactactggggccaaggaaccctggtcaccgtctcctca	IGHV3-23	IGHD3-10	IGHJ4	tgtgcgaaagtatggttcggggagttattatactttgactactgg	11	6.70915800067092e-05
caggtgcagctacagcagtggggcgcaggactgttgaagccttcggagaccctgtccctcacctgcgctgtctatggtgggtccttcagtggttactactggagctggatccgccagcccccagggaaggggctggagtggattggggaaatcaatcatagtggaagcaccaactacaacccgtccctcaagagtcgagtcaccatatcagtagacacgtccaagaaccagttctccctgaagctgagctctgtgaccgccgcggacacggctgtgtattactgtgcgaggcctataaccggttactactacggtatggacgtctgggggcaagggaccacggtcaccgtctcctca	IGHV4-34	IGHD1-14	IGHJ6	tgtgcgaggcctataaccggttactactacggtatggacgtctgg	11	6.70915800067092e-05
caaatgcagctggtgcagtctgggcctgaggtgaagaagcctgggacctcagtgaaggtctcctgcaaggcttctggattcacctttactagctctgctgtgcagtgggtgcgacaggctcgtggacaacgccttgagtggataggatggatcgtcgttggcagtggtaacacaaactacgcacagaagttccaggaaagagtcaccattaccagggacatgtccacaagcacagcctacatggagctgagcagcctgagatccgaggacacggccgtgtattactgtgcggcagtgggcgcagcagcgagaacctttgactactggggccaaggaaccctggtcaccgtctcctca	IGHV1-58	IGHD6-13	IGHJ4	tgtgcggcagtgggcgcagcagcgagaacctttgactactgg	11	6.70915800067092e-05
caggtgcagctggtgcagtctggggctgaggtgaagaagcctggggcctcagtgaaggtttcctgcaaggcatctggatacaccttcaccagctactatatgcactgggtgcgacaggcccctggacaagggcttgagtggatgggaataatcaaccctagtggtggtagcacaagctacgcacagaagttccagggcagagtcaccatgaccagggacacgtccacgagcacagtctacatggagctgagcagcctgagatctgaggacacggccgtgtattactgtgggggggtactatggttcggggagttattaccctactggggccaaggaaccctggtcaccgtctcctca	IGHV1-46	IGHD3-10	IGHJ4	tgtgggggggtactatggttcggggagttattaccctactgg	11	6.70915800067092e-05
gaggtgcagctgttggagtctgggggaggcttggtacagcctggggggtccctgagactctcctgtgcagcctctggattcacctttagcagctatgccatgagctgggtccgccaggctccagggaaggggctggagtgggtctcagctattagtggtagtggtggtagcacatactacgcagactccgtgaagggccggttcaccatctccagagacaattccaagaacacgctgtatctgcaaatgaacagcctgagagccgaggacacggccgtatattactgtgcgacaggatattgtagtggtggtagctgctttgactactggggccaaggaaccctggtcaccgtctcctca	IGHV3-23	IGHD2-15	IGHJ4	tgtgcgacaggatattgtagtggtggtagctgctttgactactgg	10	6.09923454606447e-05
gaggtgcagctgttggagtctgggggaggcttggtacagcctggggggtccctgagactctcctgtgcagcctctggattcacctttagcagctatgccatgagctgggtccgccaggctccagggaaggggctggagtgggtctcagctattagtggtagtggtggtagcacatactacgcagactccgtgaagggccggttcaccatctccagagacaattccaagaacacgctgtatctgcaaatgaacagcctgagagccgaggacacggccgtatattactgtgcgaaagagtgggagctactacactactttgactactggggccaaggaaccctggtcaccgtctcctca	IGHV3-23	IGHD1-26	IGHJ4	tgtgcgaaagagtgggagctactacactactttgactactgg	10	6.09923454606447e-05
caggtgcagctggtgcagtctggggctgaggtgaagaagcctgggtcctcggtgaaggtctcctgcaaggcttctggaggcaccttcagcagctatgctatcagctgggtgcgacaggcccctggacaagggcttgagtggatgggagggatcatccctatctttggtacagcaaactacgcacagaagttccagggcagagtcacgattaccgcggacgaatccacgagcacagcctacatggagctgagcagcctgagatctgaggacacggccgtgtattactgtgcgagtcgggggttactatggttcggggagggggactcctggggccaaggaaccctggtcaccgtctcctca	IGHV1-69	IGHD3-10	IGHJ5	tgtgcgagtcgggggttactatggttcggggagggggactcctgg	10	6.09923454606447e-05
caggtgcagctggtgcagtctggggctgaggtgaagaagcctggggcctcagtgaaggtttcctgcaaggcatctggatacaccttcaccagctactatatgcactgggtgcgacaggcccctggacaagggcttgagtggatgggaataatcaaccctagtggtggtagcacaagctacgcacagaagttccagggcagagtcaccatgaccagggacacgtccacgagcacagtctacatggagctgagcagcctgagatctgaggacacggccgtgtattactgtgcgagagactgggactactactactacggtatggacgtctgggggcaagggaccacggtcaccgtctcctca	IGHV1-46	IGHD7-27	IGHJ6	tgtgcgagagactgggactactactactacggtatggacgtctgg	10	6.09923454606447e-05
gaggtgcagctgttggagtctgggggaggcttggtacagcctggggggtccctgagactctcctgtgcagcctctggattcacctttagcagctatgccatgagctgggtccgccaggctccagggaaggggctggagtgggtctcagctattagtggtagtggtggtagcacatactacgcagactccgtgaagggccggttcaccatctccagagacaattccaagaacacgctgtatctgcaaatgaacagcctgagagccgaggacacggccgtatattactgtgcgaaaggggagtggttattatgggcttttgatgtctggggccaagggacaatggtcaccgtctcttca	IGHV3-23	IGHD3-3	IGHJ3	tgtgcgaaaggggagtggttattatgggcttttgatgtctgg	10	6.09923454606447e-05
caggtgcagctggtgcagtctggggctgaggtgaagaagcctgggtcctcggtgaaggtctcctgcaaggcttctggaggcaccttcagcagctatgctatcagctgggtgcgacaggcccctggacaagggcttgagtggatgggagggatcatccctatctttggtacagcaaactacgcacagaagttccagggcagagtcacgattaccgcggacgaatccacgagcacagcctacatggagctgagcagcctgagatctgaggacacggccgtgtattactgtgcgagagcggggagttattataacagggactactggggccaaggaaccctggtcaccgtctcctca	IGHV1-69	IGHD3-10	IGHJ4	tgtgcgagagcggggagttattataacagggactactgg	10	6.09923454606447e-05
gaggtgcagctggtggagtctgggggaggtgtggtacggcctggggggtccctgagactctcctgtgcagcctctggattcacctttgatgattatggcatgagctgggtccgccaagctccagggaaggggctggagtgggtctctggtattaattggaatggtggtagcacaggttatgcagactctgtgaagggccgattcaccatctccagagacaacgccaagaactccctgtatctgcaaatgaacagtctgagagccgaggacacggccttgtatcactgtgcgagagatgggggtgggagcggctttgactactggggccaaggaaccctggtcaccgtctcctca	IGHV3-20	IGHD2-15	IGHJ4	tgtgcgagagatgggggtgggagcggctttgactactgg	10	6.09923454606447e-05
gaggtgcagctggtgcagtctggagcagaggtgaaaaagcccggggagtctctgaagatctcctgtaagggttctggatacagctttaccagctactggatcggctgggtgcgccagatgcccgggaaaggcctggagtggatggggatcatctatcctggtgactctgataccagatacagcccgtccttccaaggccaggtcaccatctcagccgacaagtccatcagcaccgcctacctgcagtggagcagcctgaaggcctcggacaccgccatgtattactgtgcgagacacctgatagtagtggtggactttgactactggggccaaggaaccctggtcaccgtctcctca	IGHV5-51	IGHD3-22	IGHJ4	tgtgcgagacacctgatagtagtggtggactttgactactgg	10	6.09923454606447e-05
gaggtgcagctggtggagtctgggggaggcttggtaaagcctggggggtcccttagactctcctgtgcagcctctggattcactttcagtaacgcctggatgagctgggtccgccaggctccagggaaggggctggagtgggttggccgtattaaaagcaaaactgatggtgggacaacagactacgctgcacccgtgaaaggcagattcaccatctcaagagatgattcaaaaaacacgctgtatctgcaaatgaacagcctgaaaaccgaggacacagccgtgtattactgtaccacagaacgatattttgactggagggactactggggccaaggaaccctggtcaccgtctcctca	IGHV3-15	IGHD3-9	IGHJ4	tgtaccacagaacgatattttgactggagggactactgg	10	6.09923454606447e-05
gaggtgcagctgttggagtctgggggaggcttggtacagcctggggggtccctgagactctcctgtgcagcctctggattcacctttagcagctatgccatgagctgggtccgccaggctccagggaaggggctggagtgggtctcagctattagtggtagtggtggtagcacatactacgcagactccgtgaagggccggttcaccatctccagagacaattccaagaacacgctgtatctgcaaatgaacagcctgagagccgaggacacggccgtatattactgtgcgaggatagtagtggttaggtactttgactactggggccaaggaaccctggtcaccgtctcctca	IGHV3-23	IGHD3-22	IGHJ4	tgtgcgaggatagtagtggttaggtactttgactactgg	10	6.09923454606447e-05
gaggtgcagctgttggagtctgggggaggcttggtacagcctggggggtccctgagactctcctgtgcagcctctggattcacctttagcagctatgccatgagctgggtccgccaggctccagggaaggggctggagtgggtctcagctattagtggtagtggtggtagcacatactacgcagactccgtgaagggccggttcaccatctccagagacaattccaagaacacgctgtatctgcaaatgaacagcctgagagccgaggacacggccgtatattactgtgcgaaagatcagcagcacaaaaactggttcgactcctggggccaaggaaccctggtcaccgtctcctca	IGHV3-23	IGHD6-13	IGHJ5	tgtgcgaaagatcagcagcacaaaaactggttcgactcctgg	10	6.09923454606447e-05
caggttcagctggtgcagtctggagctgaggtgaagaagcctggggcctcagtgaaggtctcctgcaaggcttctggttacacctttaccagctatggtatcagctgggtgcgacaggcccctggacaagggcttgagtggatgggatggatcagcgcttacaatggtaacacaaactatgcacagaagctccagggcagagtcaccatgaccacagacacatccacgagcacagcctacatggagctgaggagcctgagatctgacgacacggccgtgtattactgtgcgagaggatattgtagtagtaccaactactttgactactggggccaaggaaccctggtcaccgtctcctca	IGHV1-18	IGHD2-2	IGHJ4	tgtgcgagaggatattgtagtagtaccaactactttgactactgg	10	6.09923454606447e-05
gaggtgcagctggtggagtccgggggaggcttagttcagcctggggggtccctgagactctcctgtgcagcctctggattcaccttcagtagctactggatgcactgggtccgccaagctccagggaaggggctggtgtgggtctcacgtattaatagtgatgggagtagcacaagctacgcggactccgtgaagggccgattcaccatctccagagacaacgccaagaacacgctgtatctgcaaatgaacagtctgagagccgaggacacggctgtgtattactgtgcaagagttggtaactcctactactacggtatggacgtctgggggcaagggaccacggtcaccgtctcctca	IGHV3-74	IGHD4-23	IGHJ6	tgtgcaagagttggtaactcctactactacggtatggacgtctgg	10	6.09923454606447e-05
gaggtgcagctggtggagtctgggggaggtgtggtacggcctggggggtccctgagactctcctgtgcagcctctggattcacctttgatgattatggcatgagctgggtccgccaagctccagggaaggggctggagtgggtctctggtattaattggaatggtggtagcacaggttatgcagactctgtgaagggccgattcaccatctccagagacaacgccaagaactccctgtatctgcaaatgaacagtctgagagccgaggacacggccttgtatcactgtgcgagaggagaaggtataaccggaaccacttttgactactggggccaaggaaccctggtcaccgtctcctca	IGHV3-20	IGHD1-14	IGHJ4	tgtgcgagaggagaaggtataaccggaaccacttttgactactgg	10	6.09923454606447e-05
gaggtgcagctgttggagtctgggggaggcttggtacagcctggggggtccctgagactctcctgtgcagcctctggattcacctttagcagctatgccatgagctgggtccgccaggctccagggaaggggctggagtgggtctcagctattagtggtagtggtggtagcacatactacgcagactccgtgaagggccggttcaccatctccagagacaattccaagaacacgctgtatctgcaaatgaacagcctgagagccgaggacacggccgtatattactgtgcgactgaggatgtgtactacggtatggacgtctgggggcaagggaccacggtcaccgtctcctca	IGHV3-23	IGHD2-2	IGHJ6	tgtgcgactgaggatgtgtactacggtatggacgtctgg	10	6.09923454606447e-05
gaggtgcagctggtgcagtctggagcagaggtgaaaaagcccggggagtctctgaagatctcctgtaagggttctggatacagctttaccagctactggatcggctgggtgcgccagatgcccgggaaaggcctggagtggatggggatcatctatcctggtgactctgataccagatacagcccgtccttccaaggccaggtcaccatctcagccgacaagtccatcagcaccgcctacctgcagtggagcagcctgaaggcctcggacaccgccatgtattactgtgcgagacatcggtcgtactatggtgggaatgactactggggccaaggaaccctggtcaccgtctcctca	IGHV5-51	IGHD3-10	IGHJ4	tgtgcgagacatcggtcgtactatggtgggaatgactactgg	10	6.09923454606447e-05
caggtgcagctggtggagtctgggggaggcttggtcaagcctggagggtccctgagactctcctgtgcagcctctggattcaccttcagtgactactacatgagctggatccgccaggctccagggaaggggctggagtgggtttcatacattagtagtagtggtagtaccatatactacgcagactctgtgaagggccgattcaccatctccagggacaacgccaagaactcactgtatctgcaaatgaacagcctgagagccgaggacacggccgtgtattactgtgcgagagaaagacagctcgtccgttttgactactggggccaaggaaccctggtcaccgtctcctca	IGHV3-11	IGHD6-6	IGHJ4	tgtgcgagagaaagacagctcgtccgttttgactactgg	10	6.09923454606447e-05
gaggtgcagctgttggagtctgggggaggcttggtacagcctggggggtccctgagactctcctgtgcagcctctggattcacctttagcagctatgccatgagctgggtccgccaggctccagggaaggggctggagtgggtctcagctattagtggtagtggtggtagcacatactacgcagactccgtgaagggccggttcaccatctccagagacaattccaagaacacgctgtatctgcaaatgaacagcctgagagccgaggacacggccgtatattactgtgcgaaagaatctcgggatattgtagtagttgactactggggccaaggaaccctggtcaccgtctcctca	IGHV3-23	IGHD2-2	IGHJ4	tgtgcgaaagaatctcgggatattgtagtagttgactactgg	10	6.09923454606447e-05
gaggtgcagctggtgcagtctggagcagaggtgaaaaagcccggggagtctctgaagatctcctgtaagggttctggatacagctttaccagctactggatcggctgggtgcgccagatgcccgggaaaggcctggagtggatggggatcatctatcctggtgactctgataccagatacagcccgtccttccaaggccaggtcaccatctcagccgacaagtccatcagcaccgcctacctgcagtggagcagcctgaaggcctcggacaccgccatgtattactgtgcgagacatcaggtagcagcagctggttcctttgactactggggccaaggaaccctggtcaccgtctcctca	IGHV5-51	IGHD6-13	IGHJ4	tgtgcgagacatcaggtagcagcagctggttcctttgactactgg	10	6.09923454606447e-05
gaggtgcagctgttggagtctgggggaggcttggtacagcctggggggtccctgagactctcctgtgcagcctctggattcacctttagcagctatgccatgagctgggtccgccaggctccagggaaggggctggagtgggtctcagctattagtggtagtggtggtagcacatactacgcagactccgtgaagggccggttcaccatctccagagacaattccaagaacacgctgtatctgcaaatgaacagcctgagagccgaggacacggccgtatattactgtattactatggttcggggagtggccccctttgactactggggccaaggaaccctggtcaccgtctcctca	IGHV3-23	IGHD3-10	IGHJ4	tgtattactatggttcggggagtggccccctttgactactgg	10	6.09923454606447e-05
gaggtgcagctgttggagtctgggggaggcttggtacagcctggggggtccctgagactctcctgtgcagcctctggattcacctttagcagctatgccatgagctgggtccgccaggctccagggaaggggctggagtgggtctcagctattagtggtagtggtggtagcacatactacgcagactccgtgaagggccggttcaccatctccagagacaattccaagaacacgctgtatctgcaaatgaacagcctgagagccgaggacacggccgtatattactgtgcgaaagatcccagtgggagcacgaggttcgactcctggggccaaggaaccctggtcaccgtctcctca	IGHV3-23	IGHD1-26	IGHJ5	tgtgcgaaagatcccagtgggagcacgaggttcgactcctgg	10	6.09923454606447e-05
gaggtgcagctgttggagtctgggggaggcttggtacagcctggggggtccctgagactctcctgtgcagcctctggattcacctttagcagctatgccatgagctgggtccgccaggctccagggaaggggctggagtgggtctcagctattagtggtagtggtggtagcacatactacgcagactccgtgaagggccggttcaccatctccagagacaattccaagaacacgctgtatctgcaaatgaacagcctgagagccgaggacacggccgtatattactgtgtgggaacagccccctactactactacggtatggacgtctgggggcaagggaccacggtcaccgtctcctca	IGHV3-23	IGHD6-13	IGHJ6	tgtgtgggaacagccccctactactactacggtatggacgtctgg	10	6.09923454606447e-05
gaggtgcagctggtggagtccgggggaggcttagttcagcctggggggtccctgagactctcctgtgcagcctctggattcaccttcagtagctactggatgcactgggtccgccaagctccagggaaggggctggtgtgggtctcacgtattaatagtgatgggagtagcacaagctacgcggactccgtgaagggccgattcaccatctccagagacaacgccaagaacacgctgtatctgcaaatgaacagtctgagagccgaggacacggctgtgtattactgtgcaagagattgttactactactactacggtatggacgtctgggggcaagggaccacggtcaccgtctcctca	IGHV3-74	IGHD4-17	IGHJ6	tgtgcaagagattgttactactactactacggtatggacgtctgg	10	6.09923454606447e-05
gaggtgcagctggtggagtctgggggaggcttggtaaagcctggggggtcccttagactctcctgtgcagcctctggattcactttcagtaacgcctggatgagctgggtccgccaggctccagggaaggggctggagtgggttggccgtattaaaagcaaaactgatggtgggacaacagactacgctgcacccgtgaaaggcagattcaccatctcaagagatgattcaaaaaacacgctgtatctgcaaatgaacagcctgaaaaccgaggacacagccgtgtattactgtaccactattgtagtagtaccagctgctatctttgactactggggccaaggaaccctggtcaccgtctcctca	IGHV3-15	IGHD2-2	IGHJ4	tgtaccactattgtagtagtaccagctgctatctttgactactgg	9	5.48931109145802e-05
caggtgcagctggtgcagtctggggctgaggtgaagaagcctggggcctcagtgaaggtctcctgcaaggcttctggatacaccttcaccagttatgatatcaactgggtgcgacaggccactggacaagggcttgagtggatgggatggatgaaccctaacagtggtaacacaggctatgcacagaagttccagggcagagtcaccatgaccaggaacacctccataagcacagcctacatggagctgagcagcctgagatctgaggacacggccgtgtattactgtgcgagaggatggtatgcggggtacttcgatctctggggccgtggcaccctggtcactgtctcctca	IGHV1-8	IGHD1-26	IGHJ2	tgtgcgagaggatggtatgcggggtacttcgatctctgg	9	5.48931109145802e-05
caggtgcagctacagcagtggggcgcaggactgttgaagccttcggagaccctgtccctcacctgcgctgtctatggtgggtccttcagtggttactactggagctggatccgccagcccccagggaaggggctggagtggattggggaaatcaatcatagtggaagcaccaactacaacccgtccctcaagagtcgagtcaccatatcagtagacacgtccaagaaccagttctccctgaagctgagctctgtgaccgccgcggacacggctgtgtattactgtgggacggtgaccctctactactactacggtatggacgtctgggggcaagggaccacggtcaccgtctcctca	IGHV4-34	IGHD4-17	IGHJ6	tgtgggacggtgaccctctactactactacggtatggacgtctgg	9	5.48931109145802e-05
caggtgcagctggtgcagtctggggctgaggtgaagaagcctggggcctcagtgaaggtctcctgcaaggcttctggatacaccttcaccggctactatatgcactgggtgcgacaggcccctggacaagggcttgagtggatgggacggatcaaccctaacagtggtggcacaaactatgcacagaagtttcagggcagggtcaccagtaccagggacacgtccatcagcacagcctacatggagctgagcaggctgagatctgacgacacggtcgtgtattactgtgcgagagatccggatatagcagtctactttgactactggggccaaggaaccctggtcaccgtctcctca	IGHV1-2	IGHD6-6	IGHJ4	tgtgcgagagatccggatatagcagtctactttgactactgg	9	5.48931109145802e-05
caggtgcagctggtgcagtctggggctgaggtgaagaagcctgggtcctcggtgaaggtctcctgcaaggcttctggaggcaccttcagcagctatgctatcagctgggtgcgacaggcccctggacaagggcttgagtggatgggagggatcatccctatctttggtacagcaaactacgcacagaagttccagggcagagtcacgattaccgcggacgaatccacgagcacagcctacatggagctgagcagcctgagatctgaggacacggccgtgtattactgtgcgaagggtacgtttggggggggggactttgactactggggccaaggaaccctggtcaccgtctcctca	IGHV1-69	IGHD3-16	IGHJ4	tgtgcgaagggtacgtttggggggggggactttgactactgg	9	5.48931109145802e-05
caggtgcagctggtgcagtctggggctgaggtgaagaagcctggggcctcagtgaaggtctcctgcaaggcttctggatacaccttcaccggctactatatgcactgggtgcgacaggcccctggacaagggcttgagtggatgggacggatcaaccctaacagtggtggcacaaactatgcacagaagtttcagggcagggtcaccagtaccagggacacgtccatcagcacagcctacatggagctgagcaggctgagatctgacgacacggtcgtgtattactgtgcgagagagatatatagcagcagctttgactactggggccaaggaaccctggtcaccgtctcctca	IGHV1-2	IGHD6-13	IGHJ4	tgtgcgagagagatatatagcagcagctttgactactgg	9	5.48931109145802e-05
caggttcagctggtgcagtctggagctgaggtgaagaagcctggggcctcagtgaaggtctcctgcaaggcttctggttacacctttaccagctatggtatcagctgggtgcgacaggcccctggacaagggcttgagtggatgggatggatcagcgcttacaatggtaacacaaactatgcacagaagctccagggcagagtcaccatgaccacagacacatccacgagcacagcctacatggagctgaggagcctgagatctgacgacacggccgtgtattactgtgcgagtgattacgtttggcgctacggtatggacgtctgggggcaagggaccacggtcaccgtctcctca	IGHV1-18	IGHD3-16	IGHJ6	tgtgcgagtgattacgtttggcgctacggtatggacgtctgg	9	5.48931109145802e-05
gaggtgcagctgttggagtctgggggaggcttggtacagcctggggggtccctgagactctcctgtgcagcctctggattcacctttagcagctatgccatgagctgggtccgccaggctccagggaaggggctggagtgggtctcagctattagtggtagtggtggtagcacatactacgcagactccgtgaagggccggttcaccatctccagagacaattccaagaacacgctgtatctgcaaatgaacagcctgagagccgaggacacggccgtatattactgtgcgaaagacttagcagtggctggctactttgactactggggccaaggaaccctggtcaccgtctcctca	IGHV3-23	IGHD6-19	IGHJ4	tgtgcgaaagacttagcagtggctggctactttgactactgg	9	5.48931109145802e-05
gaggtgcagctgttggagtctgggggaggcttggtacagcctggggggtccctgagactctcctgtgcagcctctggattcacctttagcagctatgccatgagctgggtccgccaggctccagggaaggggctggagtgggtctcagctattagtggtagtggtggtagcacatactacgcagactccgtgaagggccggttcaccatctccagagacaattccaagaacacgctgtatctgcaaatgaacagcctgagagccgaggacacggccgtatattactgtgcgaaagatcatgtccctactatggttcggggagcctactggggccaaggaaccctggtcaccgtctcctca	IGHV3-23	IGHD3-10	IGHJ4	tgtgcgaaagatcatgtccctactatggttcggggagcctactgg	9	5.48931109145802e-05
caggtgcagctggtggagtctgggggaggcttggtcaagcctggagggtccctgagactctcctgtgcagcctctggattcaccttcagtgactactacatgagctggatccgccaggctccagggaaggggctggagtgggtttcatacattagtagtagtggtagtaccatatactacgcagactctgtgaagggccgattcaccatctccagggacaacgccaagaactcactgtatctgcaaatgaacagcctgagagccgaggacacggccgtgtattactgtgcgagagatgggagctgggcctactacggtatggacgtctgggggcaagggaccacggtcaccgtctcctca	IGHV3-11	IGHD1-26	IGHJ6	tgtgcgagagatgggagctgggcctactacggtatggacgtctgg	9	5.48931109145802e-05
gaggtgcagctggtggagtctgggggaggcttggtaaagcctggggggtcccttagactctcctgtgcagcctctggattcactttcagtaacgcctggatgagctgggtccgccaggctccagggaaggggctggagtgggttggccgtattaaaagcaaaactgatggtgggacaacagactacgctgcacccgtgaaaggcagattcaccatctcaagagatgattcaaaaaacacgctgtatctgcaaatgaacagcctgaaaaccgaggacacagccgtgtattactgtgggggggatattgtagtagtaccagctccctttgactactggggccaaggaaccctggtcaccgtctcctca	IGHV3-15	IGHD2-2	IGHJ4	tgtgggggggatattgtagtagtaccagctccctttgactactgg	9	5.48931109145802e-05
cagctgcagctgcaggagtcgggcccaggactggtgaagccttcggagaccctgtccctcacctgcactgtctctggtggctccatcagcagtagtagttactactggggctggatccgccagcccccagggaaggggctggagtggattgggagtatctattatagtgggagcacctactacaacccgtccctcaagagtcgagtcaccatatccgtagacacgtccaagaaccagttctccctgaagctgagctctgtgaccgccgcagacacggctgtgtattactgtgcgagactaccctactactactactacggtatggacgtctgggggcaagggaccacggtcaccgtctcctca	IGHV4-39	IGHD4-17	IGHJ6	tgtgcgagactaccctactactactactacggtatggacgtctgg	9	5.48931109145802e-05
gaagtgcagctggtggagtctgggggagtcgtggtacagcctggggggtccctgagactctcctgtgcagcctctggattcacctttgatgattataccatgcactgggtccgtcaagctccggggaagggtctggagtgggtctctcttattagttgggatggtggtagcacatactatgcagactctgtgaagggccgattcaccatctccagagacaacagcaaaaactccctgtatctgcaaatgaacagtctgagaactgaggacaccgccttgtattactgtgcaaaagatagtggaaagtggctacgatatgactactggggccaaggaaccctggtcaccgtctcctca	IGHV3-43	IGHD5-12	IGHJ4	tgtgcaaaagatagtggaaagtggctacgatatgactactgg	9	5.48931109145802e-05
caggtccagctggtacagtctggggctgaggtgaagaagcctggggcctcagtgaaggtctcctgcaaggtttccggatacaccctcactgaattatccatgcactgggtgcgacaggctcctggaaaagggcttgagtggatgggaggttttgatcctgaagatggtgaaacaatctacgcacagaagttccagggcagagtcaccatgaccgaggacacatctacagacacagcctacatggagctgagcagcctgagatctgaggacacggccgtgtattactgtgcaacaggctacgattacgactactttgactactggggccaaggaaccctggtcaccgtctcctca	IGHV1-24	IGHD5-12	IGHJ4	tgtgcaacaggctacgattacgactactttgactactgg	9	5.48931109145802e-05
gaggtgcagctggtgcagtctggagcagaggtgaaaaagcccggggagtctctgaagatctcctgtaagggttctggatacagctttaccagctactggatcggctgggtgcgccagatgcccgggaaaggcctggagtggatggggatcatctatcctggtgactctgataccagatacagcccgtccttccaaggccaggtcaccatctcagccgacaagtccatcagcaccgcctacctgcagtggagcagcctgaaggcctcggacaccgccatgtattactgtgttgatggcagctggtactactactacggtatggacgtctgggggcaagggaccacggtcaccgtctcctca	IGHV5-51	IGHD6-13	IGHJ6	tgtgttgatggcagctggtactactactacggtatggacgtctgg	9	5.48931109145802e-05
cagatcaccttgaaggagtctggtcctacgctggtgaaacccacacagaccctcacgctgacctgcaccttctctgggttctcactcagcactagtggagtgggtgtgggctggatccgtcagcccccaggaaaggccctggagtggcttgcactcatttattggaatgatgataagcgctacagcccatctctgaagagcaggctcaccatcaccaaggacacctccaaaaaccaggtggtccttacaatgaccaacatggaccctgtggacacagccacatattactgtgcacacagcggagtagagatggctactccggactactggggccaaggaaccctggtcaccgtctcctca	IGHV2-5	IGHD5-24	IGHJ4	tgtgcacacagcggagtagagatggctactccggactactgg	9	5.48931109145802e-05
caggtgcagctggtgcagtctggggctgaggtgaagaagcctgggtcctcggtgaaggtctcctgcaaggcttctggaggcaccttcagcagctatgctatcagctgggtgcgacaggcccctggacaagggcttgagtggatgggagggatcatccctatctttggtacagcaaactacgcacagaagttccagggcagagtcacgattaccgcggacgaatccacgagcacagcctacatggagctgagcagcctgagatctgaggacacggccgtgtattactgtgcgagggatattgtagtggtggtagcctttgactactggggccaaggaaccctggtcaccgtctcctca	IGHV1-69	IGHD2-15	IGHJ4	tgtgcgagggatattgtagtggtggtagcctttgactactgg	9	5.48931109145802e-05
caggtgcagctggtgcagtctggggctgaggtgaagaagcctgggtcctcggtgaaggtctcctgcaaggcttctggaggcaccttcagcagctatgctatcagctgggtgcgacaggcccctggacaagggcttgagtggatgggagggatcatccctatctttggtacagcaaactacgcacagaagttccagggcagagtcacgattaccgcggacgaatccacgagcacagcctacatggagctgagcagcctgagatctgaggacacggccgtgtattactgtgcgagagtgatggctggggggggctttgactactggggccaaggaaccctggtcaccgtctcctca	IGHV1-69	IGHD5-24	IGHJ4	tgtgcgagagtgatggctggggggggctttgactactgg	9	5.48931109145802e-05
gaggtgcagctggtggagtccgggggaggcttagttcagcctggggggtccctgagactctcctgtgcagcctctggattcaccttcagtagctactggatgcactgggtccgccaagctccagggaaggggctggtgtgggtctcacgtattaatagtgatgggagtagcacaagctacgcggactccgtgaagggccgattcaccatctccagagacaacgccaagaacacgctgtatctgcaaatgaacagtctgagagccgaggacacggctgtgtattactgtgcaagagagctgtactactactacggtatggacgtctgggggcaagggaccacggtcaccgtctcctca	IGHV3-74	IGHD2-2	IGHJ6	tgtgcaagagagctgtactactactacggtatggacgtctgg	9	5.48931109145802e-05
gaggtgcagctgttggagtctgggggaggcttggtacagcctggggggtccctgagactctcctgtgcagcctctggattcacctttagcagctatgccatgagctgggtccgccaggctccagggaaggggctggagtgggtctcagctattagtggtagtggtggtagcacatactacgcagactccgtgaagggccggttcaccatctccagagacaattccaagaacacgctgtatctgcaaatgaacagcctgagagccgaggacacggccgtatattactgtgcgaaagcgatggctacaattatctttgactactggggccaaggaaccctggtcaccgtctcctca	IGHV3-23	IGHD5-24	IGHJ4	tgtgcgaaagcgatggctacaattatctttgactactgg	9	5.48931109145802e-05
caggtgcagctggtggagtctgggggaggcttggtcaagcctggagggtccctgagactctcctgtgcagcctctggattcaccttcagtgactactacatgagctggatccgccaggctccagggaaggggctggagtgggtttcatacattagtagtagtggtagtaccatatactacgcagactctgtgaagggccgattcaccatctccagggacaacgccaagaactcactgtatctgcaaatgaacagcctgagagccgaggacacggccgtgtattactgtgcgagagacaaacggagctacggtgactcctttgactactggggccaaggaaccctggtcaccgtctcctca	IGHV3-11	IGHD4-17	IGHJ4	tgtgcgagagacaaacggagctacggtgactcctttgactactgg	9	5.48931109145802e-05
gaggtgcagctggtggagtctgggggaggcttggtaaagcctggggggtcccttagactctcctgtgcagcctctggattcactttcagtaacgcctggatgagctgggtccgccaggctccagggaaggggctggagtgggttggccgtattaaaagcaaaactgatggtgggacaacagactacgctgcacccgtgaaaggcagattcaccatctcaagagatgattcaaaaaacacgctgtatctgcaaatgaacagcctgaaaaccgaggacacagccgtgtattactgtaccacatgtagtggtggtagcccctttgactactggggccaaggaaccctggtcaccgtctcctca	IGHV3-15	IGHD2-15	IGHJ4	tgtaccacatgtagtggtggtagcccctttgactactgg	9	5.48931109145802e-05
gaggtgcagctgttggagtctgggggaggcttggtacagcctggggggtccctgagactctcctgtgcagcctctggattcacctttagcagctatgccatgagctgggtccgccaggctccagggaaggggctggagtgggtctcagctattagtggtagtggtggtagcacatactacgcagactccgtgaagggccggttcaccatctccagagacaattccaagaacacgctgtatctgcaaatgaacagcctgagagccgaggacacggccgtatattactgtgcgaaggatggttcggggagttatttttttgatgtctggggccaagggacaatggtcaccgtctcttca	IGHV3-23	IGHD3-10	IGHJ3	tgtgcgaaggatggttcggggagttatttttttgatgtctgg	9	5.48931109145802e-05
caggtgcagctggtgcagtctggggctgaggtgaagaagcctgggtcctcggtgaaggtctcctgcaaggcttctggaggcaccttcagcagctatgctatcagctgggtgcgacaggcccctggacaagggcttgagtggatgggagggatcatccctatctttggtacagcaaactacgcacagaagttccagggcagagtcacgattaccgcggacgaatccacgagcacagcctacatggagctgagcagcctgagatctgaggacacggccgtgtattactgtgcgagaggattctactactacggtatggacgtctgggggcaagggaccacggtcaccgtctcctca	IGHV1-69	IGHD2-21	IGHJ6	tgtgcgagaggattctactactacggtatggacgtctgg	9	5.48931109145802e-05
gaggtgcagctgttggagtctgggggaggcttggtacagcctggggggtccctgagactctcctgtgcagcctctggattcacctttagcagctatgccatgagctgggtccgccaggctccagggaaggggctggagtgggtctcagctattagtggtagtggtggtagcacatactacgcagactccgtgaagggccggttcaccatctccagagacaattccaagaacacgctgtatctgcaaatgaacagcctgagagccgaggacacggccgtatattactgtgcgaaagaggggctagcggatgcttttgatgtctggggccaagggacaatggtcaccgtctcttca	IGHV3-23	IGHD6-6	IGHJ3	tgtgcgaaagaggggctagcggatgcttttgatgtctgg	9	5.48931109145802e-05
cagctgcagctgcaggagtccggctcaggactggtgaagccttcacagaccctgtccctcacctgcgctgtctctggtggctccatcagcagtggtggttactcctggagctggatccggcagccaccagggaagggcctggagtggattgggtacatctatcatagtgggagcacctactacaacccgtccctcaagagtcgagtcaccatatcagtagacaggtccaagaaccagttctccctgaagctgagctctgtgaccgccgcggacacggccgtgtattactgtgccagaagtgattgtactaatggtgtctactttgactactggggccaaggaaccctggtcaccgtctcctca	IGHV4-30-2	IGHD2-8	IGHJ4	tgtgccagaagtgattgtactaatggtgtctactttgactactgg	9	5.48931109145802e-05
gaagtgcagctggtggagtctgggggagtcgtggtacagcctggggggtccctgagactctcctgtgcagcctctggattcacctttgatgattataccatgcactgggtccgtcaagctccggggaagggtctggagtgggtctctcttattagttgggatggtggtagcacatactatgcagactctgtgaagggccgattcaccatctccagagacaacagcaaaaactccctgtatctgcaaatgaacagtctgagaactgaggacaccgccttgtattactgtgacggatattgtagtggtggtaggtacttcgatctctggggccgtggcaccctggtcactgtctcctca	IGHV3-43	IGHD2-15	IGHJ2	tgtgacggatattgtagtggtggtaggtacttcgatctctgg	9	5.48931109145802e-05
caggtcaccttgagggagtctggtcctgcgctggtgaaacccacacagaccctcacactgacctgcaccttctctgggttctcactcagcactagtggaatgtgtgtgagctggatccgtcagcccccagggaaggccctggagtggcttgcactcattgattgggatgatgataaatactacagcacatctctgaagaccaggctcaccatctccaaggacacctccaaaaaccaggtggtccttacaatgaccaacatggaccctgtggacacagccacgtattactgtgcacggataagtgactacgacaactggttcgactcctggggccaaggaaccctggtcaccgtctcctca	IGHV2-70	IGHD4-17	IGHJ5	tgtgcacggataagtgactacgacaactggttcgactcctgg	9	5.48931109145802e-05
gaggtgcagctgttggagtctgggggaggcttggtacagcctggggggtccctgagactctcctgtgcagcctctggattcacctttagcagctatgccatgagctgggtccgccaggctccagggaaggggctggagtgggtctcagctattagtggtagtggtggtagcacatactacgcagactccgtgaagggccggttcaccatctccagagacaattccaagaacacgctgtatctgcaaatgaacagcctgagagccgaggacacggccgtatattactgtgcgaaagacatggttcggggagttattaactttgactactggggccaaggaaccctggtcaccgtctcctca	IGHV3-23	IGHD3-10	IGHJ4	tgtgcgaaagacatggttcggggagttattaactttgactactgg	8	4.87938763685158e-05
caggtgcagctacagcagtggggcgcaggactgttgaagccttcggagaccctgtccctcacctgcgctgtctatggtgggtccttcagtggttactactggagctggatccgccagcccccagggaaggggctggagtggattggggaaatcaatcatagtggaagcaccaactacaacccgtccctcaagagtcgagtcaccatatcagtagacacgtccaagaaccagttctccctgaagctgagctctgtgaccgccgcggacacggctgtgtattactgtgcgagagaaggtataaccggaaccaccccggttgatgtctggggccaagggacaatggtcaccgtctcttca	IGHV4-34	IGHD1-14	IGHJ3	tgtgcgagagaaggtataaccggaaccaccccggttgatgtctgg	8	4.87938763685158e-05
caggtgcagctggtgcagtctggggctgaggtgaagaagcctggggcctcagtgaaggtctcctgcaaggcttctggatacaccttcaccggctactatatgcactgggtgcgacaggcccctggacaagggcttgagtggatgggacggatcaaccctaacagtggtggcacaaactatgcacagaagtttcagggcagggtcaccagtaccagggacacgtccatcagcacagcctacatggagctgagcaggctgagatctgacgacacggtcgtgtattactgtgtcgaaatattacgatttttggagtggttatttgactactggggccaaggaaccctggtcaccgtctcctca	IGHV1-2	IGHD3-3	IGHJ4	tgtgtcgaaatattacgatttttggagtggttatttgactactgg	8	4.87938763685158e-05
caggttcagctggtgcagtctggagctgaggtgaagaagcctggggcctcagtgaaggtctcctgcaaggcttctggttacacctttaccagctatggtatcagctgggtgcgacaggcccctggacaagggcttgagtggatgggatggatcagcgcttacaatggtaacacaaactatgcacagaagctccagggcagagtcaccatgaccacagacacatccacgagcacagcctacatggagctgaggagcctgagatctgacgacacggccgtgtattactgtgcgagagaagcagcagctggttggttcgactcctggggccaaggaaccctggtcaccgtctcctca	IGHV1-18	IGHD6-13	IGHJ5	tgtgcgagagaagcagcagctggttggttcgactcctgg	8	4.87938763685158e-05
gaggtgcagctggtggagtctgggggaggcttggtaaagcctggggggtcccttagactctcctgtgcagcctctggattcactttcagtaacgcctggatgagctgggtccgccaggctccagggaaggggctggagtgggttggccgtattaaaagcaaaactgatggtgggacaacagactacgctgcacccgtgaaaggcagattcaccatctcaagagatgattcaaaaaacacgctgtatctgcaaatgaacagcctgaaaaccgaggacacagccgtgtattactgtaccacagacgagcagtggcccaactttgactactggggccaaggaaccctggtcaccgtctcctca	IGHV3-15	IGHD6-19	IGHJ4	tgtaccacagacgagcagtggcccaactttgactactgg	8	4.87938763685158e-05
caggttcagctggtgcagtctggagctgaggtgaagaagcctggggcctcagtgaaggtctcctgcaaggcttctggttacacctttaccagctatggtatcagctgggtgcgacaggcccctggacaagggcttgagtggatgggatggatcagcgcttacaatggtaacacaaactatgcacagaagctccagggcagagtcaccatgaccacagacacatccacgagcacagcctacatggagctgaggagcctgagatctgacgacacggccgtgtattactgtgcgatagtggtggaggactactacggtatggacgtctgggggcaagggaccacggtcaccgtctcctca	IGHV1-18	IGHD2-15	IGHJ6	tgtgcgatagtggtggaggactactacggtatggacgtctgg	8	4.87938763685158e-05
caggtgcagctggtgcagtctggggctgaggtgaagaagcctgggtcctcggtgaaggtctcctgcaaggcttctggaggcaccttcagcagctatgctatcagctgggtgcgacaggcccctggacaagggcttgagtggatgggagggatcatccctatctttggtacagcaaactacgcacagaagttccagggcagagtcacgattaccgcggacgaatccacgagcacagcctacatggagctgagcagcctgagatctgaggacacggccgtgtattactgtgtggggatagcagcagctggtactgactactttgactactggggccaaggaaccctggtcaccgtctcctca	IGHV1-69	IGHD6-13	IGHJ4	tgtgtggggatagcagcagctggtactgactactttgactactgg	8	4.87938763685158e-05
gaggtgcagctgttggagtctgggggaggcttggtacagcctggggggtccctgagactctcctgtgcagcctctggattcacctttagcagctatgccatgagctgggtccgccaggctccagggaaggggctggagtgggtctcagctattagtggtagtggtggtagcacatactacgcagactccgtgaagggccggttcaccatctccagagacaattccaagaacacgctgtatctgcaaatgaacagcctgagagccgaggacacggccgtatattactgtgcgaaagatcgatattgtagtgtctttgactactggggccaaggaaccctggtcaccgtctcctca	IGHV3-23	IGHD2-2	IGHJ4	tgtgcgaaagatcgatattgtagtgtctttgactactgg	8	4.87938763685158e-05
caggttcagctggtgcagtctggagctgaggtgaagaagcctggggcctcagtgaaggtctcctgcaaggcttctggttacacctttaccagctatggtatcagctgggtgcgacaggcccctggacaagggcttgagtggatgggatggatcagcgcttacaatggtaacacaaactatgcacagaagctccagggcagagtcaccatgaccacagacacatccacgagcacagcctacatggagctgaggagcctgagatctgacgacacggccgtgtattactgtgcgagagattatgatagtagtggttattactttgactactggggccaaggaaccctggtcaccgtctcctca	IGHV1-18	IGHD3-22	IGHJ4	tgtgcgagagattatgatagtagtggttattactttgactactgg	8	4.87938763685158e-05
gaggtgcagctggtggagtctggaggaggcttgatccagcctggggggtccctgagactctcctgtgcagcctctgggttcaccgtcagtagcaactacatgagctgggtccgccaggctccagggaaggggctggagtgggtctcagttatttatagcggtggtagcacatactacgcagactccgtgaagggccgattcaccatctccagagacaattccaagaacacgctgtatcttcaaatgaacagcctgagagccgaggacacggccgtgtattactgtgcgagagtccgggggagttatgcttaccttgatgtctggggccaagggacaatggtcaccgtctcttca	IGHV3-53	IGHD3-16	IGHJ3	tgtgcgagagtccgggggagttatgcttaccttgatgtctgg	8	4.87938763685158e-05
caggttcagctggtgcagtctggagctgaggtgaagaagcctggggcctcagtgaaggtctcctgcaaggcttctggttacacctttaccagctatggtatcagctgggtgcgacaggcccctggacaagggcttgagtggatgggatggatcagcgcttacaatggtaacacaaactatgcacagaagctccagggcagagtcaccatgaccacagacacatccacgagcacagcctacatggagctgaggagcctgagatctgacgacacggccgtgtattactgtgcgagagaggtagtaccagctgctatctactttgactactggggccaaggaaccctggtcaccgtctcctca	IGHV1-18	IGHD2-2	IGHJ4	tgtgcgagagaggtagtaccagctgctatctactttgactactgg	8	4.87938763685158e-05
cagatcaccttgaaggagtctggtcctacgctggtgaaacccacacagaccctcacgctgacctgcaccttctctgggttctcactcagcactagtggagtgggtgtgggctggatccgtcagcccccaggaaaggccctggagtggcttgcactcatttattggaatgatgataagcgctacagcccatctctgaagagcaggctcaccatcaccaaggacacctccaaaaaccaggtggtccttacaatgaccaacatggaccctgtggacacagccacatattactgtgcacacagacgaggatatagtggctacgaggttgactactggggccaaggaaccctggtcaccgtctcctca	IGHV2-5	IGHD5-12	IGHJ4	tgtgcacacagacgaggatatagtggctacgaggttgactactgg	8	4.87938763685158e-05
gaggtgcagctggtgcagtctggagcagaggtgaaaaagcccggggagtctctgaagatctcctgtaagggttctggatacagctttaccagctactggatcggctgggtgcgccagatgcccgggaaaggcctggagtggatggggatcatctatcctggtgactctgataccagatacagcccgtccttccaaggccaggtcaccatctcagccgacaagtccatcagcaccgcctacctgcagtggagcagcctgaaggcctcggacaccgccatgtattactgtgcgagagagattgtaccccactactttgactactggggccaaggaaccctggtcaccgtctcctca	IGHV5-51	IGHD2-2	IGHJ4	tgtgcgagagagattgtaccccactactttgactactgg	8	4.87938763685158e-05
gaggtgcagctgttggagtctgggggaggcttggtacagcctggggggtccctgagactctcctgtgcagcctctggattcacctttagcagctatgccatgagctgggtccgccaggctccagggaaggggctggagtgggtctcagctattagtggtagtggtggtagcacatactacgcagactccgtgaagggccggttcaccatctccagagacaattccaagaacacgctgtatctgcaaatgaacagcctgagagccgaggacacggccgtatattactgtgcgaaatcgggttactactactactacggtatggacgtctgggggcaagggaccacggtcaccgtctcctca	IGHV3-23	IGHD3-10	IGHJ6	tgtgcgaaatcgggttactactactactacggtatggacgtctgg	8	4.87938763685158e-05
gaggtgcagctgttggagtctgggggaggcttggtacagcctggggggtccctgagactctcctgtgcagcctctggattcacctttagcagctatgccatgagctgggtccgccaggctccagggaaggggctggagtgggtctcagctattagtggtagtggtggtagcacatactacgcagactccgtgaagggccggttcaccatctccagagacaattccaagaacacgctgtatctgcaaatgaacagcctgagagccgaggacacggccgtatattactgtgcgaaagatgagatggctacacactggttcgactcctggggccaaggaaccctggtcaccgtctcctca	IGHV3-23	IGHD5-24	IGHJ5	tgtgcgaaagatgagatggctacacactggttcgactcctgg	8	4.87938763685158e-05
caggtccagcttgtgcagtctggggctgaggtgaagaagcctggggcctcagtgaaggtttcctgcaaggcttctggatacaccttcactagctatgctatgcattgggtgcgccaggcccccggacaaaggcttgagtggatgggatggatcaacgctggcaatggtaacacaaaatattcacagaagttccagggcagagtcaccattaccagggacacatccgcgagcacagcctacatggagctgagcagcctgagatctgaagacacggctgtgtattactgtgcgagagaggaggcgctacggccagctagctttgactactggggccaaggaaccctggtcaccgtctcctca	IGHV1-3	IGHD4-17	IGHJ4	tgtgcgagagaggaggcgctacggccagctagctttgactactgg	8	4.87938763685158e-05
gaggtgcagctgttggagtctgggggaggcttggtacagcctggggggtccctgagactctcctgtgcagcctctggattcacctttagcagctatgccatgagctgggtccgccaggctccagggaaggggctggagtgggtctcagctattagtggtagtggtggtagcacatactacgcagactccgtgaagggccggttcaccatctccagagacaattccaagaacacgctgtatctgcaaatgaacagcctgagagccgaggacacggccgtatattactgtgcgaaagatccgatggtggtagctgctacttttgactactggggccaaggaaccctggtcaccgtctcctca	IGHV3-23	IGHD2-15	IGHJ4	tgtgcgaaagatccgatggtggtagctgctacttttgactactgg	8	4.87938763685158e-05
gaggtgcagctgttggagtctgggggaggcttggtacagcctggggggtccctgagactctcctgtgcagcctctggattcacctttagcagctatgccatgagctgggtccgccaggctccagggaaggggctggagtgggtctcagctattagtggtagtggtggtagcacatactacgcagactccgtgaagggccggttcaccatctccagagacaattccaagaacacgctgtatctgcaaatgaacagcctgagagccgaggacacggccgtatattactgtgcgacttttattggctactacggtatggacgtctgggggcaagggaccacggtcaccgtctcctca	IGHV3-23	IGHD3-22	IGHJ6	tgtgcgacttttattggctactacggtatggacgtctgg	8	4.87938763685158e-05
caggttcagctggtgcagtctggagctgaggtgaagaagcctggggcctcagtgaaggtctcctgcaaggcttctggttacacctttaccagctatggtatcagctgggtgcgacaggcccctggacaagggcttgagtggatgggatggatcagcgcttacaatggtaacacaaactatgcacagaagctccagggcagagtcaccatgaccacagacacatccacgagcacagcctacatggagctgaggagcctgagatctgacgacacggccgtgtattactgtgcgagagacgatgatagtagtggttattactttgactactggggccaaggaaccctggtcaccgtctcctca	IGHV1-18	IGHD3-22	IGHJ4	tgtgcgagagacgatgatagtagtggttattactttgactactgg	8	4.87938763685158e-05
gaggtgcagctggtggagtctgggggaggcttggtaaagcctggggggtcccttagactctcctgtgcagcctctggattcactttcagtaacgcctggatgagctgggtccgccaggctccagggaaggggctggagtgggttggccgtattaaaagcaaaactgatggtgggacaacagactacgctgcacccgtgaaaggcagattcaccatctcaagagatgattcaaaaaacacgctgtatctgcaaatgaacagcctgaaaaccgaggacacagccgtgtattactgtaccacagattggtacgatattttgactgggtttgactactggggccaaggaaccctggtcaccgtctcctca	IGHV3-15	IGHD3-9	IGHJ4	tgtaccacagattggtacgatattttgactgggtttgactactgg	8	4.87938763685158e-05
caggtgcagctacagcagtggggcgcaggactgttgaagccttcggagaccctgtccctcacctgcgctgtctatggtgggtccttcagtggttactactggagctggatccgccagcccccagggaaggggctggagtggattggggaaatcaatcatagtggaagcaccaactacaacccgtccctcaagagtcgagtcaccatatcagtagacacgtccaagaaccagttctccctgaagctgagctctgtgaccgccgcggacacggctgtgtattactgtgcgagaggtggtattgtagtagtaccagcttttgactactggggccaaggaaccctggtcaccgtctcctca	IGHV4-34	IGHD2-2	IGHJ4	tgtgcgagaggtggtattgtagtagtaccagcttttgactactgg	8	4.87938763685158e-05
gaggtgcagctggtggagtctgggggaggcttggtaaagcctggggggtcccttagactctcctgtgcagcctctggattcactttcagtaacgcctggatgagctgggtccgccaggctccagggaaggggctggagtgggttggccgtattaaaagcaaaactgatggtgggacaacagactacgctgcacccgtgaaaggcagattcaccatctcaagagatgattcaaaaaacacgctgtatctgcaaatgaacagcctgaaaaccgaggacacagccgtgtattactgtaccacagatcgagggttccctggctacggtatggacgtctgggggcaagggaccacggtcaccgtctcctca	IGHV3-15	IGHD3-22	IGHJ6	tgtaccacagatcgagggttccctggctacggtatggacgtctgg	8	4.87938763685158e-05
caggtccagcttgtgcagtctggggctgaggtgaagaagcctggggcctcagtgaaggtttcctgcaaggcttctggatacaccttcactagctatgctatgcattgggtgcgccaggcccccggacaaaggcttgagtggatgggatggatcaacgctggcaatggtaacacaaaatattcacagaagttccagggcagagtcaccattaccagggacacatccgcgagcacagcctacatggagctgagcagcctgagatctgaagacacggctgtgtattactgtgcgagagataatagcagcagctggtactggtttgactactggggccaaggaaccctggtcaccgtctcctca	IGHV1-3	IGHD6-13	IGHJ4	tgtgcgagagataatagcagcagctggtactggtttgactactgg	8	4.87938763685158e-05
gaggtgcagctggtggagtctgggggaggtgtggtacggcctggggggtccctgagactctcctgtgcagcctctggattcacctttgatgattatggcatgagctgggtccgccaagctccagggaaggggctggagtgggtctctggtattaattggaatggtggtagcacaggttatgcagactctgtgaagggccgattcaccatctccagagacaacgccaagaactccctgtatctgcaaatgaacagtctgagagccgaggacacggccttgtatcactgtgcgagagctatagtgggagcggcgttcgatctctggggccgtggcaccctggtcactgtctcctca	IGHV3-20	IGHD1-26	IGHJ2	tgtgcgagagctatagtgggagcggcgttcgatctctgg	8	4.87938763685158e-05
gaggtgcagctgttggagtctgggggaggcttggtacagcctggggggtccctgagactctcctgtgcagcctctggattcacctttagcagctatgccatgagctgggtccgccaggctccagggaaggggctggagtgggtctcagctattagtggtagtggtggtagcacatactacgcagactccgtgaagggccggttcaccatctccagagacaattccaagaacacgctgtatctgcaaatgaacagcctgagagccgaggacacggccgtatattactgtgcgaaagaaactattgtggtggtgaactactttgactactggggccaaggaaccctggtcaccgtctcctca	IGHV3-23	IGHD2-21	IGHJ4	tgtgcgaaagaaactattgtggtggtgaactactttgactactgg	8	4.87938763685158e-05
gaggtgcagctgttggagtctgggggaggcttggtacagcctggggggtccctgagactctcctgtgcagcctctggattcacctttagcagctatgccatgagctgggtccgccaggctccagggaaggggctggagtgggtctcagctattagtggtagtggtggtagcacatactacgcagactccgtgaagggccggttcaccatctccagagacaattccaagaacacgctgtatctgcaaatgaacagcctgagagccgaggacacggccgtatattactgtgcgaagacgatttttggagtggactactttgactactggggccaaggaaccctggtcaccgtctcctca	IGHV3-23	IGHD3-3	IGHJ4	tgtgcgaagacgatttttggagtggactactttgactactgg	8	4.87938763685158e-05
gaggtgcagctggtggagtctgggggaggcttggtacagccagggcggtccctgagactctcctgtacagcttctggattcacctttggtgattatgctatgagctggttccgccaggctccagggaaggggctggagtgggtaggtttcattagaagcaaagcttatggtgggacaacagaatacaccgcgtctgtgaaaggcagattcaccatctcaagagatggttccaaaagcatcgcctatctgcaaatgaacagcctgaaaaccgaggacacagccgtgtattactgtactcgtagtagtaccagctgctatgcctttgactactggggccaaggaaccctggtcaccgtctcctca	IGHV3-49	IGHD2-2	IGHJ4	tgtactcgtagtagtaccagctgctatgcctttgactactgg	8	4.87938763685158e-05
gaggtgcagctggtggagtctgggggaggtgtggtacggcctggggggtccctgagactctcctgtgcagcctctggattcacctttgatgattatggcatgagctgggtccgccaagctccagggaaggggctggagtgggtctctggtattaattggaatggtggtagcacaggttatgcagactctgtgaagggccgattcaccatctccagagacaacgccaagaactccctgtatctgcaaatgaacagtctgagagccgaggacacggccttgtatcactgtgcgagagagaggcccgtagggagcttccagcactggggccagggcaccctggtcaccgtctcctca	IGHV3-20	IGHD1-26	IGHJ1	tgtgcgagagagaggcccgtagggagcttccagcactgg	8	4.87938763685158e-05
gaggtgcagctggtggagtctgggggaggcttggtacagccagggcggtccctgagactctcctgtacagcttctggattcacctttggtgattatgctatgagctggttccgccaggctccagggaaggggctggagtgggtaggtttcattagaagcaaagcttatggtgggacaacagaatacaccgcgtctgtgaaaggcagattcaccatctcaagagatggttccaaaagcatcgcctatctgcaaatgaacagcctgaaaaccgaggacacagccgtgtattactgtcgtattgtagtagtaccagctgctttttttgatgtctggggccaagggacaatggtcaccgtctcttca	IGHV3-49	IGHD2-2	IGHJ3	tgtcgtattgtagtagtaccagctgctttttttgatgtctgg	8	4.87938763685158e-05
gaggtgcagctggtgcagtctggagcagaggtgaaaaagcccggggagtctctgaagatctcctgtaagggttctggatacagctttaccagctactggatcggctgggtgcgccagatgcccgggaaaggcctggagtggatggggatcatctatcctggtgactctgataccagatacagcccgtccttccaaggccaggtcaccatctcagccgacaagtccatcagcaccgcctacctgcagtggagcagcctgaaggcctcggacaccgccatgtattactgtgcgagctggggaggggcctccccctactttgactactggggccaaggaaccctggtcaccgtctcctca	IGHV5-51	IGHD2-2	IGHJ4	tgtgcgagctggggaggggcctccccctactttgactactgg	8	4.87938763685158e-05
gaggtgcagctggtggagtctgggggaggcttggtaaagcctggggggtcccttagactctcctgtgcagcctctggattcactttcagtaacgcctggatgagctgggtccgccaggctccagggaaggggctggagtgggttggccgtattaaaagcaaaactgatggtgggacaacagactacgctgcacccgtgaaaggcagattcaccatctcaagagatgattcaaaaaacacgctgtatctgcaaatgaacagcctgaaaaccgaggacacagccgtgtattactgtaccatatggttcggggagttattatcctatttcgactcctggggccaaggaaccctggtcaccgtctcctca	IGHV3-15	IGHD3-10	IGHJ5	tgtaccatatggttcggggagttattatcctatttcgactcctgg	8	4.87938763685158e-05
caggtgcagctggtgcagtctggggctgaggtgaagaagcctggggcctcagtgaaggtttcctgcaaggcatctggatacaccttcaccagctactatatgcactgggtgcgacaggcccctggacaagggcttgagtggatgggaataatcaaccctagtggtggtagcacaagctacgcacagaagttccagggcagagtcaccatgaccagggacacgtccacgagcacagtctacatggagctgagcagcctgagatctgaggacacggccgtgtattactgtgcgagagcatgtagtagtaccagctgctcgggtgatgtctggggccaagggacaatggtcaccgtctcttca	IGHV1-46	IGHD2-2	IGHJ3	tgtgcgagagcatgtagtagtaccagctgctcgggtgatgtctgg	8	4.87938763685158e-05
caggtgcagctacagcagtggggcgcaggactgttgaagccttcggagaccctgtccctcacctgcgctgtctatggtgggtccttcagtggttactactggagctggatccgccagcccccagggaaggggctggagtggattggggaaatcaatcatagtggaagcaccaactacaacccgtccctcaagagtcgagtcaccatatcagtagacacgtccaagaaccagttctccctgaagctgagctctgtgaccgccgcggacacggctgtgtattactgtgcgagagcggtttgtagtagtaccagcatcttccagcactggggccagggcaccctggtcaccgtctcctca	IGHV4-34	IGHD2-2	IGHJ1	tgtgcgagagcggtttgtagtagtaccagcatcttccagcactgg	8	4.87938763685158e-05
gaggtgcagctggtggagtctgggggaggtgtggtacggcctggggggtccctgagactctcctgtgcagcctctggattcacctttgatgattatggcatgagctgggtccgccaagctccagggaaggggctggagtgggtctctggtattaattggaatggtggtagcacaggttatgcagactctgtgaagggccgattcaccatctccagagacaacgccaagaactccctgtatctgcaaatgaacagtctgagagccgaggacacggccttgtatcactgtgcgagttctagtacctactactactacggtatggacgtctgggggcaagggaccacggtcaccgtctcctca	IGHV3-20	IGHD2-2	IGHJ6	tgtgcgagttctagtacctactactactacggtatggacgtctgg	7	4.26946418224513e-05
caggttcagctggtgcagtctggagctgaggtgaagaagcctggggcctcagtgaaggtctcctgcaaggcttctggttacacctttaccagctatggtatcagctgggtgcgacaggcccctggacaagggcttgagtggatgggatggatcagcgcttacaatggtaacacaaactatgcacagaagctccagggcagagtcaccatgaccacagacacatccacgagcacagcctacatggagctgaggagcctgagatctgacgacacggccgtgtattactgtgcgagagatgctacggcggtctactttgactactggggccaaggaaccctggtcaccgtctcctca	IGHV1-18	IGHD4-17	IGHJ4	tgtgcgagagatgctacggcggtctactttgactactgg	7	4.26946418224513e-05
gaggtgcagctggtgcagtctggagcagaggtgaaaaagcccggggagtctctgaagatctcctgtaagggttctggatacagctttaccagctactggatcggctgggtgcgccagatgcccgggaaaggcctggagtggatggggatcatctatcctggtgactctgataccagatacagcccgtccttccaaggccaggtcaccatctcagccgacaagtccatcagcaccgcctacctgcagtggagcagcctgaaggcctcggacaccgccatgtattactgtgcgagacactatgatagtagtggttattactatgtctggggccaagggacaatggtcaccgtctcttca	IGHV5-51	IGHD3-22	IGHJ3	tgtgcgagacactatgatagtagtggttattactatgtctgg	7	4.26946418224513e-05
gaggtgcagctggtgcagtctggagcagaggtgaaaaagcccggggagtctctgaagatctcctgtaagggttctggatacagctttaccagctactggatcggctgggtgcgccagatgcccgggaaaggcctggagtggatggggatcatctatcctggtgactctgataccagatacagcccgtccttccaaggccaggtcaccatctcagccgacaagtccatcagcaccgcctacctgcagtggagcagcctgaaggcctcggacaccgccatgtattactgtgcgagacactcccgagctaccccctttgactactggggccaaggaaccctggtcaccgtctcctca	IGHV5-51	IGHD1-26	IGHJ4	tgtgcgagacactcccgagctaccccctttgactactgg	7	4.26946418224513e-05
gaggtgcagctggtgcagtctggagcagaggtgaaaaagcccggggagtctctgaagatctcctgtaagggttctggatacagctttaccagctactggatcggctgggtgcgccagatgcccgggaaaggcctggagtggatggggatcatctatcctggtgactctgataccagatacagcccgtccttccaaggccaggtcaccatctcagccgacaagtccatcagcaccgcctacctgcagtggagcagcctgaaggcctcggacaccgccatgtattactgtgcgagacagggaatagcagctcgtctcggtatggacgtctgggggcaagggaccacggtcaccgtctcctca	IGHV5-51	IGHD6-6	IGHJ6	tgtgcgagacagggaatagcagctcgtctcggtatggacgtctgg	7	4.26946418224513e-05
caggtgcagctggtgcagtctggggctgaggtgaagaagcctggggcctcagtgaaggtctcctgcaaggcttctggatacaccttcaccggctactatatgcactgggtgcgacaggcccctggacaagggcttgagtggatgggacggatcaaccctaacagtggtggcacaaactatgcacagaagtttcagggcagggtcaccagtaccagggacacgtccatcagcacagcctacatggagctgagcaggctgagatctgacgacacggtcgtgtattactgtgcgagagcagatagtagtggttattactacaactactggggccaaggaaccctggtcaccgtctcctca	IGHV1-2	IGHD3-22	IGHJ4	tgtgcgagagcagatagtagtggttattactacaactactgg	7	4.26946418224513e-05
gaggtgcagctgttggagtctgggggaggcttggtacagcctggggggtccctgagactctcctgtgcagcctctggattcacctttagcagctatgccatgagctgggtccgccaggctccagggaaggggctggagtgggtctcagctattagtggtagtggtggtagcacatactacgcagactccgtgaagggccggttcaccatctccagagacaattccaagaacacgctgtatctgcaaatgaacagcctgagagccgaggacacggccgtatattactgtgcgaaagagggacccacggggagttatggatttgactactggggccaaggaaccctggtcaccgtctcctca	IGHV3-23	IGHD3-16	IGHJ4	tgtgcgaaagagggacccacggggagttatggatttgactactgg	7	4.26946418224513e-05
caggttcagctggtgcagtctggagctgaggtgaagaagcctggggcctcagtgaaggtctcctgcaaggcttctggttacacctttaccagctatggtatcagctgggtgcgacaggcccctggacaagggcttgagtggatgggatggatcagcgcttacaatggtaacacaaactatgcacagaagctccagggcagagtcaccatgaccacagacacatccacgagcacagcctacatggagctgaggagcctgagatctgacgacacggccgtgtattactgtgcgagagactggctctgctactactacggtatggacgtctgggggcaagggaccacggtcaccgtctcctca	IGHV1-18	IGHD6-6	IGHJ6	tgtgcgagagactggctctgctactactacggtatggacgtctgg	7	4.26946418224513e-05
caggttcagctggtgcagtctggagctgaggtgaagaagcctggggcctcagtgaaggtctcctgcaaggcttctggttacacctttaccagctatggtatcagctgggtgcgacaggcccctggacaagggcttgagtggatgggatggatcagcgcttacaatggtaacacaaactatgcacagaagctccagggcagagtcaccatgaccacagacacatccacgagcacagcctacatggagctgaggagcctgagatctgacgacacggccgtgtattactgtgcgagagagggagtcccctactacggtatggacgtctgggggcaagggaccacggtcaccgtctcctca	IGHV1-18	IGHD3-10	IGHJ6	tgtgcgagagagggagtcccctactacggtatggacgtctgg	7	4.26946418224513e-05
caggtccagcttgtgcagtctggggctgaggtgaagaagcctggggcctcagtgaaggtttcctgcaaggcttctggatacaccttcactagctatgctatgcattgggtgcgccaggcccccggacaaaggcttgagtggatgggatggatcaacgctggcaatggtaacacaaaatattcacagaagttccagggcagagtcaccattaccagggacacatccgcgagcacagcctacatggagctgagcagcctgagatctgaagacacggctgtgtattactgtgcgagagacagtagtaccagctgctatgcctctgactactggggccaaggaaccctggtcaccgtctcctca	IGHV1-3	IGHD2-2	IGHJ4	tgtgcgagagacagtagtaccagctgctatgcctctgactactgg	7	4.26946418224513e-05
gaggtgcagctggtgcagtctggagcagaggtgaaaaagcccggggagtctctgaagatctcctgtaagggttctggatacagctttaccagctactggatcggctgggtgcgccagatgcccgggaaaggcctggagtggatggggatcatctatcctggtgactctgataccagatacagcccgtccttccaaggccaggtcaccatctcagccgacaagtccatcagcaccgcctacctgcagtggagcagcctgaaggcctcggacaccgccatgtattactgtgcgagacatctgattgtagtagtaccctttgactactggggccaaggaaccctggtcaccgtctcctca	IGHV5-51	IGHD2-2	IGHJ4	tgtgcgagacatctgattgtagtagtaccctttgactactgg	7	4.26946418224513e-05
caggttcagctggtgcagtctggagctgaggtgaagaagcctggggcctcagtgaaggtctcctgcaaggcttctggttacacctttaccagctatggtatcagctgggtgcgacaggcccctggacaagggcttgagtggatgggatggatcagcgcttacaatggtaacacaaactatgcacagaagctccagggcagagtcaccatgaccacagacacatccacgagcacagcctacatggagctgaggagcctgagatctgacgacacggccgtgtattactgtgcgagcggggatattgtagtagtaccagctgcggcctactggggccaaggaaccctggtcaccgtctcctca	IGHV1-18	IGHD2-2	IGHJ4	tgtgcgagcggggatattgtagtagtaccagctgcggcctactgg	7	4.26946418224513e-05
gaggtgcagctgttggagtctgggggaggcttggtacagcctggggggtccctgagactctcctgtgcagcctctggattcacctttagcagctatgccatgagctgggtccgccaggctccagggaaggggctggagtgggtctcagctattagtggtagtggtggtagcacatactacgcagactccgtgaagggccggttcaccatctccagagacaattccaagaacacgctgtatctgcaaatgaacagcctgagagccgaggacacggccgtatattactgtgcgaaagaattagcagcagctggggactactttgactactggggccaaggaaccctggtcaccgtctcctca	IGHV3-23	IGHD6-13	IGHJ4	tgtgcgaaagaattagcagcagctggggactactttgactactgg	7	4.26946418224513e-05
caggtgcagctggtgcagtctggggctgaggtgaagaagcctgggtcctcggtgaaggtctcctgcaaggcttctggaggcaccttcagcagctatgctatcagctgggtgcgacaggcccctggacaagggcttgagtggatgggagggatcatccctatctttggtacagcaaactacgcacagaagttccagggcagagtcacgattaccgcggacgaatccacgagcacagcctacatggagctgagcagcctgagatctgaggacacggccgtgtattactgtgcgagagatcctggttcggggagtgagtactttgactactggggccaaggaaccctggtcaccgtctcctca	IGHV1-69	IGHD3-10	IGHJ4	tgtgcgagagatcctggttcggggagtgagtactttgactactgg	7	4.26946418224513e-05
gaggtgcagctgttggagtctgggggaggcttggtacagcctggggggtccctgagactctcctgtgcagcctctggattcacctttagcagctatgccatgagctgggtccgccaggctccagggaaggggctggagtgggtctcagctattagtggtagtggtggtagcacatactacgcagactccgtgaagggccggttcaccatctccagagacaattccaagaacacgctgtatctgcaaatgaacagcctgagagccgaggacacggccgtatattactgtgcgaaagtcggtatagtgggagctatctactttgactactggggccaaggaaccctggtcaccgtctcctca	IGHV3-23	IGHD1-26	IGHJ4	tgtgcgaaagtcggtatagtgggagctatctactttgactactgg	7	4.26946418224513e-05
gaggtgcagctggtggagtctgggggaggcttggtaaagcctggggggtcccttagactctcctgtgcagcctctggattcactttcagtaacgcctggatgagctgggtccgccaggctccagggaaggggctggagtgggttggccgtattaaaagcaaaactgatggtgggacaacagactacgctgcacccgtgaaaggcagattcaccatctcaagagatgattcaaaaaacacgctgtatctgcaaatgaacagcctgaaaaccgaggacacagccgtgtattactgtaccacagcccttagtagatactactttgactactggggccaaggaaccctggtcaccgtctcctca	IGHV3-15	IGHD3-22	IGHJ4	tgtaccacagcccttagtagatactactttgactactgg	7	4.26946418224513e-05
gaggtgcagctgttggagtctgggggaggcttggtacagcctggggggtccctgagactctcctgtgcagcctctggattcacctttagcagctatgccatgagctgggtccgccaggctccagggaaggggctggagtgggtctcagctattagtggtagtggtggtagcacatactacgcagactccgtgaagggccggttcaccatctccagagacaattccaagaacacgctgtatctgcaaatgaacagcctgagagccgaggacacggccgtatattactgtgcgaaagatagtggtggtagctgcggctactttgactactggggccaaggaaccctggtcaccgtctcctca	IGHV3-23	IGHD2-15	IGHJ4	tgtgcgaaagatagtggtggtagctgcggctactttgactactgg	7	4.26946418224513e-05
caggtccagcttgtgcagtctggggctgaggtgaagaagcctggggcctcagtgaaggtttcctgcaaggcttctggatacaccttcactagctatgctatgcattgggtgcgccaggcccccggacaaaggcttgagtggatgggatggatcaacgctggcaatggtaacacaaaatattcacagaagttccagggcagagtcaccattaccagggacacatccgcgagcacagcctacatggagctgagcagcctgagatctgaagacacggctgtgtattactgtgcgagagacagggagctactactctggttcgactcctggggccaaggaaccctggtcaccgtctcctca	IGHV1-3	IGHD1-26	IGHJ5	tgtgcgagagacagggagctactactctggttcgactcctgg	7	4.26946418224513e-05
caggtgcagctggtgcagtctggggctgaggtgaagaagcctggggcctcagtgaaggtctcctgcaaggcttctggatacaccttcaccggctactatatgcactgggtgcgacaggcccctggacaagggcttgagtggatgggacggatcaaccctaacagtggtggcacaaactatgcacagaagtttcagggcagggtcaccagtaccagggacacgtccatcagcacagcctacatggagctgagcaggctgagatctgacgacacggtcgtgtattactgtgcgagagattgggttactaactactttgactactggggccaaggaaccctggtcaccgtctcctca	IGHV1-2	IGHD3-22	IGHJ4	tgtgcgagagattgggttactaactactttgactactgg	7	4.26946418224513e-05
caggtgcagctggtgcagtctggggctgaggtgaagaagcctggggcctcagtgaaggtctcctgcaaggcttctggatacaccttcaccggctactatatgcactgggtgcgacaggcccctggacaagggcttgagtggatgggacggatcaaccctaacagtggtggcacaaactatgcacagaagtttcagggcagggtcaccagtaccagggacacgtccatcagcacagcctacatggagctgagcaggctgagatctgacgacacggtcgtgtattactgtgcgagagcatggtggctgccctactactttgactactggggccaaggaaccctggtcaccgtctcctca	IGHV1-2	IGHD6-19	IGHJ4	tgtgcgagagcatggtggctgccctactactttgactactgg	7	4.26946418224513e-05
gaggtgcagctgttggagtctgggggaggcttggtacagcctggggggtccctgagactctcctgtgcagcctctggattcacctttagcagctatgccatgagctgggtccgccaggctccagggaaggggctggagtgggtctcagctattagtggtagtggtggtagcacatactacgcagactccgtgaagggccggttcaccatctccagagacaattccaagaacacgctgtatctgcaaatgaacagcctgagagccgaggacacggccgtatattactgtgcgaaagagcgatattttgactggtgcgactcctggggccaaggaaccctggtcaccgtctcctca	IGHV3-23	IGHD3-9	IGHJ5	tgtgcgaaagagcgatattttgactggtgcgactcctgg	7	4.26946418224513e-05
caggttcagctggtgcagtctggagctgaggtgaagaagcctggggcctcagtgaaggtctcctgcaaggcttctggttacacctttaccagctatggtatcagctgggtgcgacaggcccctggacaagggcttgagtggatgggatggatcagcgcttacaatggtaacacaaactatgcacagaagctccagggcagagtcaccatgaccacagacacatccacgagcacagcctacatggagctgaggagcctgagatctgacgacacggccgtgtattactgtgcgagaggtatagcagcagctggtacgttctttgactactggggccaaggaaccctggtcaccgtctcctca	IGHV1-18	IGHD6-13	IGHJ4	tgtgcgagaggtatagcagcagctggtacgttctttgactactgg	7	4.26946418224513e-05
caggtgcagctggtgcagtctggggctgaggtgaagaagcctggggcctcagtgaaggtttcctgcaaggcatctggatacaccttcaccagctactatatgcactgggtgcgacaggcccctggacaagggcttgagtggatgggaataatcaaccctagtggtggtagcacaagctacgcacagaagttccagggcagagtcaccatgaccagggacacgtccacgagcacagtctacatggagctgagcagcctgagatctgaggacacggccgtgtattactgtgcgagagagatagtagtggttattactacctactggggccaaggaaccctggtcaccgtctcctca	IGHV1-46	IGHD3-22	IGHJ4	tgtgcgagagagatagtagtggttattactacctactgg	7	4.26946418224513e-05
caggttcagctggtgcagtctggagctgaggtgaagaagcctggggcctcagtgaaggtctcctgcaaggcttctggttacacctttaccagctatggtatcagctgggtgcgacaggcccctggacaagggcttgagtggatgggatggatcagcgcttacaatggtaacacaaactatgcacagaagctccagggcagagtcaccatgaccacagacacatccacgagcacagcctacatggagctgaggagcctgagatctgacgacacggccgtgtattactgtgcgagagatggaggggacggtggtaaccgtgactactggggccaaggaaccctggtcaccgtctcctca	IGHV1-18	IGHD4-23	IGHJ4	tgtgcgagagatggaggggacggtggtaaccgtgactactgg	7	4.26946418224513e-05
cagatcaccttgaaggagtctggtcctacgctggtgaaacccacacagaccctcacgctgacctgcaccttctctgggttctcactcagcactagtggagtgggtgtgggctggatccgtcagcccccaggaaaggccctggagtggcttgcactcatttattggaatgatgataagcgctacagcccatctctgaagagcaggctcaccatcaccaaggacacctccaaaaaccaggtggtccttacaatgaccaacatggaccctgtggacacagccacatattactgtgcacggcacgatttttggagtggttactgctttgactactggggccaaggaaccctggtcaccgtctcctca	IGHV2-5	IGHD3-3	IGHJ4	tgtgcacggcacgatttttggagtggttactgctttgactactgg	7	4.26946418224513e-05
caggttcagctggtgcagtctggagctgaggtgaagaagcctggggcctcagtgaaggtctcctgcaaggcttctggttacacctttaccagctatggtatcagctgggtgcgacaggcccctggacaagggcttgagtggatgggatggatcagcgcttacaatggtaacacaaactatgcacagaagctccagggcagagtcaccatgaccacagacacatccacgagcacagcctacatggagctgaggagcctgagatctgacgacacggccgtgtattactgtgcgagcgggggctggtcccactactttgactactggggccaaggaaccctggtcaccgtctcctca	IGHV1-18	IGHD6-13	IGHJ4	tgtgcgagcgggggctggtcccactactttgactactgg	7	4.26946418224513e-05
caggtgcagctggtgcagtctggggctgaggtgaagaagcctggggcctcagtgaaggtttcctgcaaggcatctggatacaccttcaccagctactatatgcactgggtgcgacaggcccctggacaagggcttgagtggatgggaataatcaaccctagtggtggtagcacaagctacgcacagaagttccagggcagagtcaccatgaccagggacacgtccacgagcacagtctacatggagctgagcagcctgagatctgaggacacggccgtgtattactgtgcgagagacattgtagtagtaccagaacactttgactactggggccaaggaaccctggtcaccgtctcctca	IGHV1-46	IGHD2-2	IGHJ4	tgtgcgagagacattgtagtagtaccagaacactttgactactgg	7	4.26946418224513e-05
caggtcaccttgagggagtctggtcctgcgctggtgaaacccacacagaccctcacactgacctgcaccttctctgggttctcactcagcactagtggaatgtgtgtgagctggatccgtcagcccccagggaaggccctggagtggcttgcactcattgattgggatgatgataaatactacagcacatctctgaagaccaggctcaccatctccaaggacacctccaaaaaccaggtggtccttacaatgaccaacatggaccctgtggacacagccacgtattactgtgcacggatagtagtaccagctgctatggttgactactggggccaaggaaccctggtcaccgtctcctca	IGHV2-70	IGHD2-2	IGHJ4	tgtgcacggatagtagtaccagctgctatggttgactactgg	7	4.26946418224513e-05
cagatcaccttgaaggagtctggtcctacgctggtgaaacccacacagaccctcacgctgacctgcaccttctctgggttctcactcagcactagtggagtgggtgtgggctggatccgtcagcccccaggaaaggccctggagtggcttgcactcatttattggaatgatgataagcgctacagcccatctctgaagagcaggctcaccatcaccaaggacacctccaaaaaccaggtggtccttacaatgaccaacatggaccctgtggacacagccacatattactgtgcacacagacaggagcagcagggctactttgactactggggccaaggaaccctggtcaccgtctcctca	IGHV2-5	IGHD6-13	IGHJ4	tgtgcacacagacaggagcagcagggctactttgactactgg	7	4.26946418224513e-05
caggtgcagctggtgcagtctggggctgaggtgaagaagcctggggcctcagtgaaggtctcctgcaaggcttctggatacaccttcaccggctactatatgcactgggtgcgacaggcccctggacaagggcttgagtggatgggacggatcaaccctaacagtggtggcacaaactatgcacagaagtttcagggcagggtcaccagtaccagggacacgtccatcagcacagcctacatggagctgagcaggctgagatctgacgacacggtcgtgtattactgtgcgagagacactatgatagtagtggttcactttgactactggggccaaggaaccctggtcaccgtctcctca	IGHV1-2	IGHD3-22	IGHJ4	tgtgcgagagacactatgatagtagtggttcactttgactactgg	7	4.26946418224513e-05
caggtgcagctacagcagtggggcgcaggactgttgaagccttcggagaccctgtccctcacctgcgctgtctatggtgggtccttcagtggttactactggagctggatccgccagcccccagggaaggggctggagtggattggggaaatcaatcatagtggaagcaccaactacaacccgtccctcaagagtcgagtcaccatatcagtagacacgtccaagaaccagttctccctgaagctgagctctgtgaccgccgcggacacggctgtgtattactgtgcgagaggccggtatagcagcagcttctttgactactggggccaaggaaccctggtcaccgtctcctca	IGHV4-34	IGHD6-13	IGHJ4	tgtgcgagaggccggtatagcagcagcttctttgactactgg	7	4.26946418224513e-05
caggtgcagctggtgcagtctggggctgaggtgaagaagcctgggtcctcggtgaaggtctcctgcaaggcttctggaggcaccttcagcagctatgctatcagctgggtgcgacaggcccctggacaagggcttgagtggatgggagggatcatccctatctttggtacagcaaactacgcacagaagttccagggcagagtcacgattaccgcggacgaatccacgagcacagcctacatggagctgagcagcctgagatctgaggacacggccgtgtattactgtgcgagagaaggggggcggagctactactactttgactactggggccaaggaaccctggtcaccgtctcctca	IGHV1-69	IGHD1-26	IGHJ4	tgtgcgagagaaggggggcggagctactactactttgactactgg	7	4.26946418224513e-05
gaggtgcagctgttggagtctgggggaggcttggtacagcctggggggtccctgagactctcctgtgcagcctctggattcacctttagcagctatgccatgagctgggtccgccaggctccagggaaggggctggagtgggtctcagctattagtggtagtggtggtagcacatactacgcagactccgtgaagggccggttcaccatctccagagacaattccaagaacacgctgtatctgcaaatgaacagcctgagagccgaggacacggccgtatattactgtgcgaaagaaggagggtatagcagtggctggtttgactactggggccaaggaaccctggtcaccgtctcctca	IGHV3-23	IGHD6-19	IGHJ4	tgtgcgaaagaaggagggtatagcagtggctggtttgactactgg	7	4.26946418224513e-05
gaggtgcagctgttggagtctgggggaggcttggtacagcctggggggtccctgagactctcctgtgcagcctctggattcacctttagcagctatgccatgagctgggtccgccaggctccagggaaggggctggagtgggtctcagctattagtggtagtggtggtagcacatactacgcagactccgtgaagggccggttcaccatctccagagacaattccaagaacacgctgtatctgcaaatgaacagcctgagagccgaggacacggccgtatattactgtgcgaaagagggggcagcagctggtaagggctttgactactggggccaaggaaccctggtcaccgtctcctca	IGHV3-23	IGHD6-13	IGHJ4	tgtgcgaaagagggggcagcagctggtaagggctttgactactgg	7	4.26946418224513e-05
caggtgcagctggtgcagtctggggctgaggtgaagaagcctggggcctcagtgaaggtctcctgcaaggcttctggatacaccttcaccagttatgatatcaactgggtgcgacaggccactggacaagggcttgagtggatgggatggatgaaccctaacagtggtaacacaggctatgcacagaagttccagggcagagtcaccatgaccaggaacacctccataagcacagcctacatggagctgagcagcctgagatctgaggacacggccgtgtattactgtgcgagagtgggaagcagtggctggtcctactttgactactggggccaaggaaccctggtcaccgtctcctca	IGHV1-8	IGHD6-19	IGHJ4	tgtgcgagagtgggaagcagtggctggtcctactttgactactgg	7	4.26946418224513e-05
gaggtgcagctggtgcagtctggagcagaggtgaaaaagcccggggagtctctgaagatctcctgtaagggttctggatacagctttaccagctactggatcggctgggtgcgccagatgcccgggaaaggcctggagtggatggggatcatctatcctggtgactctgataccagatacagcccgtccttccaaggccaggtcaccatctcagccgacaagtccatcagcaccgcctacctgcagtggagcagcctgaaggcctcggacaccgccatgtattactgtgcgagtatgcgattctactactacggtatggacgtctgggggcaagggaccacggtcaccgtctcctca	IGHV5-51	IGHD3-3	IGHJ6	tgtgcgagtatgcgattctactactacggtatggacgtctgg	7	4.26946418224513e-05
gaggtgcagctgttggagtctgggggaggcttggtacagcctggggggtccctgagactctcctgtgcagcctctggattcacctttagcagctatgccatgagctgggtccgccaggctccagggaaggggctggagtgggtctcagctattagtggtagtggtggtagcacatactacgcagactccgtgaagggccggttcaccatctccagagacaattccaagaacacgctgtatctgcaaatgaacagcctgagagccgaggacacggccgtatattactgtgcgaaagatcccctagtgggatactttgactactggggccaaggaaccctggtcaccgtctcctca	IGHV3-23	IGHD1-26	IGHJ4	tgtgcgaaagatcccctagtgggatactttgactactgg	7	4.26946418224513e-05
caggttcagctggtgcagtctggagctgaggtgaagaagcctggggcctcagtgaaggtctcctgcaaggcttctggttacacctttaccagctatggtatcagctgggtgcgacaggcccctggacaagggcttgagtggatgggatggatcagcgcttacaatggtaacacaaactatgcacagaagctccagggcagagtcaccatgaccacagacacatccacgagcacagcctacatggagctgaggagcctgagatctgacgacacggccgtgtattactgtgacgatttttggagtcggtactactacggtatggacgtctgggggcaagggaccacggtcaccgtctcctca	IGHV1-18	IGHD3-3	IGHJ6	tgtgacgatttttggagtcggtactactacggtatggacgtctgg	7	4.26946418224513e-05
caggtccagcttgtgcagtctggggctgaggtgaagaagcctggggcctcagtgaaggtttcctgcaaggcttctggatacaccttcactagctatgctatgcattgggtgcgccaggcccccggacaaaggcttgagtggatgggatggatcaacgctggcaatggtaacacaaaatattcacagaagttccagggcagagtcaccattaccagggacacatccgcgagcacagcctacatggagctgagcagcctgagatctgaagacacggctgtgtattactgtgcgagagaggaggggtgctactactacggtatggacgtctgggggcaagggaccacggtcaccgtctcctca	IGHV1-3	IGHD4-17	IGHJ6	tgtgcgagagaggaggggtgctactactacggtatggacgtctgg	7	4.26946418224513e-05
caggtgcagctggtgcagtctggggctgaggtgaagaagcctggggcctcagtgaaggtctcctgcaaggcttctggatacaccttcaccggctactatatgcactgggtgcgacaggcccctggacaagggcttgagtggatgggacggatcaaccctaacagtggtggcacaaactatgcacagaagtttcagggcagggtcaccagtaccagggacacgtccatcagcacagcctacatggagctgagcaggctgagatctgacgacacggtcgtgtattactgtgcgggggattactatgatagtagtggctactttgactactggggccaaggaaccctggtcaccgtctcctca	IGHV1-2	IGHD3-22	IGHJ4	tgtgcgggggattactatgatagtagtggctactttgactactgg	7	4.26946418224513e-05
gaggtgcagctggtggagtctggaggaggcttgatccagcctggggggtccctgagactctcctgtgcagcctctgggttcaccgtcagtagcaactacatgagctgggtccgccaggctccagggaaggggctggagtgggtctcagttatttatagcggtggtagcacatactacgcagactccgtgaagggccgattcaccatctccagagacaattccaagaacacgctgtatcttcaaatgaacagcctgagagccgaggacacggccgtgtattactgtgcgagcagcagctggtacgttccctggttcgactcctggggccaaggaaccctggtcaccgtctcctca	IGHV3-53	IGHD6-13	IGHJ5	tgtgcgagcagcagctggtacgttccctggttcgactcctgg	7	4.26946418224513e-05
gaggtgcagctgttggagtctgggggaggcttggtacagcctggggggtccctgagactctcctgtgcagcctctggattcacctttagcagctatgccatgagctgggtccgccaggctccagggaaggggctggagtgggtctcagctattagtggtagtggtggtagcacatactacgcagactccgtgaagggccggttcaccatctccagagacaattccaagaacacgctgtatctgcaaatgaacagcctgagagccgaggacacggccgtatattactgtgcgaaaccctccaaggatattgtagtagtcccctactggggccaaggaaccctggtcaccgtctcctca	IGHV3-23	IGHD2-2	IGHJ4	tgtgcgaaaccctccaaggatattgtagtagtcccctactgg	7	4.26946418224513e-05
caggtgcagctacagcagtggggcgcaggactgttgaagccttcggagaccctgtccctcacctgcgctgtctatggtgggtccttcagtggttactactggagctggatccgccagcccccagggaaggggctggagtggattggggaaatcaatcatagtggaagcaccaactacaacccgtccctcaagagtcgagtcaccatatcagtagacacgtccaagaaccagttctccctgaagctgagctctgtgaccgccgcggacacggctgtgtattactgtgcgagagggcagcagctggtacgctttgactactggggccaaggaaccctggtcaccgtctcctca	IGHV4-34	IGHD6-13	IGHJ4	tgtgcgagagggcagcagctggtacgctttgactactgg	6	3.65954072763868e-05
caggttcagctggtgcagtctggagctgaggtgaagaagcctggggcctcagtgaaggtctcctgcaaggcttctggttacacctttaccagctatggtatcagctgggtgcgacaggcccctggacaagggcttgagtggatgggatggatcagcgcttacaatggtaacacaaactatgcacagaagctccagggcagagtcaccatgaccacagacacatccacgagcacagcctacatggagctgaggagcctgagatctgacgacacggccgtgtattactgtgcgagagaaggaacctcctactactacggtatggacgtctgggggcaagggaccacggtcaccgtctcctca	IGHV1-18	IGHD1-14	IGHJ6	tgtgcgagagaaggaacctcctactactacggtatggacgtctgg	6	3.65954072763868e-05
gaggtgcagctgttggagtctgggggaggcttggtacagcctggggggtccctgagactctcctgtgcagcctctggattcacctttagcagctatgccatgagctgggtccgccaggctccagggaaggggctggagtgggtctcagctattagtggtagtggtggtagcacatactacgcagactccgtgaagggccggttcaccatctccagagacaattccaagaacacgctgtatctgcaaatgaacagcctgagagccgaggacacggccgtatattactgtgcgatcgatgatagtagtggctactacggtatggacgtctgggggcaagggaccacggtcaccgtctcctca	IGHV3-23	IGHD3-22	IGHJ6	tgtgcgatcgatgatagtagtggctactacggtatggacgtctgg	6	3.65954072763868e-05
caggtgcagctggtgcagtctggggctgaggtgaagaagcctggggcctcagtgaaggtctcctgcaaggcttctggatacaccttcaccagttatgatatcaactgggtgcgacaggccactggacaagggcttgagtggatgggatggatgaaccctaacagtggtaacacaggctatgcacagaagttccagggcagagtcaccatgaccaggaacacctccataagcacagcctacatggagctgagcagcctgagatctgaggacacggccgtgtattactgtgcgagaggtatgatagtagtggactttgactactggggccaaggaaccctggtcaccgtctcctca	IGHV1-8	IGHD3-22	IGHJ4	tgtgcgagaggtatgatagtagtggactttgactactgg	6	3.65954072763868e-05
caggttcagctggtgcagtctggagctgaggtgaagaagcctggggcctcagtgaaggtctcctgcaaggcttctggttacacctttaccagctatggtatcagctgggtgcgacaggcccctggacaagggcttgagtggatgggatggatcagcgcttacaatggtaacacaaactatgcacagaagctccagggcagagtcaccatgaccacagacacatccacgagcacagcctacatggagctgaggagcctgagatctgacgacacggccgtgtattactgtgcgagagagaggggtatagcagcagctggtactgactactggggccaaggaaccctggtcaccgtctcctca	IGHV1-18	IGHD6-13	IGHJ4	tgtgcgagagagaggggtatagcagcagctggtactgactactgg	6	3.65954072763868e-05
caggttcagctggtgcagtctggagctgaggtgaagaagcctggggcctcagtgaaggtctcctgcaaggcttctggttacacctttaccagctatggtatcagctgggtgcgacaggcccctggacaagggcttgagtggatgggatggatcagcgcttacaatggtaacacaaactatgcacagaagctccagggcagagtcaccatgaccacagacacatccacgagcacagcctacatggagctgaggagcctgagatctgacgacacggccgtgtattactgtgcgagagaccgggagcagtggctggtctttgactactggggccaaggaaccctggtcaccgtctcctca	IGHV1-18	IGHD6-19	IGHJ4	tgtgcgagagaccgggagcagtggctggtctttgactactgg	6	3.65954072763868e-05
cagatcaccttgaaggagtctggtcctacgctggtgaaacccacacagaccctcacgctgacctgcaccttctctgggttctcactcagcactagtggagtgggtgtgggctggatccgtcagcccccaggaaaggccctggagtggcttgcactcatttattggaatgatgataagcgctacagcccatctctgaagagcaggctcaccatcaccaaggacacctccaaaaaccaggtggtccttacaatgaccaacatggaccctgtggacacagccacatattactgtgcacacagacccgcagctggtacctttgactactggggccaaggaaccctggtcaccgtctcctca	IGHV2-5	IGHD6-13	IGHJ4	tgtgcacacagacccgcagctggtacctttgactactgg	6	3.65954072763868e-05
gaggtgcagctggtggagtccgggggaggcttagttcagcctggggggtccctgagactctcctgtgcagcctctggattcaccttcagtagctactggatgcactgggtccgccaagctccagggaaggggctggtgtgggtctcacgtattaatagtgatgggagtagcacaagctacgcggactccgtgaagggccgattcaccatctccagagacaacgccaagaacacgctgtatctgcaaatgaacagtctgagagccgaggacacggctgtgtattactgtgcaagagatggggtagcagcagctggtctttttgatgtctggggccaagggacaatggtcaccgtctcttca	IGHV3-74	IGHD6-13	IGHJ3	tgtgcaagagatggggtagcagcagctggtctttttgatgtctgg	6	3.65954072763868e-05
gaggtgcagctgttggagtctgggggaggcttggtacagcctggggggtccctgagactctcctgtgcagcctctggattcacctttagcagctatgccatgagctgggtccgccaggctccagggaaggggctggagtgggtctcagctattagtggtagtggtggtagcacatactacgcagactccgtgaagggccggttcaccatctccagagacaattccaagaacacgctgtatctgcaaatgaacagcctgagagccgaggacacggccgtatattactgtggagatattgtagtggtggtagctgagttcgactcctggggccaaggaaccctggtcaccgtctcctca	IGHV3-23	IGHD2-15	IGHJ5	tgtggagatattgtagtggtggtagctgagttcgactcctgg	6	3.65954072763868e-05
caggttcagctggtgcagtctggagctgaggtgaagaagcctggggcctcagtgaaggtctcctgcaaggcttctggttacacctttaccagctatggtatcagctgggtgcgacaggcccctggacaagggcttgagtggatgggatggatcagcgcttacaatggtaacacaaactatgcacagaagctccagggcagagtcaccatgaccacagacacatccacgagcacagcctacatggagctgaggagcctgagatctgacgacacggccgtgtattactgtgcgagagatagcagcagctggtacatctggttcgactcctggggccaaggaaccctggtcaccgtctcctca	IGHV1-18	IGHD6-13	IGHJ5	tgtgcgagagatagcagcagctggtacatctggttcgactcctgg	6	3.65954072763868e-05
gaggtgcagctgttggagtctgggggaggcttggtacagcctggggggtccctgagactctcctgtgcagcctctggattcacctttagcagctatgccatgagctgggtccgccaggctccagggaaggggctggagtgggtctcagctattagtggtagtggtggtagcacatactacgcagactccgtgaagggccggttcaccatctccagagacaattccaagaacacgctgtatctgcaaatgaacagcctgagagccgaggacacggccgtatattactgtgcgaaagcttatagcagtggctggtactttgactactggggccaaggaaccctggtcaccgtctcctca	IGHV3-23	IGHD6-19	IGHJ4	tgtgcgaaagcttatagcagtggctggtactttgactactgg	6	3.65954072763868e-05
caggtgcagctggtgcagtctggggctgaggtgaagaagcctggggcctcagtgaaggtctcctgcaaggcttctggatacaccttcaccggctactatatgcactgggtgcgacaggcccctggacaagggcttgagtggatgggacggatcaaccctaacagtggtggcacaaactatgcacagaagtttcagggcagggtcaccagtaccagggacacgtccatcagcacagcctacatggagctgagcaggctgagatctgacgacacggtcgtgtattactgtgcgagaatgactacggtgactacctttgactactggggccaaggaaccctggtcaccgtctcctca	IGHV1-2	IGHD4-17	IGHJ4	tgtgcgagaatgactacggtgactacctttgactactgg	6	3.65954072763868e-05
gaggtgcagctggtggagtctgggggaggcttggtccagcctggagggtccctgagactctcctgtgcagcctctggattcaccttcagtgaccactacatggactgggtccgccaggctccagggaaggggctggagtgggttggccgtactagaaacaaagctaacagttacaccacagaatacgccgcgtctgtgaaaggcagattcaccatctcaagagatgattcaaagaactcactgtatctgcaaatgaacagcctgaaaaccgaggacacggccgtgtattactgtgctagaagcagcaactactactactacggtatggacgtctgggggcaagggaccacggtcaccgtctcctca	IGHV3-72	IGHD6-6	IGHJ6	tgtgctagaagcagcaactactactactacggtatggacgtctgg	6	3.65954072763868e-05
gaggtgcagctggtggagtctggaggaggcttgatccagcctggggggtccctgagactctcctgtgcagcctctgggttcaccgtcagtagcaactacatgagctgggtccgccaggctccagggaaggggctggagtgggtctcagttatttatagcggtggtagcacatactacgcagactccgtgaagggccgattcaccatctccagagacaattccaagaacacgctgtatcttcaaatgaacagcctgagagccgaggacacggccgtgtattactgtgttactatgatagtagtggttattactctctttgactactggggccaaggaaccctggtcaccgtctcctca	IGHV3-53	IGHD3-22	IGHJ4	tgtgttactatgatagtagtggttattactctctttgactactgg	6	3.65954072763868e-05
caggtgcagctggtgcagtctggggctgaggtgaagaagcctggggcctcagtgaaggtctcctgcaaggcttctggatacaccttcaccggctactatatgcactgggtgcgacaggcccctggacaagggcttgagtggatgggacggatcaaccctaacagtggtggcacaaactatgcacagaagtttcagggcagggtcaccagtaccagggacacgtccatcagcacagcctacatggagctgagcaggctgagatctgacgacacggtcgtgtattactgtgcgaggggggggggtatagcagcagctggctttgactactggggccaaggaaccctggtcaccgtctcctca	IGHV1-2	IGHD6-13	IGHJ4	tgtgcgaggggggggggtatagcagcagctggctttgactactgg	6	3.65954072763868e-05
caggtgcagctggtgcagtctggggctgaggtgaagaagcctggggcctcagtgaaggtctcctgcaaggcttctggatacaccttcaccggctactatatgcactgggtgcgacaggcccctggacaagggcttgagtggatgggacggatcaaccctaacagtggtggcacaaactatgcacagaagtttcagggcagggtcaccagtaccagggacacgtccatcagcacagcctacatggagctgagcaggctgagatctgacgacacggtcgtgtattactgtgcgagagaagcagctcgtcccccttttgactactggggccaaggaaccctggtcaccgtctcctca	IGHV1-2	IGHD6-6	IGHJ4	tgtgcgagagaagcagctcgtcccccttttgactactgg	6	3.65954072763868e-05
gaggtgcagctggtgcagtctggagcagaggtgaaaaagcccggggagtctctgaagatctcctgtaagggttctggatacagctttaccagctactggatcggctgggtgcgccagatgcccgggaaaggcctggagtggatggggatcatctatcctggtgactctgataccagatacagcccgtccttccaaggccaggtcaccatctcagccgacaagtccatcagcaccgcctacctgcagtggagcagcctgaaggcctcggacaccgccatgtattactgtgcgagtcccgcagctggtaccagtttcgatctctggggccgtggcaccctggtcactgtctcctca	IGHV5-51	IGHD6-13	IGHJ2	tgtgcgagtcccgcagctggtaccagtttcgatctctgg	6	3.65954072763868e-05
caggtgcagctggtgcagtctggggctgaggtgaagaagcctggggcctcagtgaaggtttcctgcaaggcatctggatacaccttcaccagctactatatgcactgggtgcgacaggcccctggacaagggcttgagtggatgggaataatcaaccctagtggtggtagcacaagctacgcacagaagttccagggcagagtcaccatgaccagggacacgtccacgagcacagtctacatggagctgagcagcctgagatctgaggacacggccgtgtattactgtgcgagagactatgatagtagtggttattactttgactactggggccaaggaaccctggtcaccgtctcctca	IGHV1-46	IGHD3-22	IGHJ4	tgtgcgagagactatgatagtagtggttattactttgactactgg	6	3.65954072763868e-05
caggtgcagctggtgcagtctggggctgaggtgaagaagcctggggcctcagtgaaggtttcctgcaaggcatctggatacaccttcaccagctactatatgcactgggtgcgacaggcccctggacaagggcttgagtggatgggaataatcaaccctagtggtggtagcacaagctacgcacagaagttccagggcagagtcaccatgaccagggacacgtccacgagcacagtctacatggagctgagcagcctgagatctgaggacacggccgtgtattactgtgcgagagagattgtagtggtggtagcttggttcgactcctggggccaaggaaccctggtcaccgtctcctca	IGHV1-46	IGHD2-15	IGHJ5	tgtgcgagagagattgtagtggtggtagcttggttcgactcctgg	6	3.65954072763868e-05
caggtgcagctggtgcagtctggggctgaggtgaagaagcctgggtcctcggtgaaggtctcctgcaaggcttctggaggcaccttcagcagctatgctatcagctgggtgcgacaggcccctggacaagggcttgagtggatgggagggatcatccctatctttggtacagcaaactacgcacagaagttccagggcagagtcacgattaccgcggacgaatccacgagcacagcctacatggagctgagcagcctgagatctgaggacacggccgtgtattactgtgcgaccactgccacttcctggtactttgactactggggccaaggaaccctggtcaccgtctcctca	IGHV1-69	IGHD1-7	IGHJ4	tgtgcgaccactgccacttcctggtactttgactactgg	6	3.65954072763868e-05
caggttcagctggtgcagtctggagctgaggtgaagaagcctggggcctcagtgaaggtctcctgcaaggcttctggttacacctttaccagctatggtatcagctgggtgcgacaggcccctggacaagggcttgagtggatgggatggatcagcgcttacaatggtaacacaaactatgcacagaagctccagggcagagtcaccatgaccacagacacatccacgagcacagcctacatggagctgaggagcctgagatctgacgacacggccgtgtattactgtgcgagtgggttacgatgctactactacggtatggacgtctgggggcaagggaccacggtcaccgtctcctca	IGHV1-18	IGHD3-9	IGHJ6	tgtgcgagtgggttacgatgctactactacggtatggacgtctgg	6	3.65954072763868e-05
gaggtgcagctggtggagtctgggggaggtgtggtacggcctggggggtccctgagactctcctgtgcagcctctggattcacctttgatgattatggcatgagctgggtccgccaagctccagggaaggggctggagtgggtctctggtattaattggaatggtggtagcacaggttatgcagactctgtgaagggccgattcaccatctccagagacaacgccaagaactccctgtatctgcaaatgaacagtctgagagccgaggacacggccttgtatcactgttcgccctggtatagtgggagctattactactttgactactggggccaaggaaccctggtcaccgtctcctca	IGHV3-20	IGHD1-26	IGHJ4	tgttcgccctggtatagtgggagctattactactttgactactgg	6	3.65954072763868e-05
gaggtgcagctggtggagtctgggggaggtgtggtacggcctggggggtccctgagactctcctgtgcagcctctggattcacctttgatgattatggcatgagctgggtccgccaagctccagggaaggggctggagtgggtctctggtattaattggaatggtggtagcacaggttatgcagactctgtgaagggccgattcaccatctccagagacaacgccaagaactccctgtatctgcaaatgaacagtctgagagccgaggacacggccttgtatcactgtgcgagagagagggtggactactactacggtatggacgtctgggggcaagggaccacggtcaccgtctcctca	IGHV3-20	IGHD2-15	IGHJ6	tgtgcgagagagagggtggactactactacggtatggacgtctgg	6	3.65954072763868e-05
gaggtgcagctggtggagtctgggggaggcttggtacagccagggcggtccctgagactctcctgtacagcttctggattcacctttggtgattatgctatgagctggttccgccaggctccagggaaggggctggagtgggtaggtttcattagaagcaaagcttatggtgggacaacagaatacaccgcgtctgtgaaaggcagattcaccatctcaagagatggttccaaaagcatcgcctatctgcaaatgaacagcctgaaaaccgaggacacagccgtgtattactgtactagagatggatattgtagtggtggtaggtttgactactggggccaaggaaccctggtcaccgtctcctca	IGHV3-49	IGHD2-15	IGHJ4	tgtactagagatggatattgtagtggtggtaggtttgactactgg	6	3.65954072763868e-05
caggttcagctggtgcagtctggagctgaggtgaagaagcctggggcctcagtgaaggtctcctgcaaggcttctggttacacctttaccagctatggtatcagctgggtgcgacaggcccctggacaagggcttgagtggatgggatggatcagcgcttacaatggtaacacaaactatgcacagaagctccagggcagagtcaccatgaccacagacacatccacgagcacagcctacatggagctgaggagcctgagatctgacgacacggccgtgtattactgtgcgagagagtacgtttgggggagggactactttgactactggggccaaggaaccctggtcaccgtctcctca	IGHV1-18	IGHD3-16	IGHJ4	tgtgcgagagagtacgtttgggggagggactactttgactactgg	6	3.65954072763868e-05
caggtgcagctggtggagtctgggggaggcttggtcaagcctggagggtccctgagactctcctgtgcagcctctggattcaccttcagtgactactacatgagctggatccgccaggctccagggaaggggctggagtgggtttcatacattagtagtagtggtagtaccatatactacgcagactctgtgaagggccgattcaccatctccagggacaacgccaagaactcactgtatctgcaaatgaacagcctgagagccgaggacacggccgtgtattactgtgcgagagatacgggcaattcgcactttgactactggggccaaggaaccctggtcaccgtctcctca	IGHV3-11	IGHD5-24	IGHJ4	tgtgcgagagatacgggcaattcgcactttgactactgg	6	3.65954072763868e-05
gaggtgcagctggtggagtctgggggaggcttggtacagccagggcggtccctgagactctcctgtacagcttctggattcacctttggtgattatgctatgagctggttccgccaggctccagggaaggggctggagtgggtaggtttcattagaagcaaagcttatggtgggacaacagaatacaccgcgtctgtgaaaggcagattcaccatctcaagagatggttccaaaagcatcgcctatctgcaaatgaacagcctgaaaaccgaggacacagccgtgtattactgtactagagtccttgtagtagtaccagctgcagttgactactggggccaaggaaccctggtcaccgtctcctca	IGHV3-49	IGHD2-2	IGHJ4	tgtactagagtccttgtagtagtaccagctgcagttgactactgg	6	3.65954072763868e-05
caggttcagctggtgcagtctggagctgaggtgaagaagcctggggcctcagtgaaggtctcctgcaaggcttctggttacacctttaccagctatggtatcagctgggtgcgacaggcccctggacaagggcttgagtggatgggatggatcagcgcttacaatggtaacacaaactatgcacagaagctccagggcagagtcaccatgaccacagacacatccacgagcacagcctacatggagctgaggagcctgagatctgacgacacggccgtgtattactgtgcgagagagccccacggtgacaacaactggttcgactcctggggccaaggaaccctggtcaccgtctcctca	IGHV1-18	IGHD4-17	IGHJ5	tgtgcgagagagccccacggtgacaacaactggttcgactcctgg	6	3.65954072763868e-05
caggtgcagctggtgcagtctggggctgaggtgaagaagcctggggcctcagtgaaggtctcctgcaaggcttctggatacaccttcaccggctactatatgcactgggtgcgacaggcccctggacaagggcttgagtggatgggacggatcaaccctaacagtggtggcacaaactatgcacagaagtttcagggcagggtcaccagtaccagggacacgtccatcagcacagcctacatggagctgagcaggctgagatctgacgacacggtcgtgtattactgtgcgaaacggtatagtgggagctactacctctttgactactggggccaaggaaccctggtcaccgtctcctca	IGHV1-2	IGHD1-26	IGHJ4	tgtgcgaaacggtatagtgggagctactacctctttgactactgg	6	3.65954072763868e-05
gaggtgcagctgttggagtctgggggaggcttggtacagcctggggggtccctgagactctcctgtgcagcctctggattcacctttagcagctatgccatgagctgggtccgccaggctccagggaaggggctggagtgggtctcagctattagtggtagtggtggtagcacatactacgcagactccgtgaagggccggttcaccatctccagagacaattccaagaacacgctgtatctgcaaatgaacagcctgagagccgaggacacggccgtatattactgtgcgaaagaaactggaatttcgtactactttgactactggggccaaggaaccctggtcaccgtctcctca	IGHV3-23	IGHD1-1	IGHJ4	tgtgcgaaagaaactggaatttcgtactactttgactactgg	6	3.65954072763868e-05
caggtgcagctggtgcagtctggggctgaggtgaagaagcctggggcctcagtgaaggtttcctgcaaggcatctggatacaccttcaccagctactatatgcactgggtgcgacaggcccctggacaagggcttgagtggatgggaataatcaaccctagtggtggtagcacaagctacgcacagaagttccagggcagagtcaccatgaccagggacacgtccacgagcacagtctacatggagctgagcagcctgagatctgaggacacggccgtgtattactgtgcgagagagagtgacggccgggactactttgactactggggccaaggaaccctggtcaccgtctcctca	IGHV1-46	IGHD4-23	IGHJ4	tgtgcgagagagagtgacggccgggactactttgactactgg	6	3.65954072763868e-05
gaggtgcagctgttggagtctgggggaggcttggtacagcctggggggtccctgagactctcctgtgcagcctctggattcacctttagcagctatgccatgagctgggtccgccaggctccagggaaggggctggagtgggtctcagctattagtggtagtggtggtagcacatactacgcagactccgtgaagggccggttcaccatctccagagacaattccaagaacacgctgtatctgcaaatgaacagcctgagagccgaggacacggccgtatattactgtgcgatcctagcagtggctggggactggtacttcgatctctggggccgtggcaccctggtcactgtctcctca	IGHV3-23	IGHD6-19	IGHJ2	tgtgcgatcctagcagtggctggggactggtacttcgatctctgg	6	3.65954072763868e-05
gaggtgcagctggtggagtctgggggaggcttggtacagccagggcggtccctgagactctcctgtacagcttctggattcacctttggtgattatgctatgagctggttccgccaggctccagggaaggggctggagtgggtaggtttcattagaagcaaagcttatggtgggacaacagaatacaccgcgtctgtgaaaggcagattcaccatctcaagagatggttccaaaagcatcgcctatctgcaaatgaacagcctgaaaaccgaggacacagccgtgtattactgtactagttggaggtatagtgggagctttgactactggggccaaggaaccctggtcaccgtctcctca	IGHV3-49	IGHD1-26	IGHJ4	tgtactagttggaggtatagtgggagctttgactactgg	6	3.65954072763868e-05
gaggtgcagctggtggagtctgggggaggcttggtaaagcctggggggtcccttagactctcctgtgcagcctctggattcactttcagtaacgcctggatgagctgggtccgccaggctccagggaaggggctggagtgggttggccgtattaaaagcaaaactgatggtgggacaacagactacgctgcacccgtgaaaggcagattcaccatctcaagagatgattcaaaaaacacgctgtatctgcaaatgaacagcctgaaaaccgaggacacagccgtgtattactgtaccacagattgtagtagtaccatctttgactactggggccaaggaaccctggtcaccgtctcctca	IGHV3-15	IGHD2-2	IGHJ4	tgtaccacagattgtagtagtaccatctttgactactgg	6	3.65954072763868e-05
gaggtgcagctggtggagtccgggggaggcttagttcagcctggggggtccctgagactctcctgtgcagcctctggattcaccttcagtagctactggatgcactgggtccgccaagctccagggaaggggctggtgtgggtctcacgtattaatagtgatgggagtagcacaagctacgcggactccgtgaagggccgattcaccatctccagagacaacgccaagaacacgctgtatctgcaaatgaacagtctgagagccgaggacacggctgtgtattactgtgcaagagattataacgaggaatacttccagcactggggccagggcaccctggtcaccgtctcctca	IGHV3-74	IGHD3-10	IGHJ1	tgtgcaagagattataacgaggaatacttccagcactgg	6	3.65954072763868e-05
caggtgcagctggtgcagtctggggctgaggtgaagaagcctgggtcctcggtgaaggtctcctgcaaggcttctggaggcaccttcagcagctatgctatcagctgggtgcgacaggcccctggacaagggcttgagtggatgggagggatcatccctatctttggtacagcaaactacgcacagaagttccagggcagagtcacgattaccgcggacgaatccacgagcacagcctacatggagctgagcagcctgagatctgaggacacggccgtgtattactgtgcgagagatttcatagcagcagctgggattgactactggggccaaggaaccctggtcaccgtctcctca	IGHV1-69	IGHD6-13	IGHJ4	tgtgcgagagatttcatagcagcagctgggattgactactgg	6	3.65954072763868e-05
caggtgcagctggtgcagtctggggctgaggtgaagaagcctgggtcctcggtgaaggtctcctgcaaggcttctggaggcaccttcagcagctatgctatcagctgggtgcgacaggcccctggacaagggcttgagtggatgggagggatcatccctatctttggtacagcaaactacgcacagaagttccagggcagagtcacgattaccgcggacgaatccacgagcacagcctacatggagctgagcagcctgagatctgaggacacggccgtgtattactgtgcgagagatgttcggggagttattatggactttgactactggggccaaggaaccctggtcaccgtctcctca	IGHV1-69	IGHD3-10	IGHJ4	tgtgcgagagatgttcggggagttattatggactttgactactgg	6	3.65954072763868e-05
gaggtgcagctggtgcagtctggagcagaggtgaaaaagcccggggagtctctgaagatctcctgtaagggttctggatacagctttaccagctactggatcggctgggtgcgccagatgcccgggaaaggcctggagtggatggggatcatctatcctggtgactctgataccagatacagcccgtccttccaaggccaggtcaccatctcagccgacaagtccatcagcaccgcctacctgcagtggagcagcctgaaggcctcggacaccgccatgtattactgtgcgagacattgtagtagtaccagcggggtctttgactactggggccaaggaaccctggtcaccgtctcctca	IGHV5-51	IGHD2-2	IGHJ4	tgtgcgagacattgtagtagtaccagcggggtctttgactactgg	6	3.65954072763868e-05
gaggtgcagctggtgcagtctggagcagaggtgaaaaagcccggggagtctctgaagatctcctgtaagggttctggatacagctttaccagctactggatcggctgggtgcgccagatgcccgggaaaggcctggagtggatggggatcatctatcctggtgactctgataccagatacagcccgtccttccaaggccaggtcaccatctcagccgacaagtccatcagcaccgcctacctgcagtggagcagcctgaaggcctcggacaccgccatgtattactgtgcgagacaagcagaggtgactacggactttgactactggggccaaggaaccctggtcaccgtctcctca	IGHV5-51	IGHD4-17	IGHJ4	tgtgcgagacaagcagaggtgactacggactttgactactgg	6	3.65954072763868e-05
caggtgcagctggtgcagtctggggctgaggtgaagaagcctggggcctcagtgaaggtctcctgcaaggcttctggatacaccttcaccagttatgatatcaactgggtgcgacaggccactggacaagggcttgagtggatgggatggatgaaccctaacagtggtaacacaggctatgcacagaagttccagggcagagtcaccatgaccaggaacacctccataagcacagcctacatggagctgagcagcctgagatctgaggacacggccgtgtattactgtgcgagagggtatagtgggagctgggactttgactactggggccaaggaaccctggtcaccgtctcctca	IGHV1-8	IGHD1-26	IGHJ4	tgtgcgagagggtatagtgggagctgggactttgactactgg	6	3.65954072763868e-05
gaggtgcagctggtgcagtctggagcagaggtgaaaaagcccggggagtctctgaagatctcctgtaagggttctggatacagctttaccagctactggatcggctgggtgcgccagatgcccgggaaaggcctggagtggatggggatcatctatcctggtgactctgataccagatacagcccgtccttccaaggccaggtcaccatctcagccgacaagtccatcagcaccgcctacctgcagtggagcagcctgaaggcctcggacaccgccatgtattactgtgcgagaccagggacgatttttggagtggaagactactggggccaaggaaccctggtcaccgtctcctca	IGHV5-51	IGHD3-3	IGHJ4	tgtgcgagaccagggacgatttttggagtggaagactactgg	6	3.65954072763868e-05
caggtccagctggtacagtctggggctgaggtgaagaagcctggggcctcagtgaaggtctcctgcaaggtttccggatacaccctcactgaattatccatgcactgggtgcgacaggctcctggaaaagggcttgagtggatgggaggttttgatcctgaagatggtgaaacaatctacgcacagaagttccagggcagagtcaccatgaccgaggacacatctacagacacagcctacatggagctgagcagcctgagatctgaggacacggccgtgtattactgtgcaacagagggtatagcagcagctggtacctttgactactggggccaaggaaccctggtcaccgtctcctca	IGHV1-24	IGHD6-13	IGHJ4	tgtgcaacagagggtatagcagcagctggtacctttgactactgg	6	3.65954072763868e-05
gaggtgcagctggtggagtccgggggaggcttagttcagcctggggggtccctgagactctcctgtgcagcctctggattcaccttcagtagctactggatgcactgggtccgccaagctccagggaaggggctggtgtgggtctcacgtattaatagtgatgggagtagcacaagctacgcggactccgtgaagggccgattcaccatctccagagacaacgccaagaacacgctgtatctgcaaatgaacagtctgagagccgaggacacggctgtgtattactgtgctcctagcagcagctggtacgactactttgactactggggccaaggaaccctggtcaccgtctcctca	IGHV3-74	IGHD6-13	IGHJ4	tgtgctcctagcagcagctggtacgactactttgactactgg	6	3.65954072763868e-05
caggtgcagctggtgcagtctggggctgaggtgaagaagcctggggcctcagtgaaggtctcctgcaaggcttctggatacaccttcaccggctactatatgcactgggtgcgacaggcccctggacaagggcttgagtggatgggacggatcaaccctaacagtggtggcacaaactatgcacagaagtttcagggcagggtcaccagtaccagggacacgtccatcagcacagcctacatggagctgagcaggctgagatctgacgacacggtcgtgtattactgtgcgaagactacggtggtaactcctggctactttgactactggggccaaggaaccctggtcaccgtctcctca	IGHV1-2	IGHD4-23	IGHJ4	tgtgcgaagactacggtggtaactcctggctactttgactactgg	6	3.65954072763868e-05
gaggtgcagctggtggagtctgggggaggcttggtccagcctggagggtccctgagactctcctgtgcagcctctggattcaccttcagtgaccactacatggactgggtccgccaggctccagggaaggggctggagtgggttggccgtactagaaacaaagctaacagttacaccacagaatacgccgcgtctgtgaaaggcagattcaccatctcaagagatgattcaaagaactcactgtatctgcaaatgaacagcctgaaaaccgaggacacggccgtgtattactgtgctagagaatcgtgtaactggggacactttgactactggggccaaggaaccctggtcaccgtctcctca	IGHV3-72	IGHD7-27	IGHJ4	tgtgctagagaatcgtgtaactggggacactttgactactgg	6	3.65954072763868e-05
caggtgcagctggtgcagtctggggctgaggtgaagaagcctggggcctcagtgaaggtctcctgcaaggcttctggatacaccttcaccggctactatatgcactgggtgcgacaggcccctggacaagggcttgagtggatgggacggatcaaccctaacagtggtggcacaaactatgcacagaagtttcagggcagggtcaccagtaccagggacacgtccatcagcacagcctacatggagctgagcaggctgagatctgacgacacggtcgtgtattactgtgcgagagaaggttactatgatagtagtgggtactggggccaaggaaccctggtcaccgtctcctca	IGHV1-2	IGHD3-22	IGHJ4	tgtgcgagagaaggttactatgatagtagtgggtactgg	6	3.65954072763868e-05
caggtgcagctggtgcagtctggggctgaggtgaagaagcctgggtcctcggtgaaggtctcctgcaaggcttctggaggcaccttcagcagctatgctatcagctgggtgcgacaggcccctggacaagggcttgagtggatgggagggatcatccctatctttggtacagcaaactacgcacagaagttccagggcagagtcacgattaccgcggacgaatccacgagcacagcctacatggagctgagcagcctgagatctgaggacacggccgtgtattactgtgcgagagatcgtagtagtaccagctgctttgactactggggccaaggaaccctggtcaccgtctcctca	IGHV1-69	IGHD2-2	IGHJ4	tgtgcgagagatcgtagtagtaccagctgctttgactactgg	6	3.65954072763868e-05
gaagtgcagctggtggagtctgggggagtcgtggtacagcctggggggtccctgagactctcctgtgcagcctctggattcacctttgatgattataccatgcactgggtccgtcaagctccggggaagggtctggagtgggtctctcttattagttgggatggtggtagcacatactatgcagactctgtgaagggccgattcaccatctccagagacaacagcaaaaactccctgtatctgcaaatgaacagtctgagaactgaggacaccgccttgtattactgtgcaaaagatagcagtggctgctactttgactactggggccaaggaaccctggtcaccgtctcctca	IGHV3-43	IGHD6-19	IGHJ4	tgtgcaaaagatagcagtggctgctactttgactactgg	6	3.65954072763868e-05
caggtgcagctggtgcagtctggggctgaggtgaagaagcctggggcctcagtgaaggtctcctgcaaggcttctggatacaccttcaccggctactatatgcactgggtgcgacaggcccctggacaagggcttgagtggatgggacggatcaaccctaacagtggtggcacaaactatgcacagaagtttcagggcagggtcaccagtaccagggacacgtccatcagcacagcctacatggagctgagcaggctgagatctgacgacacggtcgtgtattactgtgcgagagtggtaatattggggcactactttgactactggggccaaggaaccctggtcaccgtctcctca	IGHV1-2	IGHD3-9	IGHJ4	tgtgcgagagtggtaatattggggcactactttgactactgg	6	3.65954072763868e-05
cagatcaccttgaaggagtctggtcctacgctggtgaaacccacacagaccctcacgctgacctgcaccttctctgggttctcactcagcactagtggagtgggtgtgggctggatccgtcagcccccaggaaaggccctggagtggcttgcactcatttattggaatgatgataagcgctacagcccatctctgaagagcaggctcaccatcaccaaggacacctccaaaaaccaggtggtccttacaatgaccaacatggaccctgtggacacagccacatattactgtgcacacagacggccggttcggggagttattataaactactggggccaaggaaccctggtcaccgtctcctca	IGHV2-5	IGHD3-10	IGHJ4	tgtgcacacagacggccggttcggggagttattataaactactgg	6	3.65954072763868e-05
cagatcaccttgaaggagtctggtcctacgctggtgaaacccacacagaccctcacgctgacctgcaccttctctgggttctcactcagcactagtggagtgggtgtgggctggatccgtcagcccccaggaaaggccctggagtggcttgcactcatttattggaatgatgataagcgctacagcccatctctgaagagcaggctcaccatcaccaaggacacctccaaaaaccaggtggtccttacaatgaccaacatggaccctgtggacacagccacatattactgtgcacacagtgtagtagtaccagctgtttttgactactggggccaaggaaccctggtcaccgtctcctca	IGHV2-5	IGHD2-2	IGHJ4	tgtgcacacagtgtagtagtaccagctgtttttgactactgg	6	3.65954072763868e-05
cagatcaccttgaaggagtctggtcctacgctggtgaaacccacacagaccctcacgctgacctgcaccttctctgggttctcactcagcactagtggagtgggtgtgggctggatccgtcagcccccaggaaaggccctggagtggcttgcactcatttattggaatgatgataagcgctacagcccatctctgaagagcaggctcaccatcaccaaggacacctccaaaaaccaggtggtccttacaatgaccaacatggaccctgtggacacagccacatattactgtgcacacagacttttggagtggttattatttgactactggggccaaggaaccctggtcaccgtctcctca	IGHV2-5	IGHD3-3	IGHJ4	tgtgcacacagacttttggagtggttattatttgactactgg	6	3.65954072763868e-05
caggtgcagctggtgcagtctggggctgaggtgaagaagcctgggtcctcggtgaaggtctcctgcaaggcttctggaggcaccttcagcagctatgctatcagctgggtgcgacaggcccctggacaagggcttgagtggatgggagggatcatccctatctttggtacagcaaactacgcacagaagttccagggcagagtcacgattaccgcggacgaatccacgagcacagcctacatggagctgagcagcctgagatctgaggacacggccgtgtattactgtgtgggtatagcagtggctggtatggatgcttttgatgtctggggccaagggacaatggtcaccgtctcttca	IGHV1-69	IGHD6-19	IGHJ3	tgtgtgggtatagcagtggctggtatggatgcttttgatgtctgg	6	3.65954072763868e-05
caggtgcagctggtgcagtctggggctgaggtgaagaagcctggggcctcagtgaaggtctcctgcaaggcttctggatacaccttcaccggctactatatgcactgggtgcgacaggcccctggacaagggcttgagtggatgggacggatcaaccctaacagtggtggcacaaactatgcacagaagtttcagggcagggtcaccagtaccagggacacgtccatcagcacagcctacatggagctgagcaggctgagatctgacgacacggtcgtgtattactgtgcgagtagtagtaggggtgatgcttttgatgtctggggccaagggacaatggtcaccgtctcttca	IGHV1-2	IGHD2-2	IGHJ3	tgtgcgagtagtagtaggggtgatgcttttgatgtctgg	6	3.65954072763868e-05
caggttcagctggtgcagtctggagctgaggtgaagaagcctggggcctcagtgaaggtctcctgcaaggcttctggttacacctttaccagctatggtatcagctgggtgcgacaggcccctggacaagggcttgagtggatgggatggatcagcgcttacaatggtaacacaaactatgcacagaagctccagggcagagtcaccatgaccacagacacatccacgagcacagcctacatggagctgaggagcctgagatctgacgacacggccgtgtattactgtgcgagagtcagtagtacggggcggtttgactactggggccaaggaaccctggtcaccgtctcctca	IGHV1-18	IGHD2-2	IGHJ4	tgtgcgagagtcagtagtacggggcggtttgactactgg	5	3.04961727303223e-05
caggttcagctggtgcagtctggagctgaggtgaagaagcctggggcctcagtgaaggtctcctgcaaggcttctggttacacctttaccagctatggtatcagctgggtgcgacaggcccctggacaagggcttgagtggatgggatggatcagcgcttacaatggtaacacaaactatgcacagaagctccagggcagagtcaccatgaccacagacacatccacgagcacagcctacatggagctgaggagcctgagatctgacgacacggccgtgtattactgtgcgagagagggtatagcagtggctggcccttatgtctggggccaagggacaatggtcaccgtctcttca	IGHV1-18	IGHD6-19	IGHJ3	tgtgcgagagagggtatagcagtggctggcccttatgtctgg	5	3.04961727303223e-05
caggtgcagctggtgcagtctggggctgaggtgaagaagcctgggtcctcggtgaaggtctcctgcaaggcttctggaggcaccttcagcagctatgctatcagctgggtgcgacaggcccctggacaagggcttgagtggatgggagggatcatccctatctttggtacagcaaactacgcacagaagttccagggcagagtcacgattaccgcggacgaatccacgagcacagcctacatggagctgagcagcctgagatctgaggacacggccgtgtattactgtgcgagagactattgtagtggtggtagctactttgactactggggccaaggaaccctggtcaccgtctcctca	IGHV1-69	IGHD2-15	IGHJ4	tgtgcgagagactattgtagtggtggtagctactttgactactgg	5	3.04961727303223e-05
gaggtgcagctgttggagtctgggggaggcttggtacagcctggggggtccctgagactctcctgtgcagcctctggattcacctttagcagctatgccatgagctgggtccgccaggctccagggaaggggctggagtgggtctcagctattagtggtagtggtggtagcacatactacgcagactccgtgaagggccggttcaccatctccagagacaattccaagaacacgctgtatctgcaaatgaacagcctgagagccgaggacacggccgtatattactgtgcgaaagagggcagcagctggccgggatacttccagcactggggccagggcaccctggtcaccgtctcctca	IGHV3-23	IGHD6-13	IGHJ1	tgtgcgaaagagggcagcagctggccgggatacttccagcactgg	5	3.04961727303223e-05
gaggtgcagctggtggagtctgggggaggcttggtaaagcctggggggtcccttagactctcctgtgcagcctctggattcactttcagtaacgcctggatgagctgggtccgccaggctccagggaaggggctggagtgggttggccgtattaaaagcaaaactgatggtgggacaacagactacgctgcacccgtgaaaggcagattcaccatctcaagagatgattcaaaaaacacgctgtatctgcaaatgaacagcctgaaaaccgaggacacagccgtgtattactgtaccacagagtccgttcgagactactttgactactggggccaaggaaccctggtcaccgtctcctca	IGHV3-15	IGHD3-10	IGHJ4	tgtaccacagagtccgttcgagactactttgactactgg	5	3.04961727303223e-05
gaggtgcagctggtggagtctgggggaggcttggtaaagcctggggggtcccttagactctcctgtgcagcctctggattcactttcagtaacgcctggatgagctgggtccgccaggctccagggaaggggctggagtgggttggccgtattaaaagcaaaactgatggtgggacaacagactacgctgcacccgtgaaaggcagattcaccatctcaagagatgattcaaaaaacacgctgtatctgcaaatgaacagcctgaaaaccgaggacacagccgtgtattactgtactagagtagtggttattactaactactttgactactggggccaaggaaccctggtcaccgtctcctca	IGHV3-15	IGHD3-22	IGHJ4	tgtactagagtagtggttattactaactactttgactactgg	5	3.04961727303223e-05
caggttcagctggtgcagtctggagctgaggtgaagaagcctggggcctcagtgaaggtctcctgcaaggcttctggttacacctttaccagctatggtatcagctgggtgcgacaggcccctggacaagggcttgagtggatgggatggatcagcgcttacaatggtaacacaaactatgcacagaagctccagggcagagtcaccatgaccacagacacatccacgagcacagcctacatggagctgaggagcctgagatctgacgacacggccgtgtattactgtgcgagagagggtatcgggtactatgggttcgactcctggggccaaggaaccctggtcaccgtctcctca	IGHV1-18	IGHD3-10	IGHJ5	tgtgcgagagagggtatcgggtactatgggttcgactcctgg	5	3.04961727303223e-05
cagctgcagctgcaggagtccggctcaggactggtgaagccttcacagaccctgtccctcacctgcgctgtctctggtggctccatcagcagtggtggttactcctggagctggatccggcagccaccagggaagggcctggagtggattgggtacatctatcatagtgggagcacctactacaacccgtccctcaagagtcgagtcaccatatcagtagacaggtccaagaaccagttctccctgaagctgagctctgtgaccgccgcggacacggccgtgtattactgtggtggatactatggttcggggagttcttttgactactggggccaaggaaccctggtcaccgtctcctca	IGHV4-30-2	IGHD3-10	IGHJ4	tgtggtggatactatggttcggggagttcttttgactactgg	5	3.04961727303223e-05
caggtccagcttgtgcagtctggggctgaggtgaagaagcctggggcctcagtgaaggtttcctgcaaggcttctggatacaccttcactagctatgctatgcattgggtgcgccaggcccccggacaaaggcttgagtggatgggatggatcaacgctggcaatggtaacacaaaatattcacagaagttccagggcagagtcaccattaccagggacacatccgcgagcacagcctacatggagctgagcagcctgagatctgaagacacggctgtgtattactgtgcgagagaaggtttccccaactggttcgactcctggggccaaggaaccctggtcaccgtctcctca	IGHV1-3	IGHD1-26	IGHJ5	tgtgcgagagaaggtttccccaactggttcgactcctgg	5	3.04961727303223e-05
caggtgcagctggtgcagtctggggctgaggtgaagaagcctgggtcctcggtgaaggtctcctgcaaggcttctggaggcaccttcagcagctatgctatcagctgggtgcgacaggcccctggacaagggcttgagtggatgggagggatcatccctatctttggtacagcaaactacgcacagaagttccagggcagagtcacgattaccgcggacgaatccacgagcacagcctacatggagctgagcagcctgagatctgaggacacggccgtgtattactgtgcgagattactatggttcggggagccccactttgactactggggccaaggaaccctggtcaccgtctcctca	IGHV1-69	IGHD3-10	IGHJ4	tgtgcgagattactatggttcggggagccccactttgactactgg	5	3.04961727303223e-05
gaagtgcagctggtggagtctgggggagtcgtggtacagcctggggggtccctgagactctcctgtgcagcctctggattcacctttgatgattataccatgcactgggtccgtcaagctccggggaagggtctggagtgggtctctcttattagttgggatggtggtagcacatactatgcagactctgtgaagggccgattcaccatctccagagacaacagcaaaaactccctgtatctgcaaatgaacagtctgagaactgaggacaccgccttgtattactgtgcaaggggaataaggtactactacggtatggacgtctgggggcaagggaccacggtcaccgtctcctca	IGHV3-43	IGHD3-10	IGHJ6	tgtgcaaggggaataaggtactactacggtatggacgtctgg	5	3.04961727303223e-05
gaggtgcagctgttggagtctgggggaggcttggtacagcctggggggtccctgagactctcctgtgcagcctctggattcacctttagcagctatgccatgagctgggtccgccaggctccagggaaggggctggagtgggtctcagctattagtggtagtggtggtagcacatactacgcagactccgtgaagggccggttcaccatctccagagacaattccaagaacacgctgtatctgcaaatgaacagcctgagagccgaggacacggccgtatattactgtgcgaatgtagaccgggtgtactactacggtatggacgtctgggggcaagggaccacggtcaccgtctcctca	IGHV3-23	IGHD2-2	IGHJ6	tgtgcgaatgtagaccgggtgtactactacggtatggacgtctgg	5	3.04961727303223e-05
cagatcaccttgaaggagtctggtcctacgctggtgaaacccacacagaccctcacgctgacctgcaccttctctgggttctcactcagcactagtggagtgggtgtgggctggatccgtcagcccccaggaaaggccctggagtggcttgcactcatttattggaatgatgataagcgctacagcccatctctgaagagcaggctcaccatcaccaaggacacctccaaaaaccaggtggtccttacaatgaccaacatggaccctgtggacacagccacatattactgtgcacacaggaggattacgatttttggagtggttaactggggccaaggaaccctggtcaccgtctcctca	IGHV2-5	IGHD3-3	IGHJ4	tgtgcacacaggaggattacgatttttggagtggttaactgg	5	3.04961727303223e-05
caggtgcagctggtgcagtctggggctgaggtgaagaagcctggggcctcagtgaaggtttcctgcaaggcatctggatacaccttcaccagctactatatgcactgggtgcgacaggcccctggacaagggcttgagtggatgggaataatcaaccctagtggtggtagcacaagctacgcacagaagttccagggcagagtcaccatgaccagggacacgtccacgagcacagtctacatggagctgagcagcctgagatctgaggacacggccgtgtattactgtgcgagagatccccccataagggtgtttgactactggggccaaggaaccctggtcaccgtctcctca	IGHV1-46	IGHD3-9	IGHJ4	tgtgcgagagatccccccataagggtgtttgactactgg	5	3.04961727303223e-05
caggtgcagctggtgcagtctggggctgaggtgaagaagcctggggcctcagtgaaggtctcctgcaaggcttctggatacaccttcaccggctactatatgcactgggtgcgacaggcccctggacaagggcttgagtggatgggacggatcaaccctaacagtggtggcacaaactatgcacagaagtttcagggcagggtcaccagtaccagggacacgtccatcagcacagcctacatggagctgagcaggctgagatctgacgacacggtcgtgtattactgtgcgagagatccccgccatacctggttcgactcctggggccaaggaaccctggtcaccgtctcctca	IGHV1-2	IGHD3-3	IGHJ5	tgtgcgagagatccccgccatacctggttcgactcctgg	5	3.04961727303223e-05
gaggtgcagctgttggagtctgggggaggcttggtacagcctggggggtccctgagactctcctgtgcagcctctggattcacctttagcagctatgccatgagctgggtccgccaggctccagggaaggggctggagtgggtctcagctattagtggtagtggtggtagcacatactacgcagactccgtgaagggccggttcaccatctccagagacaattccaagaacacgctgtatctgcaaatgaacagcctgagagccgaggacacggccgtatattactgtgcgaaagatggtgactaccactactttgactactggggccaaggaaccctggtcaccgtctcctca	IGHV3-23	IGHD4-17	IGHJ4	tgtgcgaaagatggtgactaccactactttgactactgg	5	3.04961727303223e-05
gaggtgcagctggtggagtctgggggaggcttggtaaagcctggggggtcccttagactctcctgtgcagcctctggattcactttcagtaacgcctggatgagctgggtccgccaggctccagggaaggggctggagtgggttggccgtattaaaagcaaaactgatggtgggacaacagactacgctgcacccgtgaaaggcagattcaccatctcaagagatgattcaaaaaacacgctgtatctgcaaatgaacagcctgaaaaccgaggacacagccgtgtattactgtactgggtaccagctgctatgctctggctactttgactactggggccaaggaaccctggtcaccgtctcctca	IGHV3-15	IGHD2-2	IGHJ4	tgtactgggtaccagctgctatgctctggctactttgactactgg	5	3.04961727303223e-05
caggtgcagctggtgcagtctggggctgaggtgaagaagcctggggcctcagtgaaggtttcctgcaaggcatctggatacaccttcaccagctactatatgcactgggtgcgacaggcccctggacaagggcttgagtggatgggaataatcaaccctagtggtggtagcacaagctacgcacagaagttccagggcagagtcaccatgaccagggacacgtccacgagcacagtctacatggagctgagcagcctgagatctgaggacacggccgtgtattactgtgcgagagacgatttttggagtggttattcttttgatgtctggggccaagggacaatggtcaccgtctcttca	IGHV1-46	IGHD3-3	IGHJ3	tgtgcgagagacgatttttggagtggttattcttttgatgtctgg	5	3.04961727303223e-05
caggttcagctggtgcagtctggagctgaggtgaagaagcctggggcctcagtgaaggtctcctgcaaggcttctggttacacctttaccagctatggtatcagctgggtgcgacaggcccctggacaagggcttgagtggatgggatggatcagcgcttacaatggtaacacaaactatgcacagaagctccagggcagagtcaccatgaccacagacacatccacgagcacagcctacatggagctgaggagcctgagatctgacgacacggccgtgtattactgtgcgagagagactacggtgactacccgtgcttttgatgtctggggccaagggacaatggtcaccgtctcttca	IGHV1-18	IGHD4-17	IGHJ3	tgtgcgagagagactacggtgactacccgtgcttttgatgtctgg	5	3.04961727303223e-05
caggtgcagctggtgcagtctggggctgaggtgaagaagcctggggcctcagtgaaggtctcctgcaaggcttctggatacaccttcaccagttatgatatcaactgggtgcgacaggccactggacaagggcttgagtggatgggatggatgaaccctaacagtggtaacacaggctatgcacagaagttccagggcagagtcaccatgaccaggaacacctccataagcacagcctacatggagctgagcagcctgagatctgaggacacggccgtgtattactgtgcgagaggtcaatggggagagggctactttgactactggggccaaggaaccctggtcaccgtctcctca	IGHV1-8	IGHD7-27	IGHJ4	tgtgcgagaggtcaatggggagagggctactttgactactgg	5	3.04961727303223e-05
caggtgcagctggtgcagtctggggctgaggtgaagaagcctggggcctcagtgaaggtctcctgcaaggcttctggatacaccttcaccggctactatatgcactgggtgcgacaggcccctggacaagggcttgagtggatgggacggatcaaccctaacagtggtggcacaaactatgcacagaagtttcagggcagggtcaccagtaccagggacacgtccatcagcacagcctacatggagctgagcaggctgagatctgacgacacggtcgtgtattactgtgcgagagccaaggactactacggtatggacgtctgggggcaagggaccacggtcaccgtctcctca	IGHV1-2	IGHD7-27	IGHJ6	tgtgcgagagccaaggactactacggtatggacgtctgg	5	3.04961727303223e-05
caggtgcagctacagcagtggggcgcaggactgttgaagccttcggagaccctgtccctcacctgcgctgtctatggtgggtccttcagtggttactactggagctggatccgccagcccccagggaaggggctggagtggattggggaaatcaatcatagtggaagcaccaactacaacccgtccctcaagagtcgagtcaccatatcagtagacacgtccaagaaccagttctccctgaagctgagctctgtgaccgccgcggacacggctgtgtattactgtgctggaccccgatattttgactggttattctttgactactggggccaaggaaccctggtcaccgtctcctca	IGHV4-34	IGHD3-9	IGHJ4	tgtgctggaccccgatattttgactggttattctttgactactgg	5	3.04961727303223e-05
gaggtgcagctggtggagtctgggggaggtgtggtacggcctggggggtccctgagactctcctgtgcagcctctggattcacctttgatgattatggcatgagctgggtccgccaagctccagggaaggggctggagtgggtctctggtattaattggaatggtggtagcacaggttatgcagactctgtgaagggccgattcaccatctccagagacaacgccaagaactccctgtatctgcaaatgaacagtctgagagccgaggacacggccttgtatcactgtgcgagagatagtggctacgaggggagctttgactactggggccaaggaaccctggtcaccgtctcctca	IGHV3-20	IGHD5-12	IGHJ4	tgtgcgagagatagtggctacgaggggagctttgactactgg	5	3.04961727303223e-05
gaggtgcagctgttggagtctgggggaggcttggtacagcctggggggtccctgagactctcctgtgcagcctctggattcacctttagcagctatgccatgagctgggtccgccaggctccagggaaggggctggagtgggtctcagctattagtggtagtggtggtagcacatactacgcagactccgtgaagggccggttcaccatctccagagacaattccaagaacacgctgtatctgcaaatgaacagcctgagagccgaggacacggccgtatattactgtgcgaaagaggtgatagtagtggttattactgactactggggccaaggaaccctggtcaccgtctcctca	IGHV3-23	IGHD3-22	IGHJ4	tgtgcgaaagaggtgatagtagtggttattactgactactgg	5	3.04961727303223e-05
caggtgcagctggtgcagtctggggctgaggtgaagaagcctgggtcctcggtgaaggtctcctgcaaggcttctggaggcaccttcagcagctatgctatcagctgggtgcgacaggcccctggacaagggcttgagtggatgggagggatcatccctatctttggtacagcaaactacgcacagaagttccagggcagagtcacgattaccgcggacgaatccacgagcacagcctacatggagctgagcagcctgagatctgaggacacggccgtgtattactgtgcgagagagaggtgcagtggctggtacggatttgactactggggccaaggaaccctggtcaccgtctcctca	IGHV1-69	IGHD6-19	IGHJ4	tgtgcgagagagaggtgcagtggctggtacggatttgactactgg	5	3.04961727303223e-05
caggttcagctggtgcagtctggagctgaggtgaagaagcctggggcctcagtgaaggtctcctgcaaggcttctggttacacctttaccagctatggtatcagctgggtgcgacaggcccctggacaagggcttgagtggatgggatggatcagcgcttacaatggtaacacaaactatgcacagaagctccagggcagagtcaccatgaccacagacacatccacgagcacagcctacatggagctgaggagcctgagatctgacgacacggccgtgtattactgtgcgagtagatattgtagtagtaccacgtacttcgatctctggggccgtggcaccctggtcactgtctcctca	IGHV1-18	IGHD2-2	IGHJ2	tgtgcgagtagatattgtagtagtaccacgtacttcgatctctgg	5	3.04961727303223e-05
caggtgcagctggtgcagtctggggctgaggtgaagaagcctggggcctcagtgaaggtctcctgcaaggcttctggatacaccttcaccagttatgatatcaactgggtgcgacaggccactggacaagggcttgagtggatgggatggatgaaccctaacagtggtaacacaggctatgcacagaagttccagggcagagtcaccatgaccaggaacacctccataagcacagcctacatggagctgagcagcctgagatctgaggacacggccgtgtattactgtgcgagaggggagatggctacgttctactttgactactggggccaaggaaccctggtcaccgtctcctca	IGHV1-8	IGHD5-24	IGHJ4	tgtgcgagaggggagatggctacgttctactttgactactgg	5	3.04961727303223e-05
caggtccagcttgtgcagtctggggctgaggtgaagaagcctggggcctcagtgaaggtttcctgcaaggcttctggatacaccttcactagctatgctatgcattgggtgcgccaggcccccggacaaaggcttgagtggatgggatggatcaacgctggcaatggtaacacaaaatattcacagaagttccagggcagagtcaccattaccagggacacatccgcgagcacagcctacatggagctgagcagcctgagatctgaagacacggctgtgtattactgtgcgagagacctggttcggggagttattaccttcgatgtctggggccaagggacaatggtcaccgtctcttca	IGHV1-3	IGHD3-10	IGHJ3	tgtgcgagagacctggttcggggagttattaccttcgatgtctgg	5	3.04961727303223e-05
caggtgcagctggtgcagtctggggctgaggtgaagaagcctggggcctcagtgaaggtctcctgcaaggcttctggatacaccttcaccagttatgatatcaactgggtgcgacaggccactggacaagggcttgagtggatgggatggatgaaccctaacagtggtaacacaggctatgcacagaagttccagggcagagtcaccatgaccaggaacacctccataagcacagcctacatggagctgagcagcctgagatctgaggacacggccgtgtattactgtgcgagagggattactatgatagtagtggtttttgactactggggccaaggaaccctggtcaccgtctcctca	IGHV1-8	IGHD3-22	IGHJ4	tgtgcgagagggattactatgatagtagtggtttttgactactgg	5	3.04961727303223e-05
gaggtgcagctgttggagtctgggggaggcttggtacagcctggggggtccctgagactctcctgtgcagcctctggattcacctttagcagctatgccatgagctgggtccgccaggctccagggaaggggctggagtgggtctcagctattagtggtagtggtggtagcacatactacgcagactccgtgaagggccggttcaccatctccagagacaattccaagaacacgctgtatctgcaaatgaacagcctgagagccgaggacacggccgtatattactgtgacgatattttgactggttattataacggctactggggccaaggaaccctggtcaccgtctcctca	IGHV3-23	IGHD3-9	IGHJ4	tgtgacgatattttgactggttattataacggctactgg	5	3.04961727303223e-05
cagatcaccttgaaggagtctggtcctacgctggtgaaacccacacagaccctcacgctgacctgcaccttctctgggttctcactcagcactagtggagtgggtgtgggctggatccgtcagcccccaggaaaggccctggagtggcttgcactcatttattggaatgatgataagcgctacagcccatctctgaagagcaggctcaccatcaccaaggacacctccaaaaaccaggtggtccttacaatgaccaacatggaccctgtggacacagccacatattactgtgcacacagacctttagcagctcgagactactttgactactggggccaaggaaccctggtcaccgtctcctca	IGHV2-5	IGHD6-6	IGHJ4	tgtgcacacagacctttagcagctcgagactactttgactactgg	5	3.04961727303223e-05
caggtgcagctggtgcagtctggggctgaggtgaagaagcctgggtcctcggtgaaggtctcctgcaaggcttctggaggcaccttcagcagctatgctatcagctgggtgcgacaggcccctggacaagggcttgagtggatgggagggatcatccctatctttggtacagcaaactacgcacagaagttccagggcagagtcacgattaccgcggacgaatccacgagcacagcctacatggagctgagcagcctgagatctgaggacacggccgtgtattactgtgcgagagaaaacagagatggctacaattactttgactactggggccaaggaaccctggtcaccgtctcctca	IGHV1-69	IGHD5-24	IGHJ4	tgtgcgagagaaaacagagatggctacaattactttgactactgg	5	3.04961727303223e-05
gaggtgcagctggtgcagtctggagcagaggtgaaaaagcccggggagtctctgaagatctcctgtaagggttctggatacagctttaccagctactggatcggctgggtgcgccagatgcccgggaaaggcctggagtggatggggatcatctatcctggtgactctgataccagatacagcccgtccttccaaggccaggtcaccatctcagccgacaagtccatcagcaccgcctacctgcagtggagcagcctgaaggcctcggacaccgccatgtattactgtgcgagacaactatggtcctactactacggtatggacgtctgggggcaagggaccacggtcaccgtctcctca	IGHV5-51	IGHD3-10	IGHJ6	tgtgcgagacaactatggtcctactactacggtatggacgtctgg	5	3.04961727303223e-05
gaggtgcagctggtgcagtctggagcagaggtgaaaaagcccggggagtctctgaagatctcctgtaagggttctggatacagctttaccagctactggatcggctgggtgcgccagatgcccgggaaaggcctggagtggatggggatcatctatcctggtgactctgataccagatacagcccgtccttccaaggccaggtcaccatctcagccgacaagtccatcagcaccgcctacctgcagtggagcagcctgaaggcctcggacaccgccatgtattactgtgcgagacatcgggtagtagggagatggggttttgatgtctggggccaagggacaatggtcaccgtctcttca	IGHV5-51	IGHD2-2	IGHJ3	tgtgcgagacatcgggtagtagggagatggggttttgatgtctgg	5	3.04961727303223e-05
gaggtgcagctgttggagtctgggggaggcttggtacagcctggggggtccctgagactctcctgtgcagcctctggattcacctttagcagctatgccatgagctgggtccgccaggctccagggaaggggctggagtgggtctcagctattagtggtagtggtggtagcacatactacgcagactccgtgaagggccggttcaccatctccagagacaattccaagaacacgctgtatctgcaaatgaacagcctgagagccgaggacacggccgtatattactgtgcgaaagagaggtacaattactactggtacttcgatctctggggccgtggcaccctggtcactgtctcctca	IGHV3-23	IGHD5-24	IGHJ2	tgtgcgaaagagaggtacaattactactggtacttcgatctctgg	5	3.04961727303223e-05
gaggtgcagctgttggagtctgggggaggcttggtacagcctggggggtccctgagactctcctgtgcagcctctggattcacctttagcagctatgccatgagctgggtccgccaggctccagggaaggggctggagtgggtctcagctattagtggtagtggtggtagcacatactacgcagactccgtgaagggccggttcaccatctccagagacaattccaagaacacgctgtatctgcaaatgaacagcctgagagccgaggacacggccgtatattactgtgctctgcagcagctggtacttatctttgactactggggccaaggaaccctggtcaccgtctcctca	IGHV3-23	IGHD6-13	IGHJ4	tgtgctctgcagcagctggtacttatctttgactactgg	5	3.04961727303223e-05
caggtgcagctggtgcagtctggggctgaggtgaagaagcctggggcctcagtgaaggtttcctgcaaggcatctggatacaccttcaccagctactatatgcactgggtgcgacaggcccctggacaagggcttgagtggatgggaataatcaaccctagtggtggtagcacaagctacgcacagaagttccagggcagagtcaccatgaccagggacacgtccacgagcacagtctacatggagctgagcagcctgagatctgaggacacggccgtgtattactgtgcgagagaatactatgatagtagtggttcttttgatgtctggggccaagggacaatggtcaccgtctcttca	IGHV1-46	IGHD3-22	IGHJ3	tgtgcgagagaatactatgatagtagtggttcttttgatgtctgg	5	3.04961727303223e-05
gaggtgcagctgttggagtctgggggaggcttggtacagcctggggggtccctgagactctcctgtgcagcctctggattcacctttagcagctatgccatgagctgggtccgccaggctccagggaaggggctggagtgggtctcagctattagtggtagtggtggtagcacatactacgcagactccgtgaagggccggttcaccatctccagagacaattccaagaacacgctgtatctgcaaatgaacagcctgagagccgaggacacggccgtatattactgtgcgaaagcatcgaggtgtaggactcacggtatggacgtctgggggcaagggaccacggtcaccgtctcctca	IGHV3-23	IGHD2-2	IGHJ6	tgtgcgaaagcatcgaggtgtaggactcacggtatggacgtctgg	5	3.04961727303223e-05
caggtgcagctggtgcagtctggggctgaggtgaagaagcctggggcctcagtgaaggtctcctgcaaggcttctggatacaccttcaccggctactatatgcactgggtgcgacaggcccctggacaagggcttgagtggatgggacggatcaaccctaacagtggtggcacaaactatgcacagaagtttcagggcagggtcaccagtaccagggacacgtccatcagcacagcctacatggagctgagcaggctgagatctgacgacacggtcgtgtattactgtgccggtccagtggctggtacatactggttcgactcctggggccaaggaaccctggtcaccgtctcctca	IGHV1-2	IGHD6-19	IGHJ5	tgtgccggtccagtggctggtacatactggttcgactcctgg	5	3.04961727303223e-05
gaggtgcagctggtggagtctgggggaggcttggtacagccagggcggtccctgagactctcctgtacagcttctggattcacctttggtgattatgctatgagctggttccgccaggctccagggaaggggctggagtgggtaggtttcattagaagcaaagcttatggtgggacaacagaatacaccgcgtctgtgaaaggcagattcaccatctcaagagatggttccaaaagcatcgcctatctgcaaatgaacagcctgaaaaccgaggacacagccgtgtattactgtactagaaggaacgattacccttactttgactactggggccaaggaaccctggtcaccgtctcctca	IGHV3-49	IGHD5-12	IGHJ4	tgtactagaaggaacgattacccttactttgactactgg	5	3.04961727303223e-05
gaggtgcagctgttggagtctgggggaggcttggtacagcctggggggtccctgagactctcctgtgcagcctctggattcacctttagcagctatgccatgagctgggtccgccaggctccagggaaggggctggagtgggtctcagctattagtggtagtggtggtagcacatactacgcagactccgtgaagggccggttcaccatctccagagacaattccaagaacacgctgtatctgcaaatgaacagcctgagagccgaggacacggccgtatattactgtgcgaaagacagtggctggtacagaggctttgactactggggccaaggaaccctggtcaccgtctcctca	IGHV3-23	IGHD6-19	IGHJ4	tgtgcgaaagacagtggctggtacagaggctttgactactgg	5	3.04961727303223e-05
gaggtgcagctggtgcagtctggagcagaggtgaaaaagcccggggagtctctgaagatctcctgtaagggttctggatacagctttaccagctactggatcggctgggtgcgccagatgcccgggaaaggcctggagtggatggggatcatctatcctggtgactctgataccagatacagcccgtccttccaaggccaggtcaccatctcagccgacaagtccatcagcaccgcctacctgcagtggagcagcctgaaggcctcggacaccgccatgtattactgtgcgagacccgtggtggtgattgctatctactttgactactggggccaaggaaccctggtcaccgtctcctca	IGHV5-51	IGHD2-21	IGHJ4	tgtgcgagacccgtggtggtgattgctatctactttgactactgg	5	3.04961727303223e-05
caggtgcagctggtgcagtctggggctgaggtgaagaagcctggggcctcagtgaaggtctcctgcaaggcttctggatacaccttcaccggctactatatgcactgggtgcgacaggcccctggacaagggcttgagtggatgggacggatcaaccctaacagtggtggcacaaactatgcacagaagtttcagggcagggtcaccagtaccagggacacgtccatcagcacagcctacatggagctgagcaggctgagatctgacgacacggtcgtgtattactgtgcgagagtagtaccagctgacgactactttgactactggggccaaggaaccctggtcaccgtctcctca	IGHV1-2	IGHD2-2	IGHJ4	tgtgcgagagtagtaccagctgacgactactttgactactgg	5	3.04961727303223e-05
caggtgcagctggtgcagtctggggctgaggtgaagaagcctggggcctcagtgaaggtctcctgcaaggcttctggatacaccttcaccggctactatatgcactgggtgcgacaggcccctggacaagggcttgagtggatgggacggatcaaccctaacagtggtggcacaaactatgcacagaagtttcagggcagggtcaccagtaccagggacacgtccatcagcacagcctacatggagctgagcaggctgagatctgacgacacggtcgtgtattactgtgcgagagacggggattgggaacactttgactactggggccaaggaaccctggtcaccgtctcctca	IGHV1-2	IGHD1-14	IGHJ4	tgtgcgagagacggggattgggaacactttgactactgg	5	3.04961727303223e-05
caggtgcagctggtgcagtctggggctgaggtgaagaagcctgggtcctcggtgaaggtctcctgcaaggcttctggaggcaccttcagcagctatgctatcagctgggtgcgacaggcccctggacaagggcttgagtggatgggagggatcatccctatctttggtacagcaaactacgcacagaagttccagggcagagtcacgattaccgcggacgaatccacgagcacagcctacatggagctgagcagcctgagatctgaggacacggccgtgtattactgtgcgccctatgatagtagtggttattactactttgactactggggccaaggaaccctggtcaccgtctcctca	IGHV1-69	IGHD3-22	IGHJ4	tgtgcgccctatgatagtagtggttattactactttgactactgg	5	3.04961727303223e-05
caggtcaccttgaaggagtctggtcctgtgctggtgaaacccacagagaccctcacgctgacctgcaccgtctctgggttctcactcagcaatgctagaatgggtgtgagctggatccgtcagcccccagggaaggccctggagtggcttgcacacattttttcgaatgacgaaaaatcctacagcacatctctgaagagcaggctcaccatctccaaggacacctccaaaagccaggtggtccttaccatgaccaacatggaccctgtggacacagccacatattactgtgcacggatacgacgatacggctactacggtatggacgtctgggggcaagggaccacggtcaccgtctcctca	IGHV2-26	IGHD3-9	IGHJ6	tgtgcacggatacgacgatacggctactacggtatggacgtctgg	5	3.04961727303223e-05
caggttcagctggtgcagtctggagctgaggtgaagaagcctggggcctcagtgaaggtctcctgcaaggcttctggttacacctttaccagctatggtatcagctgggtgcgacaggcccctggacaagggcttgagtggatgggatggatcagcgcttacaatggtaacacaaactatgcacagaagctccagggcagagtcaccatgaccacagacacatccacgagcacagcctacatggagctgaggagcctgagatctgacgacacggccgtgtattactgtgcgagaacgtttgggggacactggttcgactcctggggccaaggaaccctggtcaccgtctcctca	IGHV1-18	IGHD3-16	IGHJ5	tgtgcgagaacgtttgggggacactggttcgactcctgg	5	3.04961727303223e-05
caggttcagctggtgcagtctggagctgaggtgaagaagcctggggcctcagtgaaggtctcctgcaaggcttctggttacacctttaccagctatggtatcagctgggtgcgacaggcccctggacaagggcttgagtggatgggatggatcagcgcttacaatggtaacacaaactatgcacagaagctccagggcagagtcaccatgaccacagacacatccacgagcacagcctacatggagctgaggagcctgagatctgacgacacggccgtgtattactgtgcgagagaggtagtaccagctgctctctttgactactggggccaaggaaccctggtcaccgtctcctca	IGHV1-18	IGHD2-2	IGHJ4	tgtgcgagagaggtagtaccagctgctctctttgactactgg	5	3.04961727303223e-05
gaggtgcagctgttggagtctgggggaggcttggtacagcctggggggtccctgagactctcctgtgcagcctctggattcacctttagcagctatgccatgagctgggtccgccaggctccagggaaggggctggagtgggtctcagctattagtggtagtggtggtagcacatactacgcagactccgtgaagggccggttcaccatctccagagacaattccaagaacacgctgtatctgcaaatgaacagcctgagagccgaggacacggccgtatattactgtgcgaaaggcagctgggactactactacggtatggacgtctgggggcaagggaccacggtcaccgtctcctca	IGHV3-23	IGHD6-13	IGHJ6	tgtgcgaaaggcagctgggactactactacggtatggacgtctgg	5	3.04961727303223e-05
caggttcagctggtgcagtctggagctgaggtgaagaagcctggggcctcagtgaaggtctcctgcaaggcttctggttacacctttaccagctatggtatcagctgggtgcgacaggcccctggacaagggcttgagtggatgggatggatcagcgcttacaatggtaacacaaactatgcacagaagctccagggcagagtcaccatgaccacagacacatccacgagcacagcctacatggagctgaggagcctgagatctgacgacacggccgtgtattactgtgcgagagagatagtagtggttattcttgcttttgatgtctggggccaagggacaatggtcaccgtctcttca	IGHV1-18	IGHD3-22	IGHJ3	tgtgcgagagagatagtagtggttattcttgcttttgatgtctgg	5	3.04961727303223e-05
caggtgcagctggtgcagtctggggctgaggtgaagaagcctggggcctcagtgaaggtctcctgcaaggcttctggatacaccttcaccagttatgatatcaactgggtgcgacaggccactggacaagggcttgagtggatgggatggatgaaccctaacagtggtaacacaggctatgcacagaagttccagggcagagtcaccatgaccaggaacacctccataagcacagcctacatggagctgagcagcctgagatctgaggacacggccgtgtattactgtgcgagaggcgatattgtagtagtaccagtctttgactactggggccaaggaaccctggtcaccgtctcctca	IGHV1-8	IGHD2-2	IGHJ4	tgtgcgagaggcgatattgtagtagtaccagtctttgactactgg	5	3.04961727303223e-05
gaggtgcagctggtggagtctgggggaggcttggtaaagcctggggggtcccttagactctcctgtgcagcctctggattcactttcagtaacgcctggatgagctgggtccgccaggctccagggaaggggctggagtgggttggccgtattaaaagcaaaactgatggtgggacaacagactacgctgcacccgtgaaaggcagattcaccatctcaagagatgattcaaaaaacacgctgtatctgcaaatgaacagcctgaaaaccgaggacacagccgtgtattactgtaccaaaggtacggtgactcactactttgactactggggccaaggaaccctggtcaccgtctcctca	IGHV3-15	IGHD4-17	IGHJ4	tgtaccaaaggtacggtgactcactactttgactactgg	5	3.04961727303223e-05
gaggtgcagctggtgcagtctggagcagaggtgaaaaagcccggggagtctctgaagatctcctgtaagggttctggatacagctttaccagctactggatcggctgggtgcgccagatgcccgggaaaggcctggagtggatggggatcatctatcctggtgactctgataccagatacagcccgtccttccaaggccaggtcaccatctcagccgacaagtccatcagcaccgcctacctgcagtggagcagcctgaaggcctcggacaccgccatgtattactgtgcgagacattttgactggttcagagggggtatggacgtctgggggcaagggaccacggtcaccgtctcctca	IGHV5-51	IGHD3-9	IGHJ6	tgtgcgagacattttgactggttcagagggggtatggacgtctgg	5	3.04961727303223e-05
caggttcagctggtgcagtctggagctgaggtgaagaagcctggggcctcagtgaaggtctcctgcaaggcttctggttacacctttaccagctatggtatcagctgggtgcgacaggcccctggacaagggcttgagtggatgggatggatcagcgcttacaatggtaacacaaactatgcacagaagctccagggcagagtcaccatgaccacagacacatccacgagcacagcctacatggagctgaggagcctgagatctgacgacacggccgtgtattactgtgcgagagtattacgatactactactacggtatggacgtctgggggcaagggaccacggtcaccgtctcctca	IGHV1-18	IGHD3-3	IGHJ6	tgtgcgagagtattacgatactactactacggtatggacgtctgg	5	3.04961727303223e-05
caggtgcagctggtgcagtctggggctgaggtgaagaagcctggggcctcagtgaaggtctcctgcaaggcttctggatacaccttcaccagttatgatatcaactgggtgcgacaggccactggacaagggcttgagtggatgggatggatgaaccctaacagtggtaacacaggctatgcacagaagttccagggcagagtcaccatgaccaggaacacctccataagcacagcctacatggagctgagcagcctgagatctgaggacacggccgtgtattactgtgcgaagggtatagcagcagctggtaccgggtttgactactggggccaaggaaccctggtcaccgtctcctca	IGHV1-8	IGHD6-13	IGHJ4	tgtgcgaagggtatagcagcagctggtaccgggtttgactactgg	5	3.04961727303223e-05
gaggtgcagctgttggagtctgggggaggcttggtacagcctggggggtccctgagactctcctgtgcagcctctggattcacctttagcagctatgccatgagctgggtccgccaggctccagggaaggggctggagtgggtctcagctattagtggtagtggtggtagcacatactacgcagactccgtgaagggccggttcaccatctccagagacaattccaagaacacgctgtatctgcaaatgaacagcctgagagccgaggacacggccgtatattactgtgcgaaagaatctccgtataactggggttgctttgactactggggccaaggaaccctggtcaccgtctcctca	IGHV3-23	IGHD1-20	IGHJ4	tgtgcgaaagaatctccgtataactggggttgctttgactactgg	5	3.04961727303223e-05
caggtgcagctggtgcagtctggggctgaggtgaagaagcctggggcctcagtgaaggtctcctgcaaggcttctggatacaccttcaccagttatgatatcaactgggtgcgacaggccactggacaagggcttgagtggatgggatggatgaaccctaacagtggtaacacaggctatgcacagaagttccagggcagagtcaccatgaccaggaacacctccataagcacagcctacatggagctgagcagcctgagatctgaggacacggccgtgtattactgtgcgagagggatagtagtggttatgggctttgactactggggccaaggaaccctggtcaccgtctcctca	IGHV1-8	IGHD3-22	IGHJ4	tgtgcgagagggatagtagtggttatgggctttgactactgg	5	3.04961727303223e-05
caggtgcagctggtgcagtctggggctgaggtgaagaagcctgggtcctcggtgaaggtctcctgcaaggcttctggaggcaccttcagcagctatgctatcagctgggtgcgacaggcccctggacaagggcttgagtggatgggagggatcatccctatctttggtacagcaaactacgcacagaagttccagggcagagtcacgattaccgcggacgaatccacgagcacagcctacatggagctgagcagcctgagatctgaggacacggccgtgtattactgtgcgacggtagtaccagctgctatctttgactactggggccaaggaaccctggtcaccgtctcctca	IGHV1-69	IGHD2-2	IGHJ4	tgtgcgacggtagtaccagctgctatctttgactactgg	5	3.04961727303223e-05
caggttcagctggtgcagtctggagctgaggtgaagaagcctggggcctcagtgaaggtctcctgcaaggcttctggttacacctttaccagctatggtatcagctgggtgcgacaggcccctggacaagggcttgagtggatgggatggatcagcgcttacaatggtaacacaaactatgcacagaagctccagggcagagtcaccatgaccacagacacatccacgagcacagcctacatggagctgaggagcctgagatctgacgacacggccgtgtattactgtgcgagagagtatagcagcagcttctactttgactactggggccaaggaaccctggtcaccgtctcctca	IGHV1-18	IGHD6-13	IGHJ4	tgtgcgagagagtatagcagcagcttctactttgactactgg	5	3.04961727303223e-05
gaggtgcagctggtgcagtctggagcagaggtgaaaaagcccggggagtctctgaagatctcctgtaagggttctggatacagctttaccagctactggatcggctgggtgcgccagatgcccgggaaaggcctggagtggatggggatcatctatcctggtgactctgataccagatacagcccgtccttccaaggccaggtcaccatctcagccgacaagtccatcagcaccgcctacctgcagtggagcagcctgaaggcctcggacaccgccatgtattactgtgcgagacactatggttcggggagttcctttgactactggggccaaggaaccctggtcaccgtctcctca	IGHV5-51	IGHD3-10	IGHJ4	tgtgcgagacactatggttcggggagttcctttgactactgg	5	3.04961727303223e-05
caggtgcagctggtgcagtctggggctgaggtgaagaagcctggggcctcagtgaaggtctcctgcaaggcttctggatacaccttcaccggctactatatgcactgggtgcgacaggcccctggacaagggcttgagtggatgggacggatcaaccctaacagtggtggcacaaactatgcacagaagtttcagggcagggtcaccagtaccagggacacgtccatcagcacagcctacatggagctgagcaggctgagatctgacgacacggtcgtgtattactgtgcgagagagggagctactacggacggtatggacgtctgggggcaagggaccacggtcaccgtctcctca	IGHV1-2	IGHD1-26	IGHJ6	tgtgcgagagagggagctactacggacggtatggacgtctgg	5	3.04961727303223e-05
caggtcaccttgagggagtctggtcctgcgctggtgaaacccacacagaccctcacactgacctgcaccttctctgggttctcactcagcactagtggaatgtgtgtgagctggatccgtcagcccccagggaaggccctggagtggcttgcactcattgattgggatgatgataaatactacagcacatctctgaagaccaggctcaccatctccaaggacacctccaaaaaccaggtggtccttacaatgaccaacatggaccctgtggacacagccacgtattactgtgcacggataccgcccgggagctactacggttttgactactggggccaaggaaccctggtcaccgtctcctca	IGHV2-70	IGHD1-26	IGHJ4	tgtgcacggataccgcccgggagctactacggttttgactactgg	5	3.04961727303223e-05
caggttcagctggtgcagtctggagctgaggtgaagaagcctggggcctcagtgaaggtctcctgcaaggcttctggttacacctttaccagctatggtatcagctgggtgcgacaggcccctggacaagggcttgagtggatgggatggatcagcgcttacaatggtaacacaaactatgcacagaagctccagggcagagtcaccatgaccacagacacatccacgagcacagcctacatggagctgaggagcctgagatctgacgacacggccgtgtattactgtgcgagagaactatggttcggggagttatggttcgactcctggggccaaggaaccctggtcaccgtctcctca	IGHV1-18	IGHD3-10	IGHJ5	tgtgcgagagaactatggttcggggagttatggttcgactcctgg	5	3.04961727303223e-05
gaggtgcagctgttggagtctgggggaggcttggtacagcctggggggtccctgagactctcctgtgcagcctctggattcacctttagcagctatgccatgagctgggtccgccaggctccagggaaggggctggagtgggtctcagctattagtggtagtggtggtagcacatactacgcagactccgtgaagggccggttcaccatctccagagacaattccaagaacacgctgtatctgcaaatgaacagcctgagagccgaggacacggccgtatattactgttccgggagatggaaggggtactactacggtatggacgtctgggggcaagggaccacggtcaccgtctcctca	IGHV3-23	IGHD5-24	IGHJ6	tgttccgggagatggaaggggtactactacggtatggacgtctgg	5	3.04961727303223e-05
caggttcagctggtgcagtctggagctgaggtgaagaagcctggggcctcagtgaaggtctcctgcaaggcttctggttacacctttaccagctatggtatcagctgggtgcgacaggcccctggacaagggcttgagtggatgggatggatcagcgcttacaatggtaacacaaactatgcacagaagctccagggcagagtcaccatgaccacagacacatccacgagcacagcctacatggagctgaggagcctgagatctgacgacacggccgtgtattactgtgcgagagaacgatttttggagtggtttgactactggggccaaggaaccctggtcaccgtctcctca	IGHV1-18	IGHD3-3	IGHJ4	tgtgcgagagaacgatttttggagtggtttgactactgg	5	3.04961727303223e-05
gaggtgcagctgttggagtctgggggaggcttggtacagcctggggggtccctgagactctcctgtgcagcctctggattcacctttagcagctatgccatgagctgggtccgccaggctccagggaaggggctggagtgggtctcagctattagtggtagtggtggtagcacatactacgcagactccgtgaagggccggttcaccatctccagagacaattccaagaacacgctgtatctgcaaatgaacagcctgagagccgaggacacggccgtatattactgtgcgaaagaaagcagctcgtccctctactactttgactactggggccaaggaaccctggtcaccgtctcctca	IGHV3-23	IGHD6-6	IGHJ4	tgtgcgaaagaaagcagctcgtccctctactactttgactactgg	5	3.04961727303223e-05
caggtgcagctggtgcagtctggggctgaggtgaagaagcctgggtcctcggtgaaggtctcctgcaaggcttctggaggcaccttcagcagctatgctatcagctgggtgcgacaggcccctggacaagggcttgagtggatgggagggatcatccctatctttggtacagcaaactacgcacagaagttccagggcagagtcacgattaccgcggacgaatccacgagcacagcctacatggagctgagcagcctgagatctgaggacacggccgtgtattactgtgcgacgaaacattttgactggttattatcttttgatgtctggggccaagggacaatggtcaccgtctcttca	IGHV1-69	IGHD3-9	IGHJ3	tgtgcgacgaaacattttgactggttattatcttttgatgtctgg	5	3.04961727303223e-05
gaggtgcagctggtggagtctgggggaggcttggtaaagcctggggggtcccttagactctcctgtgcagcctctggattcactttcagtaacgcctggatgagctgggtccgccaggctccagggaaggggctggagtgggttggccgtattaaaagcaaaactgatggtgggacaacagactacgctgcacccgtgaaaggcagattcaccatctcaagagatgattcaaaaaacacgctgtatctgcaaatgaacagcctgaaaaccgaggacacagccgtgtattactgtaccacagagttatactactactactacggtatggacgtctgggggcaagggaccacggtcaccgtctcctca	IGHV3-15	IGHD7-27	IGHJ6	tgtaccacagagttatactactactactacggtatggacgtctgg	5	3.04961727303223e-05
gaggtgcagctgttggagtctgggggaggcttggtacagcctggggggtccctgagactctcctgtgcagcctctggattcacctttagcagctatgccatgagctgggtccgccaggctccagggaaggggctggagtgggtctcagctattagtggtagtggtggtagcacatactacgcagactccgtgaagggccggttcaccatctccagagacaattccaagaacacgctgtatctgcaaatgaacagcctgagagccgaggacacggccgtatattactgtgcgaaagaacatgatatggttcggggagtctttgactactggggccaaggaaccctggtcaccgtctcctca	IGHV3-23	IGHD3-10	IGHJ4	tgtgcgaaagaacatgatatggttcggggagtctttgactactgg	5	3.04961727303223e-05
caggtgcagctggtgcagtctggggctgaggtgaagaagcctggggcctcagtgaaggtttcctgcaaggcatctggatacaccttcaccagctactatatgcactgggtgcgacaggcccctggacaagggcttgagtggatgggaataatcaaccctagtggtggtagcacaagctacgcacagaagttccagggcagagtcaccatgaccagggacacgtccacgagcacagtctacatggagctgagcagcctgagatctgaggacacggccgtgtattactgtgcgtcggatattgtagtagtacccttggactactggggccaaggaaccctggtcaccgtctcctca	IGHV1-46	IGHD2-2	IGHJ4	tgtgcgtcggatattgtagtagtacccttggactactgg	5	3.04961727303223e-05
gaagtgcagctggtggagtctgggggagtcgtggtacagcctggggggtccctgagactctcctgtgcagcctctggattcacctttgatgattataccatgcactgggtccgtcaagctccggggaagggtctggagtgggtctctcttattagttgggatggtggtagcacatactatgcagactctgtgaagggccgattcaccatctccagagacaacagcaaaaactccctgtatctgcaaatgaacagtctgagaactgaggacaccgccttgtattactgtggaatttattacggctactactactacggtatggacgtctgggggcaagggaccacggtcaccgtctcctca	IGHV3-43	IGHD3-3	IGHJ6	tgtggaatttattacggctactactactacggtatggacgtctgg	5	3.04961727303223e-05
caggttcagctggtgcagtctggagctgaggtgaagaagcctggggcctcagtgaaggtctcctgcaaggcttctggttacacctttaccagctatggtatcagctgggtgcgacaggcccctggacaagggcttgagtggatgggatggatcagcgcttacaatggtaacacaaactatgcacagaagctccagggcagagtcaccatgaccacagacacatccacgagcacagcctacatggagctgaggagcctgagatctgacgacacggccgtgtattactgtgcgagagaattacgatttttggtctcctttgactactggggccaaggaaccctggtcaccgtctcctca	IGHV1-18	IGHD3-3	IGHJ4	tgtgcgagagaattacgatttttggtctcctttgactactgg	5	3.04961727303223e-05
gaggtgcagctggtgcagtctggagcagaggtgaaaaagcccggggagtctctgaagatctcctgtaagggttctggatacagctttaccagctactggatcggctgggtgcgccagatgcccgggaaaggcctggagtggatggggatcatctatcctggtgactctgataccagatacagcccgtccttccaaggccaggtcaccatctcagccgacaagtccatcagcaccgcctacctgcagtggagcagcctgaaggcctcggacaccgccatgtattactgtgcgagacaaggggatgtagtggtggtacgatttgactactggggccaaggaaccctggtcaccgtctcctca	IGHV5-51	IGHD2-15	IGHJ4	tgtgcgagacaaggggatgtagtggtggtacgatttgactactgg	5	3.04961727303223e-05
gaggtgcagctgttggagtctgggggaggcttggtacagcctggggggtccctgagactctcctgtgcagcctctggattcacctttagcagctatgccatgagctgggtccgccaggctccagggaaggggctggagtgggtctcagctattagtggtagtggtggtagcacatactacgcagactccgtgaagggccggttcaccatctccagagacaattccaagaacacgctgtatctgcaaatgaacagcctgagagccgaggacacggccgtatattactgtgcgaaagaagtattacgatattttgactggttatactggggccaaggaaccctggtcaccgtctcctca	IGHV3-23	IGHD3-9	IGHJ4	tgtgcgaaagaagtattacgatattttgactggttatactgg	5	3.04961727303223e-05
gaggtgcagctgttggagtctgggggaggcttggtacagcctggggggtccctgagactctcctgtgcagcctctggattcacctttagcagctatgccatgagctgggtccgccaggctccagggaaggggctggagtgggtctcagctattagtggtagtggtggtagcacatactacgcagactccgtgaagggccggttcaccatctccagagacaattccaagaacacgctgtatctgcaaatgaacagcctgagagccgaggacacggccgtatattactgtgcgaaagatcttactatgatagtagtgtggttcgactcctggggccaaggaaccctggtcaccgtctcctca	IGHV3-23	IGHD3-22	IGHJ5	tgtgcgaaagatcttactatgatagtagtgtggttcgactcctgg	4	2.43969381842579e-05
gaggtgcagctggtgcagtctggagcagaggtgaaaaagcccggggagtctctgaagatctcctgtaagggttctggatacagctttaccagctactggatcggctgggtgcgccagatgcccgggaaaggcctggagtggatggggatcatctatcctggtgactctgataccagatacagcccgtccttccaaggccaggtcaccatctcagccgacaagtccatcagcaccgcctacctgcagtggagcagcctgaaggcctcggacaccgccatgtattactgtgcgagacatttagtagtaccagctgctatgtttgactactggggccaaggaaccctggtcaccgtctcctca	IGHV5-51	IGHD2-2	IGHJ4	tgtgcgagacatttagtagtaccagctgctatgtttgactactgg	4	2.43969381842579e-05
gaggtgcagctggtgcagtctggagcagaggtgaaaaagcccggggagtctctgaagatctcctgtaagggttctggatacagctttaccagctactggatcggctgggtgcgccagatgcccgggaaaggcctggagtggatggggatcatctatcctggtgactctgataccagatacagcccgtccttccaaggccaggtcaccatctcagccgacaagtccatcagcaccgcctacctgcagtggagcagcctgaaggcctcggacaccgccatgtattactgtgcgagacagtatagcagcagctggtactttgactactggggccaaggaaccctggtcaccgtctcctca	IGHV5-51	IGHD6-13	IGHJ4	tgtgcgagacagtatagcagcagctggtactttgactactgg	4	2.43969381842579e-05
caggtgcagctggtgcagtctggggctgaggtgaagaagcctgggtcctcggtgaaggtctcctgcaaggcttctggaggcaccttcagcagctatgctatcagctgggtgcgacaggcccctggacaagggcttgagtggatgggagggatcatccctatctttggtacagcaaactacgcacagaagttccagggcagagtcacgattaccgcggacgaatccacgagcacagcctacatggagctgagcagcctgagatctgaggacacggccgtgtattactgtgcgagagaccagcagctggtacgtgatgcttttgatgtctggggccaagggacaatggtcaccgtctcttca	IGHV1-69	IGHD6-13	IGHJ3	tgtgcgagagaccagcagctggtacgtgatgcttttgatgtctgg	4	2.43969381842579e-05
gaggtgcagctggtggagtccgggggaggcttagttcagcctggggggtccctgagactctcctgtgcagcctctggattcaccttcagtagctactggatgcactgggtccgccaagctccagggaaggggctggtgtgggtctcacgtattaatagtgatgggagtagcacaagctacgcggactccgtgaagggccgattcaccatctccagagacaacgccaagaacacgctgtatctgcaaatgaacagtctgagagccgaggacacggctgtgtattactgtgcaagagattacgatttttggagtgactactttgactactggggccaaggaaccctggtcaccgtctcctca	IGHV3-74	IGHD3-3	IGHJ4	tgtgcaagagattacgatttttggagtgactactttgactactgg	4	2.43969381842579e-05
gaggtgcagctgttggagtctgggggaggcttggtacagcctggggggtccctgagactctcctgtgcagcctctggattcacctttagcagctatgccatgagctgggtccgccaggctccagggaaggggctggagtgggtctcagctattagtggtagtggtggtagcacatactacgcagactccgtgaagggccggttcaccatctccagagacaattccaagaacacgctgtatctgcaaatgaacagcctgagagccgaggacacggccgtatattactgtgcaacaactacggtgactacctactttgactactggggccaaggaaccctggtcaccgtctcctca	IGHV3-23	IGHD4-17	IGHJ4	tgtgcaacaactacggtgactacctactttgactactgg	4	2.43969381842579e-05
gaggtgcagctggtggagtctgggggaggtgtggtacggcctggggggtccctgagactctcctgtgcagcctctggattcacctttgatgattatggcatgagctgggtccgccaagctccagggaaggggctggagtgggtctctggtattaattggaatggtggtagcacaggttatgcagactctgtgaagggccgattcaccatctccagagacaacgccaagaactccctgtatctgcaaatgaacagtctgagagccgaggacacggccttgtatcactgtgcgagagagacggtggtaactcactttgactactggggccaaggaaccctggtcaccgtctcctca	IGHV3-20	IGHD4-23	IGHJ4	tgtgcgagagagacggtggtaactcactttgactactgg	4	2.43969381842579e-05
caggtgcagctacagcagtggggcgcaggactgttgaagccttcggagaccctgtccctcacctgcgctgtctatggtgggtccttcagtggttactactggagctggatccgccagcccccagggaaggggctggagtggattggggaaatcaatcatagtggaagcaccaactacaacccgtccctcaagagtcgagtcaccatatcagtagacacgtccaagaaccagttctccctgaagctgagctctgtgaccgccgcggacacggctgtgtattactgtgcgagaggagtagcagcagctgggtttgactactggggccaaggaaccctggtcaccgtctcctca	IGHV4-34	IGHD6-13	IGHJ4	tgtgcgagaggagtagcagcagctgggtttgactactgg	4	2.43969381842579e-05
caggtcaccttgaaggagtctggtcctgtgctggtgaaacccacagagaccctcacgctgacctgcaccgtctctgggttctcactcagcaatgctagaatgggtgtgagctggatccgtcagcccccagggaaggccctggagtggcttgcacacattttttcgaatgacgaaaaatcctacagcacatctctgaagagcaggctcaccatctccaaggacacctccaaaagccaggtggtccttaccatgaccaacatggaccctgtggacacagccacatattactgtgcacggaagaccggaaccacggtccactactttgactactggggccaaggaaccctggtcaccgtctcctca	IGHV2-26	IGHD1-14	IGHJ4	tgtgcacggaagaccggaaccacggtccactactttgactactgg	4	2.43969381842579e-05
caggtgcagctacagcagtggggcgcaggactgttgaagccttcggagaccctgtccctcacctgcgctgtctatggtgggtccttcagtggttactactggagctggatccgccagcccccagggaaggggctggagtggattggggaaatcaatcatagtggaagcaccaactacaacccgtccctcaagagtcgagtcaccatatcagtagacacgtccaagaaccagttctccctgaagctgagctctgtgaccgccgcggacacggctgtgtattactgtctctatagcacctactactacggtatggacgtctgggggcaagggaccacggtcaccgtctcctca	IGHV4-34	IGHD6-13	IGHJ6	tgtctctatagcacctactactacggtatggacgtctgg	4	2.43969381842579e-05
gaggtgcagctggtggagtctgggggaggcttggtaaagcctggggggtcccttagactctcctgtgcagcctctggattcactttcagtaacgcctggatgagctgggtccgccaggctccagggaaggggctggagtgggttggccgtattaaaagcaaaactgatggtgggacaacagactacgctgcacccgtgaaaggcagattcaccatctcaagagatgattcaaaaaacacgctgtatctgcaaatgaacagcctgaaaaccgaggacacagccgtgtattactgtaccacgaggaggggatgctacgactggtacttcgatctctggggccgtggcaccctggtcactgtctcctca	IGHV3-15	IGHD2-2	IGHJ2	tgtaccacgaggaggggatgctacgactggtacttcgatctctgg	4	2.43969381842579e-05
caggtgcagctggtgcagtctggggctgaggtgaagaagcctgggtcctcggtgaaggtctcctgcaaggcttctggaggcaccttcagcagctatgctatcagctgggtgcgacaggcccctggacaagggcttgagtggatgggagggatcatccctatctttggtacagcaaactacgcacagaagttccagggcagagtcacgattaccgcggacgaatccacgagcacagcctacatggagctgagcagcctgagatctgaggacacggccgtgtattactgtgcgagagatatacgatttttggagtggttacttgactactggggccaaggaaccctggtcaccgtctcctca	IGHV1-69	IGHD3-3	IGHJ4	tgtgcgagagatatacgatttttggagtggttacttgactactgg	4	2.43969381842579e-05
gaggtgcagctggtggagtctgggggaggcttggtacagccagggcggtccctgagactctcctgtacagcttctggattcacctttggtgattatgctatgagctggttccgccaggctccagggaaggggctggagtgggtaggtttcattagaagcaaagcttatggtgggacaacagaatacaccgcgtctgtgaaaggcagattcaccatctcaagagatggttccaaaagcatcgcctatctgcaaatgaacagcctgaaaaccgaggacacagccgtgtattactgtactagaccccctccatggaacgactactactttgactactggggccaaggaaccctggtcaccgtctcctca	IGHV3-49	IGHD1-1	IGHJ4	tgtactagaccccctccatggaacgactactactttgactactgg	4	2.43969381842579e-05
gaggtgcagctgttggagtctgggggaggcttggtacagcctggggggtccctgagactctcctgtgcagcctctggattcacctttagcagctatgccatgagctgggtccgccaggctccagggaaggggctggagtgggtctcagctattagtggtagtggtggtagcacatactacgcagactccgtgaagggccggttcaccatctccagagacaattccaagaacacgctgtatctgcaaatgaacagcctgagagccgaggacacggccgtatattactgtgcgaaaattttgactggttattataactttgactactggggccaaggaaccctggtcaccgtctcctca	IGHV3-23	IGHD3-9	IGHJ4	tgtgcgaaaattttgactggttattataactttgactactgg	4	2.43969381842579e-05
caggtccagcttgtgcagtctggggctgaggtgaagaagcctggggcctcagtgaaggtttcctgcaaggcttctggatacaccttcactagctatgctatgcattgggtgcgccaggcccccggacaaaggcttgagtggatgggatggatcaacgctggcaatggtaacacaaaatattcacagaagttccagggcagagtcaccattaccagggacacatccgcgagcacagcctacatggagctgagcagcctgagatctgaagacacggctgtgtattactgtgcgagagcaagtagtagtaccagccgctttgactactggggccaaggaaccctggtcaccgtctcctca	IGHV1-3	IGHD2-2	IGHJ4	tgtgcgagagcaagtagtagtaccagccgctttgactactgg	4	2.43969381842579e-05
caggtccagcttgtgcagtctggggctgaggtgaagaagcctggggcctcagtgaaggtttcctgcaaggcttctggatacaccttcactagctatgctatgcattgggtgcgccaggcccccggacaaaggcttgagtggatgggatggatcaacgctggcaatggtaacacaaaatattcacagaagttccagggcagagtcaccattaccagggacacatccgcgagcacagcctacatggagctgagcagcctgagatctgaagacacggctgtgtattactgtgcgagaggggttattacgcactactttgactactggggccaaggaaccctggtcaccgtctcctca	IGHV1-3	IGHD3-22	IGHJ4	tgtgcgagaggggttattacgcactactttgactactgg	4	2.43969381842579e-05
caggtgcagctacagcagtggggcgcaggactgttgaagccttcggagaccctgtccctcacctgcgctgtctatggtgggtccttcagtggttactactggagctggatccgccagcccccagggaaggggctggagtggattggggaaatcaatcatagtggaagcaccaactacaacccgtccctcaagagtcgagtcaccatatcagtagacacgtccaagaaccagttctccctgaagctgagctctgtgaccgccgcggacacggctgtgtattactgtgcgagcgatttttggagtggttattataccgctgatgtctggggccaagggacaatggtcaccgtctcttca	IGHV4-34	IGHD3-3	IGHJ3	tgtgcgagcgatttttggagtggttattataccgctgatgtctgg	4	2.43969381842579e-05
caggttcagctggtgcagtctggagctgaggtgaagaagcctggggcctcagtgaaggtctcctgcaaggcttctggttacacctttaccagctatggtatcagctgggtgcgacaggcccctggacaagggcttgagtggatgggatggatcagcgcttacaatggtaacacaaactatgcacagaagctccagggcagagtcaccatgaccacagacacatccacgagcacagcctacatggagctgaggagcctgagatctgacgacacggccgtgtattactgtgcttactatggttcggggagttattattttgactactggggccaaggaaccctggtcaccgtctcctca	IGHV1-18	IGHD3-10	IGHJ4	tgtgcttactatggttcggggagttattattttgactactgg	4	2.43969381842579e-05
cagatcaccttgaaggagtctggtcctacgctggtgaaacccacacagaccctcacgctgacctgcaccttctctgggttctcactcagcactagtggagtgggtgtgggctggatccgtcagcccccaggaaaggccctggagtggcttgcactcatttattggaatgatgataagcgctacagcccatctctgaagagcaggctcaccatcaccaaggacacctccaaaaaccaggtggtccttacaatgaccaacatggaccctgtggacacagccacatattactgtgcacacagagaagtgtactactactacggtatggacgtctgggggcaagggaccacggtcaccgtctcctca	IGHV2-5	IGHD6-19	IGHJ6	tgtgcacacagagaagtgtactactactacggtatggacgtctgg	4	2.43969381842579e-05
gaggtgcagctggtgcagtctggagcagaggtgaaaaagcccggggagtctctgaagatctcctgtaagggttctggatacagctttaccagctactggatcggctgggtgcgccagatgcccgggaaaggcctggagtggatggggatcatctatcctggtgactctgataccagatacagcccgtccttccaaggccaggtcaccatctcagccgacaagtccatcagcaccgcctacctgcagtggagcagcctgaaggcctcggacaccgccatgtattactgtgcgagtcaggggaactactactacggtatggacgtctgggggcaagggaccacggtcaccgtctcctca	IGHV5-51	IGHD7-27	IGHJ6	tgtgcgagtcaggggaactactactacggtatggacgtctgg	4	2.43969381842579e-05
caggtgcagctggtgcagtctggggctgaggtgaagaagcctgggtcctcggtgaaggtctcctgcaaggcttctggaggcaccttcagcagctatgctatcagctgggtgcgacaggcccctggacaagggcttgagtggatgggagggatcatccctatctttggtacagcaaactacgcacagaagttccagggcagagtcacgattaccgcggacgaatccacgagcacagcctacatggagctgagcagcctgagatctgaggacacggccgtgtattactgtgcgagggcagcagctggtacccactactttgactactggggccaaggaaccctggtcaccgtctcctca	IGHV1-69	IGHD6-13	IGHJ4	tgtgcgagggcagcagctggtacccactactttgactactgg	4	2.43969381842579e-05
gaggtgcagctgttggagtctgggggaggcttggtacagcctggggggtccctgagactctcctgtgcagcctctggattcacctttagcagctatgccatgagctgggtccgccaggctccagggaaggggctggagtgggtctcagctattagtggtagtggtggtagcacatactacgcagactccgtgaagggccggttcaccatctccagagacaattccaagaacacgctgtatctgcaaatgaacagcctgagagccgaggacacggccgtatattactgtgcgagcagtggctggtactactactacggtatggacgtctgggggcaagggaccacggtcaccgtctcctca	IGHV3-23	IGHD6-19	IGHJ6	tgtgcgagcagtggctggtactactactacggtatggacgtctgg	4	2.43969381842579e-05
caggttcagctggtgcagtctggagctgaggtgaagaagcctggggcctcagtgaaggtctcctgcaaggcttctggttacacctttaccagctatggtatcagctgggtgcgacaggcccctggacaagggcttgagtggatgggatggatcagcgcttacaatggtaacacaaactatgcacagaagctccagggcagagtcaccatgaccacagacacatccacgagcacagcctacatggagctgaggagcctgagatctgacgacacggccgtgtattactgtgcgagagtatggttcggggagttattctttgactactggggccaaggaaccctggtcaccgtctcctca	IGHV1-18	IGHD3-10	IGHJ4	tgtgcgagagtatggttcggggagttattctttgactactgg	4	2.43969381842579e-05
gaagtgcagctggtggagtctgggggagtcgtggtacagcctggggggtccctgagactctcctgtgcagcctctggattcacctttgatgattataccatgcactgggtccgtcaagctccggggaagggtctggagtgggtctctcttattagttgggatggtggtagcacatactatgcagactctgtgaagggccgattcaccatctccagagacaacagcaaaaactccctgtatctgcaaatgaacagtctgagaactgaggacaccgccttgtattactgtgcaaaagatatcggcagcagctggtacgactactggggccaaggaaccctggtcaccgtctcctca	IGHV3-43	IGHD6-13	IGHJ4	tgtgcaaaagatatcggcagcagctggtacgactactgg	4	2.43969381842579e-05
gaggtgcagctgttggagtctgggggaggcttggtacagcctggggggtccctgagactctcctgtgcagcctctggattcacctttagcagctatgccatgagctgggtccgccaggctccagggaaggggctggagtgggtctcagctattagtggtagtggtggtagcacatactacgcagactccgtgaagggccggttcaccatctccagagacaattccaagaacacgctgtatctgcaaatgaacagcctgagagccgaggacacggccgtatattactgtgcgaaagtcgaagggtatagtgggaactactttgactactggggccaaggaaccctggtcaccgtctcctca	IGHV3-23	IGHD1-26	IGHJ4	tgtgcgaaagtcgaagggtatagtgggaactactttgactactgg	4	2.43969381842579e-05
caggtgcagctggtgcagtctggggctgaggtgaagaagcctggggcctcagtgaaggtctcctgcaaggcttctggatacaccttcaccggctactatatgcactgggtgcgacaggcccctggacaagggcttgagtggatgggacggatcaaccctaacagtggtggcacaaactatgcacagaagtttcagggcagggtcaccagtaccagggacacgtccatcagcacagcctacatggagctgagcaggctgagatctgacgacacggtcgtgtattactgtgcgagagaagaaggagctcattcctactttgactactggggccaaggaaccctggtcaccgtctcctca	IGHV1-2	IGHD1-26	IGHJ4	tgtgcgagagaagaaggagctcattcctactttgactactgg	4	2.43969381842579e-05
gaggtgcagctgttggagtctgggggaggcttggtacagcctggggggtccctgagactctcctgtgcagcctctggattcacctttagcagctatgccatgagctgggtccgccaggctccagggaaggggctggagtgggtctcagctattagtggtagtggtggtagcacatactacgcagactccgtgaagggccggttcaccatctccagagacaattccaagaacacgctgtatctgcaaatgaacagcctgagagccgaggacacggccgtatattactgtgcgaaaggtggctggtacgacaactggttcgactcctggggccaaggaaccctggtcaccgtctcctca	IGHV3-23	IGHD6-19	IGHJ5	tgtgcgaaaggtggctggtacgacaactggttcgactcctgg	4	2.43969381842579e-05
gaggtgcagctggtggagtccgggggaggcttagttcagcctggggggtccctgagactctcctgtgcagcctctggattcaccttcagtagctactggatgcactgggtccgccaagctccagggaaggggctggtgtgggtctcacgtattaatagtgatgggagtagcacaagctacgcggactccgtgaagggccgattcaccatctccagagacaacgccaagaacacgctgtatctgcaaatgaacagtctgagagccgaggacacggctgtgtattactgtgcaagagttagcagcagctggtacgggtactttgactactggggccaaggaaccctggtcaccgtctcctca	IGHV3-74	IGHD6-13	IGHJ4	tgtgcaagagttagcagcagctggtacgggtactttgactactgg	4	2.43969381842579e-05
gaggtgcagctggtggagtctgggggaggcttggtaaagcctggggggtcccttagactctcctgtgcagcctctggattcactttcagtaacgcctggatgagctgggtccgccaggctccagggaaggggctggagtgggttggccgtattaaaagcaaaactgatggtgggacaacagactacgctgcacccgtgaaaggcagattcaccatctcaagagatgattcaaaaaacacgctgtatctgcaaatgaacagcctgaaaaccgaggacacagccgtgtattactgtaccagctatgatagtagtggttattacgagtttgactactggggccaaggaaccctggtcaccgtctcctca	IGHV3-15	IGHD3-22	IGHJ4	tgtaccagctatgatagtagtggttattacgagtttgactactgg	4	2.43969381842579e-05
caggtgcagctggtgcagtctggggctgaggtgaagaagcctgggtcctcggtgaaggtctcctgcaaggcttctggaggcaccttcagcagctatgctatcagctgggtgcgacaggcccctggacaagggcttgagtggatgggagggatcatccctatctttggtacagcaaactacgcacagaagttccagggcagagtcacgattaccgcggacgaatccacgagcacagcctacatggagctgagcagcctgagatctgaggacacggccgtgtattactgtgcgagagaatcccccatgcactactttgactactggggccaaggaaccctggtcaccgtctcctca	IGHV1-69	IGHD2-2	IGHJ4	tgtgcgagagaatcccccatgcactactttgactactgg	4	2.43969381842579e-05
gaggtgcagctggtggagtctgggggaggtgtggtacggcctggggggtccctgagactctcctgtgcagcctctggattcacctttgatgattatggcatgagctgggtccgccaagctccagggaaggggctggagtgggtctctggtattaattggaatggtggtagcacaggttatgcagactctgtgaagggccgattcaccatctccagagacaacgccaagaactccctgtatctgcaaatgaacagtctgagagccgaggacacggccttgtatcactgtgcagcagcagctggttactactacggtatggacgtctgggggcaagggaccacggtcaccgtctcctca	IGHV3-20	IGHD6-13	IGHJ6	tgtgcagcagcagctggttactactacggtatggacgtctgg	4	2.43969381842579e-05
gaggtgcagctggtgcagtctggagcagaggtgaaaaagcccggggagtctctgaagatctcctgtaagggttctggatacagctttaccagctactggatcggctgggtgcgccagatgcccgggaaaggcctggagtggatggggatcatctatcctggtgactctgataccagatacagcccgtccttccaaggccaggtcaccatctcagccgacaagtccatcagcaccgcctacctgcagtggagcagcctgaaggcctcggacaccgccatgtattactgtgcgacgggtattactatgatagtagtggttgatgtctggggccaagggacaatggtcaccgtctcttca	IGHV5-51	IGHD3-22	IGHJ3	tgtgcgacgggtattactatgatagtagtggttgatgtctgg	4	2.43969381842579e-05
caggtccagctggtacagtctggggctgaggtgaagaagcctggggcctcagtgaaggtctcctgcaaggtttccggatacaccctcactgaattatccatgcactgggtgcgacaggctcctggaaaagggcttgagtggatgggaggttttgatcctgaagatggtgaaacaatctacgcacagaagttccagggcagagtcaccatgaccgaggacacatctacagacacagcctacatggagctgagcagcctgagatctgaggacacggccgtgtattactgtgcaaggggagttatgctgtggggcaactggttcgactcctggggccaaggaaccctggtcaccgtctcctca	IGHV1-24	IGHD3-16	IGHJ5	tgtgcaaggggagttatgctgtggggcaactggttcgactcctgg	4	2.43969381842579e-05
gaggtgcagctgttggagtctgggggaggcttggtacagcctggggggtccctgagactctcctgtgcagcctctggattcacctttagcagctatgccatgagctgggtccgccaggctccagggaaggggctggagtgggtctcagctattagtggtagtggtggtagcacatactacgcagactccgtgaagggccggttcaccatctccagagacaattccaagaacacgctgtatctgcaaatgaacagcctgagagccgaggacacggccgtatattactgtgcgaaagaagggatatactactactacggtatggacgtctgggggcaagggaccacggtcaccgtctcctca	IGHV3-23	IGHD2-2	IGHJ6	tgtgcgaaagaagggatatactactactacggtatggacgtctgg	4	2.43969381842579e-05
gaggtgcagctggtgcagtctggagcagaggtgaaaaagcccggggagtctctgaagatctcctgtaagggttctggatacagctttaccagctactggatcggctgggtgcgccagatgcccgggaaaggcctggagtggatggggatcatctatcctggtgactctgataccagatacagcccgtccttccaaggccaggtcaccatctcagccgacaagtccatcagcaccgcctacctgcagtggagcagcctgaaggcctcggacaccgccatgtattactgtgcgagagaaataccccctgtctactacggtatggacgtctgggggcaagggaccacggtcaccgtctcctca	IGHV5-51	IGHD3-3	IGHJ6	tgtgcgagagaaataccccctgtctactacggtatggacgtctgg	4	2.43969381842579e-05
caggtgcagctggtgcagtctggggctgaggtgaagaagcctggggcctcagtgaaggtctcctgcaaggcttctggatacaccttcaccggctactatatgcactgggtgcgacaggcccctggacaagggcttgagtggatgggacggatcaaccctaacagtggtggcacaaactatgcacagaagtttcagggcagggtcaccagtaccagggacacgtccatcagcacagcctacatggagctgagcaggctgagatctgacgacacggtcgtgtattactgtgcgagagatattgtggtggtgattgcctttgactactggggccaaggaaccctggtcaccgtctcctca	IGHV1-2	IGHD2-21	IGHJ4	tgtgcgagagatattgtggtggtgattgcctttgactactgg	4	2.43969381842579e-05
gaggtgcagctgttggagtctgggggaggcttggtacagcctggggggtccctgagactctcctgtgcagcctctggattcacctttagcagctatgccatgagctgggtccgccaggctccagggaaggggctggagtgggtctcagctattagtggtagtggtggtagcacatactacgcagactccgtgaagggccggttcaccatctccagagacaattccaagaacacgctgtatctgcaaatgaacagcctgagagccgaggacacggccgtatattactgtgcgaaagatactacaaagggccactggttcgactcctggggccaaggaaccctggtcaccgtctcctca	IGHV3-23	IGHD5-24	IGHJ5	tgtgcgaaagatactacaaagggccactggttcgactcctgg	4	2.43969381842579e-05
caggtgcagctggtgcagtctggggctgaggtgaagaagcctggggcctcagtgaaggtttcctgcaaggcatctggatacaccttcaccagctactatatgcactgggtgcgacaggcccctggacaagggcttgagtggatgggaataatcaaccctagtggtggtagcacaagctacgcacagaagttccagggcagagtcaccatgaccagggacacgtccacgagcacagtctacatggagctgagcagcctgagatctgaggacacggccgtgtattactgtgcgagagagatgaccggaaccaccctctttgactactggggccaaggaaccctggtcaccgtctcctca	IGHV1-46	IGHD1-14	IGHJ4	tgtgcgagagagatgaccggaaccaccctctttgactactgg	4	2.43969381842579e-05
gaggtgcagctggtggagtctgggggaggcttggtccagcctggggggtccctgaaactctcctgtgcagcctctgggttcaccttcagtggctctgctatgcactgggtccgccaggcttccgggaaagggctggagtgggttggccgtattagaagcaaagctaacagttacgcgacagcatatgctgcgtcggtgaaaggcaggttcaccatctccagagatgattcaaagaacacggcgtatctgcaaatgaacagcctgaaaaccgaggacacggccgtgtattactgtactagagggtcgggtatagcagcagcttttgatgtctggggccaagggacaatggtcaccgtctcttca	IGHV3-73	IGHD6-13	IGHJ3	tgtactagagggtcgggtatagcagcagcttttgatgtctgg	4	2.43969381842579e-05
caggtgcagctggtgcagtctggggctgaggtgaagaagcctggggcctcagtgaaggtctcctgcaaggcttctggatacaccttcaccagttatgatatcaactgggtgcgacaggccactggacaagggcttgagtggatgggatggatgaaccctaacagtggtaacacaggctatgcacagaagttccagggcagagtcaccatgaccaggaacacctccataagcacagcctacatggagctgagcagcctgagatctgaggacacggccgtgtattactgtgcgagaggatatagcagcagctactggtacttcgatctctggggccgtggcaccctggtcactgtctcctca	IGHV1-8	IGHD6-13	IGHJ2	tgtgcgagaggatatagcagcagctactggtacttcgatctctgg	4	2.43969381842579e-05
gaggtgcagctggtggagtctggaggaggcttgatccagcctggggggtccctgagactctcctgtgcagcctctgggttcaccgtcagtagcaactacatgagctgggtccgccaggctccagggaaggggctggagtgggtctcagttatttatagcggtggtagcacatactacgcagactccgtgaagggccgattcaccatctccagagacaattccaagaacacgctgtatcttcaaatgaacagcctgagagccgaggacacggccgtgtattactgtgcgagatacgggagctactacgggtacttcgatctctggggccgtggcaccctggtcactgtctcctca	IGHV3-53	IGHD1-26	IGHJ2	tgtgcgagatacgggagctactacgggtacttcgatctctgg	4	2.43969381842579e-05
gaggtgcagctggtggagtctgggggaggtgtggtacggcctggggggtccctgagactctcctgtgcagcctctggattcacctttgatgattatggcatgagctgggtccgccaagctccagggaaggggctggagtgggtctctggtattaattggaatggtggtagcacaggttatgcagactctgtgaagggccgattcaccatctccagagacaacgccaagaactccctgtatctgcaaatgaacagtctgagagccgaggacacggccttgtatcactgtgcgagagatattactatgatagtagtggcggactactggggccaaggaaccctggtcaccgtctcctca	IGHV3-20	IGHD3-22	IGHJ4	tgtgcgagagatattactatgatagtagtggcggactactgg	4	2.43969381842579e-05
caggtgcagctacagcagtggggcgcaggactgttgaagccttcggagaccctgtccctcacctgcgctgtctatggtgggtccttcagtggttactactggagctggatccgccagcccccagggaaggggctggagtggattggggaaatcaatcatagtggaagcaccaactacaacccgtccctcaagagtcgagtcaccatatcagtagacacgtccaagaaccagttctccctgaagctgagctctgtgaccgccgcggacacggctgtgtattactgtgcgagagggcccttagcagtggctggtaccgactactggggccaaggaaccctggtcaccgtctcctca	IGHV4-34	IGHD6-19	IGHJ4	tgtgcgagagggcccttagcagtggctggtaccgactactgg	4	2.43969381842579e-05
caggtgcagctggtgcagtctggggctgaggtgaagaagcctgggtcctcggtgaaggtctcctgcaaggcttctggaggcaccttcagcagctatgctatcagctgggtgcgacaggcccctggacaagggcttgagtggatgggagggatcatccctatctttggtacagcaaactacgcacagaagttccagggcagagtcacgattaccgcggacgaatccacgagcacagcctacatggagctgagcagcctgagatctgaggacacggccgtgtattactgtgcgagatatagtagtggttattacaatgcttttgatgtctggggccaagggacaatggtcaccgtctcttca	IGHV1-69	IGHD3-22	IGHJ3	tgtgcgagatatagtagtggttattacaatgcttttgatgtctgg	4	2.43969381842579e-05
caggtgcagctggtgcagtctggggctgaggtgaagaagcctgggtcctcggtgaaggtctcctgcaaggcttctggaggcaccttcagcagctatgctatcagctgggtgcgacaggcccctggacaagggcttgagtggatgggagggatcatccctatctttggtacagcaaactacgcacagaagttccagggcagagtcacgattaccgcggacgaatccacgagcacagcctacatggagctgagcagcctgagatctgaggacacggccgtgtattactgtgcgagagaacagtggctggtacgaggctggttcgactcctggggccaaggaaccctggtcaccgtctcctca	IGHV1-69	IGHD6-19	IGHJ5	tgtgcgagagaacagtggctggtacgaggctggttcgactcctgg	4	2.43969381842579e-05
caggttcagctggtgcagtctggagctgaggtgaagaagcctggggcctcagtgaaggtctcctgcaaggcttctggttacacctttaccagctatggtatcagctgggtgcgacaggcccctggacaagggcttgagtggatgggatggatcagcgcttacaatggtaacacaaactatgcacagaagctccagggcagagtcaccatgaccacagacacatccacgagcacagcctacatggagctgaggagcctgagatctgacgacacggccgtgtattactgtgcgagcctatggttcggggagcttaactggttcgactcctggggccaaggaaccctggtcaccgtctcctca	IGHV1-18	IGHD3-10	IGHJ5	tgtgcgagcctatggttcggggagcttaactggttcgactcctgg	4	2.43969381842579e-05
cagctgcagctgcaggagtcgggcccaggactggtgaagccttcggagaccctgtccctcacctgcactgtctctggtggctccatcagcagtagtagttactactggggctggatccgccagcccccagggaaggggctggagtggattgggagtatctattatagtgggagcacctactacaacccgtccctcaagagtcgagtcaccatatccgtagacacgtccaagaaccagttctccctgaagctgagctctgtgaccgccgcagacacggctgtgtattactgtgcgagacggcgttcagcggctacagactttgactactggggccaaggaaccctggtcaccgtctcctca	IGHV4-39	IGHD6-25	IGHJ4	tgtgcgagacggcgttcagcggctacagactttgactactgg	4	2.43969381842579e-05
caggtgcagctggtgcagtctggggctgaggtgaagaagcctgggtcctcggtgaaggtctcctgcaaggcttctggaggcaccttcagcagctatgctatcagctgggtgcgacaggcccctggacaagggcttgagtggatgggagggatcatccctatctttggtacagcaaactacgcacagaagttccagggcagagtcacgattaccgcggacgaatccacgagcacagcctacatggagctgagcagcctgagatctgaggacacggccgtgtattactgtgcgagagaaggacctctcggggagttatcctttgactactggggccaaggaaccctggtcaccgtctcctca	IGHV1-69	IGHD3-10	IGHJ4	tgtgcgagagaaggacctctcggggagttatcctttgactactgg	4	2.43969381842579e-05
caggtgcagctacagcagtggggcgcaggactgttgaagccttcggagaccctgtccctcacctgcgctgtctatggtgggtccttcagtggttactactggagctggatccgccagcccccagggaaggggctggagtggattggggaaatcaatcatagtggaagcaccaactacaacccgtccctcaagagtcgagtcaccatatcagtagacacgtccaagaaccagttctccctgaagctgagctctgtgaccgccgcggacacggctgtgtattactgtgcgagaggtcagcagcagctggtacgctttgactactggggccaaggaaccctggtcaccgtctcctca	IGHV4-34	IGHD6-13	IGHJ4	tgtgcgagaggtcagcagcagctggtacgctttgactactgg	4	2.43969381842579e-05
cagatcaccttgaaggagtctggtcctacgctggtgaaacccacacagaccctcacgctgacctgcaccttctctgggttctcactcagcactagtggagtgggtgtgggctggatccgtcagcccccaggaaaggccctggagtggcttgcactcatttattggaatgatgataagcgctacagcccatctctgaagagcaggctcaccatcaccaaggacacctccaaaaaccaggtggtccttacaatgaccaacatggaccctgtggacacagccacatattactgtgcacacagacccccttattactactttgactactggggccaaggaaccctggtcaccgtctcctca	IGHV2-5	IGHD3-22	IGHJ4	tgtgcacacagacccccttattactactttgactactgg	4	2.43969381842579e-05
gaggtgcagctggtggagtctgggggaggcttggtaaagcctggggggtcccttagactctcctgtgcagcctctggattcactttcagtaacgcctggatgagctgggtccgccaggctccagggaaggggctggagtgggttggccgtattaaaagcaaaactgatggtgggacaacagactacgctgcacccgtgaaaggcagattcaccatctcaagagatgattcaaaaaacacgctgtatctgcaaatgaacagcctgaaaaccgaggacacagccgtgtattactgtaccacagcccccatagtgggagctgactttgactactggggccaaggaaccctggtcaccgtctcctca	IGHV3-15	IGHD1-26	IGHJ4	tgtaccacagcccccatagtgggagctgactttgactactgg	4	2.43969381842579e-05
caggttcagctggtgcagtctggagctgaggtgaagaagcctggggcctcagtgaaggtctcctgcaaggcttctggttacacctttaccagctatggtatcagctgggtgcgacaggcccctggacaagggcttgagtggatgggatggatcagcgcttacaatggtaacacaaactatgcacagaagctccagggcagagtcaccatgaccacagacacatccacgagcacagcctacatggagctgaggagcctgagatctgacgacacggccgtgtattactgtgcgagagacctgagtggttatcctgcttttgatgtctggggccaagggacaatggtcaccgtctcttca	IGHV1-18	IGHD3-3	IGHJ3	tgtgcgagagacctgagtggttatcctgcttttgatgtctgg	4	2.43969381842579e-05
gaggtgcagctgttggagtctgggggaggcttggtacagcctggggggtccctgagactctcctgtgcagcctctggattcacctttagcagctatgccatgagctgggtccgccaggctccagggaaggggctggagtgggtctcagctattagtggtagtggtggtagcacatactacgcagactccgtgaagggccggttcaccatctccagagacaattccaagaacacgctgtatctgcaaatgaacagcctgagagccgaggacacggccgtatattactgtgcgaaagaggttagtgggagccactactttgactactggggccaaggaaccctggtcaccgtctcctca	IGHV3-23	IGHD1-26	IGHJ4	tgtgcgaaagaggttagtgggagccactactttgactactgg	4	2.43969381842579e-05
caggttcagctggtgcagtctggagctgaggtgaagaagcctggggcctcagtgaaggtctcctgcaaggcttctggttacacctttaccagctatggtatcagctgggtgcgacaggcccctggacaagggcttgagtggatgggatggatcagcgcttacaatggtaacacaaactatgcacagaagctccagggcagagtcaccatgaccacagacacatccacgagcacagcctacatggagctgaggagcctgagatctgacgacacggccgtgtattactgtgcgagggatggctacaattacaacaactggttcgactcctggggccaaggaaccctggtcaccgtctcctca	IGHV1-18	IGHD5-24	IGHJ5	tgtgcgagggatggctacaattacaacaactggttcgactcctgg	4	2.43969381842579e-05
gaggtgcagctggtggagtctgggggaggcttggtaaagcctggggggtcccttagactctcctgtgcagcctctggattcactttcagtaacgcctggatgagctgggtccgccaggctccagggaaggggctggagtgggttggccgtattaaaagcaaaactgatggtgggacaacagactacgctgcacccgtgaaaggcagattcaccatctcaagagatgattcaaaaaacacgctgtatctgcaaatgaacagcctgaaaaccgaggacacagccgtgtattactgtaccacaggatattgtagtagtaccagctgttttgactactggggccaaggaaccctggtcaccgtctcctca	IGHV3-15	IGHD2-2	IGHJ4	tgtaccacaggatattgtagtagtaccagctgttttgactactgg	4	2.43969381842579e-05
caggttcagctggtgcagtctggagctgaggtgaagaagcctggggcctcagtgaaggtctcctgcaaggcttctggttacacctttaccagctatggtatcagctgggtgcgacaggcccctggacaagggcttgagtggatgggatggatcagcgcttacaatggtaacacaaactatgcacagaagctccagggcagagtcaccatgaccacagacacatccacgagcacagcctacatggagctgaggagcctgagatctgacgacacggccgtgtattactgtgcgagagacctaggctactactacggtatggacgtctgggggcaagggaccacggtcaccgtctcctca	IGHV1-18	IGHD7-27	IGHJ6	tgtgcgagagacctaggctactactacggtatggacgtctgg	4	2.43969381842579e-05
gaggtgcagctgttggagtctgggggaggcttggtacagcctggggggtccctgagactctcctgtgcagcctctggattcacctttagcagctatgccatgagctgggtccgccaggctccagggaaggggctggagtgggtctcagctattagtggtagtggtggtagcacatactacgcagactccgtgaagggccggttcaccatctccagagacaattccaagaacacgctgtatctgcaaatgaacagcctgagagccgaggacacggccgtatattactgtgcgtattactatggttcgggacgcgcttttgatgtctggggccaagggacaatggtcaccgtctcttca	IGHV3-23	IGHD3-10	IGHJ3	tgtgcgtattactatggttcgggacgcgcttttgatgtctgg	4	2.43969381842579e-05
gaggtgcagctgttggagtctgggggaggcttggtacagcctggggggtccctgagactctcctgtgcagcctctggattcacctttagcagctatgccatgagctgggtccgccaggctccagggaaggggctggagtgggtctcagctattagtggtagtggtggtagcacatactacgcagactccgtgaagggccggttcaccatctccagagacaattccaagaacacgctgtatctgcaaatgaacagcctgagagccgaggacacggccgtatattactgtgcgaggcggagtagtggtggtagctgctttgactactggggccaaggaaccctggtcaccgtctcctca	IGHV3-23	IGHD2-15	IGHJ4	tgtgcgaggcggagtagtggtggtagctgctttgactactgg	4	2.43969381842579e-05
gaggtgcagctgttggagtctgggggaggcttggtacagcctggggggtccctgagactctcctgtgcagcctctggattcacctttagcagctatgccatgagctgggtccgccaggctccagggaaggggctggagtgggtctcagctattagtggtagtggtggtagcacatactacgcagactccgtgaagggccggttcaccatctccagagacaattccaagaacacgctgtatctgcaaatgaacagcctgagagccgaggacacggccgtatattactgtgcgaaagattggggtataactggaactacctttgactactggggccaaggaaccctggtcaccgtctcctca	IGHV3-23	IGHD1-7	IGHJ4	tgtgcgaaagattggggtataactggaactacctttgactactgg	4	2.43969381842579e-05
gaggtgcagctgttggagtctgggggaggcttggtacagcctggggggtccctgagactctcctgtgcagcctctggattcacctttagcagctatgccatgagctgggtccgccaggctccagggaaggggctggagtgggtctcagctattagtggtagtggtggtagcacatactacgcagactccgtgaagggccggttcaccatctccagagacaattccaagaacacgctgtatctgcaaatgaacagcctgagagccgaggacacggccgtatattactgtgcgaaggtagtaccagctgctatgagttgtatggacgtctgggggcaagggaccacggtcaccgtctcctca	IGHV3-23	IGHD2-2	IGHJ6	tgtgcgaaggtagtaccagctgctatgagttgtatggacgtctgg	4	2.43969381842579e-05
caggttcagctggtgcagtctggagctgaggtgaagaagcctggggcctcagtgaaggtctcctgcaaggcttctggttacacctttaccagctatggtatcagctgggtgcgacaggcccctggacaagggcttgagtggatgggatggatcagcgcttacaatggtaacacaaactatgcacagaagctccagggcagagtcaccatgaccacagacacatccacgagcacagcctacatggagctgaggagcctgagatctgacgacacggccgtgtattactgtgcgagaaagtacggtggtaactcctggtactttgactactggggccaaggaaccctggtcaccgtctcctca	IGHV1-18	IGHD4-23	IGHJ4	tgtgcgagaaagtacggtggtaactcctggtactttgactactgg	4	2.43969381842579e-05
caggtgcagctggtgcagtctggggctgaggtgaagaagcctgggtcctcggtgaaggtctcctgcaaggcttctggaggcaccttcagcagctatgctatcagctgggtgcgacaggcccctggacaagggcttgagtggatgggagggatcatccctatctttggtacagcaaactacgcacagaagttccagggcagagtcacgattaccgcggacgaatccacgagcacagcctacatggagctgagcagcctgagatctgaggacacggccgtgtattactgtgcgagagagggggttaattactatggctactttgactactggggccaaggaaccctggtcaccgtctcctca	IGHV1-69	IGHD3-22	IGHJ4	tgtgcgagagagggggttaattactatggctactttgactactgg	4	2.43969381842579e-05
gaggtgcagctgttggagtctgggggaggcttggtacagcctggggggtccctgagactctcctgtgcagcctctggattcacctttagcagctatgccatgagctgggtccgccaggctccagggaaggggctggagtgggtctcagctattagtggtagtggtggtagcacatactacgcagactccgtgaagggccggttcaccatctccagagacaattccaagaacacgctgtatctgcaaatgaacagcctgagagccgaggacacggccgtatattactgtgcgaaagatagtagccacaactggttcgactcctggggccaaggaaccctggtcaccgtctcctca	IGHV3-23	IGHD2-2	IGHJ5	tgtgcgaaagatagtagccacaactggttcgactcctgg	4	2.43969381842579e-05
gaagtgcagctggtggagtctgggggagtcgtggtacagcctggggggtccctgagactctcctgtgcagcctctggattcacctttgatgattataccatgcactgggtccgtcaagctccggggaagggtctggagtgggtctctcttattagttgggatggtggtagcacatactatgcagactctgtgaagggccgattcaccatctccagagacaacagcaaaaactccctgtatctgcaaatgaacagtctgagaactgaggacaccgccttgtattactgtgcaaaagatacatatgggagcttctactttgactactggggccaaggaaccctggtcaccgtctcctca	IGHV3-43	IGHD1-26	IGHJ4	tgtgcaaaagatacatatgggagcttctactttgactactgg	4	2.43969381842579e-05
caggttcagctggtgcagtctggagctgaggtgaagaagcctggggcctcagtgaaggtctcctgcaaggcttctggttacacctttaccagctatggtatcagctgggtgcgacaggcccctggacaagggcttgagtggatgggatggatcagcgcttacaatggtaacacaaactatgcacagaagctccagggcagagtcaccatgaccacagacacatccacgagcacagcctacatggagctgaggagcctgagatctgacgacacggccgtgtattactgtgcgagagaagcctactactactacggtatggacgtctgggggcaagggaccacggtcaccgtctcctca	IGHV1-18	IGHD1-26	IGHJ6	tgtgcgagagaagcctactactactacggtatggacgtctgg	4	2.43969381842579e-05
gaggtgcagctggtggagtctgggggaggcttggtaaagcctggggggtcccttagactctcctgtgcagcctctggattcactttcagtaacgcctggatgagctgggtccgccaggctccagggaaggggctggagtgggttggccgtattaaaagcaaaactgatggtgggacaacagactacgctgcacccgtgaaaggcagattcaccatctcaagagatgattcaaaaaacacgctgtatctgcaaatgaacagcctgaaaaccgaggacacagccgtgtattactgtaccacagatcgagggtgtagtagtaccaacttcgatctctggggccgtggcaccctggtcactgtctcctca	IGHV3-15	IGHD2-2	IGHJ2	tgtaccacagatcgagggtgtagtagtaccaacttcgatctctgg	4	2.43969381842579e-05
caggtgcagctggtgcagtctggggctgaggtgaagaagcctggggcctcagtgaaggtctcctgcaaggcttctggatacaccttcaccggctactatatgcactgggtgcgacaggcccctggacaagggcttgagtggatgggacggatcaaccctaacagtggtggcacaaactatgcacagaagtttcagggcagggtcaccagtaccagggacacgtccatcagcacagcctacatggagctgagcaggctgagatctgacgacacggtcgtgtattactgtgcgagatgggttcggggagttattataaccagtgactactggggccaaggaaccctggtcaccgtctcctca	IGHV1-2	IGHD3-10	IGHJ4	tgtgcgagatgggttcggggagttattataaccagtgactactgg	4	2.43969381842579e-05
gaggtgcagctggtggagtctggaggaggcttgatccagcctggggggtccctgagactctcctgtgcagcctctgggttcaccgtcagtagcaactacatgagctgggtccgccaggctccagggaaggggctggagtgggtctcagttatttatagcggtggtagcacatactacgcagactccgtgaagggccgattcaccatctccagagacaattccaagaacacgctgtatcttcaaatgaacagcctgagagccgaggacacggccgtgtattactgtgcgagagaccttattacgatctggtacttcgatctctggggccgtggcaccctggtcactgtctcctca	IGHV3-53	IGHD3-9	IGHJ2	tgtgcgagagaccttattacgatctggtacttcgatctctgg	4	2.43969381842579e-05
caggtccagctggtacagtctggggctgaggtgaagaagcctggggcctcagtgaaggtctcctgcaaggtttccggatacaccctcactgaattatccatgcactgggtgcgacaggctcctggaaaagggcttgagtggatgggaggttttgatcctgaagatggtgaaacaatctacgcacagaagttccagggcagagtcaccatgaccgaggacacatctacagacacagcctacatggagctgagcagcctgagatctgaggacacggccgtgtattactgtgcaacatggtatagtgggagctactacattgactactggggccaaggaaccctggtcaccgtctcctca	IGHV1-24	IGHD1-26	IGHJ4	tgtgcaacatggtatagtgggagctactacattgactactgg	4	2.43969381842579e-05
gaggtgcagctgttggagtctgggggaggcttggtacagcctggggggtccctgagactctcctgtgcagcctctggattcacctttagcagctatgccatgagctgggtccgccaggctccagggaaggggctggagtgggtctcagctattagtggtagtggtggtagcacatactacgcagactccgtgaagggccggttcaccatctccagagacaattccaagaacacgctgtatctgcaaatgaacagcctgagagccgaggacacggccgtatattactgtgcgagggggttcggggagttattatcccactttgactactggggccaaggaaccctggtcaccgtctcctca	IGHV3-23	IGHD3-10	IGHJ4	tgtgcgagggggttcggggagttattatcccactttgactactgg	4	2.43969381842579e-05
gaggtgcagctgttggagtctgggggaggcttggtacagcctggggggtccctgagactctcctgtgcagcctctggattcacctttagcagctatgccatgagctgggtccgccaggctccagggaaggggctggagtgggtctcagctattagtggtagtggtggtagcacatactacgcagactccgtgaagggccggttcaccatctccagagacaattccaagaacacgctgtatctgcaaatgaacagcctgagagccgaggacacggccgtatattactgtgcgaaagactgttttgactggttattttttgatgtctggggccaagggacaatggtcaccgtctcttca	IGHV3-23	IGHD3-9	IGHJ3	tgtgcgaaagactgttttgactggttattttttgatgtctgg	4	2.43969381842579e-05
gaggtgcagctggtggagtctgggggaggcttggtacagccagggcggtccctgagactctcctgtacagcttctggattcacctttggtgattatgctatgagctggttccgccaggctccagggaaggggctggagtgggtaggtttcattagaagcaaagcttatggtgggacaacagaatacaccgcgtctgtgaaaggcagattcaccatctcaagagatggttccaaaagcatcgcctatctgcaaatgaacagcctgaaaaccgaggacacagccgtgtattactgtactagagaactgatagtagtggttattacttttgactactggggccaaggaaccctggtcaccgtctcctca	IGHV3-49	IGHD3-22	IGHJ4	tgtactagagaactgatagtagtggttattacttttgactactgg	4	2.43969381842579e-05
gaggtgcagctggtggagtctgggggaggcttggtaaagcctggggggtcccttagactctcctgtgcagcctctggattcactttcagtaacgcctggatgagctgggtccgccaggctccagggaaggggctggagtgggttggccgtattaaaagcaaaactgatggtgggacaacagactacgctgcacccgtgaaaggcagattcaccatctcaagagatgattcaaaaaacacgctgtatctgcaaatgaacagcctgaaaaccgaggacacagccgtgtattactgtaccacagacctagcagtggctggtacgggttttgatgtctggggccaagggacaatggtcaccgtctcttca	IGHV3-15	IGHD6-19	IGHJ3	tgtaccacagacctagcagtggctggtacgggttttgatgtctgg	4	2.43969381842579e-05
caggttcagctggtgcagtctggagctgaggtgaagaagcctggggcctcagtgaaggtctcctgcaaggcttctggttacacctttaccagctatggtatcagctgggtgcgacaggcccctggacaagggcttgagtggatgggatggatcagcgcttacaatggtaacacaaactatgcacagaagctccagggcagagtcaccatgaccacagacacatccacgagcacagcctacatggagctgaggagcctgagatctgacgacacggccgtgtattactgtgcgagagagagtaccagctgctatgcctttgactactggggccaaggaaccctggtcaccgtctcctca	IGHV1-18	IGHD2-2	IGHJ4	tgtgcgagagagagtaccagctgctatgcctttgactactgg	4	2.43969381842579e-05
gaggtgcagctggtgcagtctggagcagaggtgaaaaagcccggggagtctctgaagatctcctgtaagggttctggatacagctttaccagctactggatcggctgggtgcgccagatgcccgggaaaggcctggagtggatggggatcatctatcctggtgactctgataccagatacagcccgtccttccaaggccaggtcaccatctcagccgacaagtccatcagcaccgcctacctgcagtggagcagcctgaaggcctcggacaccgccatgtattactgtgcgagacaggccattacgtttggggttaactttgactactggggccaaggaaccctggtcaccgtctcctca	IGHV5-51	IGHD3-16	IGHJ4	tgtgcgagacaggccattacgtttggggttaactttgactactgg	4	2.43969381842579e-05
cagatcaccttgaaggagtctggtcctacgctggtgaaacccacacagaccctcacgctgacctgcaccttctctgggttctcactcagcactagtggagtgggtgtgggctggatccgtcagcccccaggaaaggccctggagtggcttgcactcatttattggaatgatgataagcgctacagcccatctctgaagagcaggctcaccatcaccaaggacacctccaaaaaccaggtggtccttacaatgaccaacatggaccctgtggacacagccacatattactgtgcacacagactagcagcagctggctactttgactactggggccaaggaaccctggtcaccgtctcctca	IGHV2-5	IGHD6-13	IGHJ4	tgtgcacacagactagcagcagctggctactttgactactgg	4	2.43969381842579e-05
caggttcagctggtgcagtctggagctgaggtgaagaagcctggggcctcagtgaaggtctcctgcaaggcttctggttacacctttaccagctatggtatcagctgggtgcgacaggcccctggacaagggcttgagtggatgggatggatcagcgcttacaatggtaacacaaactatgcacagaagctccagggcagagtcaccatgaccacagacacatccacgagcacagcctacatggagctgaggagcctgagatctgacgacacggccgtgtattactgtgcgagagggaactggaacactgaatacttccagcactggggccagggcaccctggtcaccgtctcctca	IGHV1-18	IGHD1-7	IGHJ1	tgtgcgagagggaactggaacactgaatacttccagcactgg	4	2.43969381842579e-05
caggtgcagctggtgcagtctggggctgaggtgaagaagcctgggtcctcggtgaaggtctcctgcaaggcttctggaggcaccttcagcagctatgctatcagctgggtgcgacaggcccctggacaagggcttgagtggatgggagggatcatccctatctttggtacagcaaactacgcacagaagttccagggcagagtcacgattaccgcggacgaatccacgagcacagcctacatggagctgagcagcctgagatctgaggacacggccgtgtattactgtgcgagatggttcggggagttattatactactttgactactggggccaaggaaccctggtcaccgtctcctca	IGHV1-69	IGHD3-10	IGHJ4	tgtgcgagatggttcggggagttattatactactttgactactgg	4	2.43969381842579e-05
gaggtgcagctgttggagtctgggggaggcttggtacagcctggggggtccctgagactctcctgtgcagcctctggattcacctttagcagctatgccatgagctgggtccgccaggctccagggaaggggctggagtgggtctcagctattagtggtagtggtggtagcacatactacgcagactccgtgaagggccggttcaccatctccagagacaattccaagaacacgctgtatctgcaaatgaacagcctgagagccgaggacacggccgtatattactgtgcgaaaggaagagccaagtgggagctactacttgatgtctggggccaagggacaatggtcaccgtctcttca	IGHV3-23	IGHD1-26	IGHJ3	tgtgcgaaaggaagagccaagtgggagctactacttgatgtctgg	4	2.43969381842579e-05
caggtccagctggtacagtctggggctgaggtgaagaagcctggggcctcagtgaaggtctcctgcaaggtttccggatacaccctcactgaattatccatgcactgggtgcgacaggctcctggaaaagggcttgagtggatgggaggttttgatcctgaagatggtgaaacaatctacgcacagaagttccagggcagagtcaccatgaccgaggacacatctacagacacagcctacatggagctgagcagcctgagatctgaggacacggccgtgtattactgtgcaacagatggctgctactactactacggtatggacgtctgggggcaagggaccacggtcaccgtctcctca	IGHV1-24	IGHD2-15	IGHJ6	tgtgcaacagatggctgctactactactacggtatggacgtctgg	4	2.43969381842579e-05
caggtgcagctggtgcagtctggggctgaggtgaagaagcctgggtcctcggtgaaggtctcctgcaaggcttctggaggcaccttcagcagctatgctatcagctgggtgcgacaggcccctggacaagggcttgagtggatgggagggatcatccctatctttggtacagcaaactacgcacagaagttccagggcagagtcacgattaccgcggacgaatccacgagcacagcctacatggagctgagcagcctgagatctgaggacacggccgtgtattactgtgcgagagatattactatggttcggcggttcgactcctggggccaaggaaccctggtcaccgtctcctca	IGHV1-69	IGHD3-10	IGHJ5	tgtgcgagagatattactatggttcggcggttcgactcctgg	4	2.43969381842579e-05
caggttcagctggtgcagtctggagctgaggtgaagaagcctggggcctcagtgaaggtctcctgcaaggcttctggttacacctttaccagctatggtatcagctgggtgcgacaggcccctggacaagggcttgagtggatgggatggatcagcgcttacaatggtaacacaaactatgcacagaagctccagggcagagtcaccatgaccacagacacatccacgagcacagcctacatggagctgaggagcctgagatctgacgacacggccgtgtattactgtgcgagagatttagtggctacgatttactttgactactggggccaaggaaccctggtcaccgtctcctca	IGHV1-18	IGHD5-12	IGHJ4	tgtgcgagagatttagtggctacgatttactttgactactgg	4	2.43969381842579e-05
caggttcagctggtgcagtctggagctgaggtgaagaagcctggggcctcagtgaaggtctcctgcaaggcttctggttacacctttaccagctatggtatcagctgggtgcgacaggcccctggacaagggcttgagtggatgggatggatcagcgcttacaatggtaacacaaactatgcacagaagctccagggcagagtcaccatgaccacagacacatccacgagcacagcctacatggagctgaggagcctgagatctgacgacacggccgtgtattactgtgcgagagaggaggattactactacggtatggacgtctgggggcaagggaccacggtcaccgtctcctca	IGHV1-18	IGHD2-2	IGHJ6	tgtgcgagagaggaggattactactacggtatggacgtctgg	4	2.43969381842579e-05
gaggtgcagctggtggagtctgggggaggcttggtccagcctggagggtccctgagactctcctgtgcagcctctggattcaccttcagtgaccactacatggactgggtccgccaggctccagggaaggggctggagtgggttggccgtactagaaacaaagctaacagttacaccacagaatacgccgcgtctgtgaaaggcagattcaccatctcaagagatgattcaaagaactcactgtatctgcaaatgaacagcctgaaaaccgaggacacggccgtgtattactgtgctagagagactacggtgactagggcttttgatgtctggggccaagggacaatggtcaccgtctcttca	IGHV3-72	IGHD4-17	IGHJ3	tgtgctagagagactacggtgactagggcttttgatgtctgg	4	2.43969381842579e-05
gaggtgcagctggtggagtctgggggaggcttggtccagcctggggggtccctgagactctcctgtgcagcctctggattcaccttcagtagctatgctatgcactgggtccgccaggctccagggaagggactggaatatgtttcagctattagtagtaatgggggtagcacatattatgcaaactctgtgaagggcagattcaccatctccagagacaattccaagaacacgctgtatcttcaaatgggcagcctgagagctgaggacatggctgtgtattactgtgcgagagtcgtattatactactacggtatggacgtctgggggcaagggaccacggtcaccgtctcctca	IGHV3-64	IGHD3-22	IGHJ6	tgtgcgagagtcgtattatactactacggtatggacgtctgg	4	2.43969381842579e-05
gaggtgcagctggtggagtctgggggaggtgtggtacggcctggggggtccctgagactctcctgtgcagcctctggattcacctttgatgattatggcatgagctgggtccgccaagctccagggaaggggctggagtgggtctctggtattaattggaatggtggtagcacaggttatgcagactctgtgaagggccgattcaccatctccagagacaacgccaagaactccctgtatctgcaaatgaacagtctgagagccgaggacacggccttgtatcactgtgcgagagattactatgatagtagtggttattatgactactggggccaaggaaccctggtcaccgtctcctca	IGHV3-20	IGHD3-22	IGHJ4	tgtgcgagagattactatgatagtagtggttattatgactactgg	4	2.43969381842579e-05
gaggtgcagctggtggagtctgggggaggtgtggtacggcctggggggtccctgagactctcctgtgcagcctctggattcacctttgatgattatggcatgagctgggtccgccaagctccagggaaggggctggagtgggtctctggtattaattggaatggtggtagcacaggttatgcagactctgtgaagggccgattcaccatctccagagacaacgccaagaactccctgtatctgcaaatgaacagtctgagagccgaggacacggccttgtatcactgtgcgagagattggttcggggagttattaaactttgactactggggccaaggaaccctggtcaccgtctcctca	IGHV3-20	IGHD3-10	IGHJ4	tgtgcgagagattggttcggggagttattaaactttgactactgg	4	2.43969381842579e-05
caggtgcagctggtgcagtctggggctgaggtgaagaagcctgggtcctcggtgaaggtctcctgcaaggcttctggaggcaccttcagcagctatgctatcagctgggtgcgacaggcccctggacaagggcttgagtggatgggagggatcatccctatctttggtacagcaaactacgcacagaagttccagggcagagtcacgattaccgcggacgaatccacgagcacagcctacatggagctgagcagcctgagatctgaggacacggccgtgtattactgtgcgagagagtatagcagcagctactactttgactactggggccaaggaaccctggtcaccgtctcctca	IGHV1-69	IGHD6-13	IGHJ4	tgtgcgagagagtatagcagcagctactactttgactactgg	4	2.43969381842579e-05
caggtgcagctggtgcagtctggggctgaggtgaagaagcctgggtcctcggtgaaggtctcctgcaaggcttctggaggcaccttcagcagctatgctatcagctgggtgcgacaggcccctggacaagggcttgagtggatgggagggatcatccctatctttggtacagcaaactacgcacagaagttccagggcagagtcacgattaccgcggacgaatccacgagcacagcctacatggagctgagcagcctgagatctgaggacacggccgtgtattactgtgcgaggtattactatgatatacgggcttttgatgtctggggccaagggacaatggtcaccgtctcttca	IGHV1-69	IGHD3-22	IGHJ3	tgtgcgaggtattactatgatatacgggcttttgatgtctgg	4	2.43969381842579e-05
gaggtgcagctgttggagtctgggggaggcttggtacagcctggggggtccctgagactctcctgtgcagcctctggattcacctttagcagctatgccatgagctgggtccgccaggctccagggaaggggctggagtgggtctcagctattagtggtagtggtggtagcacatactacgcagactccgtgaagggccggttcaccatctccagagacaattccaagaacacgctgtatctgcaaatgaacagcctgagagccgaggacacggccgtatattactgtgcgatcggggttcggggagttattatgtactttgactactggggccaaggaaccctggtcaccgtctcctca	IGHV3-23	IGHD3-10	IGHJ4	tgtgcgatcggggttcggggagttattatgtactttgactactgg	4	2.43969381842579e-05
caggtgcagctggtgcagtctggggctgaggtgaagaagcctggggcctcagtgaaggtctcctgcaaggcttctggatacaccttcaccagttatgatatcaactgggtgcgacaggccactggacaagggcttgagtggatgggatggatgaaccctaacagtggtaacacaggctatgcacagaagttccagggcagagtcaccatgaccaggaacacctccataagcacagcctacatggagctgagcagcctgagatctgaggacacggccgtgtattactgtgcgagaggcgggggtggtaactccaggtactttgactactggggccaaggaaccctggtcaccgtctcctca	IGHV1-8	IGHD4-23	IGHJ4	tgtgcgagaggcgggggtggtaactccaggtactttgactactgg	4	2.43969381842579e-05
gaggtgcagctggtggagtctgggggaggcttggtacagccagggcggtccctgagactctcctgtacagcttctggattcacctttggtgattatgctatgagctggttccgccaggctccagggaaggggctggagtgggtaggtttcattagaagcaaagcttatggtgggacaacagaatacaccgcgtctgtgaaaggcagattcaccatctcaagagatggttccaaaagcatcgcctatctgcaaatgaacagcctgaaaaccgaggacacagccgtgtattactgtactacggatattgtagtagtaccagctgcctttgactactggggccaaggaaccctggtcaccgtctcctca	IGHV3-49	IGHD2-2	IGHJ4	tgtactacggatattgtagtagtaccagctgcctttgactactgg	4	2.43969381842579e-05
gaggtgcagctggtggagtctgggggaggcttggtacagccagggcggtccctgagactctcctgtacagcttctggattcacctttggtgattatgctatgagctggttccgccaggctccagggaaggggctggagtgggtaggtttcattagaagcaaagcttatggtgggacaacagaatacaccgcgtctgtgaaaggcagattcaccatctcaagagatggttccaaaagcatcgcctatctgcaaatgaacagcctgaaaaccgaggacacagccgtgtattactgtaatcgtattatgattacgtactactacggtatggacgtctgggggcaagggaccacggtcaccgtctcctca	IGHV3-49	IGHD3-16	IGHJ6	tgtaatcgtattatgattacgtactactacggtatggacgtctgg	4	2.43969381842579e-05
caggtgcagctggtgcagtctggggctgaggtgaagaagcctggggcctcagtgaaggtctcctgcaaggcttctggatacaccttcaccagttatgatatcaactgggtgcgacaggccactggacaagggcttgagtggatgggatggatgaaccctaacagtggtaacacaggctatgcacagaagttccagggcagagtcaccatgaccaggaacacctccataagcacagcctacatggagctgagcagcctgagatctgaggacacggccgtgtattactgtgcgagattactatggttcggggagttattctttgactactggggccaaggaaccctggtcaccgtctcctca	IGHV1-8	IGHD3-10	IGHJ4	tgtgcgagattactatggttcggggagttattctttgactactgg	4	2.43969381842579e-05
caggtgcagctggtggagtctgggggaggcttggtcaagcctggagggtccctgagactctcctgtgcagcctctggattcaccttcagtgactactacatgagctggatccgccaggctccagggaaggggctggagtgggtttcatacattagtagtagtggtagtaccatatactacgcagactctgtgaagggccgattcaccatctccagggacaacgccaagaactcactgtatctgcaaatgaacagcctgagagccgaggacacggccgtgtattactgtgcgagagttagtgggagctactacgtgggctttgactactggggccaaggaaccctggtcaccgtctcctca	IGHV3-11	IGHD1-26	IGHJ4	tgtgcgagagttagtgggagctactacgtgggctttgactactgg	4	2.43969381842579e-05
gaggtgcagctgttggagtctgggggaggcttggtacagcctggggggtccctgagactctcctgtgcagcctctggattcacctttagcagctatgccatgagctgggtccgccaggctccagggaaggggctggagtgggtctcagctattagtggtagtggtggtagcacatactacgcagactccgtgaagggccggttcaccatctccagagacaattccaagaacacgctgtatctgcaaatgaacagcctgagagccgaggacacggccgtatattactgtgcgaaggaaatagcagtggctggttttgactactggggccaaggaaccctggtcaccgtctcctca	IGHV3-23	IGHD6-19	IGHJ4	tgtgcgaaggaaatagcagtggctggttttgactactgg	4	2.43969381842579e-05
cagctgcagctgcaggagtcgggcccaggactggtgaagccttcggagaccctgtccctcacctgcactgtctctggtggctccatcagcagtagtagttactactggggctggatccgccagcccccagggaaggggctggagtggattgggagtatctattatagtgggagcacctactacaacccgtccctcaagagtcgagtcaccatatccgtagacacgtccaagaaccagttctccctgaagctgagctctgtgaccgccgcagacacggctgtgtattactgtgcgagacttgggttggctacaattacctttgatgtctggggccaagggacaatggtcaccgtctcttca	IGHV4-39	IGHD5-24	IGHJ3	tgtgcgagacttgggttggctacaattacctttgatgtctgg	4	2.43969381842579e-05
gaggtgcagctggtggagtctggaggaggcttgatccagcctggggggtccctgagactctcctgtgcagcctctgggttcaccgtcagtagcaactacatgagctgggtccgccaggctccagggaaggggctggagtgggtctcagttatttatagcggtggtagcacatactacgcagactccgtgaagggccgattcaccatctccagagacaattccaagaacacgctgtatcttcaaatgaacagcctgagagccgaggacacggccgtgtattactgtgcgagagacccagatggctacaacccatactttgactactggggccaaggaaccctggtcaccgtctcctca	IGHV3-53	IGHD5-24	IGHJ4	tgtgcgagagacccagatggctacaacccatactttgactactgg	4	2.43969381842579e-05
caggtgcagctggtgcagtctggggctgaggtgaagaagcctggggcctcagtgaaggtctcctgcaaggcttctggatacaccttcaccggctactatatgcactgggtgcgacaggcccctggacaagggcttgagtggatgggacggatcaaccctaacagtggtggcacaaactatgcacagaagtttcagggcagggtcaccagtaccagggacacgtccatcagcacagcctacatggagctgagcaggctgagatctgacgacacggtcgtgtattactgtgcgagagagtattgtagtagtaccagctttgactactggggccaaggaaccctggtcaccgtctcctca	IGHV1-2	IGHD2-2	IGHJ4	tgtgcgagagagtattgtagtagtaccagctttgactactgg	4	2.43969381842579e-05
gaagtgcagctggtggagtctgggggagtcgtggtacagcctggggggtccctgagactctcctgtgcagcctctggattcacctttgatgattataccatgcactgggtccgtcaagctccggggaagggtctggagtgggtctctcttattagttgggatggtggtagcacatactatgcagactctgtgaagggccgattcaccatctccagagacaacagcaaaaactccctgtatctgcaaatgaacagtctgagaactgaggacaccgccttgtattactgtgcaaaaaagggtatagcagcagctggtaccgactactggggccaaggaaccctggtcaccgtctcctca	IGHV3-43	IGHD6-13	IGHJ4	tgtgcaaaaaagggtatagcagcagctggtaccgactactgg	4	2.43969381842579e-05
gaggtgcagctggtgcagtctggagcagaggtgaaaaagcccggggagtctctgaagatctcctgtaagggttctggatacagctttaccagctactggatcggctgggtgcgccagatgcccgggaaaggcctggagtggatggggatcatctatcctggtgactctgataccagatacagcccgtccttccaaggccaggtcaccatctcagccgacaagtccatcagcaccgcctacctgcagtggagcagcctgaaggcctcggacaccgccatgtattactgtgcgaggactacggtgactacccactttgactactggggccaaggaaccctggtcaccgtctcctca	IGHV5-51	IGHD4-17	IGHJ4	tgtgcgaggactacggtgactacccactttgactactgg	4	2.43969381842579e-05
gaggtgcagctggtggagtctgggggaggtgtggtacggcctggggggtccctgagactctcctgtgcagcctctggattcacctttgatgattatggcatgagctgggtccgccaagctccagggaaggggctggagtgggtctctggtattaattggaatggtggtagcacaggttatgcagactctgtgaagggccgattcaccatctccagagacaacgccaagaactccctgtatctgcaaatgaacagtctgagagccgaggacacggccttgtatcactgtgcgagagtgcgattggactactactacggtatggacgtctgggggcaagggaccacggtcaccgtctcctca	IGHV3-20	IGHD3-3	IGHJ6	tgtgcgagagtgcgattggactactactacggtatggacgtctgg	4	2.43969381842579e-05
cagatcaccttgaaggagtctggtcctacgctggtgaaacccacacagaccctcacgctgacctgcaccttctctgggttctcactcagcactagtggagtgggtgtgggctggatccgtcagcccccaggaaaggccctggagtggcttgcactcatttattggaatgatgataagcgctacagcccatctctgaagagcaggctcaccatcaccaaggacacctccaaaaaccaggtggtccttacaatgaccaacatggaccctgtggacacagccacatattactgtgcaatgatagtagtggttattactacgtcttttgatgtctggggccaagggacaatggtcaccgtctcttca	IGHV2-5	IGHD3-22	IGHJ3	tgtgcaatgatagtagtggttattactacgtcttttgatgtctgg	4	2.43969381842579e-05
caggtgcagctggtgcagtctggggctgaggtgaagaagcctgggtcctcggtgaaggtctcctgcaaggcttctggaggcaccttcagcagctatgctatcagctgggtgcgacaggcccctggacaagggcttgagtggatgggagggatcatccctatctttggtacagcaaactacgcacagaagttccagggcagagtcacgattaccgcggacgaatccacgagcacagcctacatggagctgagcagcctgagatctgaggacacggccgtgtattactgtgcgagagaacgattacattactactacggtatggacgtctgggggcaagggaccacggtcaccgtctcctca	IGHV1-69	IGHD5-12	IGHJ6	tgtgcgagagaacgattacattactactacggtatggacgtctgg	4	2.43969381842579e-05
gaggtgcagctggtggagtccgggggaggcttagttcagcctggggggtccctgagactctcctgtgcagcctctggattcaccttcagtagctactggatgcactgggtccgccaagctccagggaaggggctggtgtgggtctcacgtattaatagtgatgggagtagcacaagctacgcggactccgtgaagggccgattcaccatctccagagacaacgccaagaacacgctgtatctgcaaatgaacagtctgagagccgaggacacggctgtgtattactgtgagggattacgatttttggagtggtcttttgatgtctggggccaagggacaatggtcaccgtctcttca	IGHV3-74	IGHD3-3	IGHJ3	tgtgagggattacgatttttggagtggtcttttgatgtctgg	4	2.43969381842579e-05
caggttcagctggtgcagtctggagctgaggtgaagaagcctggggcctcagtgaaggtctcctgcaaggcttctggttacacctttaccagctatggtatcagctgggtgcgacaggcccctggacaagggcttgagtggatgggatggatcagcgcttacaatggtaacacaaactatgcacagaagctccagggcagagtcaccatgaccacagacacatccacgagcacagcctacatggagctgaggagcctgagatctgacgacacggccgtgtattactgtgcgagaggttgtagtagtaccgtctttgactactggggccaaggaaccctggtcaccgtctcctca	IGHV1-18	IGHD2-2	IGHJ4	tgtgcgagaggttgtagtagtaccgtctttgactactgg	4	2.43969381842579e-05
caggtgcagctggtgcagtctggggctgaggtgaagaagcctggggcctcagtgaaggtctcctgcaaggcttctggatacaccttcaccggctactatatgcactgggtgcgacaggcccctggacaagggcttgagtggatgggacggatcaaccctaacagtggtggcacaaactatgcacagaagtttcagggcagggtcaccagtaccagggacacgtccatcagcacagcctacatggagctgagcaggctgagatctgacgacacggtcgtgtattactgtgcgagagggtgtagtggtggtagctcctttgactactggggccaaggaaccctggtcaccgtctcctca	IGHV1-2	IGHD2-15	IGHJ4	tgtgcgagagggtgtagtggtggtagctcctttgactactgg	4	2.43969381842579e-05
gaggtgcagctggtggagtctgggggaggcttggtaaagcctggggggtcccttagactctcctgtgcagcctctggattcactttcagtaacgcctggatgagctgggtccgccaggctccagggaaggggctggagtgggttggccgtattaaaagcaaaactgatggtgggacaacagactacgctgcacccgtgaaaggcagattcaccatctcaagagatgattcaaaaaacacgctgtatctgcaaatgaacagcctgaaaaccgaggacacagccgtgtattactgtaccacagaaggtattactatctactacggtatggacgtctgggggcaagggaccacggtcaccgtctcctca	IGHV3-15	IGHD3-22	IGHJ6	tgtaccacagaaggtattactatctactacggtatggacgtctgg	3	1.82977036381934e-05
gaggtgcagctgttggagtctgggggaggcttggtacagcctggggggtccctgagactctcctgtgcagcctctggattcacctttagcagctatgccatgagctgggtccgccaggctccagggaaggggctggagtgggtctcagctattagtggtagtggtggtagcacatactacgcagactccgtgaagggccggttcaccatctccagagacaattccaagaacacgctgtatctgcaaatgaacagcctgagagccgaggacacggccgtatattactgtgcgaaagagattgtagtagtaccagctgctacccgatactggggccaaggaaccctggtcaccgtctcctca	IGHV3-23	IGHD2-2	IGHJ4	tgtgcgaaagagattgtagtagtaccagctgctacccgatactgg	3	1.82977036381934e-05
caggtgcagctacagcagtggggcgcaggactgttgaagccttcggagaccctgtccctcacctgcgctgtctatggtgggtccttcagtggttactactggagctggatccgccagcccccagggaaggggctggagtggattggggaaatcaatcatagtggaagcaccaactacaacccgtccctcaagagtcgagtcaccatatcagtagacacgtccaagaaccagttctccctgaagctgagctctgtgaccgccgcggacacggctgtgtattactgtgcgagaggtgtattactagactactttgactactggggccaaggaaccctggtcaccgtctcctca	IGHV4-34	IGHD3-10	IGHJ4	tgtgcgagaggtgtattactagactactttgactactgg	3	1.82977036381934e-05
caggttcagctggtgcagtctggagctgaggtgaagaagcctggggcctcagtgaaggtctcctgcaaggcttctggttacacctttaccagctatggtatcagctgggtgcgacaggcccctggacaagggcttgagtggatgggatggatcagcgcttacaatggtaacacaaactatgcacagaagctccagggcagagtcaccatgaccacagacacatccacgagcacagcctacatggagctgaggagcctgagatctgacgacacggccgtgtattactgtgcgagagttcggtatagcagcagggactttgactactggggccaaggaaccctggtcaccgtctcctca	IGHV1-18	IGHD6-13	IGHJ4	tgtgcgagagttcggtatagcagcagggactttgactactgg	3	1.82977036381934e-05
gaggtgcagctggtggagtctgggggaggcttggtacagccagggcggtccctgagactctcctgtacagcttctggattcacctttggtgattatgctatgagctggttccgccaggctccagggaaggggctggagtgggtaggtttcattagaagcaaagcttatggtgggacaacagaatacaccgcgtctgtgaaaggcagattcaccatctcaagagatggttccaaaagcatcgcctatctgcaaatgaacagcctgaaaaccgaggacacagccgtgtattactgtactagagaggcagcagctggctggttcgactcctggggccaaggaaccctggtcaccgtctcctca	IGHV3-49	IGHD6-13	IGHJ5	tgtactagagaggcagcagctggctggttcgactcctgg	3	1.82977036381934e-05
caggtgcagctggtgcagtctggggctgaggtgaagaagcctgggtcctcggtgaaggtctcctgcaaggcttctggaggcaccttcagcagctatgctatcagctgggtgcgacaggcccctggacaagggcttgagtggatgggagggatcatccctatctttggtacagcaaactacgcacagaagttccagggcagagtcacgattaccgcggacgaatccacgagcacagcctacatggagctgagcagcctgagatctgaggacacggccgtgtattactgtgcgagatcccagagatggctacagtactttgactactggggccaaggaaccctggtcaccgtctcctca	IGHV1-69	IGHD5-24	IGHJ4	tgtgcgagatcccagagatggctacagtactttgactactgg	3	1.82977036381934e-05
gaggtgcagctgttggagtctgggggaggcttggtacagcctggggggtccctgagactctcctgtgcagcctctggattcacctttagcagctatgccatgagctgggtccgccaggctccagggaaggggctggagtgggtctcagctattagtggtagtggtggtagcacatactacgcagactccgtgaagggccggttcaccatctccagagacaattccaagaacacgctgtatctgcaaatgaacagcctgagagccgaggacacggccgtatattactgtgtcggtaggatctactactacggtatggacgtctgggggcaagggaccacggtcaccgtctcctca	IGHV3-23	IGHD2-15	IGHJ6	tgtgtcggtaggatctactactacggtatggacgtctgg	3	1.82977036381934e-05
caggttcagctggtgcagtctggagctgaggtgaagaagcctggggcctcagtgaaggtctcctgcaaggcttctggttacacctttaccagctatggtatcagctgggtgcgacaggcccctggacaagggcttgagtggatgggatggatcagcgcttacaatggtaacacaaactatgcacagaagctccagggcagagtcaccatgaccacagacacatccacgagcacagcctacatggagctgaggagcctgagatctgacgacacggccgtgtattactgtgcgagagagaagactacggtgactacggcttttgatgtctggggccaagggacaatggtcaccgtctcttca	IGHV1-18	IGHD4-17	IGHJ3	tgtgcgagagagaagactacggtgactacggcttttgatgtctgg	3	1.82977036381934e-05
caggtcaccttgagggagtctggtcctgcgctggtgaaacccacacagaccctcacactgacctgcaccttctctgggttctcactcagcactagtggaatgtgtgtgagctggatccgtcagcccccagggaaggccctggagtggcttgcactcattgattgggatgatgataaatactacagcacatctctgaagaccaggctcaccatctccaaggacacctccaaaaaccaggtggtccttacaatgaccaacatggaccctgtggacacagccacgtattactgtgcacggatacatacggtggtaggcctacagtttgactactggggccaaggaaccctggtcaccgtctcctca	IGHV2-70	IGHD4-23	IGHJ4	tgtgcacggatacatacggtggtaggcctacagtttgactactgg	3	1.82977036381934e-05
gaggtgcagctgttggagtctgggggaggcttggtacagcctggggggtccctgagactctcctgtgcagcctctggattcacctttagcagctatgccatgagctgggtccgccaggctccagggaaggggctggagtgggtctcagctattagtggtagtggtggtagcacatactacgcagactccgtgaagggccggttcaccatctccagagacaattccaagaacacgctgtatctgcaaatgaacagcctgagagccgaggacacggccgtatattactgtgcgaaaagtgtagtggtggtagctgctacggactactggggccaaggaaccctggtcaccgtctcctca	IGHV3-23	IGHD2-15	IGHJ4	tgtgcgaaaagtgtagtggtggtagctgctacggactactgg	3	1.82977036381934e-05
caggttcagctggtgcagtctggagctgaggtgaagaagcctggggcctcagtgaaggtctcctgcaaggcttctggttacacctttaccagctatggtatcagctgggtgcgacaggcccctggacaagggcttgagtggatgggatggatcagcgcttacaatggtaacacaaactatgcacagaagctccagggcagagtcaccatgaccacagacacatccacgagcacagcctacatggagctgaggagcctgagatctgacgacacggccgtgtattactgtgcgagagttatacgggactactactacggtatggacgtctgggggcaagggaccacggtcaccgtctcctca	IGHV1-18	IGHD3-3	IGHJ6	tgtgcgagagttatacgggactactactacggtatggacgtctgg	3	1.82977036381934e-05
gaagtgcagctggtggagtctgggggagtcgtggtacagcctggggggtccctgagactctcctgtgcagcctctggattcacctttgatgattataccatgcactgggtccgtcaagctccggggaagggtctggagtgggtctctcttattagttgggatggtggtagcacatactatgcagactctgtgaagggccgattcaccatctccagagacaacagcaaaaactccctgtatctgcaaatgaacagtctgagaactgaggacaccgccttgtattactgtgcaaaagatacctgtagtagtaccaggatggacgtctgggggcaagggaccacggtcaccgtctcctca	IGHV3-43	IGHD2-2	IGHJ6	tgtgcaaaagatacctgtagtagtaccaggatggacgtctgg	3	1.82977036381934e-05
caggtgcagctggtgcagtctggggctgaggtgaagaagcctggggcctcagtgaaggtctcctgcaaggcttctggatacaccttcaccagttatgatatcaactgggtgcgacaggccactggacaagggcttgagtggatgggatggatgaaccctaacagtggtaacacaggctatgcacagaagttccagggcagagtcaccatgaccaggaacacctccataagcacagcctacatggagctgagcagcctgagatctgaggacacggccgtgtattactgtgcgggggagatattagctgaatacttccagcactggggccagggcaccctggtcaccgtctcctca	IGHV1-8	IGHD2-2	IGHJ1	tgtgcgggggagatattagctgaatacttccagcactgg	3	1.82977036381934e-05
gaagtgcagctggtggagtctgggggagtcgtggtacagcctggggggtccctgagactctcctgtgcagcctctggattcacctttgatgattataccatgcactgggtccgtcaagctccggggaagggtctggagtgggtctctcttattagttgggatggtggtagcacatactatgcagactctgtgaagggccgattcaccatctccagagacaacagcaaaaactccctgtatctgcaaatgaacagtctgagaactgaggacaccgccttgtattactgtgcaaaagttactatggttcggggagattttgactactggggccaaggaaccctggtcaccgtctcctca	IGHV3-43	IGHD3-10	IGHJ4	tgtgcaaaagttactatggttcggggagattttgactactgg	3	1.82977036381934e-05
gaggtgcagctggtggagtctgggggaggcttggtacagccagggcggtccctgagactctcctgtacagcttctggattcacctttggtgattatgctatgagctggttccgccaggctccagggaaggggctggagtgggtaggtttcattagaagcaaagcttatggtgggacaacagaatacaccgcgtctgtgaaaggcagattcaccatctcaagagatggttccaaaagcatcgcctatctgcaaatgaacagcctgaaaaccgaggacacagccgtgtattactgtactagagaggggagctacgcgtggtacttcgatctctggggccgtggcaccctggtcactgtctcctca	IGHV3-49	IGHD1-26	IGHJ2	tgtactagagaggggagctacgcgtggtacttcgatctctgg	3	1.82977036381934e-05
gaggtgcagctgttggagtctgggggaggcttggtacagcctggggggtccctgagactctcctgtgcagcctctggattcacctttagcagctatgccatgagctgggtccgccaggctccagggaaggggctggagtgggtctcagctattagtggtagtggtggtagcacatactacgcagactccgtgaagggccggttcaccatctccagagacaattccaagaacacgctgtatctgcaaatgaacagcctgagagccgaggacacggccgtatattactgtgcgaaagatttgggggagttatgcttaaggattgatgtctggggccaagggacaatggtcaccgtctcttca	IGHV3-23	IGHD3-16	IGHJ3	tgtgcgaaagatttgggggagttatgcttaaggattgatgtctgg	3	1.82977036381934e-05
caggtgcagctacagcagtggggcgcaggactgttgaagccttcggagaccctgtccctcacctgcgctgtctatggtgggtccttcagtggttactactggagctggatccgccagcccccagggaaggggctggagtggattggggaaatcaatcatagtggaagcaccaactacaacccgtccctcaagagtcgagtcaccatatcagtagacacgtccaagaaccagttctccctgaagctgagctctgtgaccgccgcggacacggctgtgtattactgtgcgatcctcggtgactacggtgggttggactttgactactggggccaaggaaccctggtcaccgtctcctca	IGHV4-34	IGHD4-23	IGHJ4	tgtgcgatcctcggtgactacggtgggttggactttgactactgg	3	1.82977036381934e-05
gaggtgcagctgttggagtctgggggaggcttggtacagcctggggggtccctgagactctcctgtgcagcctctggattcacctttagcagctatgccatgagctgggtccgccaggctccagggaaggggctggagtgggtctcagctattagtggtagtggtggtagcacatactacgcagactccgtgaagggccggttcaccatctccagagacaattccaagaacacgctgtatctgcaaatgaacagcctgagagccgaggacacggccgtatattactgtgcgaaaggtacgatttttggagtggttattatacactactggggccaaggaaccctggtcaccgtctcctca	IGHV3-23	IGHD3-3	IGHJ4	tgtgcgaaaggtacgatttttggagtggttattatacactactgg	3	1.82977036381934e-05
caggtgcagctggtgcagtctggggctgaggtgaagaagcctggggcctcagtgaaggtctcctgcaaggcttctggatacaccttcaccggctactatatgcactgggtgcgacaggcccctggacaagggcttgagtggatgggacggatcaaccctaacagtggtggcacaaactatgcacagaagtttcagggcagggtcaccagtaccagggacacgtccatcagcacagcctacatggagctgagcaggctgagatctgacgacacggtcgtgtattactgtgcgagagatcttgtagtggtggtagctgtcttcgactcctggggccaaggaaccctggtcaccgtctcctca	IGHV1-2	IGHD2-15	IGHJ5	tgtgcgagagatcttgtagtggtggtagctgtcttcgactcctgg	3	1.82977036381934e-05
caggtgcagctggtgcagtctggggctgaggtgaagaagcctggggcctcagtgaaggtctcctgcaaggcttctggatacaccttcaccggctactatatgcactgggtgcgacaggcccctggacaagggcttgagtggatgggacggatcaaccctaacagtggtggcacaaactatgcacagaagtttcagggcagggtcaccagtaccagggacacgtccatcagcacagcctacatggagctgagcaggctgagatctgacgacacggtcgtgtattactgtgcgagagaccacgtttgggggagctttgactactggggccaaggaaccctggtcaccgtctcctca	IGHV1-2	IGHD3-16	IGHJ4	tgtgcgagagaccacgtttgggggagctttgactactgg	3	1.82977036381934e-05
caggtgcagctggtgcagtctggggctgaggtgaagaagcctggggcctcagtgaaggtctcctgcaaggcttctggatacaccttcaccggctactatatgcactgggtgcgacaggcccctggacaagggcttgagtggatgggacggatcaaccctaacagtggtggcacaaactatgcacagaagtttcagggcagggtcaccagtaccagggacacgtccatcagcacagcctacatggagctgagcaggctgagatctgacgacacggtcgtgtattactgtggggattttgactactactactacggtatggacgtctgggggcaagggaccacggtcaccgtctcctca	IGHV1-2	IGHD3-3	IGHJ6	tgtggggattttgactactactactacggtatggacgtctgg	3	1.82977036381934e-05
caggtgcagctggtgcagtctggggctgaggtgaagaagcctgggtcctcggtgaaggtctcctgcaaggcttctggaggcaccttcagcagctatgctatcagctgggtgcgacaggcccctggacaagggcttgagtggatgggagggatcatccctatctttggtacagcaaactacgcacagaagttccagggcagagtcacgattaccgcggacgaatccacgagcacagcctacatggagctgagcagcctgagatctgaggacacggccgtgtattactgtgcgagagacccggaactggaactacggtgggttgactactggggccaaggaaccctggtcaccgtctcctca	IGHV1-69	IGHD1-7	IGHJ4	tgtgcgagagacccggaactggaactacggtgggttgactactgg	3	1.82977036381934e-05
gaggtgcagctggtgcagtctggagcagaggtgaaaaagcccggggagtctctgaagatctcctgtaagggttctggatacagctttaccagctactggatcggctgggtgcgccagatgcccgggaaaggcctggagtggatggggatcatctatcctggtgactctgataccagatacagcccgtccttccaaggccaggtcaccatctcagccgacaagtccatcagcaccgcctacctgcagtggagcagcctgaaggcctcggacaccgccatgtattactgtgcgagacaagatattgtagtagtaccagctgctagctcctggggccaaggaaccctggtcaccgtctcctca	IGHV5-51	IGHD2-2	IGHJ5	tgtgcgagacaagatattgtagtagtaccagctgctagctcctgg	3	1.82977036381934e-05
caggtgcagctggtgcagtctggggctgaggtgaagaagcctgggtcctcggtgaaggtctcctgcaaggcttctggaggcaccttcagcagctatgctatcagctgggtgcgacaggcccctggacaagggcttgagtggatgggagggatcatccctatctttggtacagcaaactacgcacagaagttccagggcagagtcacgattaccgcggacgaatccacgagcacagcctacatggagctgagcagcctgagatctgaggacacggccgtgtattactgtgatattgtagtggtggtagctgctacttttgactactggggccaaggaaccctggtcaccgtctcctca	IGHV1-69	IGHD2-15	IGHJ4	tgtgatattgtagtggtggtagctgctacttttgactactgg	3	1.82977036381934e-05
caggtcaccttgagggagtctggtcctgcgctggtgaaacccacacagaccctcacactgacctgcaccttctctgggttctcactcagcactagtggaatgtgtgtgagctggatccgtcagcccccagggaaggccctggagtggcttgcactcattgattgggatgatgataaatactacagcacatctctgaagaccaggctcaccatctccaaggacacctccaaaaaccaggtggtccttacaatgaccaacatggaccctgtggacacagccacgtattactgtgaggctacggtgacggctgaatacttccagcactggggccagggcaccctggtcaccgtctcctca	IGHV2-70	IGHD4-17	IGHJ1	tgtgaggctacggtgacggctgaatacttccagcactgg	3	1.82977036381934e-05
caggtgcagctggtgcagtctggggctgaggtgaagaagcctggggcctcagtgaaggtctcctgcaaggcttctggatacaccttcaccggctactatatgcactgggtgcgacaggcccctggacaagggcttgagtggatgggacggatcaaccctaacagtggtggcacaaactatgcacagaagtttcagggcagggtcaccagtaccagggacacgtccatcagcacagcctacatggagctgagcaggctgagatctgacgacacggtcgtgtattactgtgcgagaggtattactatggttcggggagctgactcctggggccaaggaaccctggtcaccgtctcctca	IGHV1-2	IGHD3-10	IGHJ5	tgtgcgagaggtattactatggttcggggagctgactcctgg	3	1.82977036381934e-05
caggttcagctggtgcagtctggagctgaggtgaagaagcctggggcctcagtgaaggtctcctgcaaggcttctggttacacctttaccagctatggtatcagctgggtgcgacaggcccctggacaagggcttgagtggatgggatggatcagcgcttacaatggtaacacaaactatgcacagaagctccagggcagagtcaccatgaccacagacacatccacgagcacagcctacatggagctgaggagcctgagatctgacgacacggccgtgtattactgtgcgagaatcagcagctgggacgactttgactactggggccaaggaaccctggtcaccgtctcctca	IGHV1-18	IGHD6-13	IGHJ4	tgtgcgagaatcagcagctgggacgactttgactactgg	3	1.82977036381934e-05
caggtgcagctggtgcagtctggggctgaggtgaagaagcctggggcctcagtgaaggtctcctgcaaggcttctggatacaccttcaccagttatgatatcaactgggtgcgacaggccactggacaagggcttgagtggatgggatggatgaaccctaacagtggtaacacaggctatgcacagaagttccagggcagagtcaccatgaccaggaacacctccataagcacagcctacatggagctgagcagcctgagatctgaggacacggccgtgtattactgtgcgagaggtactatgatagtagtggactttgactactggggccaaggaaccctggtcaccgtctcctca	IGHV1-8	IGHD3-22	IGHJ4	tgtgcgagaggtactatgatagtagtggactttgactactgg	3	1.82977036381934e-05
caggtgcagctggtgcagtctggggctgaggtgaagaagcctgggtcctcggtgaaggtctcctgcaaggcttctggaggcaccttcagcagctatgctatcagctgggtgcgacaggcccctggacaagggcttgagtggatgggagggatcatccctatctttggtacagcaaactacgcacagaagttccagggcagagtcacgattaccgcggacgaatccacgagcacagcctacatggagctgagcagcctgagatctgaggacacggccgtgtattactgtgcgagagtccgcagcagctggttcccttttgatgtctggggccaagggacaatggtcaccgtctcttca	IGHV1-69	IGHD6-13	IGHJ3	tgtgcgagagtccgcagcagctggttcccttttgatgtctgg	3	1.82977036381934e-05
caggtgcagctggtgcagtctggggctgaggtgaagaagcctggggcctcagtgaaggtttcctgcaaggcatctggatacaccttcaccagctactatatgcactgggtgcgacaggcccctggacaagggcttgagtggatgggaataatcaaccctagtggtggtagcacaagctacgcacagaagttccagggcagagtcaccatgaccagggacacgtccacgagcacagtctacatggagctgagcagcctgagatctgaggacacggccgtgtattactgtgcgatggaggtttttggagtggttattatgggctactggggccaaggaaccctggtcaccgtctcctca	IGHV1-46	IGHD3-3	IGHJ4	tgtgcgatggaggtttttggagtggttattatgggctactgg	3	1.82977036381934e-05
gaggtgcagctgttggagtctgggggaggcttggtacagcctggggggtccctgagactctcctgtgcagcctctggattcacctttagcagctatgccatgagctgggtccgccaggctccagggaaggggctggagtgggtctcagctattagtggtagtggtggtagcacatactacgcagactccgtgaagggccggttcaccatctccagagacaattccaagaacacgctgtatctgcaaatgaacagcctgagagccgaggacacggccgtatattactgtgcgaaagatttgggactggaacgctttgactactggggccaaggaaccctggtcaccgtctcctca	IGHV3-23	IGHD1-1	IGHJ4	tgtgcgaaagatttgggactggaacgctttgactactgg	3	1.82977036381934e-05
caggtgcagctggtgcagtctggggctgaggtgaagaagcctggggcctcagtgaaggtttcctgcaaggcatctggatacaccttcaccagctactatatgcactgggtgcgacaggcccctggacaagggcttgagtggatgggaataatcaaccctagtggtggtagcacaagctacgcacagaagttccagggcagagtcaccatgaccagggacacgtccacgagcacagtctacatggagctgagcagcctgagatctgaggacacggccgtgtattactgtgcgagagagcgtagtaccagctgctactactttgactactggggccaaggaaccctggtcaccgtctcctca	IGHV1-46	IGHD2-2	IGHJ4	tgtgcgagagagcgtagtaccagctgctactactttgactactgg	3	1.82977036381934e-05
gaggtgcagctggtggagtctgggggaggcttggtaaagcctggggggtcccttagactctcctgtgcagcctctggattcactttcagtaacgcctggatgagctgggtccgccaggctccagggaaggggctggagtgggttggccgtattaaaagcaaaactgatggtgggacaacagactacgctgcacccgtgaaaggcagattcaccatctcaagagatgattcaaaaaacacgctgtatctgcaaatgaacagcctgaaaaccgaggacacagccgtgtattactgttcccccggtatagcagctcgtccgtactttgactactggggccaaggaaccctggtcaccgtctcctca	IGHV3-15	IGHD6-6	IGHJ4	tgttcccccggtatagcagctcgtccgtactttgactactgg	3	1.82977036381934e-05
caggtcaccttgaaggagtctggtcctgtgctggtgaaacccacagagaccctcacgctgacctgcaccgtctctgggttctcactcagcaatgctagaatgggtgtgagctggatccgtcagcccccagggaaggccctggagtggcttgcacacattttttcgaatgacgaaaaatcctacagcacatctctgaagagcaggctcaccatctccaaggacacctccaaaagccaggtggtccttaccatgaccaacatggaccctgtggacacagccacatattactgtgcacggatacagctcgtcccctactttgactactggggccaaggaaccctggtcaccgtctcctca	IGHV2-26	IGHD6-6	IGHJ4	tgtgcacggatacagctcgtcccctactttgactactgg	3	1.82977036381934e-05
caggtgcagctggtggagtctgggggaggcttggtcaagcctggagggtccctgagactctcctgtgcagcctctggattcaccttcagtgactactacatgagctggatccgccaggctccagggaaggggctggagtgggtttcatacattagtagtagtggtagtaccatatactacgcagactctgtgaagggccgattcaccatctccagggacaacgccaagaactcactgtatctgcaaatgaacagcctgagagccgaggacacggccgtgtattactgtgcgagagatgactacggtgactacgactactttgactactggggccaaggaaccctggtcaccgtctcctca	IGHV3-11	IGHD4-17	IGHJ4	tgtgcgagagatgactacggtgactacgactactttgactactgg	3	1.82977036381934e-05
caggtgcagctacagcagtggggcgcaggactgttgaagccttcggagaccctgtccctcacctgcgctgtctatggtgggtccttcagtggttactactggagctggatccgccagcccccagggaaggggctggagtggattggggaaatcaatcatagtggaagcaccaactacaacccgtccctcaagagtcgagtcaccatatcagtagacacgtccaagaaccagttctccctgaagctgagctctgtgaccgccgcggacacggctgtgtattactgtgcgagaggtagtttttactactactacggtatggacgtctgggggcaagggaccacggtcaccgtctcctca	IGHV4-34	IGHD5-12	IGHJ6	tgtgcgagaggtagtttttactactactacggtatggacgtctgg	3	1.82977036381934e-05
gaggtgcagctgttggagtctgggggaggcttggtacagcctggggggtccctgagactctcctgtgcagcctctggattcacctttagcagctatgccatgagctgggtccgccaggctccagggaaggggctggagtgggtctcagctattagtggtagtggtggtagcacatactacgcagactccgtgaagggccggttcaccatctccagagacaattccaagaacacgctgtatctgcaaatgaacagcctgagagccgaggacacggccgtatattactgtgcgaaagaccttactatggttcggggagtttactactggggccaaggaaccctggtcaccgtctcctca	IGHV3-23	IGHD3-10	IGHJ4	tgtgcgaaagaccttactatggttcggggagtttactactgg	3	1.82977036381934e-05
caggtgcagctggtgcagtctggggctgaggtgaagaagcctggggcctcagtgaaggtctcctgcaaggcttctggatacaccttcaccagttatgatatcaactgggtgcgacaggccactggacaagggcttgagtggatgggatggatgaaccctaacagtggtaacacaggctatgcacagaagttccagggcagagtcaccatgaccaggaacacctccataagcacagcctacatggagctgagcagcctgagatctgaggacacggccgtgtattactgtgcgagaggtggggggtatagcagcagctggttcgactcctggggccaaggaaccctggtcaccgtctcctca	IGHV1-8	IGHD6-13	IGHJ5	tgtgcgagaggtggggggtatagcagcagctggttcgactcctgg	3	1.82977036381934e-05
gaggtgcagctggtggagtctgggggaggcttggtaaagcctggggggtcccttagactctcctgtgcagcctctggattcactttcagtaacgcctggatgagctgggtccgccaggctccagggaaggggctggagtgggttggccgtattaaaagcaaaactgatggtgggacaacagactacgctgcacccgtgaaaggcagattcaccatctcaagagatgattcaaaaaacacgctgtatctgcaaatgaacagcctgaaaaccgaggacacagccgtgtattactgtaccaccccctccgtggctggtacctttgactactggggccaaggaaccctggtcaccgtctcctca	IGHV3-15	IGHD6-19	IGHJ4	tgtaccaccccctccgtggctggtacctttgactactgg	3	1.82977036381934e-05
gaggtgcagctggtggagtctgggggaggcttggtaaagcctggggggtcccttagactctcctgtgcagcctctggattcactttcagtaacgcctggatgagctgggtccgccaggctccagggaaggggctggagtgggttggccgtattaaaagcaaaactgatggtgggacaacagactacgctgcacccgtgaaaggcagattcaccatctcaagagatgattcaaaaaacacgctgtatctgcaaatgaacagcctgaaaaccgaggacacagccgtgtattactgtaccacagagggatactactactacggtatggacgtctgggggcaagggaccacggtcaccgtctcctca	IGHV3-15	IGHD2-2	IGHJ6	tgtaccacagagggatactactactacggtatggacgtctgg	3	1.82977036381934e-05
gaggtgcagctgttggagtctgggggaggcttggtacagcctggggggtccctgagactctcctgtgcagcctctggattcacctttagcagctatgccatgagctgggtccgccaggctccagggaaggggctggagtgggtctcagctattagtggtagtggtggtagcacatactacgcagactccgtgaagggccggttcaccatctccagagacaattccaagaacacgctgtatctgcaaatgaacagcctgagagccgaggacacggccgtatattactgtgcgaaggataattactactactactacggtatggacgtctgggggcaagggaccacggtcaccgtctcctca	IGHV3-23	IGHD2-2	IGHJ6	tgtgcgaaggataattactactactactacggtatggacgtctgg	3	1.82977036381934e-05
caggtccagcttgtgcagtctggggctgaggtgaagaagcctggggcctcagtgaaggtttcctgcaaggcttctggatacaccttcactagctatgctatgcattgggtgcgccaggcccccggacaaaggcttgagtggatgggatggatcaacgctggcaatggtaacacaaaatattcacagaagttccagggcagagtcaccattaccagggacacatccgcgagcacagcctacatggagctgagcagcctgagatctgaagacacggctgtgtattactgtgcgagagatgctacgattacggactggttcgactcctggggccaaggaaccctggtcaccgtctcctca	IGHV1-3	IGHD5-12	IGHJ5	tgtgcgagagatgctacgattacggactggttcgactcctgg	3	1.82977036381934e-05
caggtgcagctggtgcagtctggggctgaggtgaagaagcctgggtcctcggtgaaggtctcctgcaaggcttctggaggcaccttcagcagctatgctatcagctgggtgcgacaggcccctggacaagggcttgagtggatgggagggatcatccctatctttggtacagcaaactacgcacagaagttccagggcagagtcacgattaccgcggacgaatccacgagcacagcctacatggagctgagcagcctgagatctgaggacacggccgtgtattactgtgcgagagacgggtaccagctgctatgccactttgactactggggccaaggaaccctggtcaccgtctcctca	IGHV1-69	IGHD2-2	IGHJ4	tgtgcgagagacgggtaccagctgctatgccactttgactactgg	3	1.82977036381934e-05
gaggtgcagctggtggagtctgggggaggtgtggtacggcctggggggtccctgagactctcctgtgcagcctctggattcacctttgatgattatggcatgagctgggtccgccaagctccagggaaggggctggagtgggtctctggtattaattggaatggtggtagcacaggttatgcagactctgtgaagggccgattcaccatctccagagacaacgccaagaactccctgtatctgcaaatgaacagtctgagagccgaggacacggccttgtatcactgtgcgagagatccccggggagttatctactttgactactggggccaaggaaccctggtcaccgtctcctca	IGHV3-20	IGHD3-10	IGHJ4	tgtgcgagagatccccggggagttatctactttgactactgg	3	1.82977036381934e-05
gaggtgcagctggtggagtctgggggaggtgtggtacggcctggggggtccctgagactctcctgtgcagcctctggattcacctttgatgattatggcatgagctgggtccgccaagctccagggaaggggctggagtgggtctctggtattaattggaatggtggtagcacaggttatgcagactctgtgaagggccgattcaccatctccagagacaacgccaagaactccctgtatctgcaaatgaacagtctgagagccgaggacacggccttgtatcactgtgcgagagagtgtatagtgggagctacgtttgactactggggccaaggaaccctggtcaccgtctcctca	IGHV3-20	IGHD1-26	IGHJ4	tgtgcgagagagtgtatagtgggagctacgtttgactactgg	3	1.82977036381934e-05
caggtgcagctacagcagtggggcgcaggactgttgaagccttcggagaccctgtccctcacctgcgctgtctatggtgggtccttcagtggttactactggagctggatccgccagcccccagggaaggggctggagtggattggggaaatcaatcatagtggaagcaccaactacaacccgtccctcaagagtcgagtcaccatatcagtagacacgtccaagaaccagttctccctgaagctgagctctgtgaccgccgcggacacggctgtgtattactgtgcgaagggtagtggttattactaccccttcgatctctggggccgtggcaccctggtcactgtctcctca	IGHV4-34	IGHD3-22	IGHJ2	tgtgcgaagggtagtggttattactaccccttcgatctctgg	3	1.82977036381934e-05
caggtgcagctggtgcagtctggggctgaggtgaagaagcctggggcctcagtgaaggtctcctgcaaggcttctggatacaccttcaccggctactatatgcactgggtgcgacaggcccctggacaagggcttgagtggatgggacggatcaaccctaacagtggtggcacaaactatgcacagaagtttcagggcagggtcaccagtaccagggacacgtccatcagcacagcctacatggagctgagcaggctgagatctgacgacacggtcgtgtattactgtgcgagaagtaccagctgctatgccgactttgactactggggccaaggaaccctggtcaccgtctcctca	IGHV1-2	IGHD2-2	IGHJ4	tgtgcgagaagtaccagctgctatgccgactttgactactgg	3	1.82977036381934e-05
gaggtgcagctgttggagtctgggggaggcttggtacagcctggggggtccctgagactctcctgtgcagcctctggattcacctttagcagctatgccatgagctgggtccgccaggctccagggaaggggctggagtgggtctcagctattagtggtagtggtggtagcacatactacgcagactccgtgaagggccggttcaccatctccagagacaattccaagaacacgctgtatctgcaaatgaacagcctgagagccgaggacacggccgtatattactgtgcgaaagatagcagtggctcccactttgactactggggccaaggaaccctggtcaccgtctcctca	IGHV3-23	IGHD6-19	IGHJ4	tgtgcgaaagatagcagtggctcccactttgactactgg	3	1.82977036381934e-05
gaggtgcagctgttggagtctgggggaggcttggtacagcctggggggtccctgagactctcctgtgcagcctctggattcacctttagcagctatgccatgagctgggtccgccaggctccagggaaggggctggagtgggtctcagctattagtggtagtggtggtagcacatactacgcagactccgtgaagggccggttcaccatctccagagacaattccaagaacacgctgtatctgcaaatgaacagcctgagagccgaggacacggccgtatattactgtgcgaagaggggggtggctggtacgtactttgactactggggccaaggaaccctggtcaccgtctcctca	IGHV3-23	IGHD6-19	IGHJ4	tgtgcgaagaggggggtggctggtacgtactttgactactgg	3	1.82977036381934e-05
caggtccagcttgtgcagtctggggctgaggtgaagaagcctggggcctcagtgaaggtttcctgcaaggcttctggatacaccttcactagctatgctatgcattgggtgcgccaggcccccggacaaaggcttgagtggatgggatggatcaacgctggcaatggtaacacaaaatattcacagaagttccagggcagagtcaccattaccagggacacatccgcgagcacagcctacatggagctgagcagcctgagatctgaagacacggctgtgtattactgtgcgagagagactatgatagtagttgactactttgactactggggccaaggaaccctggtcaccgtctcctca	IGHV1-3	IGHD3-22	IGHJ4	tgtgcgagagagactatgatagtagttgactactttgactactgg	3	1.82977036381934e-05
caggtccagcttgtgcagtctggggctgaggtgaagaagcctggggcctcagtgaaggtttcctgcaaggcttctggatacaccttcactagctatgctatgcattgggtgcgccaggcccccggacaaaggcttgagtggatgggatggatcaacgctggcaatggtaacacaaaatattcacagaagttccagggcagagtcaccattaccagggacacatccgcgagcacagcctacatggagctgagcagcctgagatctgaagacacggctgtgtattactgtgcgagagatgcgagctactactactacggtatggacgtctgggggcaagggaccacggtcaccgtctcctca	IGHV1-3	IGHD2-21	IGHJ6	tgtgcgagagatgcgagctactactactacggtatggacgtctgg	3	1.82977036381934e-05
gaggtgcagctggtggagtctgggggaggcttggtacagccagggcggtccctgagactctcctgtacagcttctggattcacctttggtgattatgctatgagctggttccgccaggctccagggaaggggctggagtgggtaggtttcattagaagcaaagcttatggtgggacaacagaatacaccgcgtctgtgaaaggcagattcaccatctcaagagatggttccaaaagcatcgcctatctgcaaatgaacagcctgaaaaccgaggacacagccgtgtattactgtactagagagtgcgatattttgactggctggttcgactcctggggccaaggaaccctggtcaccgtctcctca	IGHV3-49	IGHD3-9	IGHJ5	tgtactagagagtgcgatattttgactggctggttcgactcctgg	3	1.82977036381934e-05
gaggtgcagctggtgcagtctggagcagaggtgaaaaagcccggggagtctctgaagatctcctgtaagggttctggatacagctttaccagctactggatcggctgggtgcgccagatgcccgggaaaggcctggagtggatggggatcatctatcctggtgactctgataccagatacagcccgtccttccaaggccaggtcaccatctcagccgacaagtccatcagcaccgcctacctgcagtggagcagcctgaaggcctcggacaccgccatgtattactgtgcgagaaatatctactactactacggtatggacgtctgggggcaagggaccacggtcaccgtctcctca	IGHV5-51	IGHD6-13	IGHJ6	tgtgcgagaaatatctactactactacggtatggacgtctgg	3	1.82977036381934e-05
caggtgcagctacagcagtggggcgcaggactgttgaagccttcggagaccctgtccctcacctgcgctgtctatggtgggtccttcagtggttactactggagctggatccgccagcccccagggaaggggctggagtggattggggaaatcaatcatagtggaagcaccaactacaacccgtccctcaagagtcgagtcaccatatcagtagacacgtccaagaaccagttctccctgaagctgagctctgtgaccgccgcggacacggctgtgtattactgtgcgagaggaggggtcaaactggggaccccctttgactactggggccaaggaaccctggtcaccgtctcctca	IGHV4-34	IGHD7-27	IGHJ4	tgtgcgagaggaggggtcaaactggggaccccctttgactactgg	3	1.82977036381934e-05
gaggtgcagctgttggagtctgggggaggcttggtacagcctggggggtccctgagactctcctgtgcagcctctggattcacctttagcagctatgccatgagctgggtccgccaggctccagggaaggggctggagtgggtctcagctattagtggtagtggtggtagcacatactacgcagactccgtgaagggccggttcaccatctccagagacaattccaagaacacgctgtatctgcaaatgaacagcctgagagccgaggacacggccgtatattactgtgcgaaagatagcagtggctggcactggttcgactcctggggccaaggaaccctggtcaccgtctcctca	IGHV3-23	IGHD6-19	IGHJ5	tgtgcgaaagatagcagtggctggcactggttcgactcctgg	3	1.82977036381934e-05
gaggtgcagctggtgcagtctggagcagaggtgaaaaagcccggggagtctctgaagatctcctgtaagggttctggatacagctttaccagctactggatcggctgggtgcgccagatgcccgggaaaggcctggagtggatggggatcatctatcctggtgactctgataccagatacagcccgtccttccaaggccaggtcaccatctcagccgacaagtccatcagcaccgcctacctgcagtggagcagcctgaaggcctcggacaccgccatgtattactgtgcgagacaaggggggggaccctactactttgactactggggccaaggaaccctggtcaccgtctcctca	IGHV5-51	IGHD7-27	IGHJ4	tgtgcgagacaaggggggggaccctactactttgactactgg	3	1.82977036381934e-05
gaggtgcagctggtgcagtctggagcagaggtgaaaaagcccggggagtctctgaagatctcctgtaagggttctggatacagctttaccagctactggatcggctgggtgcgccagatgcccgggaaaggcctggagtggatggggatcatctatcctggtgactctgataccagatacagcccgtccttccaaggccaggtcaccatctcagccgacaagtccatcagcaccgcctacctgcagtggagcagcctgaaggcctcggacaccgccatgtattactgtgcgagacaagggacggggagttattataggtttgactactggggccaaggaaccctggtcaccgtctcctca	IGHV5-51	IGHD3-10	IGHJ4	tgtgcgagacaagggacggggagttattataggtttgactactgg	3	1.82977036381934e-05
gaggtgcagctggtgcagtctggagcagaggtgaaaaagcccggggagtctctgaagatctcctgtaagggttctggatacagctttaccagctactggatcggctgggtgcgccagatgcccgggaaaggcctggagtggatggggatcatctatcctggtgactctgataccagatacagcccgtccttccaaggccaggtcaccatctcagccgacaagtccatcagcaccgcctacctgcagtggagcagcctgaaggcctcggacaccgccatgtattactgtgcgagacaagctggtacctactacggtatggacgtctgggggcaagggaccacggtcaccgtctcctca	IGHV5-51	IGHD6-13	IGHJ6	tgtgcgagacaagctggtacctactacggtatggacgtctgg	3	1.82977036381934e-05
caggtgcagctggtggagtctgggggaggcttggtcaagcctggagggtccctgagactctcctgtgcagcctctggattcaccttcagtgactactacatgagctggatccgccaggctccagggaaggggctggagtgggtttcatacattagtagtagtggtagtaccatatactacgcagactctgtgaagggccgattcaccatctccagggacaacgccaagaactcactgtatctgcaaatgaacagcctgagagccgaggacacggccgtgtattactgtgcgagagaggggtatggttcggggagttattataaccactggggccaaggaaccctggtcaccgtctcctca	IGHV3-11	IGHD3-10	IGHJ4	tgtgcgagagaggggtatggttcggggagttattataaccactgg	3	1.82977036381934e-05
gaggtgcagctggtggagtctgggggaggtgtggtacggcctggggggtccctgagactctcctgtgcagcctctggattcacctttgatgattatggcatgagctgggtccgccaagctccagggaaggggctggagtgggtctctggtattaattggaatggtggtagcacaggttatgcagactctgtgaagggccgattcaccatctccagagacaacgccaagaactccctgtatctgcaaatgaacagtctgagagccgaggacacggccttgtatcactgtgcgagagaccaagggtatagcttcaactggttcgactcctggggccaaggaaccctggtcaccgtctcctca	IGHV3-20	IGHD6-13	IGHJ5	tgtgcgagagaccaagggtatagcttcaactggttcgactcctgg	3	1.82977036381934e-05
caggtgcagctggtgcagtctggggctgaggtgaagaagcctggggcctcagtgaaggtctcctgcaaggcttctggatacaccttcaccggctactatatgcactgggtgcgacaggcccctggacaagggcttgagtggatgggacggatcaaccctaacagtggtggcacaaactatgcacagaagtttcagggcagggtcaccagtaccagggacacgtccatcagcacagcctacatggagctgagcaggctgagatctgacgacacggtcgtgtattactgtgcgagagaggacggtgactacaaggactttgactactggggccaaggaaccctggtcaccgtctcctca	IGHV1-2	IGHD4-17	IGHJ4	tgtgcgagagaggacggtgactacaaggactttgactactgg	3	1.82977036381934e-05
caggtgcagctggtgcagtctggggctgaggtgaagaagcctgggtcctcggtgaaggtctcctgcaaggcttctggaggcaccttcagcagctatgctatcagctgggtgcgacaggcccctggacaagggcttgagtggatgggagggatcatccctatctttggtacagcaaactacgcacagaagttccagggcagagtcacgattaccgcggacgaatccacgagcacagcctacatggagctgagcagcctgagatctgaggacacggccgtgtattactgtgcgagagaccctctatgtccttactacggtatggacgtctgggggcaagggaccacggtcaccgtctcctca	IGHV1-69	IGHD3-22	IGHJ6	tgtgcgagagaccctctatgtccttactacggtatggacgtctgg	3	1.82977036381934e-05
gaggtgcagctggtggagtctgggggaggcttggtacagccagggcggtccctgagactctcctgtacagcttctggattcacctttggtgattatgctatgagctggttccgccaggctccagggaaggggctggagtgggtaggtttcattagaagcaaagcttatggtgggacaacagaatacaccgcgtctgtgaaaggcagattcaccatctcaagagatggttccaaaagcatcgcctatctgcaaatgaacagcctgaaaaccgaggacacagccgtgtattactgtactagagagagtatagcagcccgccacttcgatctctggggccgtggcaccctggtcactgtctcctca	IGHV3-49	IGHD6-13	IGHJ2	tgtactagagagagtatagcagcccgccacttcgatctctgg	3	1.82977036381934e-05
gaggtgcagctgttggagtctgggggaggcttggtacagcctggggggtccctgagactctcctgtgcagcctctggattcacctttagcagctatgccatgagctgggtccgccaggctccagggaaggggctggagtgggtctcagctattagtggtagtggtggtagcacatactacgcagactccgtgaagggccggttcaccatctccagagacaattccaagaacacgctgtatctgcaaatgaacagcctgagagccgaggacacggccgtatattactgtgcgaaagaccgcggtatagtgggagccctctttgactactggggccaaggaaccctggtcaccgtctcctca	IGHV3-23	IGHD1-26	IGHJ4	tgtgcgaaagaccgcggtatagtgggagccctctttgactactgg	3	1.82977036381934e-05
caggtgcagctggtgcagtctggggctgaggtgaagaagcctggggcctcagtgaaggtctcctgcaaggcttctggatacaccttcaccggctactatatgcactgggtgcgacaggcccctggacaagggcttgagtggatgggacggatcaaccctaacagtggtggcacaaactatgcacagaagtttcagggcagggtcaccagtaccagggacacgtccatcagcacagcctacatggagctgagcaggctgagatctgacgacacggtcgtgtattactgtgaatataactggaactggtactactttgactactggggccaaggaaccctggtcaccgtctcctca	IGHV1-2	IGHD1-7	IGHJ4	tgtgaatataactggaactggtactactttgactactgg	3	1.82977036381934e-05
gaggtgcagctgttggagtctgggggaggcttggtacagcctggggggtccctgagactctcctgtgcagcctctggattcacctttagcagctatgccatgagctgggtccgccaggctccagggaaggggctggagtgggtctcagctattagtggtagtggtggtagcacatactacgcagactccgtgaagggccggttcaccatctccagagacaattccaagaacacgctgtatctgcaaatgaacagcctgagagccgaggacacggccgtatattactgtgcgaaagacacgatttttggagtggttacctttgactactggggccaaggaaccctggtcaccgtctcctca	IGHV3-23	IGHD3-3	IGHJ4	tgtgcgaaagacacgatttttggagtggttacctttgactactgg	3	1.82977036381934e-05
gaggtgcagctggtggagtctgggggaggtgtggtacggcctggggggtccctgagactctcctgtgcagcctctggattcacctttgatgattatggcatgagctgggtccgccaagctccagggaaggggctggagtgggtctctggtattaattggaatggtggtagcacaggttatgcagactctgtgaagggccgattcaccatctccagagacaacgccaagaactccctgtatctgcaaatgaacagtctgagagccgaggacacggccttgtatcactgtgcgagaatagcagctcggggttactttgactactggggccaaggaaccctggtcaccgtctcctca	IGHV3-20	IGHD6-6	IGHJ4	tgtgcgagaatagcagctcggggttactttgactactgg	3	1.82977036381934e-05
gaggtgcagctgttggagtctgggggaggcttggtacagcctggggggtccctgagactctcctgtgcagcctctggattcacctttagcagctatgccatgagctgggtccgccaggctccagggaaggggctggagtgggtctcagctattagtggtagtggtggtagcacatactacgcagactccgtgaagggccggttcaccatctccagagacaattccaagaacacgctgtatctgcaaatgaacagcctgagagccgaggacacggccgtatattactgtgcgaaagactgcagcagctgggagggttttgactactggggccaaggaaccctggtcaccgtctcctca	IGHV3-23	IGHD6-13	IGHJ4	tgtgcgaaagactgcagcagctgggagggttttgactactgg	3	1.82977036381934e-05
caggttcagctggtgcagtctggagctgaggtgaagaagcctggggcctcagtgaaggtctcctgcaaggcttctggttacacctttaccagctatggtatcagctgggtgcgacaggcccctggacaagggcttgagtggatgggatggatcagcgcttacaatggtaacacaaactatgcacagaagctccagggcagagtcaccatgaccacagacacatccacgagcacagcctacatggagctgaggagcctgagatctgacgacacggccgtgtattactgtgcgagagaccactacggtgacgactttgactactggggccaaggaaccctggtcaccgtctcctca	IGHV1-18	IGHD4-17	IGHJ4	tgtgcgagagaccactacggtgacgactttgactactgg	3	1.82977036381934e-05
gaggtgcagctgttggagtctgggggaggcttggtacagcctggggggtccctgagactctcctgtgcagcctctggattcacctttagcagctatgccatgagctgggtccgccaggctccagggaaggggctggagtgggtctcagctattagtggtagtggtggtagcacatactacgcagactccgtgaagggccggttcaccatctccagagacaattccaagaacacgctgtatctgcaaatgaacagcctgagagccgaggacacggccgtatattactgtgcgaaagatacgatggcggatattggaaactttgactactggggccaaggaaccctggtcaccgtctcctca	IGHV3-23	IGHD2-2	IGHJ4	tgtgcgaaagatacgatggcggatattggaaactttgactactgg	3	1.82977036381934e-05
gaggtgcagctggtgcagtctggagcagaggtgaaaaagcccggggagtctctgaagatctcctgtaagggttctggatacagctttaccagctactggatcggctgggtgcgccagatgcccgggaaaggcctggagtggatggggatcatctatcctggtgactctgataccagatacagcccgtccttccaaggccaggtcaccatctcagccgacaagtccatcagcaccgcctacctgcagtggagcagcctgaaggcctcggacaccgccatgtattactgtgcgagatggatagtgggagctactacctttgactactggggccaaggaaccctggtcaccgtctcctca	IGHV5-51	IGHD1-26	IGHJ4	tgtgcgagatggatagtgggagctactacctttgactactgg	3	1.82977036381934e-05
gaggtgcagctggtggagtctgggggaggcttggtaaagcctggggggtcccttagactctcctgtgcagcctctggattcactttcagtaacgcctggatgagctgggtccgccaggctccagggaaggggctggagtgggttggccgtattaaaagcaaaactgatggtgggacaacagactacgctgcacccgtgaaaggcagattcaccatctcaagagatgattcaaaaaacacgctgtatctgcaaatgaacagcctgaaaaccgaggacacagccgtgtattactgtaccacagcgggtattactatgatagtctttgactactggggccaaggaaccctggtcaccgtctcctca	IGHV3-15	IGHD3-22	IGHJ4	tgtaccacagcgggtattactatgatagtctttgactactgg	3	1.82977036381934e-05
cagatcaccttgaaggagtctggtcctacgctggtgaaacccacacagaccctcacgctgacctgcaccttctctgggttctcactcagcactagtggagtgggtgtgggctggatccgtcagcccccaggaaaggccctggagtggcttgcactcatttattggaatgatgataagcgctacagcccatctctgaagagcaggctcaccatcaccaaggacacctccaaaaaccaggtggtccttacaatgaccaacatggaccctgtggacacagccacatattactgtgcacacagactccgtagtagtggttatgtaaactggggccaaggaaccctggtcaccgtctcctca	IGHV2-5	IGHD3-22	IGHJ4	tgtgcacacagactccgtagtagtggttatgtaaactgg	3	1.82977036381934e-05
gaggtgcagctgttggagtctgggggaggcttggtacagcctggggggtccctgagactctcctgtgcagcctctggattcacctttagcagctatgccatgagctgggtccgccaggctccagggaaggggctggagtgggtctcagctattagtggtagtggtggtagcacatactacgcagactccgtgaagggccggttcaccatctccagagacaattccaagaacacgctgtatctgcaaatgaacagcctgagagccgaggacacggccgtatattactgtgcgaagggagtagtctactactactacggtatggacgtctgggggcaagggaccacggtcaccgtctcctca	IGHV3-23	IGHD3-22	IGHJ6	tgtgcgaagggagtagtctactactactacggtatggacgtctgg	3	1.82977036381934e-05
gaggtgcagctggtggagtccgggggaggcttagttcagcctggggggtccctgagactctcctgtgcagcctctggattcaccttcagtagctactggatgcactgggtccgccaagctccagggaaggggctggtgtgggtctcacgtattaatagtgatgggagtagcacaagctacgcggactccgtgaagggccgattcaccatctccagagacaacgccaagaacacgctgtatctgcaaatgaacagtctgagagccgaggacacggctgtgtattactgtgcaagatcgatagcagcagctggtttttccgactactggggccaaggaaccctggtcaccgtctcctca	IGHV3-74	IGHD6-13	IGHJ4	tgtgcaagatcgatagcagcagctggtttttccgactactgg	3	1.82977036381934e-05
caggttcagctggtgcagtctggagctgaggtgaagaagcctggggcctcagtgaaggtctcctgcaaggcttctggttacacctttaccagctatggtatcagctgggtgcgacaggcccctggacaagggcttgagtggatgggatggatcagcgcttacaatggtaacacaaactatgcacagaagctccagggcagagtcaccatgaccacagacacatccacgagcacagcctacatggagctgaggagcctgagatctgacgacacggccgtgtattactgtgcgagagaagggtggctacgattacacggtatggacgtctgggggcaagggaccacggtcaccgtctcctca	IGHV1-18	IGHD5-12	IGHJ6	tgtgcgagagaagggtggctacgattacacggtatggacgtctgg	3	1.82977036381934e-05
caggtgcagctggtgcagtctggggctgaggtgaagaagcctggggcctcagtgaaggtctcctgcaaggcttctggatacaccttcaccggctactatatgcactgggtgcgacaggcccctggacaagggcttgagtggatgggacggatcaaccctaacagtggtggcacaaactatgcacagaagtttcagggcagggtcaccagtaccagggacacgtccatcagcacagcctacatggagctgagcaggctgagatctgacgacacggtcgtgtattactgtgcgaggcatattgtagtagtaccagctgcctttgactactggggccaaggaaccctggtcaccgtctcctca	IGHV1-2	IGHD2-2	IGHJ4	tgtgcgaggcatattgtagtagtaccagctgcctttgactactgg	3	1.82977036381934e-05
caggtcaccttgagggagtctggtcctgcgctggtgaaacccacacagaccctcacactgacctgcaccttctctgggttctcactcagcactagtggaatgtgtgtgagctggatccgtcagcccccagggaaggccctggagtggcttgcactcattgattgggatgatgataaatactacagcacatctctgaagaccaggctcaccatctccaaggacacctccaaaaaccaggtggtccttacaatgaccaacatggaccctgtggacacagccacgtattactgtgcgtatattgtagtggtggtagctgctagtcctgactactggggccaaggaaccctggtcaccgtctcctca	IGHV2-70	IGHD2-15	IGHJ4	tgtgcgtatattgtagtggtggtagctgctagtcctgactactgg	3	1.82977036381934e-05
caggttcagctggtgcagtctggagctgaggtgaagaagcctggggcctcagtgaaggtctcctgcaaggcttctggttacacctttaccagctatggtatcagctgggtgcgacaggcccctggacaagggcttgagtggatgggatggatcagcgcttacaatggtaacacaaactatgcacagaagctccagggcagagtcaccatgaccacagacacatccacgagcacagcctacatggagctgaggagcctgagatctgacgacacggccgtgtattactgtgcgagagattttacgtttgggggggactactttgactactggggccaaggaaccctggtcaccgtctcctca	IGHV1-18	IGHD3-16	IGHJ4	tgtgcgagagattttacgtttgggggggactactttgactactgg	3	1.82977036381934e-05
gaggtgcagctgttggagtctgggggaggcttggtacagcctggggggtccctgagactctcctgtgcagcctctggattcacctttagcagctatgccatgagctgggtccgccaggctccagggaaggggctggagtgggtctcagctattagtggtagtggtggtagcacatactacgcagactccgtgaagggccggttcaccatctccagagacaattccaagaacacgctgtatctgcaaatgaacagcctgagagccgaggacacggccgtatattactgtgcgaaagaggggccccctatagcagcagcctttgactactggggccaaggaaccctggtcaccgtctcctca	IGHV3-23	IGHD6-13	IGHJ4	tgtgcgaaagaggggccccctatagcagcagcctttgactactgg	3	1.82977036381934e-05
caggtgcagctacagcagtggggcgcaggactgttgaagccttcggagaccctgtccctcacctgcgctgtctatggtgggtccttcagtggttactactggagctggatccgccagcccccagggaaggggctggagtggattggggaaatcaatcatagtggaagcaccaactacaacccgtccctcaagagtcgagtcaccatatcagtagacacgtccaagaaccagttctccctgaagctgagctctgtgaccgccgcggacacggctgtgtattactgtgcgagaggggggcggacactatggttcggggagtttgtctggggccaagggacaatggtcaccgtctcttca	IGHV4-34	IGHD3-10	IGHJ3	tgtgcgagaggggggcggacactatggttcggggagtttgtctgg	3	1.82977036381934e-05
gaggtgcagctgttggagtctgggggaggcttggtacagcctggggggtccctgagactctcctgtgcagcctctggattcacctttagcagctatgccatgagctgggtccgccaggctccagggaaggggctggagtgggtctcagctattagtggtagtggtggtagcacatactacgcagactccgtgaagggccggttcaccatctccagagacaattccaagaacacgctgtatctgcaaatgaacagcctgagagccgaggacacggccgtatattactgtgcgaaagattgtagtagtaccagctcccactttgactactggggccaaggaaccctggtcaccgtctcctca	IGHV3-23	IGHD2-2	IGHJ4	tgtgcgaaagattgtagtagtaccagctcccactttgactactgg	3	1.82977036381934e-05
gaggtgcagctgttggagtctgggggaggcttggtacagcctggggggtccctgagactctcctgtgcagcctctggattcacctttagcagctatgccatgagctgggtccgccaggctccagggaaggggctggagtgggtctcagctattagtggtagtggtggtagcacatactacgcagactccgtgaagggccggttcaccatctccagagacaattccaagaacacgctgtatctgcaaatgaacagcctgagagccgaggacacggccgtatattactgtgcgaaagaggtagtagtaccagctgctatgtttgactactggggccaaggaaccctggtcaccgtctcctca	IGHV3-23	IGHD2-2	IGHJ4	tgtgcgaaagaggtagtagtaccagctgctatgtttgactactgg	3	1.82977036381934e-05
caggtgcagctggtgcagtctggggctgaggtgaagaagcctgggtcctcggtgaaggtctcctgcaaggcttctggaggcaccttcagcagctatgctatcagctgggtgcgacaggcccctggacaagggcttgagtggatgggagggatcatccctatctttggtacagcaaactacgcacagaagttccagggcagagtcacgattaccgcggacgaatccacgagcacagcctacatggagctgagcagcctgagatctgaggacacggccgtgtattactgtgcgagagattattactactactacggtatggacgtctgggggcaagggaccacggtcaccgtctcctca	IGHV1-69	IGHD3-3	IGHJ6	tgtgcgagagattattactactactacggtatggacgtctgg	3	1.82977036381934e-05
caggtgcagctggtgcagtctggggctgaggtgaagaagcctgggtcctcggtgaaggtctcctgcaaggcttctggaggcaccttcagcagctatgctatcagctgggtgcgacaggcccctggacaagggcttgagtggatgggagggatcatccctatctttggtacagcaaactacgcacagaagttccagggcagagtcacgattaccgcggacgaatccacgagcacagcctacatggagctgagcagcctgagatctgaggacacggccgtgtattactgtgcgagagattttggagtggttattatgtttgactactggggccaaggaaccctggtcaccgtctcctca	IGHV1-69	IGHD3-3	IGHJ4	tgtgcgagagattttggagtggttattatgtttgactactgg	3	1.82977036381934e-05
caggtgcagctggtgcagtctggggctgaggtgaagaagcctggggcctcagtgaaggtctcctgcaaggcttctggatacaccttcaccggctactatatgcactgggtgcgacaggcccctggacaagggcttgagtggatgggacggatcaaccctaacagtggtggcacaaactatgcacagaagtttcagggcagggtcaccagtaccagggacacgtccatcagcacagcctacatggagctgagcaggctgagatctgacgacacggtcgtgtattactgtgcgagagagcctacctactacggtatggacgtctgggggcaagggaccacggtcaccgtctcctca	IGHV1-2	IGHD4-17	IGHJ6	tgtgcgagagagcctacctactacggtatggacgtctgg	3	1.82977036381934e-05
gaggtgcagctgttggagtctgggggaggcttggtacagcctggggggtccctgagactctcctgtgcagcctctggattcacctttagcagctatgccatgagctgggtccgccaggctccagggaaggggctggagtgggtctcagctattagtggtagtggtggtagcacatactacgcagactccgtgaagggccggttcaccatctccagagacaattccaagaacacgctgtatctgcaaatgaacagcctgagagccgaggacacggccgtatattactgtgcgaaacggcgatttgtatactactacggtatggacgtctgggggcaagggaccacggtcaccgtctcctca	IGHV3-23	IGHD3-3	IGHJ6	tgtgcgaaacggcgatttgtatactactacggtatggacgtctgg	3	1.82977036381934e-05
gaggtgcagctgttggagtctgggggaggcttggtacagcctggggggtccctgagactctcctgtgcagcctctggattcacctttagcagctatgccatgagctgggtccgccaggctccagggaaggggctggagtgggtctcagctattagtggtagtggtggtagcacatactacgcagactccgtgaagggccggttcaccatctccagagacaattccaagaacacgctgtatctgcaaatgaacagcctgagagccgaggacacggccgtatattactgtgcgacggttattataacgttctactacggtatggacgtctgggggcaagggaccacggtcaccgtctcctca	IGHV3-23	IGHD3-9	IGHJ6	tgtgcgacggttattataacgttctactacggtatggacgtctgg	3	1.82977036381934e-05
gaggtgcagctgttggagtctgggggaggcttggtacagcctggggggtccctgagactctcctgtgcagcctctggattcacctttagcagctatgccatgagctgggtccgccaggctccagggaaggggctggagtgggtctcagctattagtggtagtggtggtagcacatactacgcagactccgtgaagggccggttcaccatctccagagacaattccaagaacacgctgtatctgcaaatgaacagcctgagagccgaggacacggccgtatattactgtgcgaagggggggatacgctttccggggttcgactcctggggccaaggaaccctggtcaccgtctcctca	IGHV3-23	IGHD6-25	IGHJ5	tgtgcgaagggggggatacgctttccggggttcgactcctgg	3	1.82977036381934e-05
gaggtgcagctgttggagtctgggggaggcttggtacagcctggggggtccctgagactctcctgtgcagcctctggattcacctttagcagctatgccatgagctgggtccgccaggctccagggaaggggctggagtgggtctcagctattagtggtagtggtggtagcacatactacgcagactccgtgaagggccggttcaccatctccagagacaattccaagaacacgctgtatctgcaaatgaacagcctgagagccgaggacacggccgtatattactgtgcgaaacctatggtcttttactactacggtatggacgtctgggggcaagggaccacggtcaccgtctcctca	IGHV3-23	IGHD3-10	IGHJ6	tgtgcgaaacctatggtcttttactactacggtatggacgtctgg	3	1.82977036381934e-05
gaggtgcagctggtggagtctgggggaggcttggtacagccagggcggtccctgagactctcctgtacagcttctggattcacctttggtgattatgctatgagctggttccgccaggctccagggaaggggctggagtgggtaggtttcattagaagcaaagcttatggtgggacaacagaatacaccgcgtctgtgaaaggcagattcaccatctcaagagatggttccaaaagcatcgcctatctgcaaatgaacagcctgaaaaccgaggacacagccgtgtattactgtactagagtttactactactacggtatggacgtctgggggcaagggaccacggtcaccgtctcctca	IGHV3-49	IGHD3-10	IGHJ6	tgtactagagtttactactactacggtatggacgtctgg	3	1.82977036381934e-05
gaggtgcagctgttggagtctgggggaggcttggtacagcctggggggtccctgagactctcctgtgcagcctctggattcacctttagcagctatgccatgagctgggtccgccaggctccagggaaggggctggagtgggtctcagctattagtggtagtggtggtagcacatactacgcagactccgtgaagggccggttcaccatctccagagacaattccaagaacacgctgtatctgcaaatgaacagcctgagagccgaggacacggccgtatattactgttctgtagtagtaccagcgagagggcccttcgactcctggggccaaggaaccctggtcaccgtctcctca	IGHV3-23	IGHD2-2	IGHJ5	tgttctgtagtagtaccagcgagagggcccttcgactcctgg	3	1.82977036381934e-05
gaggtgcagctgttggagtctgggggaggcttggtacagcctggggggtccctgagactctcctgtgcagcctctggattcacctttagcagctatgccatgagctgggtccgccaggctccagggaaggggctggagtgggtctcagctattagtggtagtggtggtagcacatactacgcagactccgtgaagggccggttcaccatctccagagacaattccaagaacacgctgtatctgcaaatgaacagcctgagagccgaggacacggccgtatattactgtgcgaaagatggtccttatagcagtggctgctttgactactggggccaaggaaccctggtcaccgtctcctca	IGHV3-23	IGHD6-19	IGHJ4	tgtgcgaaagatggtccttatagcagtggctgctttgactactgg	3	1.82977036381934e-05
gaggtgcagctggtggagtctgggggaggcttggtacagccagggcggtccctgagactctcctgtacagcttctggattcacctttggtgattatgctatgagctggttccgccaggctccagggaaggggctggagtgggtaggtttcattagaagcaaagcttatggtgggacaacagaatacaccgcgtctgtgaaaggcagattcaccatctcaagagatggttccaaaagcatcgcctatctgcaaatgaacagcctgaaaaccgaggacacagccgtgtattactgtactagatcgatcccctatagcagctttgactactggggccaaggaaccctggtcaccgtctcctca	IGHV3-49	IGHD6-13	IGHJ4	tgtactagatcgatcccctatagcagctttgactactgg	3	1.82977036381934e-05
caggttcagctggtgcagtctggagctgaggtgaagaagcctggggcctcagtgaaggtctcctgcaaggcttctggttacacctttaccagctatggtatcagctgggtgcgacaggcccctggacaagggcttgagtggatgggatggatcagcgcttacaatggtaacacaaactatgcacagaagctccagggcagagtcaccatgaccacagacacatccacgagcacagcctacatggagctgaggagcctgagatctgacgacacggccgtgtattactgtgcgagagaccccccagagtaccagctgctacttgactactggggccaaggaaccctggtcaccgtctcctca	IGHV1-18	IGHD2-2	IGHJ4	tgtgcgagagaccccccagagtaccagctgctacttgactactgg	3	1.82977036381934e-05
caggtgcagctggtgcagtctggggctgaggtgaagaagcctggggcctcagtgaaggtctcctgcaaggcttctggatacaccttcaccggctactatatgcactgggtgcgacaggcccctggacaagggcttgagtggatgggacggatcaaccctaacagtggtggcacaaactatgcacagaagtttcagggcagggtcaccagtaccagggacacgtccatcagcacagcctacatggagctgagcaggctgagatctgacgacacggtcgtgtattactgtgcgagagatcccctgtatagcagtgactactttgactactggggccaaggaaccctggtcaccgtctcctca	IGHV1-2	IGHD6-19	IGHJ4	tgtgcgagagatcccctgtatagcagtgactactttgactactgg	3	1.82977036381934e-05
gaggtgcagctggtggagtctgggggaggcttggtccagcctggggggtccctgagactctcctgtgcagcctctggattcaccttcagtagctatgctatgcactgggtccgccaggctccagggaagggactggaatatgtttcagctattagtagtaatgggggtagcacatattatgcaaactctgtgaagggcagattcaccatctccagagacaattccaagaacacgctgtatcttcaaatgggcagcctgagagctgaggacatggctgtgtattactgtgcgagagggtgggagctactacatgcttttgatgtctggggccaagggacaatggtcaccgtctcttca	IGHV3-64	IGHD1-26	IGHJ3	tgtgcgagagggtgggagctactacatgcttttgatgtctgg	3	1.82977036381934e-05
gaggtgcagctgttggagtctgggggaggcttggtacagcctggggggtccctgagactctcctgtgcagcctctggattcacctttagcagctatgccatgagctgggtccgccaggctccagggaaggggctggagtgggtctcagctattagtggtagtggtggtagcacatactacgcagactccgtgaagggccggttcaccatctccagagacaattccaagaacacgctgtatctgcaaatgaacagcctgagagccgaggacacggccgtatattactgtgcgaaagactacggtgacagggagtactttgactactggggccaaggaaccctggtcaccgtctcctca	IGHV3-23	IGHD4-17	IGHJ4	tgtgcgaaagactacggtgacagggagtactttgactactgg	3	1.82977036381934e-05
gaggtgcagctggtgcagtctggagcagaggtgaaaaagcccggggagtctctgaagatctcctgtaagggttctggatacagctttaccagctactggatcggctgggtgcgccagatgcccgggaaaggcctggagtggatggggatcatctatcctggtgactctgataccagatacagcccgtccttccaaggccaggtcaccatctcagccgacaagtccatcagcaccgcctacctgcagtggagcagcctgaaggcctcggacaccgccatgtattactgtgcgagactaatggtgtatgctatgtttgactactggggccaaggaaccctggtcaccgtctcctca	IGHV5-51	IGHD2-8	IGHJ4	tgtgcgagactaatggtgtatgctatgtttgactactgg	3	1.82977036381934e-05
gaggtgcagctggtggagtctgggggaggcttggtccagcctggggggtccctgaaactctcctgtgcagcctctgggttcaccttcagtggctctgctatgcactgggtccgccaggcttccgggaaagggctggagtgggttggccgtattagaagcaaagctaacagttacgcgacagcatatgctgcgtcggtgaaaggcaggttcaccatctccagagatgattcaaagaacacggcgtatctgcaaatgaacagcctgaaaaccgaggacacggccgtgtattactgtactagagggatttactactactactacggtatggacgtctgggggcaagggaccacggtcaccgtctcctca	IGHV3-73	IGHD2-15	IGHJ6	tgtactagagggatttactactactactacggtatggacgtctgg	3	1.82977036381934e-05
gaggtgcagctggtggagtctgggggaggcttggtaaagcctggggggtcccttagactctcctgtgcagcctctggattcactttcagtaacgcctggatgagctgggtccgccaggctccagggaaggggctggagtgggttggccgtattaaaagcaaaactgatggtgggacaacagactacgctgcacccgtgaaaggcagattcaccatctcaagagatgattcaaaaaacacgctgtatctgcaaatgaacagcctgaaaaccgaggacacagccgtgtattactgtaccacacgattttactactactacggtatggacgtctgggggcaagggaccacggtcaccgtctcctca	IGHV3-15	IGHD3-3	IGHJ6	tgtaccacacgattttactactactacggtatggacgtctgg	3	1.82977036381934e-05
cagctgcagctgcaggagtcgggcccaggactggtgaagccttcggagaccctgtccctcacctgcactgtctctggtggctccatcagcagtagtagttactactggggctggatccgccagcccccagggaaggggctggagtggattgggagtatctattatagtgggagcacctactacaacccgtccctcaagagtcgagtcaccatatccgtagacacgtccaagaaccagttctccctgaagctgagctctgtgaccgccgcagacacggctgtgtattactgtgcgagacgtggatatagtggctacgattactttgactactggggccaaggaaccctggtcaccgtctcctca	IGHV4-39	IGHD5-12	IGHJ4	tgtgcgagacgtggatatagtggctacgattactttgactactgg	3	1.82977036381934e-05
gaggtgcagctgttggagtctgggggaggcttggtacagcctggggggtccctgagactctcctgtgcagcctctggattcacctttagcagctatgccatgagctgggtccgccaggctccagggaaggggctggagtgggtctcagctattagtggtagtggtggtagcacatactacgcagactccgtgaagggccggttcaccatctccagagacaattccaagaacacgctgtatctgcaaatgaacagcctgagagccgaggacacggccgtatattactgtgcgaaagaaggatattgtagtagctactttgactactggggccaaggaaccctggtcaccgtctcctca	IGHV3-23	IGHD2-2	IGHJ4	tgtgcgaaagaaggatattgtagtagctactttgactactgg	3	1.82977036381934e-05
caggttcagctggtgcagtctggagctgaggtgaagaagcctggggcctcagtgaaggtctcctgcaaggcttctggttacacctttaccagctatggtatcagctgggtgcgacaggcccctggacaagggcttgagtggatgggatggatcagcgcttacaatggtaacacaaactatgcacagaagctccagggcagagtcaccatgaccacagacacatccacgagcacagcctacatggagctgaggagcctgagatctgacgacacggccgtgtattactgtgcgagagggacttatagcagcagctggtactttgactactggggccaaggaaccctggtcaccgtctcctca	IGHV1-18	IGHD6-13	IGHJ4	tgtgcgagagggacttatagcagcagctggtactttgactactgg	3	1.82977036381934e-05
gaggtgcagctgttggagtctgggggaggcttggtacagcctggggggtccctgagactctcctgtgcagcctctggattcacctttagcagctatgccatgagctgggtccgccaggctccagggaaggggctggagtgggtctcagctattagtggtagtggtggtagcacatactacgcagactccgtgaagggccggttcaccatctccagagacaattccaagaacacgctgtatctgcaaatgaacagcctgagagccgaggacacggccgtatattactgtgcgaaagcgaatagtagtggttattactttgactactggggccaaggaaccctggtcaccgtctcctca	IGHV3-23	IGHD3-22	IGHJ4	tgtgcgaaagcgaatagtagtggttattactttgactactgg	3	1.82977036381934e-05
caggtgcagctggtggagtctgggggaggcttggtcaagcctggagggtccctgagactctcctgtgcagcctctggattcaccttcagtgactactacatgagctggatccgccaggctccagggaaggggctggagtgggtttcatacattagtagtagtggtagtaccatatactacgcagactctgtgaagggccgattcaccatctccagggacaacgccaagaactcactgtatctgcaaatgaacagcctgagagccgaggacacggccgtgtattactgtgcgagagttggagttatgctgtgggcttttgatgtctggggccaagggacaatggtcaccgtctcttca	IGHV3-11	IGHD3-16	IGHJ3	tgtgcgagagttggagttatgctgtgggcttttgatgtctgg	3	1.82977036381934e-05
caggtgcagctggtgcagtctggggctgaggtgaagaagcctgggtcctcggtgaaggtctcctgcaaggcttctggaggcaccttcagcagctatgctatcagctgggtgcgacaggcccctggacaagggcttgagtggatgggagggatcatccctatctttggtacagcaaactacgcacagaagttccagggcagagtcacgattaccgcggacgaatccacgagcacagcctacatggagctgagcagcctgagatctgaggacacggccgtgtattactgtgcgaggcgagggtgggagctactacttatctttgactactggggccaaggaaccctggtcaccgtctcctca	IGHV1-69	IGHD1-26	IGHJ4	tgtgcgaggcgagggtgggagctactacttatctttgactactgg	3	1.82977036381934e-05
gaggtgcagctggtggagtctgggggaggtgtggtacggcctggggggtccctgagactctcctgtgcagcctctggattcacctttgatgattatggcatgagctgggtccgccaagctccagggaaggggctggagtgggtctctggtattaattggaatggtggtagcacaggttatgcagactctgtgaagggccgattcaccatctccagagacaacgccaagaactccctgtatctgcaaatgaacagtctgagagccgaggacacggccttgtatcactgtgcgcacgatttttggagtggaaacaactggttcgactcctggggccaaggaaccctggtcaccgtctcctca	IGHV3-20	IGHD3-3	IGHJ5	tgtgcgcacgatttttggagtggaaacaactggttcgactcctgg	3	1.82977036381934e-05
gaggtgcagctgttggagtctgggggaggcttggtacagcctggggggtccctgagactctcctgtgcagcctctggattcacctttagcagctatgccatgagctgggtccgccaggctccagggaaggggctggagtgggtctcagctattagtggtagtggtggtagcacatactacgcagactccgtgaagggccggttcaccatctccagagacaattccaagaacacgctgtatctgcaaatgaacagcctgagagccgaggacacggccgtatattactgtgcgaaagagtgggagtactactacggtatggacgtctgggggcaagggaccacggtcaccgtctcctca	IGHV3-23	IGHD1-26	IGHJ6	tgtgcgaaagagtgggagtactactacggtatggacgtctgg	3	1.82977036381934e-05
caggtccagcttgtgcagtctggggctgaggtgaagaagcctggggcctcagtgaaggtttcctgcaaggcttctggatacaccttcactagctatgctatgcattgggtgcgccaggcccccggacaaaggcttgagtggatgggatggatcaacgctggcaatggtaacacaaaatattcacagaagttccagggcagagtcaccattaccagggacacatccgcgagcacagcctacatggagctgagcagcctgagatctgaagacacggctgtgtattactgtgcgagaacgggcgtccggggctactttgactactggggccaaggaaccctggtcaccgtctcctca	IGHV1-3	IGHD6-6	IGHJ4	tgtgcgagaacgggcgtccggggctactttgactactgg	3	1.82977036381934e-05
gaggtgcagctggtggagtctgggggaggcttggtaaagcctggggggtcccttagactctcctgtgcagcctctggattcactttcagtaacgcctggatgagctgggtccgccaggctccagggaaggggctggagtgggttggccgtattaaaagcaaaactgatggtgggacaacagactacgctgcacccgtgaaaggcagattcaccatctcaagagatgattcaaaaaacacgctgtatctgcaaatgaacagcctgaaaaccgaggacacagccgtgtattactgtaccacaggtacggtcccccacaactggttcgactcctggggccaaggaaccctggtcaccgtctcctca	IGHV3-15	IGHD4-17	IGHJ5	tgtaccacaggtacggtcccccacaactggttcgactcctgg	3	1.82977036381934e-05
gaggtgcagctggtggagtccgggggaggcttagttcagcctggggggtccctgagactctcctgtgcagcctctggattcaccttcagtagctactggatgcactgggtccgccaagctccagggaaggggctggtgtgggtctcacgtattaatagtgatgggagtagcacaagctacgcggactccgtgaagggccgattcaccatctccagagacaacgccaagaacacgctgtatctgcaaatgaacagtctgagagccgaggacacggctgtgtattactgtgcaaagagtagtaccagttctgatgcttttgatgtctggggccaagggacaatggtcaccgtctcttca	IGHV3-74	IGHD2-2	IGHJ3	tgtgcaaagagtagtaccagttctgatgcttttgatgtctgg	3	1.82977036381934e-05
gaggtgcagctgttggagtctgggggaggcttggtacagcctggggggtccctgagactctcctgtgcagcctctggattcacctttagcagctatgccatgagctgggtccgccaggctccagggaaggggctggagtgggtctcagctattagtggtagtggtggtagcacatactacgcagactccgtgaagggccggttcaccatctccagagacaattccaagaacacgctgtatctgcaaatgaacagcctgagagccgaggacacggccgtatattactgtgcgactatggttcggggagttaactttgactactggggccaaggaaccctggtcaccgtctcctca	IGHV3-23	IGHD3-10	IGHJ4	tgtgcgactatggttcggggagttaactttgactactgg	3	1.82977036381934e-05
caggttcagctggtgcagtctggagctgaggtgaagaagcctggggcctcagtgaaggtctcctgcaaggcttctggttacacctttaccagctatggtatcagctgggtgcgacaggcccctggacaagggcttgagtggatgggatggatcagcgcttacaatggtaacacaaactatgcacagaagctccagggcagagtcaccatgaccacagacacatccacgagcacagcctacatggagctgaggagcctgagatctgacgacacggccgtgtattactgtgcgagagatgctggtacggtttggttcgactcctggggccaaggaaccctggtcaccgtctcctca	IGHV1-18	IGHD6-19	IGHJ5	tgtgcgagagatgctggtacggtttggttcgactcctgg	3	1.82977036381934e-05
caggttcagctggtgcagtctggagctgaggtgaagaagcctggggcctcagtgaaggtctcctgcaaggcttctggttacacctttaccagctatggtatcagctgggtgcgacaggcccctggacaagggcttgagtggatgggatggatcagcgcttacaatggtaacacaaactatgcacagaagctccagggcagagtcaccatgaccacagacacatccacgagcacagcctacatggagctgaggagcctgagatctgacgacacggccgtgtattactgtgcgagccgttcggggagttattacaactggttcgactcctggggccaaggaaccctggtcaccgtctcctca	IGHV1-18	IGHD3-10	IGHJ5	tgtgcgagccgttcggggagttattacaactggttcgactcctgg	3	1.82977036381934e-05
gaggtgcagctggtggagtctgggggaggcttggtacagccagggcggtccctgagactctcctgtacagcttctggattcacctttggtgattatgctatgagctggttccgccaggctccagggaaggggctggagtgggtaggtttcattagaagcaaagcttatggtgggacaacagaatacaccgcgtctgtgaaaggcagattcaccatctcaagagatggttccaaaagcatcgcctatctgcaaatgaacagcctgaaaaccgaggacacagccgtgtattactgtactagagaggggatttggttttggaagtacttccagcactggggccagggcaccctggtcaccgtctcctca	IGHV3-49	IGHD3-9	IGHJ1	tgtactagagaggggatttggttttggaagtacttccagcactgg	3	1.82977036381934e-05
caggtacagctgcagcagtcaggtccaggactggtgaagccctcgcagaccctctcactcacctgtgccatctccggggacagtgtctctagcaacagtgctgcttggaactggatcaggcagtccccatcgagaggccttgagtggctgggaaggacatactacaggtccaagtggtataatgattatgcagtatctgtgaaaagtcgaataaccatcaacccagacacatccaagaaccagttctccctgcagctgaactctgtgactcccgaggacacggctgtgtattactgtgcaagagaggggggtagcagtggctggtacctttactggggccaaggaaccctggtcaccgtctcctca	IGHV6-1	IGHD6-19	IGHJ4	tgtgcaagagaggggggtagcagtggctggtacctttactgg	3	1.82977036381934e-05
gaggtgcagctgttggagtctgggggaggcttggtacagcctggggggtccctgagactctcctgtgcagcctctggattcacctttagcagctatgccatgagctgggtccgccaggctccagggaaggggctggagtgggtctcagctattagtggtagtggtggtagcacatactacgcagactccgtgaagggccggttcaccatctccagagacaattccaagaacacgctgtatctgcaaatgaacagcctgagagccgaggacacggccgtatattactgtgcgaatcgtccccgatttcactggttcgactcctggggccaaggaaccctggtcaccgtctcctca	IGHV3-23	IGHD3-3	IGHJ5	tgtgcgaatcgtccccgatttcactggttcgactcctgg	3	1.82977036381934e-05
gaggtgcagctggtgcagtctggagcagaggtgaaaaagcccggggagtctctgaagatctcctgtaagggttctggatacagctttaccagctactggatcggctgggtgcgccagatgcccgggaaaggcctggagtggatggggatcatctatcctggtgactctgataccagatacagcccgtccttccaaggccaggtcaccatctcagccgacaagtccatcagcaccgcctacctgcagtggagcagcctgaaggcctcggacaccgccatgtattactgtgcgagagatagcagcagctggtatccctactttgactactggggccaaggaaccctggtcaccgtctcctca	IGHV5-51	IGHD6-13	IGHJ4	tgtgcgagagatagcagcagctggtatccctactttgactactgg	3	1.82977036381934e-05
caggtgcagctggtgcagtctggggctgaggtgaagaagcctggggcctcagtgaaggtctcctgcaaggcttctggatacaccttcaccggctactatatgcactgggtgcgacaggcccctggacaagggcttgagtggatgggacggatcaaccctaacagtggtggcacaaactatgcacagaagtttcagggcagggtcaccagtaccagggacacgtccatcagcacagcctacatggagctgagcaggctgagatctgacgacacggtcgtgtattactgtgcgagagaacgatattttgactggctatactttgactactggggccaaggaaccctggtcaccgtctcctca	IGHV1-2	IGHD3-9	IGHJ4	tgtgcgagagaacgatattttgactggctatactttgactactgg	3	1.82977036381934e-05
caggttcagctggtgcagtctggagctgaggtgaagaagcctggggcctcagtgaaggtctcctgcaaggcttctggttacacctttaccagctatggtatcagctgggtgcgacaggcccctggacaagggcttgagtggatgggatggatcagcgcttacaatggtaacacaaactatgcacagaagctccagggcagagtcaccatgaccacagacacatccacgagcacagcctacatggagctgaggagcctgagatctgacgacacggccgtgtattactgtgcgagatctcgctatgatagtagtttcgactcctggggccaaggaaccctggtcaccgtctcctca	IGHV1-18	IGHD3-22	IGHJ5	tgtgcgagatctcgctatgatagtagtttcgactcctgg	3	1.82977036381934e-05
gaggtgcagctggtggagtctgggggaggtgtggtacggcctggggggtccctgagactctcctgtgcagcctctggattcacctttgatgattatggcatgagctgggtccgccaagctccagggaaggggctggagtgggtctctggtattaattggaatggtggtagcacaggttatgcagactctgtgaagggccgattcaccatctccagagacaacgccaagaactccctgtatctgcaaatgaacagtctgagagccgaggacacggccttgtatcactgtgcgagagatcagctggtagaggacaactggttcgactcctggggccaaggaaccctggtcaccgtctcctca	IGHV3-20	IGHD6-13	IGHJ5	tgtgcgagagatcagctggtagaggacaactggttcgactcctgg	3	1.82977036381934e-05
gaggtgcagctggtgcagtctggagcagaggtgaaaaagcccggggagtctctgaagatctcctgtaagggttctggatacagctttaccagctactggatcggctgggtgcgccagatgcccgggaaaggcctggagtggatggggatcatctatcctggtgactctgataccagatacagcccgtccttccaaggccaggtcaccatctcagccgacaagtccatcagcaccgcctacctgcagtggagcagcctgaaggcctcggacaccgccatgtattactgtgcgagacagacggagtggctggactactttgactactggggccaaggaaccctggtcaccgtctcctca	IGHV5-51	IGHD6-19	IGHJ4	tgtgcgagacagacggagtggctggactactttgactactgg	3	1.82977036381934e-05
gaggtgcagctggtggagtctggaggaggcttgatccagcctggggggtccctgagactctcctgtgcagcctctgggttcaccgtcagtagcaactacatgagctgggtccgccaggctccagggaaggggctggagtgggtctcagttatttatagcggtggtagcacatactacgcagactccgtgaagggccgattcaccatctccagagacaattccaagaacacgctgtatcttcaaatgaacagcctgagagccgaggacacggccgtgtattactgtgcgagagacggggggtatagcagcagctggtacgactactggggccaaggaaccctggtcaccgtctcctca	IGHV3-53	IGHD6-13	IGHJ4	tgtgcgagagacggggggtatagcagcagctggtacgactactgg	3	1.82977036381934e-05
gaggtgcagctggtggagtctggaggaggcttgatccagcctggggggtccctgagactctcctgtgcagcctctgggttcaccgtcagtagcaactacatgagctgggtccgccaggctccagggaaggggctggagtgggtctcagttatttatagcggtggtagcacatactacgcagactccgtgaagggccgattcaccatctccagagacaattccaagaacacgctgtatcttcaaatgaacagcctgagagccgaggacacggccgtgtattactgtgcgagagcatggttcggggagttagtgaggtttgactactggggccaaggaaccctggtcaccgtctcctca	IGHV3-53	IGHD3-10	IGHJ4	tgtgcgagagcatggttcggggagttagtgaggtttgactactgg	3	1.82977036381934e-05
gaggtgcagctgttggagtctgggggaggcttggtacagcctggggggtccctgagactctcctgtgcagcctctggattcacctttagcagctatgccatgagctgggtccgccaggctccagggaaggggctggagtgggtctcagctattagtggtagtggtggtagcacatactacgcagactccgtgaagggccggttcaccatctccagagacaattccaagaacacgctgtatctgcaaatgaacagcctgagagccgaggacacggccgtatattactgtgcgaaagaacactacggtgactacttcgactcctggggccaaggaaccctggtcaccgtctcctca	IGHV3-23	IGHD4-17	IGHJ5	tgtgcgaaagaacactacggtgactacttcgactcctgg	3	1.82977036381934e-05
caggtgcagctggtggagtctgggggaggcttggtcaagcctggagggtccctgagactctcctgtgcagcctctggattcaccttcagtgactactacatgagctggatccgccaggctccagggaaggggctggagtgggtttcatacattagtagtagtggtagtaccatatactacgcagactctgtgaagggccgattcaccatctccagggacaacgccaagaactcactgtatctgcaaatgaacagcctgagagccgaggacacggccgtgtattactgtgcgagagagggggctagcagcagctgcaggtttgactactggggccaaggaaccctggtcaccgtctcctca	IGHV3-11	IGHD6-13	IGHJ4	tgtgcgagagagggggctagcagcagctgcaggtttgactactgg	3	1.82977036381934e-05
caggttcagctggtgcagtctggagctgaggtgaagaagcctggggcctcagtgaaggtctcctgcaaggcttctggttacacctttaccagctatggtatcagctgggtgcgacaggcccctggacaagggcttgagtggatgggatggatcagcgcttacaatggtaacacaaactatgcacagaagctccagggcagagtcaccatgaccacagacacatccacgagcacagcctacatggagctgaggagcctgagatctgacgacacggccgtgtattactgtgcgagagagcagcagctggacaactggttcgactcctggggccaaggaaccctggtcaccgtctcctca	IGHV1-18	IGHD6-13	IGHJ5	tgtgcgagagagcagcagctggacaactggttcgactcctgg	3	1.82977036381934e-05
caggttcagctggtgcagtctggagctgaggtgaagaagcctggggcctcagtgaaggtctcctgcaaggcttctggttacacctttaccagctatggtatcagctgggtgcgacaggcccctggacaagggcttgagtggatgggatggatcagcgcttacaatggtaacacaaactatgcacagaagctccagggcagagtcaccatgaccacagacacatccacgagcacagcctacatggagctgaggagcctgagatctgacgacacggccgtgtattactgtgcgagaaaggtgggagctaccggctttgactactggggccaaggaaccctggtcaccgtctcctca	IGHV1-18	IGHD1-26	IGHJ4	tgtgcgagaaaggtgggagctaccggctttgactactgg	3	1.82977036381934e-05
caggtgcagctggtggagtctgggggaggcttggtcaagcctggagggtccctgagactctcctgtgcagcctctggattcaccttcagtgactactacatgagctggatccgccaggctccagggaaggggctggagtgggtttcatacattagtagtagtggtagtaccatatactacgcagactctgtgaagggccgattcaccatctccagggacaacgccaagaactcactgtatctgcaaatgaacagcctgagagccgaggacacggccgtgtattactgtgcgagagaggggatcagtggctggtactttgactactggggccaaggaaccctggtcaccgtctcctca	IGHV3-11	IGHD6-19	IGHJ4	tgtgcgagagaggggatcagtggctggtactttgactactgg	3	1.82977036381934e-05
gaggtgcagctggtggagtctgggggaggcttggtaaagcctggggggtcccttagactctcctgtgcagcctctggattcactttcagtaacgcctggatgagctgggtccgccaggctccagggaaggggctggagtgggttggccgtattaaaagcaaaactgatggtgggacaacagactacgctgcacccgtgaaaggcagattcaccatctcaagagatgattcaaaaaacacgctgtatctgcaaatgaacagcctgaaaaccgaggacacagccgtgtattactgtaccacagaggtagcagtggctggggactactttgactactggggccaaggaaccctggtcaccgtctcctca	IGHV3-15	IGHD6-19	IGHJ4	tgtaccacagaggtagcagtggctggggactactttgactactgg	3	1.82977036381934e-05
gaggtgcagctgttggagtctgggggaggcttggtacagcctggggggtccctgagactctcctgtgcagcctctggattcacctttagcagctatgccatgagctgggtccgccaggctccagggaaggggctggagtgggtctcagctattagtggtagtggtggtagcacatactacgcagactccgtgaagggccggttcaccatctccagagacaattccaagaacacgctgtatctgcaaatgaacagcctgagagccgaggacacggccgtatattactgtgcgaaaatcggagtggctacgatcctctactttgactactggggccaaggaaccctggtcaccgtctcctca	IGHV3-23	IGHD5-12	IGHJ4	tgtgcgaaaatcggagtggctacgatcctctactttgactactgg	3	1.82977036381934e-05
caggtgcagctggtgcagtctggggctgaggtgaagaagcctgggtcctcggtgaaggtctcctgcaaggcttctggaggcaccttcagcagctatgctatcagctgggtgcgacaggcccctggacaagggcttgagtggatgggagggatcatccctatctttggtacagcaaactacgcacagaagttccagggcagagtcacgattaccgcggacgaatccacgagcacagcctacatggagctgagcagcctgagatctgaggacacggccgtgtattactgtaggtatagcagtggctgggggaactggttcgactcctggggccaaggaaccctggtcaccgtctcctca	IGHV1-69	IGHD6-19	IGHJ5	tgtaggtatagcagtggctgggggaactggttcgactcctgg	3	1.82977036381934e-05
gaggtgcagctggtggagtctgggggaggcttggtaaagcctggggggtcccttagactctcctgtgcagcctctggattcactttcagtaacgcctggatgagctgggtccgccaggctccagggaaggggctggagtgggttggccgtattaaaagcaaaactgatggtgggacaacagactacgctgcacccgtgaaaggcagattcaccatctcaagagatgattcaaaaaacacgctgtatctgcaaatgaacagcctgaaaaccgaggacacagccgtgtattactgtaccacagagacgggggccacggtgactacctttgactactggggccaaggaaccctggtcaccgtctcctca	IGHV3-15	IGHD4-17	IGHJ4	tgtaccacagagacgggggccacggtgactacctttgactactgg	3	1.82977036381934e-05
cagatcaccttgaaggagtctggtcctacgctggtgaaacccacacagaccctcacgctgacctgcaccttctctgggttctcactcagcactagtggagtgggtgtgggctggatccgtcagcccccaggaaaggccctggagtggcttgcactcatttattggaatgatgataagcgctacagcccatctctgaagagcaggctcaccatcaccaaggacacctccaaaaaccaggtggtccttacaatgaccaacatggaccctgtggacacagccacatattactgtgcacacagacctacggtgacgaggtttgactactggggccaaggaaccctggtcaccgtctcctca	IGHV2-5	IGHD4-17	IGHJ4	tgtgcacacagacctacggtgacgaggtttgactactgg	3	1.82977036381934e-05
gaggtgcagctggtgcagtctggagcagaggtgaaaaagcccggggagtctctgaagatctcctgtaagggttctggatacagctttaccagctactggatcggctgggtgcgccagatgcccgggaaaggcctggagtggatggggatcatctatcctggtgactctgataccagatacagcccgtccttccaaggccaggtcaccatctcagccgacaagtccatcagcaccgcctacctgcagtggagcagcctgaaggcctcggacaccgccatgtattactgtgcgagacagaggggtatagtgggagactactttgactactggggccaaggaaccctggtcaccgtctcctca	IGHV5-51	IGHD1-26	IGHJ4	tgtgcgagacagaggggtatagtgggagactactttgactactgg	3	1.82977036381934e-05
caggtcaccttgaaggagtctggtcctgtgctggtgaaacccacagagaccctcacgctgacctgcaccgtctctgggttctcactcagcaatgctagaatgggtgtgagctggatccgtcagcccccagggaaggccctggagtggcttgcacacattttttcgaatgacgaaaaatcctacagcacatctctgaagagcaggctcaccatctccaaggacacctccaaaagccaggtggtccttaccatgaccaacatggaccctgtggacacagccacatattactgtgcacggacgaaggatattgtagtggtggtctttgactactggggccaaggaaccctggtcaccgtctcctca	IGHV2-26	IGHD2-15	IGHJ4	tgtgcacggacgaaggatattgtagtggtggtctttgactactgg	3	1.82977036381934e-05
caggtgcagctggtgcagtctggggctgaggtgaagaagcctgggtcctcggtgaaggtctcctgcaaggcttctggaggcaccttcagcagctatgctatcagctgggtgcgacaggcccctggacaagggcttgagtggatgggagggatcatccctatctttggtacagcaaactacgcacagaagttccagggcagagtcacgattaccgcggacgaatccacgagcacagcctacatggagctgagcagcctgagatctgaggacacggccgtgtattactgtgcgagagagggatgtacaactggaacctttgactactggggccaaggaaccctggtcaccgtctcctca	IGHV1-69	IGHD1-1	IGHJ4	tgtgcgagagagggatgtacaactggaacctttgactactgg	3	1.82977036381934e-05
gaggtgcagctggtggagtctgggggaggcttggtacagccagggcggtccctgagactctcctgtacagcttctggattcacctttggtgattatgctatgagctggttccgccaggctccagggaaggggctggagtgggtaggtttcattagaagcaaagcttatggtgggacaacagaatacaccgcgtctgtgaaaggcagattcaccatctcaagagatggttccaaaagcatcgcctatctgcaaatgaacagcctgaaaaccgaggacacagccgtgtattactgtactagaggggagattacgtttccatacttccagcactggggccagggcaccctggtcaccgtctcctca	IGHV3-49	IGHD3-16	IGHJ1	tgtactagaggggagattacgtttccatacttccagcactgg	3	1.82977036381934e-05
gaggtgcagctggtgcagtctggagcagaggtgaaaaagcccggggagtctctgaagatctcctgtaagggttctggatacagctttaccagctactggatcggctgggtgcgccagatgcccgggaaaggcctggagtggatggggatcatctatcctggtgactctgataccagatacagcccgtccttccaaggccaggtcaccatctcagccgacaagtccatcagcaccgcctacctgcagtggagcagcctgaaggcctcggacaccgccatgtattactgtgcgagacagaggtgggagctaagatactttgactactggggccaaggaaccctggtcaccgtctcctca	IGHV5-51	IGHD1-26	IGHJ4	tgtgcgagacagaggtgggagctaagatactttgactactgg	3	1.82977036381934e-05
gaggtgcagctgttggagtctgggggaggcttggtacagcctggggggtccctgagactctcctgtgcagcctctggattcacctttagcagctatgccatgagctgggtccgccaggctccagggaaggggctggagtgggtctcagctattagtggtagtggtggtagcacatactacgcagactccgtgaagggccggttcaccatctccagagacaattccaagaacacgctgtatctgcaaatgaacagcctgagagccgaggacacggccgtatattactgtgcgaaagaaatagcagcagctggtacctactttgactactggggccaaggaaccctggtcaccgtctcctca	IGHV3-23	IGHD6-13	IGHJ4	tgtgcgaaagaaatagcagcagctggtacctactttgactactgg	3	1.82977036381934e-05
caggtgcagctggtgcagtctggggctgaggtgaagaagcctgggtcctcggtgaaggtctcctgcaaggcttctggaggcaccttcagcagctatgctatcagctgggtgcgacaggcccctggacaagggcttgagtggatgggagggatcatccctatctttggtacagcaaactacgcacagaagttccagggcagagtcacgattaccgcggacgaatccacgagcacagcctacatggagctgagcagcctgagatctgaggacacggccgtgtattactgtgcgagacgatattttgactggttatttgactactggggccaaggaaccctggtcaccgtctcctca	IGHV1-69	IGHD3-9	IGHJ4	tgtgcgagacgatattttgactggttatttgactactgg	3	1.82977036381934e-05
gaggtgcagctggtggagtctgggggaggcttggtacagcctggggggtccctgagactctcctgtgcagcctctggattcaccttcagtagctacgacatgcactgggtccgccaagctacaggaaaaggtctggagtgggtctcagctattggtactgctggtgacacatactatccaggctccgtgaagggccgattcaccatctccagagaaaatgccaagaactccttgtatcttcaaatgaacagcctgagagccggggacacggctgtgtattactgtgcaagagatgggaacggtggtaactcctactttgactactggggccaaggaaccctggtcaccgtctcctca	IGHV3-13	IGHD4-23	IGHJ4	tgtgcaagagatgggaacggtggtaactcctactttgactactgg	3	1.82977036381934e-05
gaggtgcagctggtggagtccgggggaggcttagttcagcctggggggtccctgagactctcctgtgcagcctctggattcaccttcagtagctactggatgcactgggtccgccaagctccagggaaggggctggtgtgggtctcacgtattaatagtgatgggagtagcacaagctacgcggactccgtgaagggccgattcaccatctccagagacaacgccaagaacacgctgtatctgcaaatgaacagtctgagagccgaggacacggctgtgtattactgtgcaagagggatttttggagtggttagggactttgactactggggccaaggaaccctggtcaccgtctcctca	IGHV3-74	IGHD3-3	IGHJ4	tgtgcaagagggatttttggagtggttagggactttgactactgg	3	1.82977036381934e-05
gaggtgcagctgttggagtctgggggaggcttggtacagcctggggggtccctgagactctcctgtgcagcctctggattcacctttagcagctatgccatgagctgggtccgccaggctccagggaaggggctggagtgggtctcagctattagtggtagtggtggtagcacatactacgcagactccgtgaagggccggttcaccatctccagagacaattccaagaacacgctgtatctgcaaatgaacagcctgagagccgaggacacggccgtatattactgtgcgaaagtccccacggtgactacctactttgactactggggccaaggaaccctggtcaccgtctcctca	IGHV3-23	IGHD4-17	IGHJ4	tgtgcgaaagtccccacggtgactacctactttgactactgg	3	1.82977036381934e-05
gaggtgcagctggtggagtctggaggaggcttgatccagcctggggggtccctgagactctcctgtgcagcctctgggttcaccgtcagtagcaactacatgagctgggtccgccaggctccagggaaggggctggagtgggtctcagttatttatagcggtggtagcacatactacgcagactccgtgaagggccgattcaccatctccagagacaattccaagaacacgctgtatcttcaaatgaacagcctgagagccgaggacacggccgtgtattactgtgcgaggggtatagcagcagctggtacatggttcgactcctggggccaaggaaccctggtcaccgtctcctca	IGHV3-53	IGHD6-13	IGHJ5	tgtgcgaggggtatagcagcagctggtacatggttcgactcctgg	3	1.82977036381934e-05
caggtgcagctggtgcagtctggggctgaggtgaagaagcctggggcctcagtgaaggtctcctgcaaggcttctggatacaccttcaccggctactatatgcactgggtgcgacaggcccctggacaagggcttgagtggatgggacggatcaaccctaacagtggtggcacaaactatgcacagaagtttcagggcagggtcaccagtaccagggacacgtccatcagcacagcctacatggagctgagcaggctgagatctgacgacacggtcgtgtattactgtgcgagtcccttagtgggagctcactactttgactactggggccaaggaaccctggtcaccgtctcctca	IGHV1-2	IGHD1-26	IGHJ4	tgtgcgagtcccttagtgggagctcactactttgactactgg	3	1.82977036381934e-05
caggtgcagctggtgcagtctggggctgaggtgaagaagcctggggcctcagtgaaggtctcctgcaaggcttctggatacaccttcaccagttatgatatcaactgggtgcgacaggccactggacaagggcttgagtggatgggatggatgaaccctaacagtggtaacacaggctatgcacagaagttccagggcagagtcaccatgaccaggaacacctccataagcacagcctacatggagctgagcagcctgagatctgaggacacggccgtgtattactgtgcgagagtagtagtaccactctactttgactactggggccaaggaaccctggtcaccgtctcctca	IGHV1-8	IGHD2-2	IGHJ4	tgtgcgagagtagtagtaccactctactttgactactgg	3	1.82977036381934e-05
caggtgcagctggtgcagtctggggctgaggtgaagaagcctgggtcctcggtgaaggtctcctgcaaggcttctggaggcaccttcagcagctatgctatcagctgggtgcgacaggcccctggacaagggcttgagtggatgggagggatcatccctatctttggtacagcaaactacgcacagaagttccagggcagagtcacgattaccgcggacgaatccacgagcacagcctacatggagctgagcagcctgagatctgaggacacggccgtgtattactgtgcgagagacggagatacgattaccaactggttcgactcctggggccaaggaaccctggtcaccgtctcctca	IGHV1-69	IGHD5-12	IGHJ5	tgtgcgagagacggagatacgattaccaactggttcgactcctgg	3	1.82977036381934e-05
caggttcagctggtgcagtctggagctgaggtgaagaagcctggggcctcagtgaaggtctcctgcaaggcttctggttacacctttaccagctatggtatcagctgggtgcgacaggcccctggacaagggcttgagtggatgggatggatcagcgcttacaatggtaacacaaactatgcacagaagctccagggcagagtcaccatgaccacagacacatccacgagcacagcctacatggagctgaggagcctgagatctgacgacacggccgtgtattactgtgcgagagatcatagcagcagctggtacttgttcgactcctggggccaaggaaccctggtcaccgtctcctca	IGHV1-18	IGHD6-13	IGHJ5	tgtgcgagagatcatagcagcagctggtacttgttcgactcctgg	3	1.82977036381934e-05
caggtgcagctggtgcagtctggggctgaggtgaagaagcctggggcctcagtgaaggtctcctgcaaggcttctggatacaccttcaccggctactatatgcactgggtgcgacaggcccctggacaagggcttgagtggatgggacggatcaaccctaacagtggtggcacaaactatgcacagaagtttcagggcagggtcaccagtaccagggacacgtccatcagcacagcctacatggagctgagcaggctgagatctgacgacacggtcgtgtattactgtgcgacccgagcagcagctccggacttccagcactggggccagggcaccctggtcaccgtctcctca	IGHV1-2	IGHD6-13	IGHJ1	tgtgcgacccgagcagcagctccggacttccagcactgg	3	1.82977036381934e-05
gaggtgcagctggtgcagtctggagcagaggtgaaaaagcccggggagtctctgaagatctcctgtaagggttctggatacagctttaccagctactggatcggctgggtgcgccagatgcccgggaaaggcctggagtggatggggatcatctatcctggtgactctgataccagatacagcccgtccttccaaggccaggtcaccatctcagccgacaagtccatcagcaccgcctacctgcagtggagcagcctgaaggcctcggacaccgccatgtattactgtgcgagggggactacggtgactacggggtttgactactggggccaaggaaccctggtcaccgtctcctca	IGHV5-51	IGHD4-17	IGHJ4	tgtgcgagggggactacggtgactacggggtttgactactgg	3	1.82977036381934e-05
gaggtgcagctgttggagtctgggggaggcttggtacagcctggggggtccctgagactctcctgtgcagcctctggattcacctttagcagctatgccatgagctgggtccgccaggctccagggaaggggctggagtgggtctcagctattagtggtagtggtggtagcacatactacgcagactccgtgaagggccggttcaccatctccagagacaattccaagaacacgctgtatctgcaaatgaacagcctgagagccgaggacacggccgtatattactgtgcgaaagattggggcagtggctggtacccctttgactactggggccaaggaaccctggtcaccgtctcctca	IGHV3-23	IGHD6-19	IGHJ4	tgtgcgaaagattggggcagtggctggtacccctttgactactgg	3	1.82977036381934e-05
gaggtgcagctggtgcagtctggagcagaggtgaaaaagcccggggagtctctgaagatctcctgtaagggttctggatacagctttaccagctactggatcggctgggtgcgccagatgcccgggaaaggcctggagtggatggggatcatctatcctggtgactctgataccagatacagcccgtccttccaaggccaggtcaccatctcagccgacaagtccatcagcaccgcctacctgcagtggagcagcctgaaggcctcggacaccgccatgtattactgtgcgagaactatggttcgggacaactggttcgactcctggggccaaggaaccctggtcaccgtctcctca	IGHV5-51	IGHD3-10	IGHJ5	tgtgcgagaactatggttcgggacaactggttcgactcctgg	3	1.82977036381934e-05
caggtgcagctggtgcagtctggggctgaggtgaagaagcctggggcctcagtgaaggtctcctgcaaggcttctggatacaccttcaccggctactatatgcactgggtgcgacaggcccctggacaagggcttgagtggatgggacggatcaaccctaacagtggtggcacaaactatgcacagaagtttcagggcagggtcaccagtaccagggacacgtccatcagcacagcctacatggagctgagcaggctgagatctgacgacacggtcgtgtattactgtgcgagagaggagggtatagcagtatacttccagcactggggccagggcaccctggtcaccgtctcctca	IGHV1-2	IGHD6-19	IGHJ1	tgtgcgagagaggagggtatagcagtatacttccagcactgg	3	1.82977036381934e-05
gaggtgcagctggtgcagtctggagcagaggtgaaaaagcccggggagtctctgaagatctcctgtaagggttctggatacagctttaccagctactggatcggctgggtgcgccagatgcccgggaaaggcctggagtggatggggatcatctatcctggtgactctgataccagatacagcccgtccttccaaggccaggtcaccatctcagccgacaagtccatcagcaccgcctacctgcagtggagcagcctgaaggcctcggacaccgccatgtattactgtgcgagactcctcgcagcagctgactactttgactactggggccaaggaaccctggtcaccgtctcctca	IGHV5-51	IGHD6-13	IGHJ4	tgtgcgagactcctcgcagcagctgactactttgactactgg	3	1.82977036381934e-05
gaggtgcagctgttggagtctgggggaggcttggtacagcctggggggtccctgagactctcctgtgcagcctctggattcacctttagcagctatgccatgagctgggtccgccaggctccagggaaggggctggagtgggtctcagctattagtggtagtggtggtagcacatactacgcagactccgtgaagggccggttcaccatctccagagacaattccaagaacacgctgtatctgcaaatgaacagcctgagagccgaggacacggccgtatattactgtgcgaaagacgctaactggggaggggggtttgactactggggccaaggaaccctggtcaccgtctcctca	IGHV3-23	IGHD7-27	IGHJ4	tgtgcgaaagacgctaactggggaggggggtttgactactgg	3	1.82977036381934e-05
gaggtgcagctggtgcagtctggagcagaggtgaaaaagcccggggagtctctgaagatctcctgtaagggttctggatacagctttaccagctactggatcggctgggtgcgccagatgcccgggaaaggcctggagtggatggggatcatctatcctggtgactctgataccagatacagcccgtccttccaaggccaggtcaccatctcagccgacaagtccatcagcaccgcctacctgcagtggagcagcctgaaggcctcggacaccgccatgtattactgtgcgagacttatagcagtggctggcccccttgactactggggccaaggaaccctggtcaccgtctcctca	IGHV5-51	IGHD6-19	IGHJ4	tgtgcgagacttatagcagtggctggcccccttgactactgg	3	1.82977036381934e-05
gaggtgcagctggtgcagtctggagcagaggtgaaaaagcccggggagtctctgaagatctcctgtaagggttctggatacagctttaccagctactggatcggctgggtgcgccagatgcccgggaaaggcctggagtggatggggatcatctatcctggtgactctgataccagatacagcccgtccttccaaggccaggtcaccatctcagccgacaagtccatcagcaccgcctacctgcagtggagcagcctgaaggcctcggacaccgccatgtattactgtgcgagacaaagttacgatttttggagtgcttttgactactggggccaaggaaccctggtcaccgtctcctca	IGHV5-51	IGHD3-3	IGHJ4	tgtgcgagacaaagttacgatttttggagtgcttttgactactgg	3	1.82977036381934e-05
caggtgcagctggtggagtctgggggaggcgtggtccagcctgggaggtccctgagactctcctgtgcagcgtctggattcaccttcagtagctatggcatgcactgggtccgccaggctccaggcaaggggctggagtgggtggcagttatatggtatgatggaagtaataaatactatgcagactccgtgaagggccgattcaccatctccagagacaattccaagaacacgctgtatctgcaaatgaacagcctgagagccgaggacacggctgtgtattactgtgcgagagatcaggatatagtggctacgggctttgactactggggccaaggaaccctggtcaccgtctcctca	IGHV3-33	IGHD5-12	IGHJ4	tgtgcgagagatcaggatatagtggctacgggctttgactactgg	3	1.82977036381934e-05
gaggtgcagctggtggagtctgggggaggcttggtaaagcctggggggtcccttagactctcctgtgcagcctctggattcactttcagtaacgcctggatgagctgggtccgccaggctccagggaaggggctggagtgggttggccgtattaaaagcaaaactgatggtgggacaacagactacgctgcacccgtgaaaggcagattcaccatctcaagagatgattcaaaaaacacgctgtatctgcaaatgaacagcctgaaaaccgaggacacagccgtgtattactgtaccacagaagaggagagcagtggctgtttttttgatgtctggggccaagggacaatggtcaccgtctcttca	IGHV3-15	IGHD6-19	IGHJ3	tgtaccacagaagaggagagcagtggctgtttttttgatgtctgg	3	1.82977036381934e-05
caggtgcagctggtgcagtctggggctgaggtgaagaagcctgggtcctcggtgaaggtctcctgcaaggcttctggaggcaccttcagcagctatgctatcagctgggtgcgacaggcccctggacaagggcttgagtggatgggagggatcatccctatctttggtacagcaaactacgcacagaagttccagggcagagtcacgattaccgcggacgaatccacgagcacagcctacatggagctgagcagcctgagatctgaggacacggccgtgtattactgtgcgagagataggacagctcgtccctttgatgtctggggccaagggacaatggtcaccgtctcttca	IGHV1-69	IGHD6-6	IGHJ3	tgtgcgagagataggacagctcgtccctttgatgtctgg	3	1.82977036381934e-05
gaggtgcagctggtgcagtctggagcagaggtgaaaaagcccggggagtctctgaagatctcctgtaagggttctggatacagctttaccagctactggatcggctgggtgcgccagatgcccgggaaaggcctggagtggatggggatcatctatcctggtgactctgataccagatacagcccgtccttccaaggccaggtcaccatctcagccgacaagtccatcagcaccgcctacctgcagtggagcagcctgaaggcctcggacaccgccatgtattactgtgcgagacaaagaggtgggagctacaactggttcgactcctggggccaaggaaccctggtcaccgtctcctca	IGHV5-51	IGHD1-26	IGHJ5	tgtgcgagacaaagaggtgggagctacaactggttcgactcctgg	3	1.82977036381934e-05
gaggtgcagctggtggagtctgggggaggcttggtaaagcctggggggtcccttagactctcctgtgcagcctctggattcactttcagtaacgcctggatgagctgggtccgccaggctccagggaaggggctggagtgggttggccgtattaaaagcaaaactgatggtgggacaacagactacgctgcacccgtgaaaggcagattcaccatctcaagagatgattcaaaaaacacgctgtatctgcaaatgaacagcctgaaaaccgaggacacagccgtgtattactgtaccacagaatggctgggcaactggttcgactcctggggccaaggaaccctggtcaccgtctcctca	IGHV3-15	IGHD6-19	IGHJ5	tgtaccacagaatggctgggcaactggttcgactcctgg	3	1.82977036381934e-05
gaggtgcagctggtgcagtctggagcagaggtgaaaaagcccggggagtctctgaagatctcctgtaagggttctggatacagctttaccagctactggatcggctgggtgcgccagatgcccgggaaaggcctggagtggatggggatcatctatcctggtgactctgataccagatacagcccgtccttccaaggccaggtcaccatctcagccgacaagtccatcagcaccgcctacctgcagtggagcagcctgaaggcctcggacaccgccatgtattactgtgcgagacattttgtagtggtggtagcggcttttgatgtctggggccaagggacaatggtcaccgtctcttca	IGHV5-51	IGHD2-15	IGHJ3	tgtgcgagacattttgtagtggtggtagcggcttttgatgtctgg	3	1.82977036381934e-05
caggttcagctggtgcagtctggagctgaggtgaagaagcctggggcctcagtgaaggtctcctgcaaggcttctggttacacctttaccagctatggtatcagctgggtgcgacaggcccctggacaagggcttgagtggatgggatggatcagcgcttacaatggtaacacaaactatgcacagaagctccagggcagagtcaccatgaccacagacacatccacgagcacagcctacatggagctgaggagcctgagatctgacgacacggccgtgtattactgtgttcgtgctaactggggagacaactggttcgactcctggggccaaggaaccctggtcaccgtctcctca	IGHV1-18	IGHD7-27	IGHJ5	tgtgttcgtgctaactggggagacaactggttcgactcctgg	3	1.82977036381934e-05
caggttcagctggtgcagtctggagctgaggtgaagaagcctggggcctcagtgaaggtctcctgcaaggcttctggttacacctttaccagctatggtatcagctgggtgcgacaggcccctggacaagggcttgagtggatgggatggatcagcgcttacaatggtaacacaaactatgcacagaagctccagggcagagtcaccatgaccacagacacatccacgagcacagcctacatggagctgaggagcctgagatctgacgacacggccgtgtattactgtgcgagaattactatggttcggggagtttactttgactactggggccaaggaaccctggtcaccgtctcctca	IGHV1-18	IGHD3-10	IGHJ4	tgtgcgagaattactatggttcggggagtttactttgactactgg	3	1.82977036381934e-05
gaggtgcagctggtggagtctgggggaggcttggtaaagcctggggggtcccttagactctcctgtgcagcctctggattcactttcagtaacgcctggatgagctgggtccgccaggctccagggaaggggctggagtgggttggccgtattaaaagcaaaactgatggtgggacaacagactacgctgcacccgtgaaaggcagattcaccatctcaagagatgattcaaaaaacacgctgtatctgcaaatgaacagcctgaaaaccgaggacacagccgtgtattactgtaccacagagcagcagctggtacactggttcgactcctggggccaaggaaccctggtcaccgtctcctca	IGHV3-15	IGHD6-13	IGHJ5	tgtaccacagagcagcagctggtacactggttcgactcctgg	3	1.82977036381934e-05
gaggtgcagctggtggagtctgggggaggcttggtccagcctggggggtccctgaaactctcctgtgcagcctctgggttcaccttcagtggctctgctatgcactgggtccgccaggcttccgggaaagggctggagtgggttggccgtattagaagcaaagctaacagttacgcgacagcatatgctgcgtcggtgaaaggcaggttcaccatctccagagatgattcaaagaacacggcgtatctgcaaatgaacagcctgaaaaccgaggacacggccgtgtattactgtactagacagactacggtgacctactttgactactggggccaaggaaccctggtcaccgtctcctca	IGHV3-73	IGHD4-17	IGHJ4	tgtactagacagactacggtgacctactttgactactgg	3	1.82977036381934e-05
gaggtgcagctgttggagtctgggggaggcttggtacagcctggggggtccctgagactctcctgtgcagcctctggattcacctttagcagctatgccatgagctgggtccgccaggctccagggaaggggctggagtgggtctcagctattagtggtagtggtggtagcacatactacgcagactccgtgaagggccggttcaccatctccagagacaattccaagaacacgctgtatctgcaaatgaacagcctgagagccgaggacacggccgtatattactgtgcgaaaatagcagtggctggtacctttgactactggggccaaggaaccctggtcaccgtctcctca	IGHV3-23	IGHD6-19	IGHJ4	tgtgcgaaaatagcagtggctggtacctttgactactgg	3	1.82977036381934e-05
caggtcaccttgagggagtctggtcctgcgctggtgaaacccacacagaccctcacactgacctgcaccttctctgggttctcactcagcactagtggaatgtgtgtgagctggatccgtcagcccccagggaaggccctggagtggcttgcactcattgattgggatgatgataaatactacagcacatctctgaagaccaggctcaccatctccaaggacacctccaaaaaccaggtggtccttacaatgaccaacatggaccctgtggacacagccacgtattactgtgcacggatacagtgggagctactacgggactttgactactggggccaaggaaccctggtcaccgtctcctca	IGHV2-70	IGHD1-26	IGHJ4	tgtgcacggatacagtgggagctactacgggactttgactactgg	3	1.82977036381934e-05
gaggtgcagctgttggagtctgggggaggcttggtacagcctggggggtccctgagactctcctgtgcagcctctggattcacctttagcagctatgccatgagctgggtccgccaggctccagggaaggggctggagtgggtctcagctattagtggtagtggtggtagcacatactacgcagactccgtgaagggccggttcaccatctccagagacaattccaagaacacgctgtatctgcaaatgaacagcctgagagccgaggacacggccgtatattactgtgcgaaacctagcagctcgtcctcaactaagttcgactcctggggccaaggaaccctggtcaccgtctcctca	IGHV3-23	IGHD6-6	IGHJ5	tgtgcgaaacctagcagctcgtcctcaactaagttcgactcctgg	3	1.82977036381934e-05
gaggtgcagctggtggagtctgggggaggcttggtacagccagggcggtccctgagactctcctgtacagcttctggattcacctttggtgattatgctatgagctggttccgccaggctccagggaaggggctggagtgggtaggtttcattagaagcaaagcttatggtgggacaacagaatacaccgcgtctgtgaaaggcagattcaccatctcaagagatggttccaaaagcatcgcctatctgcaaatgaacagcctgaaaaccgaggacacagccgtgtattactgtactacccgtatagcagtggcctactttgactactggggccaaggaaccctggtcaccgtctcctca	IGHV3-49	IGHD6-19	IGHJ4	tgtactacccgtatagcagtggcctactttgactactgg	3	1.82977036381934e-05
gaggtgcagctgttggagtctgggggaggcttggtacagcctggggggtccctgagactctcctgtgcagcctctggattcacctttagcagctatgccatgagctgggtccgccaggctccagggaaggggctggagtgggtctcagctattagtggtagtggtggtagcacatactacgcagactccgtgaagggccggttcaccatctccagagacaattccaagaacacgctgtatctgcaaatgaacagcctgagagccgaggacacggccgtatattactgtgcgaaagttcccctctacagcagctggtacgactactggggccaaggaaccctggtcaccgtctcctca	IGHV3-23	IGHD6-13	IGHJ4	tgtgcgaaagttcccctctacagcagctggtacgactactgg	3	1.82977036381934e-05
caggtgcagctggtgcagtctggggctgaggtgaagaagcctggggcctcagtgaaggtttcctgcaaggcatctggatacaccttcaccagctactatatgcactgggtgcgacaggcccctggacaagggcttgagtggatgggaataatcaaccctagtggtggtagcacaagctacgcacagaagttccagggcagagtcaccatgaccagggacacgtccacgagcacagtctacatggagctgagcagcctgagatctgaggacacggccgtgtattactgtgcgatgtatagcagtggctggtcccttgactactggggccaaggaaccctggtcaccgtctcctca	IGHV1-46	IGHD6-19	IGHJ4	tgtgcgatgtatagcagtggctggtcccttgactactgg	2	1.21984690921289e-05
caggtgcagctggtgcagtctggggctgaggtgaagaagcctgggtcctcggtgaaggtctcctgcaaggcttctggaggcaccttcagcagctatgctatcagctgggtgcgacaggcccctggacaagggcttgagtggatgggagggatcatccctatctttggtacagcaaactacgcacagaagttccagggcagagtcacgattaccgcggacgaatccacgagcacagcctacatggagctgagcagcctgagatctgaggacacggccgtgtattactgtgcgagagagtgggagctaaactactttgactactggggccaaggaaccctggtcaccgtctcctca	IGHV1-69	IGHD1-26	IGHJ4	tgtgcgagagagtgggagctaaactactttgactactgg	2	1.21984690921289e-05
gaggtgcagctggtggagtctgggggaggtgtggtacggcctggggggtccctgagactctcctgtgcagcctctggattcacctttgatgattatggcatgagctgggtccgccaagctccagggaaggggctggagtgggtctctggtattaattggaatggtggtagcacaggttatgcagactctgtgaagggccgattcaccatctccagagacaacgccaagaactccctgtatctgcaaatgaacagtctgagagccgaggacacggccttgtatcactgtgcgagactgactaggagggagtcccgtgcttttgatgtctggggccaagggacaatggtcaccgtctcttca	IGHV3-20	IGHD4-17	IGHJ3	tgtgcgagactgactaggagggagtcccgtgcttttgatgtctgg	2	1.21984690921289e-05
gaggtgcagctggtggagtctgggggaggcttggtaaagcctggggggtcccttagactctcctgtgcagcctctggattcactttcagtaacgcctggatgagctgggtccgccaggctccagggaaggggctggagtgggttggccgtattaaaagcaaaactgatggtgggacaacagactacgctgcacccgtgaaaggcagattcaccatctcaagagatgattcaaaaaacacgctgtatctgcaaatgaacagcctgaaaaccgaggacacagccgtgtattactgtaccacagatagcagtggctggtactactttgactactggggccaaggaaccctggtcaccgtctcctca	IGHV3-15	IGHD6-19	IGHJ4	tgtaccacagatagcagtggctggtactactttgactactgg	2	1.21984690921289e-05
gaggtgcagctggtggagtctgggggaggcttggtccagcctggggggtccctgaaactctcctgtgcagcctctgggttcaccttcagtggctctgctatgcactgggtccgccaggcttccgggaaagggctggagtgggttggccgtattagaagcaaagctaacagttacgcgacagcatatgctgcgtcggtgaaaggcaggttcaccatctccagagatgattcaaagaacacggcgtatctgcaaatgaacagcctgaaaaccgaggacacggccgtgtattactgtactagacaccggatagcagctcgtccccactttgactactggggccaaggaaccctggtcaccgtctcctca	IGHV3-73	IGHD6-6	IGHJ4	tgtactagacaccggatagcagctcgtccccactttgactactgg	2	1.21984690921289e-05
gaggtgcagctgttggagtctgggggaggcttggtacagcctggggggtccctgagactctcctgtgcagcctctggattcacctttagcagctatgccatgagctgggtccgccaggctccagggaaggggctggagtgggtctcagctattagtggtagtggtggtagcacatactacgcagactccgtgaagggccggttcaccatctccagagacaattccaagaacacgctgtatctgcaaatgaacagcctgagagccgaggacacggccgtatattactgtgcgaaagagatagcagcagctggtacctactttgactactggggccaaggaaccctggtcaccgtctcctca	IGHV3-23	IGHD6-13	IGHJ4	tgtgcgaaagagatagcagcagctggtacctactttgactactgg	2	1.21984690921289e-05
gaggtgcagctggtgcagtctggagcagaggtgaaaaagcccggggagtctctgaagatctcctgtaagggttctggatacagctttaccagctactggatcggctgggtgcgccagatgcccgggaaaggcctggagtggatggggatcatctatcctggtgactctgataccagatacagcccgtccttccaaggccaggtcaccatctcagccgacaagtccatcagcaccgcctacctgcagtggagcagcctgaaggcctcggacaccgccatgtattactgtgcgagacagtatagcagcagctggtaccactttgactactggggccaaggaaccctggtcaccgtctcctca	IGHV5-51	IGHD6-13	IGHJ4	tgtgcgagacagtatagcagcagctggtaccactttgactactgg	2	1.21984690921289e-05
gaggtgcagctggtgcagtctggagcagaggtgaaaaagcccggggagtctctgaagatctcctgtaagggttctggatacagctttaccagctactggatcggctgggtgcgccagatgcccgggaaaggcctggagtggatggggatcatctatcctggtgactctgataccagatacagcccgtccttccaaggccaggtcaccatctcagccgacaagtccatcagcaccgcctacctgcagtggagcagcctgaaggcctcggacaccgccatgtattactgtgcgagagggggctatgatagtagtgactactttgactactggggccaaggaaccctggtcaccgtctcctca	IGHV5-51	IGHD3-22	IGHJ4	tgtgcgagagggggctatgatagtagtgactactttgactactgg	2	1.21984690921289e-05
gaggtgcagctggtggagtctgggggaggcttggtacagccagggcggtccctgagactctcctgtacagcttctggattcacctttggtgattatgctatgagctggttccgccaggctccagggaaggggctggagtgggtaggtttcattagaagcaaagcttatggtgggacaacagaatacaccgcgtctgtgaaaggcagattcaccatctcaagagatggttccaaaagcatcgcctatctgcaaatgaacagcctgaaaaccgaggacacagccgtgtattactgtactagcaggggtgcagtggctgactactttgactactggggccaaggaaccctggtcaccgtctcctca	IGHV3-49	IGHD6-19	IGHJ4	tgtactagcaggggtgcagtggctgactactttgactactgg	2	1.21984690921289e-05
caggtgcagctggtgcagtctggggctgaggtgaagaagcctggggcctcagtgaaggtctcctgcaaggcttctggatacaccttcaccggctactatatgcactgggtgcgacaggcccctggacaagggcttgagtggatgggacggatcaaccctaacagtggtggcacaaactatgcacagaagtttcagggcagggtcaccagtaccagggacacgtccatcagcacagcctacatggagctgagcaggctgagatctgacgacacggtcgtgtattactgtgcgagagaggggcactacgtcgcttttgatgtctggggccaagggacaatggtcaccgtctcttca	IGHV1-2	IGHD4-17	IGHJ3	tgtgcgagagaggggcactacgtcgcttttgatgtctgg	2	1.21984690921289e-05
gaggtgcagctggtgcagtctggagcagaggtgaaaaagcccggggagtctctgaagatctcctgtaagggttctggatacagctttaccagctactggatcggctgggtgcgccagatgcccgggaaaggcctggagtggatggggatcatctatcctggtgactctgataccagatacagcccgtccttccaaggccaggtcaccatctcagccgacaagtccatcagcaccgcctacctgcagtggagcagcctgaaggcctcggacaccgccatgtattactgttcccgtatagcagcagctggagaggactactttgactactggggccaaggaaccctggtcaccgtctcctca	IGHV5-51	IGHD6-13	IGHJ4	tgttcccgtatagcagcagctggagaggactactttgactactgg	2	1.21984690921289e-05
caggtgcagctggtgcagtctggggctgaggtgaagaagcctgggtcctcggtgaaggtctcctgcaaggcttctggaggcaccttcagcagctatgctatcagctgggtgcgacaggcccctggacaagggcttgagtggatgggagggatcatccctatctttggtacagcaaactacgcacagaagttccagggcagagtcacgattaccgcggacgaatccacgagcacagcctacatggagctgagcagcctgagatctgaggacacggccgtgtattactgtgcgagagaaaaagcagctcgtccttatgcttttgatgtctggggccaagggacaatggtcaccgtctcttca	IGHV1-69	IGHD6-6	IGHJ3	tgtgcgagagaaaaagcagctcgtccttatgcttttgatgtctgg	2	1.21984690921289e-05
gaggtgcagctggtggagtctgggggaggcttggtaaagcctggggggtcccttagactctcctgtgcagcctctggattcactttcagtaacgcctggatgagctgggtccgccaggctccagggaaggggctggagtgggttggccgtattaaaagcaaaactgatggtgggacaacagactacgctgcacccgtgaaaggcagattcaccatctcaagagatgattcaaaaaacacgctgtatctgcaaatgaacagcctgaaaaccgaggacacagccgtgtattactgtaccacagagacctatagcagcagctggtacgttgatgtctggggccaagggacaatggtcaccgtctcttca	IGHV3-15	IGHD6-13	IGHJ3	tgtaccacagagacctatagcagcagctggtacgttgatgtctgg	2	1.21984690921289e-05
gaggtgcagctgttggagtctgggggaggcttggtacagcctggggggtccctgagactctcctgtgcagcctctggattcacctttagcagctatgccatgagctgggtccgccaggctccagggaaggggctggagtgggtctcagctattagtggtagtggtggtagcacatactacgcagactccgtgaagggccggttcaccatctccagagacaattccaagaacacgctgtatctgcaaatgaacagcctgagagccgaggacacggccgtatattactgtgcgaaagaggtagcaggccctgggtttgactactggggccaaggaaccctggtcaccgtctcctca	IGHV3-23	IGHD6-13	IGHJ4	tgtgcgaaagaggtagcaggccctgggtttgactactgg	2	1.21984690921289e-05
gaggtgcagctggtggagtccgggggaggcttagttcagcctggggggtccctgagactctcctgtgcagcctctggattcaccttcagtagctactggatgcactgggtccgccaagctccagggaaggggctggtgtgggtctcacgtattaatagtgatgggagtagcacaagctacgcggactccgtgaagggccgattcaccatctccagagacaacgccaagaacacgctgtatctgcaaatgaacagtctgagagccgaggacacggctgtgtattactgtgcaagagaagagatagtgggagctagagactttgactactggggccaaggaaccctggtcaccgtctcctca	IGHV3-74	IGHD1-26	IGHJ4	tgtgcaagagaagagatagtgggagctagagactttgactactgg	2	1.21984690921289e-05
caggtgcagctggtgcagtctggggctgaggtgaagaagcctgggtcctcggtgaaggtctcctgcaaggcttctggaggcaccttcagcagctatgctatcagctgggtgcgacaggcccctggacaagggcttgagtggatgggagggatcatccctatctttggtacagcaaactacgcacagaagttccagggcagagtcacgattaccgcggacgaatccacgagcacagcctacatggagctgagcagcctgagatctgaggacacggccgtgtattactgtgcgagggagatttttggagtggttattatgtttgactactggggccaaggaaccctggtcaccgtctcctca	IGHV1-69	IGHD3-3	IGHJ4	tgtgcgagggagatttttggagtggttattatgtttgactactgg	2	1.21984690921289e-05
caggtcaccttgagggagtctggtcctgcgctggtgaaacccacacagaccctcacactgacctgcaccttctctgggttctcactcagcactagtggaatgtgtgtgagctggatccgtcagcccccagggaaggccctggagtggcttgcactcattgattgggatgatgataaatactacagcacatctctgaagaccaggctcaccatctccaaggacacctccaaaaaccaggtggtccttacaatgaccaacatggaccctgtggacacagccacgtattactgtgcacggatacacatagtagtggttattactacggactactggggccaaggaaccctggtcaccgtctcctca	IGHV2-70	IGHD3-22	IGHJ4	tgtgcacggatacacatagtagtggttattactacggactactgg	2	1.21984690921289e-05
caggtgcagctggtgcagtctggggctgaggtgaagaagcctgggtcctcggtgaaggtctcctgcaaggcttctggaggcaccttcagcagctatgctatcagctgggtgcgacaggcccctggacaagggcttgagtggatgggagggatcatccctatctttggtacagcaaactacgcacagaagttccagggcagagtcacgattaccgcggacgaatccacgagcacagcctacatggagctgagcagcctgagatctgaggacacggccgtgtattactgtgcgagtttacgatttttggagtgggggtactttgactactggggccaaggaaccctggtcaccgtctcctca	IGHV1-69	IGHD3-3	IGHJ4	tgtgcgagtttacgatttttggagtgggggtactttgactactgg	2	1.21984690921289e-05
caggttcagctggtgcagtctggagctgaggtgaagaagcctggggcctcagtgaaggtctcctgcaaggcttctggttacacctttaccagctatggtatcagctgggtgcgacaggcccctggacaagggcttgagtggatgggatggatcagcgcttacaatggtaacacaaactatgcacagaagctccagggcagagtcaccatgaccacagacacatccacgagcacagcctacatggagctgaggagcctgagatctgacgacacggccgtgtattactgtgcgagagagccccctggtaactactttgactactggggccaaggaaccctggtcaccgtctcctca	IGHV1-18	IGHD4-23	IGHJ4	tgtgcgagagagccccctggtaactactttgactactgg	2	1.21984690921289e-05
caggtgcagctggtgcagtctggggctgaggtgaagaagcctggggcctcagtgaaggtctcctgcaaggcttctggatacaccttcaccagttatgatatcaactgggtgcgacaggccactggacaagggcttgagtggatgggatggatgaaccctaacagtggtaacacaggctatgcacagaagttccagggcagagtcaccatgaccaggaacacctccataagcacagcctacatggagctgagcagcctgagatctgaggacacggccgtgtattactgtgcgagaggggtagcagtggctggtacctttgactactggggccaaggaaccctggtcaccgtctcctca	IGHV1-8	IGHD6-19	IGHJ4	tgtgcgagaggggtagcagtggctggtacctttgactactgg	2	1.21984690921289e-05
cagatcaccttgaaggagtctggtcctacgctggtgaaacccacacagaccctcacgctgacctgcaccttctctgggttctcactcagcactagtggagtgggtgtgggctggatccgtcagcccccaggaaaggccctggagtggcttgcactcatttattggaatgatgataagcgctacagcccatctctgaagagcaggctcaccatcaccaaggacacctccaaaaaccaggtggtccttacaatgaccaacatggaccctgtggacacagccacatattactgtgcacacagtcatgtgggagactactttgactactggggccaaggaaccctggtcaccgtctcctca	IGHV2-5	IGHD1-26	IGHJ4	tgtgcacacagtcatgtgggagactactttgactactgg	2	1.21984690921289e-05
caggtgcagctggtgcagtctggggctgaggtgaagaagcctgggtcctcggtgaaggtctcctgcaaggcttctggaggcaccttcagcagctatgctatcagctgggtgcgacaggcccctggacaagggcttgagtggatgggagggatcatccctatctttggtacagcaaactacgcacagaagttccagggcagagtcacgattaccgcggacgaatccacgagcacagcctacatggagctgagcagcctgagatctgaggacacggccgtgtattactgtgcgagagactcccgaaatagtggcagttttgactactggggccaaggaaccctggtcaccgtctcctca	IGHV1-69	IGHD1-26	IGHJ4	tgtgcgagagactcccgaaatagtggcagttttgactactgg	2	1.21984690921289e-05
caggtgcagctggtgcagtctggggctgaggtgaagaagcctgggtcctcggtgaaggtctcctgcaaggcttctggaggcaccttcagcagctatgctatcagctgggtgcgacaggcccctggacaagggcttgagtggatgggagggatcatccctatctttggtacagcaaactacgcacagaagttccagggcagagtcacgattaccgcggacgaatccacgagcacagcctacatggagctgagcagcctgagatctgaggacacggccgtgtattactgtgcgagggctatctactactacggtatggacgtctgggggcaagggaccacggtcaccgtctcctca	IGHV1-69	IGHD2-2	IGHJ6	tgtgcgagggctatctactactacggtatggacgtctgg	2	1.21984690921289e-05
caggtcaccttgagggagtctggtcctgcgctggtgaaacccacacagaccctcacactgacctgcaccttctctgggttctcactcagcactagtggaatgtgtgtgagctggatccgtcagcccccagggaaggccctggagtggcttgcactcattgattgggatgatgataaatactacagcacatctctgaagaccaggctcaccatctccaaggacacctccaaaaaccaggtggtccttacaatgaccaacatggaccctgtggacacagccacgtattactgtgcacggatgggtagtgggagctcctttgactactggggccaaggaaccctggtcaccgtctcctca	IGHV2-70	IGHD1-26	IGHJ4	tgtgcacggatgggtagtgggagctcctttgactactgg	2	1.21984690921289e-05
gaggtgcagctggtggagtctgggggaggcttggtaaagcctggggggtcccttagactctcctgtgcagcctctggattcactttcagtaacgcctggatgagctgggtccgccaggctccagggaaggggctggagtgggttggccgtattaaaagcaaaactgatggtgggacaacagactacgctgcacccgtgaaaggcagattcaccatctcaagagatgattcaaaaaacacgctgtatctgcaaatgaacagcctgaaaaccgaggacacagccgtgtattactgtaccacaggcagtgggagctactacagatttgactactggggccaaggaaccctggtcaccgtctcctca	IGHV3-15	IGHD1-26	IGHJ4	tgtaccacaggcagtgggagctactacagatttgactactgg	2	1.21984690921289e-05
caggtgcagctggtgcagtctggggctgaggtgaagaagcctgggtcctcggtgaaggtctcctgcaaggcttctggaggcaccttcagcagctatgctatcagctgggtgcgacaggcccctggacaagggcttgagtggatgggagggatcatccctatctttggtacagcaaactacgcacagaagttccagggcagagtcacgattaccgcggacgaatccacgagcacagcctacatggagctgagcagcctgagatctgaggacacggccgtgtattactgtgcgagaagatggctacaatgttacttcgatctctggggccgtggcaccctggtcactgtctcctca	IGHV1-69	IGHD5-24	IGHJ2	tgtgcgagaagatggctacaatgttacttcgatctctgg	2	1.21984690921289e-05
caggtgcagctacagcagtggggcgcaggactgttgaagccttcggagaccctgtccctcacctgcgctgtctatggtgggtccttcagtggttactactggagctggatccgccagcccccagggaaggggctggagtggattggggaaatcaatcatagtggaagcaccaactacaacccgtccctcaagagtcgagtcaccatatcagtagacacgtccaagaaccagttctccctgaagctgagctctgtgaccgccgcggacacggctgtgtattactgtgcgagaggtatagcagcagctggtacgtgggttgactactggggccaaggaaccctggtcaccgtctcctca	IGHV4-34	IGHD6-13	IGHJ4	tgtgcgagaggtatagcagcagctggtacgtgggttgactactgg	2	1.21984690921289e-05
caggttcagctggtgcagtctggagctgaggtgaagaagcctggggcctcagtgaaggtctcctgcaaggcttctggttacacctttaccagctatggtatcagctgggtgcgacaggcccctggacaagggcttgagtggatgggatggatcagcgcttacaatggtaacacaaactatgcacagaagctccagggcagagtcaccatgaccacagacacatccacgagcacagcctacatggagctgaggagcctgagatctgacgacacggccgtgtattactgtgcgagagaagggggctacaactactttgactactggggccaaggaaccctggtcaccgtctcctca	IGHV1-18	IGHD5-24	IGHJ4	tgtgcgagagaagggggctacaactactttgactactgg	2	1.21984690921289e-05
caggtcaccttgagggagtctggtcctgcgctggtgaaacccacacagaccctcacactgacctgcaccttctctgggttctcactcagcactagtggaatgtgtgtgagctggatccgtcagcccccagggaaggccctggagtggcttgcactcattgattgggatgatgataaatactacagcacatctctgaagaccaggctcaccatctccaaggacacctccaaaaaccaggtggtccttacaatgaccaacatggaccctgtggacacagccacgtattactgtgcacggatcctacagtggcactactttgactactggggccaaggaaccctggtcaccgtctcctca	IGHV2-70	IGHD1-26	IGHJ4	tgtgcacggatcctacagtggcactactttgactactgg	2	1.21984690921289e-05
caggtgcagctggtgcagtctggggctgaggtgaagaagcctggggcctcagtgaaggtctcctgcaaggcttctggatacaccttcaccggctactatatgcactgggtgcgacaggcccctggacaagggcttgagtggatgggacggatcaaccctaacagtggtggcacaaactatgcacagaagtttcagggcagggtcaccagtaccagggacacgtccatcagcacagcctacatggagctgagcaggctgagatctgacgacacggtcgtgtattactgtgcgagagaaactaactggggagagggctttgactactggggccaaggaaccctggtcaccgtctcctca	IGHV1-2	IGHD7-27	IGHJ4	tgtgcgagagaaactaactggggagagggctttgactactgg	2	1.21984690921289e-05
caggttcagctggtgcagtctggagctgaggtgaagaagcctggggcctcagtgaaggtctcctgcaaggcttctggttacacctttaccagctatggtatcagctgggtgcgacaggcccctggacaagggcttgagtggatgggatggatcagcgcttacaatggtaacacaaactatgcacagaagctccagggcagagtcaccatgaccacagacacatccacgagcacagcctacatggagctgaggagcctgagatctgacgacacggccgtgtattactgtgcgagagatacccctattactatggttcgcgtctactggggccaaggaaccctggtcaccgtctcctca	IGHV1-18	IGHD3-10	IGHJ4	tgtgcgagagatacccctattactatggttcgcgtctactgg	2	1.21984690921289e-05
gaggtgcagctgttggagtctgggggaggcttggtacagcctggggggtccctgagactctcctgtgcagcctctggattcacctttagcagctatgccatgagctgggtccgccaggctccagggaaggggctggagtgggtctcagctattagtggtagtggtggtagcacatactacgcagactccgtgaagggccggttcaccatctccagagacaattccaagaacacgctgtatctgcaaatgaacagcctgagagccgaggacacggccgtatattactgtgcgaaagatcgggtgtatgaggactactttgactactggggccaaggaaccctggtcaccgtctcctca	IGHV3-23	IGHD6-19	IGHJ4	tgtgcgaaagatcgggtgtatgaggactactttgactactgg	2	1.21984690921289e-05
gaggtgcagctggtgcagtctggagcagaggtgaaaaagcccggggagtctctgaagatctcctgtaagggttctggatacagctttaccagctactggatcggctgggtgcgccagatgcccgggaaaggcctggagtggatggggatcatctatcctggtgactctgataccagatacagcccgtccttccaaggccaggtcaccatctcagccgacaagtccatcagcaccgcctacctgcagtggagcagcctgaaggcctcggacaccgccatgtattactgtgcgagaagcccccccccagcggagtgggagttcgactcctggggccaaggaaccctggtcaccgtctcctca	IGHV5-51	IGHD2-2	IGHJ5	tgtgcgagaagcccccccccagcggagtgggagttcgactcctgg	2	1.21984690921289e-05
caggtgcagctggtgcagtctggggctgaggtgaagaagcctggggcctcagtgaaggtttcctgcaaggcatctggatacaccttcaccagctactatatgcactgggtgcgacaggcccctggacaagggcttgagtggatgggaataatcaaccctagtggtggtagcacaagctacgcacagaagttccagggcagagtcaccatgaccagggacacgtccacgagcacagtctacatggagctgagcagcctgagatctgaggacacggccgtgtattactgtgcgagagatccagcagcagctggctttgactactggggccaaggaaccctggtcaccgtctcctca	IGHV1-46	IGHD6-13	IGHJ4	tgtgcgagagatccagcagcagctggctttgactactgg	2	1.21984690921289e-05
caggtgcagctggtgcagtctggggctgaggtgaagaagcctgggtcctcggtgaaggtctcctgcaaggcttctggaggcaccttcagcagctatgctatcagctgggtgcgacaggcccctggacaagggcttgagtggatgggagggatcatccctatctttggtacagcaaactacgcacagaagttccagggcagagtcacgattaccgcggacgaatccacgagcacagcctacatggagctgagcagcctgagatctgaggacacggccgtgtattactgtgcgaatggttcggggagttattataacgactttgactactggggccaaggaaccctggtcaccgtctcctca	IGHV1-69	IGHD3-10	IGHJ4	tgtgcgaatggttcggggagttattataacgactttgactactgg	2	1.21984690921289e-05
caggtgcagctggtgcagtctggggctgaggtgaagaagcctgggtcctcggtgaaggtctcctgcaaggcttctggaggcaccttcagcagctatgctatcagctgggtgcgacaggcccctggacaagggcttgagtggatgggagggatcatccctatctttggtacagcaaactacgcacagaagttccagggcagagtcacgattaccgcggacgaatccacgagcacagcctacatggagctgagcagcctgagatctgaggacacggccgtgtattactgtgcgagagaacacgggcctagcagcaactggttcgactcctggggccaaggaaccctggtcaccgtctcctca	IGHV1-69	IGHD6-6	IGHJ5	tgtgcgagagaacacgggcctagcagcaactggttcgactcctgg	2	1.21984690921289e-05
caggtgcagctggtgcagtctggggctgaggtgaagaagcctgggtcctcggtgaaggtctcctgcaaggcttctggaggcaccttcagcagctatgctatcagctgggtgcgacaggcccctggacaagggcttgagtggatgggagggatcatccctatctttggtacagcaaactacgcacagaagttccagggcagagtcacgattaccgcggacgaatccacgagcacagcctacatggagctgagcagcctgagatctgaggacacggccgtgtattactgtgcgtgggagctacactactactactacggtatggacgtctgggggcaagggaccacggtcaccgtctcctca	IGHV1-69	IGHD1-26	IGHJ6	tgtgcgtgggagctacactactactactacggtatggacgtctgg	2	1.21984690921289e-05
caggtgcagctggtgcagtctggggctgaggtgaagaagcctgggtcctcggtgaaggtctcctgcaaggcttctggaggcaccttcagcagctatgctatcagctgggtgcgacaggcccctggacaagggcttgagtggatgggagggatcatccctatctttggtacagcaaactacgcacagaagttccagggcagagtcacgattaccgcggacgaatccacgagcacagcctacatggagctgagcagcctgagatctgaggacacggccgtgtattactgtgcgagagaccctaactggggagactggttcgactcctggggccaaggaaccctggtcaccgtctcctca	IGHV1-69	IGHD7-27	IGHJ5	tgtgcgagagaccctaactggggagactggttcgactcctgg	2	1.21984690921289e-05
caggttcagctggtgcagtctggagctgaggtgaagaagcctggggcctcagtgaaggtctcctgcaaggcttctggttacacctttaccagctatggtatcagctgggtgcgacaggcccctggacaagggcttgagtggatgggatggatcagcgcttacaatggtaacacaaactatgcacagaagctccagggcagagtcaccatgaccacagacacatccacgagcacagcctacatggagctgaggagcctgagatctgacgacacggccgtgtattactgtgcgagcaagggtataactggaactccctggttcgactcctggggccaaggaaccctggtcaccgtctcctca	IGHV1-18	IGHD1-7	IGHJ5	tgtgcgagcaagggtataactggaactccctggttcgactcctgg	2	1.21984690921289e-05
gaggtgcagctggtggagtctgggggaggcttggtccagcctggggggtccctgaaactctcctgtgcagcctctgggttcaccttcagtggctctgctatgcactgggtccgccaggcttccgggaaagggctggagtgggttggccgtattagaagcaaagctaacagttacgcgacagcatatgctgcgtcggtgaaaggcaggttcaccatctccagagatgattcaaagaacacggcgtatctgcaaatgaacagcctgaaaaccgaggacacggccgtgtattactgtactagagaggtagtagtaccagctgctagttttgatgtctggggccaagggacaatggtcaccgtctcttca	IGHV3-73	IGHD2-2	IGHJ3	tgtactagagaggtagtagtaccagctgctagttttgatgtctgg	2	1.21984690921289e-05
caggtgcagctggtgcagtctggggctgaggtgaagaagcctgggtcctcggtgaaggtctcctgcaaggcttctggaggcaccttcagcagctatgctatcagctgggtgcgacaggcccctggacaagggcttgagtggatgggagggatcatccctatctttggtacagcaaactacgcacagaagttccagggcagagtcacgattaccgcggacgaatccacgagcacagcctacatggagctgagcagcctgagatctgaggacacggccgtgtattactgtgcgaggggtatagtgggagatcactttgactactggggccaaggaaccctggtcaccgtctcctca	IGHV1-69	IGHD1-26	IGHJ4	tgtgcgaggggtatagtgggagatcactttgactactgg	2	1.21984690921289e-05
gaggtgcagctggtggagtctgggggaggtgtggtacggcctggggggtccctgagactctcctgtgcagcctctggattcacctttgatgattatggcatgagctgggtccgccaagctccagggaaggggctggagtgggtctctggtattaattggaatggtggtagcacaggttatgcagactctgtgaagggccgattcaccatctccagagacaacgccaagaactccctgtatctgcaaatgaacagtctgagagccgaggacacggccttgtatcactgtgcgagagagatcagcagctggtactttgactactggggccaaggaaccctggtcaccgtctcctca	IGHV3-20	IGHD6-13	IGHJ4	tgtgcgagagagatcagcagctggtactttgactactgg	2	1.21984690921289e-05
cagatcaccttgaaggagtctggtcctacgctggtgaaacccacacagaccctcacgctgacctgcaccttctctgggttctcactcagcactagtggagtgggtgtgggctggatccgtcagcccccaggaaaggccctggagtggcttgcactcatttattggaatgatgataagcgctacagcccatctctgaagagcaggctcaccatcaccaaggacacctccaaaaaccaggtggtccttacaatgaccaacatggaccctgtggacacagccacatattactgtgcacacagcgggatggctggtacccgctttgactactggggccaaggaaccctggtcaccgtctcctca	IGHV2-5	IGHD6-19	IGHJ4	tgtgcacacagcgggatggctggtacccgctttgactactgg	2	1.21984690921289e-05
caggtgcagctggtgcagtctggggctgaggtgaagaagcctggggcctcagtgaaggtttcctgcaaggcatctggatacaccttcaccagctactatatgcactgggtgcgacaggcccctggacaagggcttgagtggatgggaataatcaaccctagtggtggtagcacaagctacgcacagaagttccagggcagagtcaccatgaccagggacacgtccacgagcacagtctacatggagctgagcagcctgagatctgaggacacggccgtgtattactgtgcgagagaagcagctggtacaggctggttcgactcctggggccaaggaaccctggtcaccgtctcctca	IGHV1-46	IGHD6-13	IGHJ5	tgtgcgagagaagcagctggtacaggctggttcgactcctgg	2	1.21984690921289e-05
gaggtgcagctggtggagtctgggggaggcttggtacagccagggcggtccctgagactctcctgtacagcttctggattcacctttggtgattatgctatgagctggttccgccaggctccagggaaggggctggagtgggtaggtttcattagaagcaaagcttatggtgggacaacagaatacaccgcgtctgtgaaaggcagattcaccatctcaagagatggttccaaaagcatcgcctatctgcaaatgaacagcctgaaaaccgaggacacagccgtgtattactgtactagagaggtggtaactccggactactttgactactggggccaaggaaccctggtcaccgtctcctca	IGHV3-49	IGHD4-23	IGHJ4	tgtactagagaggtggtaactccggactactttgactactgg	2	1.21984690921289e-05
cagctgcagctgcaggagtccggctcaggactggtgaagccttcacagaccctgtccctcacctgcgctgtctctggtggctccatcagcagtggtggttactcctggagctggatccggcagccaccagggaagggcctggagtggattgggtacatctatcatagtgggagcacctactacaacccgtccctcaagagtcgagtcaccatatcagtagacaggtccaagaaccagttctccctgaagctgagctctgtgaccgccgcggacacggccgtgtattactgtgccagagaagaacgatttttggagtggtttgactactggggccaaggaaccctggtcaccgtctcctca	IGHV4-30-2	IGHD3-3	IGHJ4	tgtgccagagaagaacgatttttggagtggtttgactactgg	2	1.21984690921289e-05
caggtgcagctacagcagtggggcgcaggactgttgaagccttcggagaccctgtccctcacctgcgctgtctatggtgggtccttcagtggttactactggagctggatccgccagcccccagggaaggggctggagtggattggggaaatcaatcatagtggaagcaccaactacaacccgtccctcaagagtcgagtcaccatatcagtagacacgtccaagaaccagttctccctgaagctgagctctgtgaccgccgcggacacggctgtgtattactgtgcgagaggcctagcagcagctgggtactttgactactggggccaaggaaccctggtcaccgtctcctca	IGHV4-34	IGHD6-13	IGHJ4	tgtgcgagaggcctagcagcagctgggtactttgactactgg	2	1.21984690921289e-05
gaggtgcagctggtggagtctgggggaggcttggtacagccagggcggtccctgagactctcctgtacagcttctggattcacctttggtgattatgctatgagctggttccgccaggctccagggaaggggctggagtgggtaggtttcattagaagcaaagcttatggtgggacaacagaatacaccgcgtctgtgaaaggcagattcaccatctcaagagatggttccaaaagcatcgcctatctgcaaatgaacagcctgaaaaccgaggacacagccgtgtattactgtactagagaagggggtgggagctactttgactactggggccaaggaaccctggtcaccgtctcctca	IGHV3-49	IGHD1-26	IGHJ4	tgtactagagaagggggtgggagctactttgactactgg	2	1.21984690921289e-05
gaggtgcagctggtggagtctgggggaggtgtggtacggcctggggggtccctgagactctcctgtgcagcctctggattcacctttgatgattatggcatgagctgggtccgccaagctccagggaaggggctggagtgggtctctggtattaattggaatggtggtagcacaggttatgcagactctgtgaagggccgattcaccatctccagagacaacgccaagaactccctgtatctgcaaatgaacagtctgagagccgaggacacggccttgtatcactgtgcgagagatccggtgactatccaatttgactactggggccaaggaaccctggtcaccgtctcctca	IGHV3-20	IGHD4-17	IGHJ4	tgtgcgagagatccggtgactatccaatttgactactgg	2	1.21984690921289e-05
caggttcagctggtgcagtctggagctgaggtgaagaagcctggggcctcagtgaaggtctcctgcaaggcttctggttacacctttaccagctatggtatcagctgggtgcgacaggcccctggacaagggcttgagtggatgggatggatcagcgcttacaatggtaacacaaactatgcacagaagctccagggcagagtcaccatgaccacagacacatccacgagcacagcctacatggagctgaggagcctgagatctgacgacacggccgtgtattactgtgcgagagaggtagagatggctacaatggactttgactactggggccaaggaaccctggtcaccgtctcctca	IGHV1-18	IGHD5-24	IGHJ4	tgtgcgagagaggtagagatggctacaatggactttgactactgg	2	1.21984690921289e-05
gaggtgcagctggtgcagtctggagcagaggtgaaaaagcccggggagtctctgaagatctcctgtaagggttctggatacagctttaccagctactggatcggctgggtgcgccagatgcccgggaaaggcctggagtggatggggatcatctatcctggtgactctgataccagatacagcccgtccttccaaggccaggtcaccatctcagccgacaagtccatcagcaccgcctacctgcagtggagcagcctgaaggcctcggacaccgccatgtattactgtgcgagaattatagcagcacactactacggtatggacgtctgggggcaagggaccacggtcaccgtctcctca	IGHV5-51	IGHD6-13	IGHJ6	tgtgcgagaattatagcagcacactactacggtatggacgtctgg	2	1.21984690921289e-05
caggtgcagctggtgcagtctggggctgaggtgaagaagcctgggtcctcggtgaaggtctcctgcaaggcttctggaggcaccttcagcagctatgctatcagctgggtgcgacaggcccctggacaagggcttgagtggatgggagggatcatccctatctttggtacagcaaactacgcacagaagttccagggcagagtcacgattaccgcggacgaatccacgagcacagcctacatggagctgagcagcctgagatctgaggacacggccgtgtattactgtgtccatggctacccctactactacggtatggacgtctgggggcaagggaccacggtcaccgtctcctca	IGHV1-69	IGHD5-24	IGHJ6	tgtgtccatggctacccctactactacggtatggacgtctgg	2	1.21984690921289e-05
caggtgcagctggtgcagtctggggctgaggtgaagaagcctgggtcctcggtgaaggtctcctgcaaggcttctggaggcaccttcagcagctatgctatcagctgggtgcgacaggcccctggacaagggcttgagtggatgggagggatcatccctatctttggtacagcaaactacgcacagaagttccagggcagagtcacgattaccgcggacgaatccacgagcacagcctacatggagctgagcagcctgagatctgaggacacggccgtgtattactgtgcgagagagatctatgatagtagtggctttgactactggggccaaggaaccctggtcaccgtctcctca	IGHV1-69	IGHD3-22	IGHJ4	tgtgcgagagagatctatgatagtagtggctttgactactgg	2	1.21984690921289e-05
gaggtgcagctgttggagtctgggggaggcttggtacagcctggggggtccctgagactctcctgtgcagcctctggattcacctttagcagctatgccatgagctgggtccgccaggctccagggaaggggctggagtgggtctcagctattagtggtagtggtggtagcacatactacgcagactccgtgaagggccggttcaccatctccagagacaattccaagaacacgctgtatctgcaaatgaacagcctgagagccgaggacacggccgtatattactgtgcgaaagacccctggtatagcagtggcgcttttgatgtctggggccaagggacaatggtcaccgtctcttca	IGHV3-23	IGHD6-19	IGHJ3	tgtgcgaaagacccctggtatagcagtggcgcttttgatgtctgg	2	1.21984690921289e-05
gaggtgcagctggtggagtctggaggaggcttgatccagcctggggggtccctgagactctcctgtgcagcctctgggttcaccgtcagtagcaactacatgagctgggtccgccaggctccagggaaggggctggagtgggtctcagttatttatagcggtggtagcacatactacgcagactccgtgaagggccgattcaccatctccagagacaattccaagaacacgctgtatcttcaaatgaacagcctgagagccgaggacacggccgtgtattactgtgcgagagagactacggtggtaactggggttgactactggggccaaggaaccctggtcaccgtctcctca	IGHV3-53	IGHD4-23	IGHJ4	tgtgcgagagagactacggtggtaactggggttgactactgg	2	1.21984690921289e-05
caggtcaccttgaaggagtctggtcctgtgctggtgaaacccacagagaccctcacgctgacctgcaccgtctctgggttctcactcagcaatgctagaatgggtgtgagctggatccgtcagcccccagggaaggccctggagtggcttgcacacattttttcgaatgacgaaaaatcctacagcacatctctgaagagcaggctcaccatctccaaggacacctccaaaagccaggtggtccttaccatgaccaacatggaccctgtggacacagccacatattactgtgcacggatacgggcagcagctggtacgggctttgactactggggccaaggaaccctggtcaccgtctcctca	IGHV2-26	IGHD6-13	IGHJ4	tgtgcacggatacgggcagcagctggtacgggctttgactactgg	2	1.21984690921289e-05
gaggtgcagctgttggagtctgggggaggcttggtacagcctggggggtccctgagactctcctgtgcagcctctggattcacctttagcagctatgccatgagctgggtccgccaggctccagggaaggggctggagtgggtctcagctattagtggtagtggtggtagcacatactacgcagactccgtgaagggccggttcaccatctccagagacaattccaagaacacgctgtatctgcaaatgaacagcctgagagccgaggacacggccgtatattactgtgcgaaagagcctgatggctacaagggggactttgactactggggccaaggaaccctggtcaccgtctcctca	IGHV3-23	IGHD5-24	IGHJ4	tgtgcgaaagagcctgatggctacaagggggactttgactactgg	2	1.21984690921289e-05
caggtgcagctggtgcagtctggggctgaggtgaagaagcctggggcctcagtgaaggtctcctgcaaggcttctggatacaccttcaccagttatgatatcaactgggtgcgacaggccactggacaagggcttgagtggatgggatggatgaaccctaacagtggtaacacaggctatgcacagaagttccagggcagagtcaccatgaccaggaacacctccataagcacagcctacatggagctgagcagcctgagatctgaggacacggccgtgtattactgtgcgggagctactacagaggaggactactttgactactggggccaaggaaccctggtcaccgtctcctca	IGHV1-8	IGHD1-26	IGHJ4	tgtgcgggagctactacagaggaggactactttgactactgg	2	1.21984690921289e-05
gaggtgcagctggtggagtctgggggaggcttggtccagcctggggggtccctgaaactctcctgtgcagcctctgggttcaccttcagtggctctgctatgcactgggtccgccaggcttccgggaaagggctggagtgggttggccgtattagaagcaaagctaacagttacgcgacagcatatgctgcgtcggtgaaaggcaggttcaccatctccagagatgattcaaagaacacggcgtatctgcaaatgaacagcctgaaaaccgaggacacggccgtgtattactgtactagacaagatatagtgggagctacggggtttgactactggggccaaggaaccctggtcaccgtctcctca	IGHV3-73	IGHD1-26	IGHJ4	tgtactagacaagatatagtgggagctacggggtttgactactgg	2	1.21984690921289e-05
gaggtgcagctgttggagtctgggggaggcttggtacagcctggggggtccctgagactctcctgtgcagcctctggattcacctttagcagctatgccatgagctgggtccgccaggctccagggaaggggctggagtgggtctcagctattagtggtagtggtggtagcacatactacgcagactccgtgaagggccggttcaccatctccagagacaattccaagaacacgctgtatctgcaaatgaacagcctgagagccgaggacacggccgtatattactgtgcgcccgtgggagctactaaggactttgactactggggccaaggaaccctggtcaccgtctcctca	IGHV3-23	IGHD1-26	IGHJ4	tgtgcgcccgtgggagctactaaggactttgactactgg	2	1.21984690921289e-05
caggtccagcttgtgcagtctggggctgaggtgaagaagcctggggcctcagtgaaggtttcctgcaaggcttctggatacaccttcactagctatgctatgcattgggtgcgccaggcccccggacaaaggcttgagtggatgggatggatcaacgctggcaatggtaacacaaaatattcacagaagttccagggcagagtcaccattaccagggacacatccgcgagcacagcctacatggagctgagcagcctgagatctgaagacacggctgtgtattactgtgcgagagagggtatagcagtggctgggggctttgactactggggccaaggaaccctggtcaccgtctcctca	IGHV1-3	IGHD6-19	IGHJ4	tgtgcgagagagggtatagcagtggctgggggctttgactactgg	2	1.21984690921289e-05
gaggtgcagctggtggagtctgggggaggcttggtaaagcctggggggtcccttagactctcctgtgcagcctctggattcactttcagtaacgcctggatgagctgggtccgccaggctccagggaaggggctggagtgggttggccgtattaaaagcaaaactgatggtgggacaacagactacgctgcacccgtgaaaggcagattcaccatctcaagagatgattcaaaaaacacgctgtatctgcaaatgaacagcctgaaaaccgaggacacagccgtgtattactgtaccacagattggggtagccccgggtgctactttgactactggggccaaggaaccctggtcaccgtctcctca	IGHV3-15	IGHD2-15	IGHJ4	tgtaccacagattggggtagccccgggtgctactttgactactgg	2	1.21984690921289e-05
gaggtgcagctggtgcagtctggagcagaggtgaaaaagcccggggagtctctgaagatctcctgtaagggttctggatacagctttaccagctactggatcggctgggtgcgccagatgcccgggaaaggcctggagtggatggggatcatctatcctggtgactctgataccagatacagcccgtccttccaaggccaggtcaccatctcagccgacaagtccatcagcaccgcctacctgcagtggagcagcctgaaggcctcggacaccgccatgtattactgtgctgaggactacggtgactacaaactctttgactactggggccaaggaaccctggtcaccgtctcctca	IGHV5-51	IGHD4-17	IGHJ4	tgtgctgaggactacggtgactacaaactctttgactactgg	2	1.21984690921289e-05
caggtgcagctggtgcagtctggggctgaggtgaagaagcctggggcctcagtgaaggtttcctgcaaggcatctggatacaccttcaccagctactatatgcactgggtgcgacaggcccctggacaagggcttgagtggatgggaataatcaaccctagtggtggtagcacaagctacgcacagaagttccagggcagagtcaccatgaccagggacacgtccacgagcacagtctacatggagctgagcagcctgagatctgaggacacggccgtgtattactgtgcgagagagcgccctatgatagtagtggttgtctggggccaagggacaatggtcaccgtctcttca	IGHV1-46	IGHD3-22	IGHJ3	tgtgcgagagagcgccctatgatagtagtggttgtctgg	2	1.21984690921289e-05
caggtgcagctggtgcagtctggggctgaggtgaagaagcctgggtcctcggtgaaggtctcctgcaaggcttctggaggcaccttcagcagctatgctatcagctgggtgcgacaggcccctggacaagggcttgagtggatgggagggatcatccctatctttggtacagcaaactacgcacagaagttccagggcagagtcacgattaccgcggacgaatccacgagcacagcctacatggagctgagcagcctgagatctgaggacacggccgtgtattactgtggtagagatggctacaattacccggacttcgatctctggggccgtggcaccctggtcactgtctcctca	IGHV1-69	IGHD5-24	IGHJ2	tgtggtagagatggctacaattacccggacttcgatctctgg	2	1.21984690921289e-05
gaggtgcagctggtgcagtctggagcagaggtgaaaaagcccggggagtctctgaagatctcctgtaagggttctggatacagctttaccagctactggatcggctgggtgcgccagatgcccgggaaaggcctggagtggatggggatcatctatcctggtgactctgataccagatacagcccgtccttccaaggccaggtcaccatctcagccgacaagtccatcagcaccgcctacctgcagtggagcagcctgaaggcctcggacaccgccatgtattactgtgcgagaggggactacggtgacgaatttgactactggggccaaggaaccctggtcaccgtctcctca	IGHV5-51	IGHD4-17	IGHJ4	tgtgcgagaggggactacggtgacgaatttgactactgg	2	1.21984690921289e-05
gaggtgcagctggtgcagtctggagcagaggtgaaaaagcccggggagtctctgaagatctcctgtaagggttctggatacagctttaccagctactggatcggctgggtgcgccagatgcccgggaaaggcctggagtggatggggatcatctatcctggtgactctgataccagatacagcccgtccttccaaggccaggtcaccatctcagccgacaagtccatcagcaccgcctacctgcagtggagcagcctgaaggcctcggacaccgccatgtattactgtggggcagtggctacgattggggactttgactactggggccaaggaaccctggtcaccgtctcctca	IGHV5-51	IGHD5-12	IGHJ4	tgtggggcagtggctacgattggggactttgactactgg	2	1.21984690921289e-05
caggtgcagctacagcagtggggcgcaggactgttgaagccttcggagaccctgtccctcacctgcgctgtctatggtgggtccttcagtggttactactggagctggatccgccagcccccagggaaggggctggagtggattggggaaatcaatcatagtggaagcaccaactacaacccgtccctcaagagtcgagtcaccatatcagtagacacgtccaagaaccagttctccctgaagctgagctctgtgaccgccgcggacacggctgtgtattactgtgcgagagggagagggtggctggcctttgactactggggccaaggaaccctggtcaccgtctcctca	IGHV4-34	IGHD6-19	IGHJ4	tgtgcgagagggagagggtggctggcctttgactactgg	2	1.21984690921289e-05
gaggtgcagctggtggagtctgggggaggtgtggtacggcctggggggtccctgagactctcctgtgcagcctctggattcacctttgatgattatggcatgagctgggtccgccaagctccagggaaggggctggagtgggtctctggtattaattggaatggtggtagcacaggttatgcagactctgtgaagggccgattcaccatctccagagacaacgccaagaactccctgtatctgcaaatgaacagtctgagagccgaggacacggccttgtatcactgtgcgagagatcctatggttcggggagttacctttgactactggggccaaggaaccctggtcaccgtctcctca	IGHV3-20	IGHD3-10	IGHJ4	tgtgcgagagatcctatggttcggggagttacctttgactactgg	2	1.21984690921289e-05
gaggtgcagctgttggagtctgggggaggcttggtacagcctggggggtccctgagactctcctgtgcagcctctggattcacctttagcagctatgccatgagctgggtccgccaggctccagggaaggggctggagtgggtctcagctattagtggtagtggtggtagcacatactacgcagactccgtgaagggccggttcaccatctccagagacaattccaagaacacgctgtatctgcaaatgaacagcctgagagccgaggacacggccgtatattactgtgcgaaagatccatggctacaaagcgatgactactggggccaaggaaccctggtcaccgtctcctca	IGHV3-23	IGHD5-24	IGHJ4	tgtgcgaaagatccatggctacaaagcgatgactactgg	2	1.21984690921289e-05
caggtgcagctggtggagtctgggggaggcttggtcaagcctggagggtccctgagactctcctgtgcagcctctggattcaccttcagtgactactacatgagctggatccgccaggctccagggaaggggctggagtgggtttcatacattagtagtagtggtagtaccatatactacgcagactctgtgaagggccgattcaccatctccagggacaacgccaagaactcactgtatctgcaaatgaacagcctgagagccgaggacacggccgtgtattactgtgcgagagagagggttcggggagttattatatttgactactggggccaaggaaccctggtcaccgtctcctca	IGHV3-11	IGHD3-10	IGHJ4	tgtgcgagagagagggttcggggagttattatatttgactactgg	2	1.21984690921289e-05
caggtgcagctggtgcagtctggggctgaggtgaagaagcctggggcctcagtgaaggtctcctgcaaggcttctggatacaccttcaccagttatgatatcaactgggtgcgacaggccactggacaagggcttgagtggatgggatggatgaaccctaacagtggtaacacaggctatgcacagaagttccagggcagagtcaccatgaccaggaacacctccataagcacagcctacatggagctgagcagcctgagatctgaggacacggccgtgtattactgtgcgagaggggggtggctggtacgagaatttgactactggggccaaggaaccctggtcaccgtctcctca	IGHV1-8	IGHD6-19	IGHJ4	tgtgcgagaggggggtggctggtacgagaatttgactactgg	2	1.21984690921289e-05
gaggtgcagctggtggagtctgggggaggcttggtccagcctggggggtccctgaaactctcctgtgcagcctctgggttcaccttcagtggctctgctatgcactgggtccgccaggcttccgggaaagggctggagtgggttggccgtattagaagcaaagctaacagttacgcgacagcatatgctgcgtcggtgaaaggcaggttcaccatctccagagatgattcaaagaacacggcgtatctgcaaatgaacagcctgaaaaccgaggacacggccgtgtattactgtaccgtagagatggctacaattacttttgactactggggccaaggaaccctggtcaccgtctcctca	IGHV3-73	IGHD5-24	IGHJ4	tgtaccgtagagatggctacaattacttttgactactgg	2	1.21984690921289e-05
caggtgcagctacagcagtggggcgcaggactgttgaagccttcggagaccctgtccctcacctgcgctgtctatggtgggtccttcagtggttactactggagctggatccgccagcccccagggaaggggctggagtggattggggaaatcaatcatagtggaagcaccaactacaacccgtccctcaagagtcgagtcaccatatcagtagacacgtccaagaaccagttctccctgaagctgagctctgtgaccgccgcggacacggctgtgtattactgtgcgagagggagggcagctggtaccccccactttgactactggggccaaggaaccctggtcaccgtctcctca	IGHV4-34	IGHD6-13	IGHJ4	tgtgcgagagggagggcagctggtaccccccactttgactactgg	2	1.21984690921289e-05
caggttcagctggtgcagtctggagctgaggtgaagaagcctggggcctcagtgaaggtctcctgcaaggcttctggttacacctttaccagctatggtatcagctgggtgcgacaggcccctggacaagggcttgagtggatgggatggatcagcgcttacaatggtaacacaaactatgcacagaagctccagggcagagtcaccatgaccacagacacatccacgagcacagcctacatggagctgaggagcctgagatctgacgacacggccgtgtattactgtggacgatttttggagtggttatacaactggttcgactcctggggccaaggaaccctggtcaccgtctcctca	IGHV1-18	IGHD3-3	IGHJ5	tgtggacgatttttggagtggttatacaactggttcgactcctgg	2	1.21984690921289e-05
gaggtgcagctggtggagtctggaggaggcttgatccagcctggggggtccctgagactctcctgtgcagcctctgggttcaccgtcagtagcaactacatgagctgggtccgccaggctccagggaaggggctggagtgggtctcagttatttatagcggtggtagcacatactacgcagactccgtgaagggccgattcaccatctccagagacaattccaagaacacgctgtatcttcaaatgaacagcctgagagccgaggacacggccgtgtattactgtgcgagagatctgtacggtgactgggactactttgactactggggccaaggaaccctggtcaccgtctcctca	IGHV3-53	IGHD4-17	IGHJ4	tgtgcgagagatctgtacggtgactgggactactttgactactgg	2	1.21984690921289e-05
cagctgcagctgcaggagtccggctcaggactggtgaagccttcacagaccctgtccctcacctgcgctgtctctggtggctccatcagcagtggtggttactcctggagctggatccggcagccaccagggaagggcctggagtggattgggtacatctatcatagtgggagcacctactacaacccgtccctcaagagtcgagtcaccatatcagtagacaggtccaagaaccagttctccctgaagctgagctctgtgaccgccgcggacacggccgtgtattactgtgccagagaagtggttattataccgcgctactttgactactggggccaaggaaccctggtcaccgtctcctca	IGHV4-30-2	IGHD3-3	IGHJ4	tgtgccagagaagtggttattataccgcgctactttgactactgg	2	1.21984690921289e-05
caggtgcagctggtgcagtctggggctgaggtgaagaagcctgggtcctcggtgaaggtctcctgcaaggcttctggaggcaccttcagcagctatgctatcagctgggtgcgacaggcccctggacaagggcttgagtggatgggagggatcatccctatctttggtacagcaaactacgcacagaagttccagggcagagtcacgattaccgcggacgaatccacgagcacagcctacatggagctgagcagcctgagatctgaggacacggccgtgtattactgtgcgagagccgggtatagcagcagctactactttgactactggggccaaggaaccctggtcaccgtctcctca	IGHV1-69	IGHD6-13	IGHJ4	tgtgcgagagccgggtatagcagcagctactactttgactactgg	2	1.21984690921289e-05
gaggtgcagctgttggagtctgggggaggcttggtacagcctggggggtccctgagactctcctgtgcagcctctggattcacctttagcagctatgccatgagctgggtccgccaggctccagggaaggggctggagtgggtctcagctattagtggtagtggtggtagcacatactacgcagactccgtgaagggccggttcaccatctccagagacaattccaagaacacgctgtatctgcaaatgaacagcctgagagccgaggacacggccgtatattactgtgcgaaagtggggcatattgtggtggttgactactggggccaaggaaccctggtcaccgtctcctca	IGHV3-23	IGHD2-21	IGHJ4	tgtgcgaaagtggggcatattgtggtggttgactactgg	2	1.21984690921289e-05
caggtccagcttgtgcagtctggggctgaggtgaagaagcctggggcctcagtgaaggtttcctgcaaggcttctggatacaccttcactagctatgctatgcattgggtgcgccaggcccccggacaaaggcttgagtggatgggatggatcaacgctggcaatggtaacacaaaatattcacagaagttccagggcagagtcaccattaccagggacacatccgcgagcacagcctacatggagctgagcagcctgagatctgaagacacggctgtgtattactgtgcgagagatgggaggcctcactactttgactactggggccaaggaaccctggtcaccgtctcctca	IGHV1-3	IGHD7-27	IGHJ4	tgtgcgagagatgggaggcctcactactttgactactgg	2	1.21984690921289e-05
gaggtgcagctggtggagtctgggggaggcttggtacagccagggcggtccctgagactctcctgtacagcttctggattcacctttggtgattatgctatgagctggttccgccaggctccagggaaggggctggagtgggtaggtttcattagaagcaaagcttatggtgggacaacagaatacaccgcgtctgtgaaaggcagattcaccatctcaagagatggttccaaaagcatcgcctatctgcaaatgaacagcctgaaaaccgaggacacagccgtgtattactgtacagcagcagctggtacggaggatgcttttgatgtctggggccaagggacaatggtcaccgtctcttca	IGHV3-49	IGHD6-13	IGHJ3	tgtacagcagcagctggtacggaggatgcttttgatgtctgg	2	1.21984690921289e-05
gaggtgcagctggtggagtctggaggaggcttgatccagcctggggggtccctgagactctcctgtgcagcctctgggttcaccgtcagtagcaactacatgagctgggtccgccaggctccagggaaggggctggagtgggtctcagttatttatagcggtggtagcacatactacgcagactccgtgaagggccgattcaccatctccagagacaattccaagaacacgctgtatcttcaaatgaacagcctgagagccgaggacacggccgtgtattactgtgcgagagtagtggctacgattacctttgactactggggccaaggaaccctggtcaccgtctcctca	IGHV3-53	IGHD5-12	IGHJ4	tgtgcgagagtagtggctacgattacctttgactactgg	2	1.21984690921289e-05
caggtgcagctggtgcagtctggggctgaggtgaagaagcctggggcctcagtgaaggtttcctgcaaggcatctggatacaccttcaccagctactatatgcactgggtgcgacaggcccctggacaagggcttgagtggatgggaataatcaaccctagtggtggtagcacaagctacgcacagaagttccagggcagagtcaccatgaccagggacacgtccacgagcacagtctacatggagctgagcagcctgagatctgaggacacggccgtgtattactgtgcgagagatggaagcagctggtactttgactactggggccaaggaaccctggtcaccgtctcctca	IGHV1-46	IGHD6-6	IGHJ4	tgtgcgagagatggaagcagctggtactttgactactgg	2	1.21984690921289e-05
caggtgcagctggtgcagtctggggctgaggtgaagaagcctgggtcctcggtgaaggtctcctgcaaggcttctggaggcaccttcagcagctatgctatcagctgggtgcgacaggcccctggacaagggcttgagtggatgggagggatcatccctatctttggtacagcaaactacgcacagaagttccagggcagagtcacgattaccgcggacgaatccacgagcacagcctacatggagctgagcagcctgagatctgaggacacggccgtgtattactgtgcgagagagtatagcagtggcgggaaagtctttgactactggggccaaggaaccctggtcaccgtctcctca	IGHV1-69	IGHD6-19	IGHJ4	tgtgcgagagagtatagcagtggcgggaaagtctttgactactgg	2	1.21984690921289e-05
caggttcagctggtgcagtctggagctgaggtgaagaagcctggggcctcagtgaaggtctcctgcaaggcttctggttacacctttaccagctatggtatcagctgggtgcgacaggcccctggacaagggcttgagtggatgggatggatcagcgcttacaatggtaacacaaactatgcacagaagctccagggcagagtcaccatgaccacagacacatccacgagcacagcctacatggagctgaggagcctgagatctgacgacacggccgtgtattactgtgcgagagtggcttactatgatagtagtgacttcgatctctggggccgtggcaccctggtcactgtctcctca	IGHV1-18	IGHD3-22	IGHJ2	tgtgcgagagtggcttactatgatagtagtgacttcgatctctgg	2	1.21984690921289e-05
caggttcagctggtgcagtctggagctgaggtgaagaagcctggggcctcagtgaaggtctcctgcaaggcttctggttacacctttaccagctatggtatcagctgggtgcgacaggcccctggacaagggcttgagtggatgggatggatcagcgcttacaatggtaacacaaactatgcacagaagctccagggcagagtcaccatgaccacagacacatccacgagcacagcctacatggagctgaggagcctgagatctgacgacacggccgtgtattactgtgcgagacaagtggctggtaccccctactttgactactggggccaaggaaccctggtcaccgtctcctca	IGHV1-18	IGHD6-19	IGHJ4	tgtgcgagacaagtggctggtaccccctactttgactactgg	2	1.21984690921289e-05
gaggtgcagctggtggagtctgggggaggcttggtacagccagggcggtccctgagactctcctgtacagcttctggattcacctttggtgattatgctatgagctggttccgccaggctccagggaaggggctggagtgggtaggtttcattagaagcaaagcttatggtgggacaacagaatacaccgcgtctgtgaaaggcagattcaccatctcaagagatggttccaaaagcatcgcctatctgcaaatgaacagcctgaaaaccgaggacacagccgtgtattactgtactagagagggcagctggccctactttgactactggggccaaggaaccctggtcaccgtctcctca	IGHV3-49	IGHD6-13	IGHJ4	tgtactagagagggcagctggccctactttgactactgg	2	1.21984690921289e-05
gaggtgcagctggtggagtccgggggaggcttagttcagcctggggggtccctgagactctcctgtgcagcctctggattcaccttcagtagctactggatgcactgggtccgccaagctccagggaaggggctggtgtgggtctcacgtattaatagtgatgggagtagcacaagctacgcggactccgtgaagggccgattcaccatctccagagacaacgccaagaacacgctgtatctgcaaatgaacagtctgagagccgaggacacggctgtgtattactgtgcaagagatcatagtgggagctacgcttttgatgtctggggccaagggacaatggtcaccgtctcttca	IGHV3-74	IGHD1-26	IGHJ3	tgtgcaagagatcatagtgggagctacgcttttgatgtctgg	2	1.21984690921289e-05
caggtgcagctggtgcagtctggggctgaggtgaagaagcctgggtcctcggtgaaggtctcctgcaaggcttctggaggcaccttcagcagctatgctatcagctgggtgcgacaggcccctggacaagggcttgagtggatgggagggatcatccctatctttggtacagcaaactacgcacagaagttccagggcagagtcacgattaccgcggacgaatccacgagcacagcctacatggagctgagcagcctgagatctgaggacacggccgtgtattactgtgcgagagaggggatgactacggtgactacatactggggccaaggaaccctggtcaccgtctcctca	IGHV1-69	IGHD4-17	IGHJ4	tgtgcgagagaggggatgactacggtgactacatactgg	2	1.21984690921289e-05
gaggtgcagctggtggagtctgggggaggcttggtaaagcctggggggtcccttagactctcctgtgcagcctctggattcactttcagtaacgcctggatgagctgggtccgccaggctccagggaaggggctggagtgggttggccgtattaaaagcaaaactgatggtgggacaacagactacgctgcacccgtgaaaggcagattcaccatctcaagagatgattcaaaaaacacgctgtatctgcaaatgaacagcctgaaaaccgaggacacagccgtgtattactgtaccacagagagggggagtgggagctttgactactggggccaaggaaccctggtcaccgtctcctca	IGHV3-15	IGHD1-26	IGHJ4	tgtaccacagagagggggagtgggagctttgactactgg	2	1.21984690921289e-05
caggtgcagctggtgcagtctggggctgaggtgaagaagcctggggcctcagtgaaggtctcctgcaaggcttctggatacaccttcaccggctactatatgcactgggtgcgacaggcccctggacaagggcttgagtggatgggacggatcaaccctaacagtggtggcacaaactatgcacagaagtttcagggcagggtcaccagtaccagggacacgtccatcagcacagcctacatggagctgagcaggctgagatctgacgacacggtcgtgtattactgtgcgagagaggcgggagggtatagctactttgactactggggccaaggaaccctggtcaccgtctcctca	IGHV1-2	IGHD6-19	IGHJ4	tgtgcgagagaggcgggagggtatagctactttgactactgg	2	1.21984690921289e-05
caggttcagctggtgcagtctggagctgaggtgaagaagcctggggcctcagtgaaggtctcctgcaaggcttctggttacacctttaccagctatggtatcagctgggtgcgacaggcccctggacaagggcttgagtggatgggatggatcagcgcttacaatggtaacacaaactatgcacagaagctccagggcagagtcaccatgaccacagacacatccacgagcacagcctacatggagctgaggagcctgagatctgacgacacggccgtgtattactgtgcgagagtagtggctacgattacccggtggttcgactcctggggccaaggaaccctggtcaccgtctcctca	IGHV1-18	IGHD5-12	IGHJ5	tgtgcgagagtagtggctacgattacccggtggttcgactcctgg	2	1.21984690921289e-05
cagatcaccttgaaggagtctggtcctacgctggtgaaacccacacagaccctcacgctgacctgcaccttctctgggttctcactcagcactagtggagtgggtgtgggctggatccgtcagcccccaggaaaggccctggagtggcttgcactcatttattggaatgatgataagcgctacagcccatctctgaagagcaggctcaccatcaccaaggacacctccaaaaaccaggtggtccttacaatgaccaacatggaccctgtggacacagccacatattactgtgcacacagacagggagctactgactactttgactactggggccaaggaaccctggtcaccgtctcctca	IGHV2-5	IGHD1-26	IGHJ4	tgtgcacacagacagggagctactgactactttgactactgg	2	1.21984690921289e-05
caggttcagctggtgcagtctggagctgaggtgaagaagcctggggcctcagtgaaggtctcctgcaaggcttctggttacacctttaccagctatggtatcagctgggtgcgacaggcccctggacaagggcttgagtggatgggatggatcagcgcttacaatggtaacacaaactatgcacagaagctccagggcagagtcaccatgaccacagacacatccacgagcacagcctacatggagctgaggagcctgagatctgacgacacggccgtgtattactgtgcgagagatggcctggctggtcactactttgactactggggccaaggaaccctggtcaccgtctcctca	IGHV1-18	IGHD6-19	IGHJ4	tgtgcgagagatggcctggctggtcactactttgactactgg	2	1.21984690921289e-05
gaggtgcagctggtgcagtctggagcagaggtgaaaaagcccggggagtctctgaagatctcctgtaagggttctggatacagctttaccagctactggatcggctgggtgcgccagatgcccgggaaaggcctggagtggatggggatcatctatcctggtgactctgataccagatacagcccgtccttccaaggccaggtcaccatctcagccgacaagtccatcagcaccgcctacctgcagtggagcagcctgaaggcctcggacaccgccatgtattactgtgcgagacatcgggagtggctgggattcgactcctggggccaaggaaccctggtcaccgtctcctca	IGHV5-51	IGHD6-19	IGHJ5	tgtgcgagacatcgggagtggctgggattcgactcctgg	2	1.21984690921289e-05
cagctgcagctgcaggagtcgggcccaggactggtgaagccttcggagaccctgtccctcacctgcactgtctctggtggctccatcagcagtagtagttactactggggctggatccgccagcccccagggaaggggctggagtggattgggagtatctattatagtgggagcacctactacaacccgtccctcaagagtcgagtcaccatatccgtagacacgtccaagaaccagttctccctgaagctgagctctgtgaccgccgcagacacggctgtgtattactgtgcggaatatagtggctacgattcttactttgactactggggccaaggaaccctggtcaccgtctcctca	IGHV4-39	IGHD5-12	IGHJ4	tgtgcggaatatagtggctacgattcttactttgactactgg	2	1.21984690921289e-05
caggttcagctggtgcagtctggagctgaggtgaagaagcctggggcctcagtgaaggtctcctgcaaggcttctggttacacctttaccagctatggtatcagctgggtgcgacaggcccctggacaagggcttgagtggatgggatggatcagcgcttacaatggtaacacaaactatgcacagaagctccagggcagagtcaccatgaccacagacacatccacgagcacagcctacatggagctgaggagcctgagatctgacgacacggccgtgtattactgtgcgagatcatcagcagctggtacttcttactttgactactggggccaaggaaccctggtcaccgtctcctca	IGHV1-18	IGHD6-13	IGHJ4	tgtgcgagatcatcagcagctggtacttcttactttgactactgg	2	1.21984690921289e-05
caggtccagcttgtgcagtctggggctgaggtgaagaagcctggggcctcagtgaaggtttcctgcaaggcttctggatacaccttcactagctatgctatgcattgggtgcgccaggcccccggacaaaggcttgagtggatgggatggatcaacgctggcaatggtaacacaaaatattcacagaagttccagggcagagtcaccattaccagggacacatccgcgagcacagcctacatggagctgagcagcctgagatctgaagacacggctgtgtattactgtgcgagagacccaaactacgagggctttgactactggggccaaggaaccctggtcaccgtctcctca	IGHV1-3	IGHD4-23	IGHJ4	tgtgcgagagacccaaactacgagggctttgactactgg	2	1.21984690921289e-05
gaggtgcagctggtggagtctgggggaggtgtggtacggcctggggggtccctgagactctcctgtgcagcctctggattcacctttgatgattatggcatgagctgggtccgccaagctccagggaaggggctggagtgggtctctggtattaattggaatggtggtagcacaggttatgcagactctgtgaagggccgattcaccatctccagagacaacgccaagaactccctgtatctgcaaatgaacagtctgagagccgaggacacggccttgtatcactgtgcgagagatccgtatagcagcagttggttcgactcctggggccaaggaaccctggtcaccgtctcctca	IGHV3-20	IGHD6-13	IGHJ5	tgtgcgagagatccgtatagcagcagttggttcgactcctgg	2	1.21984690921289e-05
gaggtgcagctgttggagtctgggggaggcttggtacagcctggggggtccctgagactctcctgtgcagcctctggattcacctttagcagctatgccatgagctgggtccgccaggctccagggaaggggctggagtgggtctcagctattagtggtagtggtggtagcacatactacgcagactccgtgaagggccggttcaccatctccagagacaattccaagaacacgctgtatctgcaaatgaacagcctgagagccgaggacacggccgtatattactgtgcgaaagaggttcggggagttattatgggggactactggggccaaggaaccctggtcaccgtctcctca	IGHV3-23	IGHD3-10	IGHJ4	tgtgcgaaagaggttcggggagttattatgggggactactgg	2	1.21984690921289e-05
caggtgcagctggtgcagtctggggctgaggtgaagaagcctggggcctcagtgaaggtctcctgcaaggcttctggatacaccttcaccagttatgatatcaactgggtgcgacaggccactggacaagggcttgagtggatgggatggatgaaccctaacagtggtaacacaggctatgcacagaagttccagggcagagtcaccatgaccaggaacacctccataagcacagcctacatggagctgagcagcctgagatctgaggacacggccgtgtattactgtgcgagagcgtattacgatttttccgactactttgactactggggccaaggaaccctggtcaccgtctcctca	IGHV1-8	IGHD3-3	IGHJ4	tgtgcgagagcgtattacgatttttccgactactttgactactgg	2	1.21984690921289e-05
caggttcagctggtgcagtctggagctgaggtgaagaagcctggggcctcagtgaaggtctcctgcaaggcttctggttacacctttaccagctatggtatcagctgggtgcgacaggcccctggacaagggcttgagtggatgggatggatcagcgcttacaatggtaacacaaactatgcacagaagctccagggcagagtcaccatgaccacagacacatccacgagcacagcctacatggagctgaggagcctgagatctgacgacacggccgtgtattactgtgcgagagagtgggagctactacggaactactttgactactggggccaaggaaccctggtcaccgtctcctca	IGHV1-18	IGHD1-26	IGHJ4	tgtgcgagagagtgggagctactacggaactactttgactactgg	2	1.21984690921289e-05
cagatcaccttgaaggagtctggtcctacgctggtgaaacccacacagaccctcacgctgacctgcaccttctctgggttctcactcagcactagtggagtgggtgtgggctggatccgtcagcccccaggaaaggccctggagtggcttgcactcatttattggaatgatgataagcgctacagcccatctctgaagagcaggctcaccatcaccaaggacacctccaaaaaccaggtggtccttacaatgaccaacatggaccctgtggacacagccacatattactgtgcacacagagcgggctacaattactatgcttttgatgtctggggccaagggacaatggtcaccgtctcttca	IGHV2-5	IGHD5-24	IGHJ3	tgtgcacacagagcgggctacaattactatgcttttgatgtctgg	2	1.21984690921289e-05
gaggtgcagctgttggagtctgggggaggcttggtacagcctggggggtccctgagactctcctgtgcagcctctggattcacctttagcagctatgccatgagctgggtccgccaggctccagggaaggggctggagtgggtctcagctattagtggtagtggtggtagcacatactacgcagactccgtgaagggccggttcaccatctccagagacaattccaagaacacgctgtatctgcaaatgaacagcctgagagccgaggacacggccgtatattactgtgcgaaacctacggtgactacggagaactactttgactactggggccaaggaaccctggtcaccgtctcctca	IGHV3-23	IGHD4-17	IGHJ4	tgtgcgaaacctacggtgactacggagaactactttgactactgg	2	1.21984690921289e-05
caggtgcagctggtgcagtctggggctgaggtgaagaagcctggggcctcagtgaaggtttcctgcaaggcatctggatacaccttcaccagctactatatgcactgggtgcgacaggcccctggacaagggcttgagtggatgggaataatcaaccctagtggtggtagcacaagctacgcacagaagttccagggcagagtcaccatgaccagggacacgtccacgagcacagtctacatggagctgagcagcctgagatctgaggacacggccgtgtattactgtgcgagggtgattgctattccatactactttgactactggggccaaggaaccctggtcaccgtctcctca	IGHV1-46	IGHD2-21	IGHJ4	tgtgcgagggtgattgctattccatactactttgactactgg	2	1.21984690921289e-05
gaggtgcagctgttggagtctgggggaggcttggtacagcctggggggtccctgagactctcctgtgcagcctctggattcacctttagcagctatgccatgagctgggtccgccaggctccagggaaggggctggagtgggtctcagctattagtggtagtggtggtagcacatactacgcagactccgtgaagggccggttcaccatctccagagacaattccaagaacacgctgtatctgcaaatgaacagcctgagagccgaggacacggccgtatattactgtgcgaaagatggcggtagtgggagctactactttgactactggggccaaggaaccctggtcaccgtctcctca	IGHV3-23	IGHD1-26	IGHJ4	tgtgcgaaagatggcggtagtgggagctactactttgactactgg	2	1.21984690921289e-05
caggtgcagctggtgcagtctggggctgaggtgaagaagcctggggcctcagtgaaggtttcctgcaaggcatctggatacaccttcaccagctactatatgcactgggtgcgacaggcccctggacaagggcttgagtggatgggaataatcaaccctagtggtggtagcacaagctacgcacagaagttccagggcagagtcaccatgaccagggacacgtccacgagcacagtctacatggagctgagcagcctgagatctgaggacacggccgtgtattactgtgcgagagaggctacggtgactaactactttgactactggggccaaggaaccctggtcaccgtctcctca	IGHV1-46	IGHD4-17	IGHJ4	tgtgcgagagaggctacggtgactaactactttgactactgg	2	1.21984690921289e-05
gaggtgcagctggtggagtctgggggaggcttggtaaagcctggggggtcccttagactctcctgtgcagcctctggattcactttcagtaacgcctggatgagctgggtccgccaggctccagggaaggggctggagtgggttggccgtattaaaagcaaaactgatggtgggacaacagactacgctgcacccgtgaaaggcagattcaccatctcaagagatgattcaaaaaacacgctgtatctgcaaatgaacagcctgaaaaccgaggacacagccgtgtattactgtaccacagacctagcagtggctggtacatactttgactactggggccaaggaaccctggtcaccgtctcctca	IGHV3-15	IGHD6-19	IGHJ4	tgtaccacagacctagcagtggctggtacatactttgactactgg	2	1.21984690921289e-05
caggtgcagctggtggagtctgggggaggcttggtcaagcctggagggtccctgagactctcctgtgcagcctctggattcaccttcagtgactactacatgagctggatccgccaggctccagggaaggggctggagtgggtttcatacattagtagtagtggtagtaccatatactacgcagactctgtgaagggccgattcaccatctccagggacaacgccaagaactcactgtatctgcaaatgaacagcctgagagccgaggacacggccgtgtattactgtgcgagagagaggggccgcagtggccgtcgctttgactactggggccaaggaaccctggtcaccgtctcctca	IGHV3-11	IGHD6-19	IGHJ4	tgtgcgagagagaggggccgcagtggccgtcgctttgactactgg	2	1.21984690921289e-05
gaggtgcagctggtggagtctgggggaggcttggtaaagcctggggggtcccttagactctcctgtgcagcctctggattcactttcagtaacgcctggatgagctgggtccgccaggctccagggaaggggctggagtgggttggccgtattaaaagcaaaactgatggtgggacaacagactacgctgcacccgtgaaaggcagattcaccatctcaagagatgattcaaaaaacacgctgtatctgcaaatgaacagcctgaaaaccgaggacacagccgtgtattactgtaccacagacggggggggagctactacaagctttgactactggggccaaggaaccctggtcaccgtctcctca	IGHV3-15	IGHD1-26	IGHJ4	tgtaccacagacggggggggagctactacaagctttgactactgg	2	1.21984690921289e-05
gaggtgcagctggtggagtctgggggaggcttggtacagccagggcggtccctgagactctcctgtacagcttctggattcacctttggtgattatgctatgagctggttccgccaggctccagggaaggggctggagtgggtaggtttcattagaagcaaagcttatggtgggacaacagaatacaccgcgtctgtgaaaggcagattcaccatctcaagagatggttccaaaagcatcgcctatctgcaaatgaacagcctgaaaaccgaggacacagccgtgtattactgtactagatacgatttttggagtggttattatgactactggggccaaggaaccctggtcaccgtctcctca	IGHV3-49	IGHD3-3	IGHJ4	tgtactagatacgatttttggagtggttattatgactactgg	2	1.21984690921289e-05
gaagtgcagctggtggagtctgggggagtcgtggtacagcctggggggtccctgagactctcctgtgcagcctctggattcacctttgatgattataccatgcactgggtccgtcaagctccggggaagggtctggagtgggtctctcttattagttgggatggtggtagcacatactatgcagactctgtgaagggccgattcaccatctccagagacaacagcaaaaactccctgtatctgcaaatgaacagtctgagaactgaggacaccgccttgtattactgtgcaaaagatgacgatttttggagtggttgctttgactactggggccaaggaaccctggtcaccgtctcctca	IGHV3-43	IGHD3-3	IGHJ4	tgtgcaaaagatgacgatttttggagtggttgctttgactactgg	2	1.21984690921289e-05
caggtgcagctacagcagtggggcgcaggactgttgaagccttcggagaccctgtccctcacctgcgctgtctatggtgggtccttcagtggttactactggagctggatccgccagcccccagggaaggggctggagtggattggggaaatcaatcatagtggaagcaccaactacaacccgtccctcaagagtcgagtcaccatatcagtagacacgtccaagaaccagttctccctgaagctgagctctgtgaccgccgcggacacggctgtgtattactgtgcgagaggtagcagcagctggtactttgactactggggccaaggaaccctggtcaccgtctcctca	IGHV4-34	IGHD6-13	IGHJ4	tgtgcgagaggtagcagcagctggtactttgactactgg	2	1.21984690921289e-05
gaggtgcagctggtggagtctgggggaggtgtggtacggcctggggggtccctgagactctcctgtgcagcctctggattcacctttgatgattatggcatgagctgggtccgccaagctccagggaaggggctggagtgggtctctggtattaattggaatggtggtagcacaggttatgcagactctgtgaagggccgattcaccatctccagagacaacgccaagaactccctgtatctgcaaatgaacagtctgagagccgaggacacggccttgtatcactgtgcgagagaggaggggaaagtgggagactactttgactactggggccaaggaaccctggtcaccgtctcctca	IGHV3-20	IGHD1-26	IGHJ4	tgtgcgagagaggaggggaaagtgggagactactttgactactgg	2	1.21984690921289e-05
gaggtgcagctggtggagtctgggggaggtgtggtacggcctggggggtccctgagactctcctgtgcagcctctggattcacctttgatgattatggcatgagctgggtccgccaagctccagggaaggggctggagtgggtctctggtattaattggaatggtggtagcacaggttatgcagactctgtgaagggccgattcaccatctccagagacaacgccaagaactccctgtatctgcaaatgaacagtctgagagccgaggacacggccttgtatcactgtgcgagagcgggcggtgtctactggtacttcgatctctggggccgtggcaccctggtcactgtctcctca	IGHV3-20	IGHD4-17	IGHJ2	tgtgcgagagcgggcggtgtctactggtacttcgatctctgg	2	1.21984690921289e-05
gaggtgcagctggtggagtctgggggaggtgtggtacggcctggggggtccctgagactctcctgtgcagcctctggattcacctttgatgattatggcatgagctgggtccgccaagctccagggaaggggctggagtgggtctctggtattaattggaatggtggtagcacaggttatgcagactctgtgaagggccgattcaccatctccagagacaacgccaagaactccctgtatctgcaaatgaacagtctgagagccgaggacacggccttgtatcactgtgcgagagaagccgtagcagtggcttttgactactggggccaaggaaccctggtcaccgtctcctca	IGHV3-20	IGHD6-19	IGHJ4	tgtgcgagagaagccgtagcagtggcttttgactactgg	2	1.21984690921289e-05
gaggtgcagctgttggagtctgggggaggcttggtacagcctggggggtccctgagactctcctgtgcagcctctggattcacctttagcagctatgccatgagctgggtccgccaggctccagggaaggggctggagtgggtctcagctattagtggtagtggtggtagcacatactacgcagactccgtgaagggccggttcaccatctccagagacaattccaagaacacgctgtatctgcaaatgaacagcctgagagccgaggacacggccgtatattactgtgcgaaagaagcagtggctggtacctggtacttcgatctctggggccgtggcaccctggtcactgtctcctca	IGHV3-23	IGHD6-19	IGHJ2	tgtgcgaaagaagcagtggctggtacctggtacttcgatctctgg	2	1.21984690921289e-05
gaggtgcagctggtgcagtctggagcagaggtgaaaaagcccggggagtctctgaagatctcctgtaagggttctggatacagctttaccagctactggatcggctgggtgcgccagatgcccgggaaaggcctggagtggatggggatcatctatcctggtgactctgataccagatacagcccgtccttccaaggccaggtcaccatctcagccgacaagtccatcagcaccgcctacctgcagtggagcagcctgaaggcctcggacaccgccatgtattactgtgcgagacagcagcagctggtacgaaggtactttgactactggggccaaggaaccctggtcaccgtctcctca	IGHV5-51	IGHD6-13	IGHJ4	tgtgcgagacagcagcagctggtacgaaggtactttgactactgg	2	1.21984690921289e-05
gaggtgcagctgttggagtctgggggaggcttggtacagcctggggggtccctgagactctcctgtgcagcctctggattcacctttagcagctatgccatgagctgggtccgccaggctccagggaaggggctggagtgggtctcagctattagtggtagtggtggtagcacatactacgcagactccgtgaagggccggttcaccatctccagagacaattccaagaacacgctgtatctgcaaatgaacagcctgagagccgaggacacggccgtatattactgtgcgaatcgtattacgtctttctactttgactactggggccaaggaaccctggtcaccgtctcctca	IGHV3-23	IGHD3-3	IGHJ4	tgtgcgaatcgtattacgtctttctactttgactactgg	2	1.21984690921289e-05
gaggtgcagctggtggagtctggaggaggcttgatccagcctggggggtccctgagactctcctgtgcagcctctgggttcaccgtcagtagcaactacatgagctgggtccgccaggctccagggaaggggctggagtgggtctcagttatttatagcggtggtagcacatactacgcagactccgtgaagggccgattcaccatctccagagacaattccaagaacacgctgtatcttcaaatgaacagcctgagagccgaggacacggccgtgtattactgtgcgagagaggtgactacagactactttgactactggggccaaggaaccctggtcaccgtctcctca	IGHV3-53	IGHD4-17	IGHJ4	tgtgcgagagaggtgactacagactactttgactactgg	2	1.21984690921289e-05
caggtgcagctggtggagtctgggggaggcttggtcaagcctggagggtccctgagactctcctgtgcagcctctggattcaccttcagtgactactacatgagctggatccgccaggctccagggaaggggctggagtgggtttcatacattagtagtagtggtagtaccatatactacgcagactctgtgaagggccgattcaccatctccagggacaacgccaagaactcactgtatctgcaaatgaacagcctgagagccgaggacacggccgtgtattactgtgcgagagagagtatagcattcccctggttcgactcctggggccaaggaaccctggtcaccgtctcctca	IGHV3-11	IGHD6-13	IGHJ5	tgtgcgagagagagtatagcattcccctggttcgactcctgg	2	1.21984690921289e-05
caggtgcagctggtgcagtctggggctgaggtgaagaagcctggggcctcagtgaaggtctcctgcaaggcttctggatacaccttcaccagttatgatatcaactgggtgcgacaggccactggacaagggcttgagtggatgggatggatgaaccctaacagtggtaacacaggctatgcacagaagttccagggcagagtcaccatgaccaggaacacctccataagcacagcctacatggagctgagcagcctgagatctgaggacacggccgtgtattactgtgcgagaggagggggggatatccccccttttgactactggggccaaggaaccctggtcaccgtctcctca	IGHV1-8	IGHD2-21	IGHJ4	tgtgcgagaggagggggggatatccccccttttgactactgg	2	1.21984690921289e-05
caggttcagctggtgcagtctggagctgaggtgaagaagcctggggcctcagtgaaggtctcctgcaaggcttctggttacacctttaccagctatggtatcagctgggtgcgacaggcccctggacaagggcttgagtggatgggatggatcagcgcttacaatggtaacacaaactatgcacagaagctccagggcagagtcaccatgaccacagacacatccacgagcacagcctacatggagctgaggagcctgagatctgacgacacggccgtgtattactgtgcgagagatctagtggtggtagctgctaactttgactactggggccaaggaaccctggtcaccgtctcctca	IGHV1-18	IGHD2-15	IGHJ4	tgtgcgagagatctagtggtggtagctgctaactttgactactgg	2	1.21984690921289e-05
caggttcagctggtgcagtctggagctgaggtgaagaagcctggggcctcagtgaaggtctcctgcaaggcttctggttacacctttaccagctatggtatcagctgggtgcgacaggcccctggacaagggcttgagtggatgggatggatcagcgcttacaatggtaacacaaactatgcacagaagctccagggcagagtcaccatgaccacagacacatccacgagcacagcctacatggagctgaggagcctgagatctgacgacacggccgtgtattactgtgcgagagaggtagtaccagctgctatgccctttgactactggggccaaggaaccctggtcaccgtctcctca	IGHV1-18	IGHD2-2	IGHJ4	tgtgcgagagaggtagtaccagctgctatgccctttgactactgg	2	1.21984690921289e-05
caggttcagctggtgcagtctggagctgaggtgaagaagcctggggcctcagtgaaggtctcctgcaaggcttctggttacacctttaccagctatggtatcagctgggtgcgacaggcccctggacaagggcttgagtggatgggatggatcagcgcttacaatggtaacacaaactatgcacagaagctccagggcagagtcaccatgaccacagacacatccacgagcacagcctacatggagctgaggagcctgagatctgacgacacggccgtgtattactgtgcgagagggggtatagcagcagcctttgactactggggccaaggaaccctggtcaccgtctcctca	IGHV1-18	IGHD6-13	IGHJ4	tgtgcgagagggggtatagcagcagcctttgactactgg	2	1.21984690921289e-05
gaggtgcagctggtgcagtctggagcagaggtgaaaaagcccggggagtctctgaagatctcctgtaagggttctggatacagctttaccagctactggatcggctgggtgcgccagatgcccgggaaaggcctggagtggatggggatcatctatcctggtgactctgataccagatacagcccgtccttccaaggccaggtcaccatctcagccgacaagtccatcagcaccgcctacctgcagtggagcagcctgaaggcctcggacaccgccatgtattactgtgcgagacaactaactggggagggctttgactactggggccaaggaaccctggtcaccgtctcctca	IGHV5-51	IGHD7-27	IGHJ4	tgtgcgagacaactaactggggagggctttgactactgg	2	1.21984690921289e-05
caggtgcagctggtgcagtctggggctgaggtgaagaagcctggggcctcagtgaaggtctcctgcaaggcttctggatacaccttcaccagttatgatatcaactgggtgcgacaggccactggacaagggcttgagtggatgggatggatgaaccctaacagtggtaacacaggctatgcacagaagttccagggcagagtcaccatgaccaggaacacctccataagcacagcctacatggagctgagcagcctgagatctgaggacacggccgtgtattactgtgcgagccatagcagtggctggagctttgactactggggccaaggaaccctggtcaccgtctcctca	IGHV1-8	IGHD6-19	IGHJ4	tgtgcgagccatagcagtggctggagctttgactactgg	2	1.21984690921289e-05
caggttcagctggtgcagtctggagctgaggtgaagaagcctggggcctcagtgaaggtctcctgcaaggcttctggttacacctttaccagctatggtatcagctgggtgcgacaggcccctggacaagggcttgagtggatgggatggatcagcgcttacaatggtaacacaaactatgcacagaagctccagggcagagtcaccatgaccacagacacatccacgagcacagcctacatggagctgaggagcctgagatctgacgacacggccgtgtattactgtgcggggaggtgggagctactacccttctttgactactggggccaaggaaccctggtcaccgtctcctca	IGHV1-18	IGHD1-26	IGHJ4	tgtgcggggaggtgggagctactacccttctttgactactgg	2	1.21984690921289e-05
gaggtgcagctggtggagtctgggggaggcttggtaaagcctggggggtcccttagactctcctgtgcagcctctggattcactttcagtaacgcctggatgagctgggtccgccaggctccagggaaggggctggagtgggttggccgtattaaaagcaaaactgatggtgggacaacagactacgctgcacccgtgaaaggcagattcaccatctcaagagatgattcaaaaaacacgctgtatctgcaaatgaacagcctgaaaaccgaggacacagccgtgtattactgtaccacagaggctagcagtggctggtactactttgactactggggccaaggaaccctggtcaccgtctcctca	IGHV3-15	IGHD6-19	IGHJ4	tgtaccacagaggctagcagtggctggtactactttgactactgg	2	1.21984690921289e-05
caggtgcagctggtggagtctgggggaggcttggtcaagcctggagggtccctgagactctcctgtgcagcctctggattcaccttcagtgactactacatgagctggatccgccaggctccagggaaggggctggagtgggtttcatacattagtagtagtggtagtaccatatactacgcagactctgtgaagggccgattcaccatctccagggacaacgccaagaactcactgtatctgcaaatgaacagcctgagagccgaggacacggccgtgtattactgtgcgatgggagggtatagcagtggctggtaccactactggggccaaggaaccctggtcaccgtctcctca	IGHV3-11	IGHD6-19	IGHJ4	tgtgcgatgggagggtatagcagtggctggtaccactactgg	2	1.21984690921289e-05
caggtgcagctggtgcagtctggggctgaggtgaagaagcctgggtcctcggtgaaggtctcctgcaaggcttctggaggcaccttcagcagctatgctatcagctgggtgcgacaggcccctggacaagggcttgagtggatgggagggatcatccctatctttggtacagcaaactacgcacagaagttccagggcagagtcacgattaccgcggacgaatccacgagcacagcctacatggagctgagcagcctgagatctgaggacacggccgtgtattactgtgcgacgtatagtgggagctacaggttcgactcctggggccaaggaaccctggtcaccgtctcctca	IGHV1-69	IGHD1-26	IGHJ5	tgtgcgacgtatagtgggagctacaggttcgactcctgg	2	1.21984690921289e-05
caggttcagctggtgcagtctggagctgaggtgaagaagcctggggcctcagtgaaggtctcctgcaaggcttctggttacacctttaccagctatggtatcagctgggtgcgacaggcccctggacaagggcttgagtggatgggatggatcagcgcttacaatggtaacacaaactatgcacagaagctccagggcagagtcaccatgaccacagacacatccacgagcacagcctacatggagctgaggagcctgagatctgacgacacggccgtgtattactgtgggggtatagcagtggctggtaccctctttgactactggggccaaggaaccctggtcaccgtctcctca	IGHV1-18	IGHD6-19	IGHJ4	tgtgggggtatagcagtggctggtaccctctttgactactgg	2	1.21984690921289e-05
caggtgcagctggtgcagtctggggctgaggtgaagaagcctgggtcctcggtgaaggtctcctgcaaggcttctggaggcaccttcagcagctatgctatcagctgggtgcgacaggcccctggacaagggcttgagtggatgggagggatcatccctatctttggtacagcaaactacgcacagaagttccagggcagagtcacgattaccgcggacgaatccacgagcacagcctacatggagctgagcagcctgagatctgaggacacggccgtgtattactgtgcgagagctttttggagtggttattatcggattgactactggggccaaggaaccctggtcaccgtctcctca	IGHV1-69	IGHD3-3	IGHJ4	tgtgcgagagctttttggagtggttattatcggattgactactgg	2	1.21984690921289e-05
gaggtgcagctgttggagtctgggggaggcttggtacagcctggggggtccctgagactctcctgtgcagcctctggattcacctttagcagctatgccatgagctgggtccgccaggctccagggaaggggctggagtgggtctcagctattagtggtagtggtggtagcacatactacgcagactccgtgaagggccggttcaccatctccagagacaattccaagaacacgctgtatctgcaaatgaacagcctgagagccgaggacacggccgtatattactgtgcgaaagaccagctggtaccctggttcgactcctggggccaaggaaccctggtcaccgtctcctca	IGHV3-23	IGHD6-13	IGHJ5	tgtgcgaaagaccagctggtaccctggttcgactcctgg	2	1.21984690921289e-05
gaggtgcagctgttggagtctgggggaggcttggtacagcctggggggtccctgagactctcctgtgcagcctctggattcacctttagcagctatgccatgagctgggtccgccaggctccagggaaggggctggagtgggtctcagctattagtggtagtggtggtagcacatactacgcagactccgtgaagggccggttcaccatctccagagacaattccaagaacacgctgtatctgcaaatgaacagcctgagagccgaggacacggccgtatattactgtgcgaaagagagagggggggagtatagctggttcgactcctggggccaaggaaccctggtcaccgtctcctca	IGHV3-23	IGHD6-6	IGHJ5	tgtgcgaaagagagagggggggagtatagctggttcgactcctgg	2	1.21984690921289e-05
gaggtgcagctggtggagtctgggggaggcttggtccagcctggagggtccctgagactctcctgtgcagcctctggattcaccttcagtgaccactacatggactgggtccgccaggctccagggaaggggctggagtgggttggccgtactagaaacaaagctaacagttacaccacagaatacgccgcgtctgtgaaaggcagattcaccatctcaagagatgattcaaagaactcactgtatctgcaaatgaacagcctgaaaaccgaggacacggccgtgtattactgtgctagagagggggagcagcaggggcactactttgactactggggccaaggaaccctggtcaccgtctcctca	IGHV3-72	IGHD6-13	IGHJ4	tgtgctagagagggggagcagcaggggcactactttgactactgg	2	1.21984690921289e-05
gaggtgcagctggtgcagtctggagcagaggtgaaaaagcccggggagtctctgaagatctcctgtaagggttctggatacagctttaccagctactggatcggctgggtgcgccagatgcccgggaaaggcctggagtggatggggatcatctatcctggtgactctgataccagatacagcccgtccttccaaggccaggtcaccatctcagccgacaagtccatcagcaccgcctacctgcagtggagcagcctgaaggcctcggacaccgccatgtattactgtgcgagatcccttggggagagggactttgactactggggccaaggaaccctggtcaccgtctcctca	IGHV5-51	IGHD7-27	IGHJ4	tgtgcgagatcccttggggagagggactttgactactgg	2	1.21984690921289e-05
caggtgcagctggtgcagtctggggctgaggtgaagaagcctggggcctcagtgaaggtttcctgcaaggcatctggatacaccttcaccagctactatatgcactgggtgcgacaggcccctggacaagggcttgagtggatgggaataatcaaccctagtggtggtagcacaagctacgcacagaagttccagggcagagtcaccatgaccagggacacgtccacgagcacagtctacatggagctgagcagcctgagatctgaggacacggccgtgtattactgtgtctatagcagcagctggtacccttggttcgactcctggggccaaggaaccctggtcaccgtctcctca	IGHV1-46	IGHD6-13	IGHJ5	tgtgtctatagcagcagctggtacccttggttcgactcctgg	2	1.21984690921289e-05
caggtgcagctggtggagtctgggggaggcttggtcaagcctggagggtccctgagactctcctgtgcagcctctggattcaccttcagtgactactacatgagctggatccgccaggctccagggaaggggctggagtgggtttcatacattagtagtagtggtagtaccatatactacgcagactctgtgaagggccgattcaccatctccagggacaacgccaagaactcactgtatctgcaaatgaacagcctgagagccgaggacacggccgtgtattactgtgcgagagaaagaactcgtccctactttgactactggggccaaggaaccctggtcaccgtctcctca	IGHV3-11	IGHD6-6	IGHJ4	tgtgcgagagaaagaactcgtccctactttgactactgg	2	1.21984690921289e-05
gaggtgcagctggtgcagtctggagcagaggtgaaaaagcccggggagtctctgaagatctcctgtaagggttctggatacagctttaccagctactggatcggctgggtgcgccagatgcccgggaaaggcctggagtggatggggatcatctatcctggtgactctgataccagatacagcccgtccttccaaggccaggtcaccatctcagccgacaagtccatcagcaccgcctacctgcagtggagcagcctgaaggcctcggacaccgccatgtattactgtgcgataccagcagtggctgggtggtactttgactactggggccaaggaaccctggtcaccgtctcctca	IGHV5-51	IGHD6-19	IGHJ4	tgtgcgataccagcagtggctgggtggtactttgactactgg	2	1.21984690921289e-05
gaggtgcagctgttggagtctgggggaggcttggtacagcctggggggtccctgagactctcctgtgcagcctctggattcacctttagcagctatgccatgagctgggtccgccaggctccagggaaggggctggagtgggtctcagctattagtggtagtggtggtagcacatactacgcagactccgtgaagggccggttcaccatctccagagacaattccaagaacacgctgtatctgcaaatgaacagcctgagagccgaggacacggccgtatattactgtgcgaaagacggggactatggttcggggagctttgactactggggccaaggaaccctggtcaccgtctcctca	IGHV3-23	IGHD3-10	IGHJ4	tgtgcgaaagacggggactatggttcggggagctttgactactgg	2	1.21984690921289e-05
gaggtgcagctggtggagtctgggggaggtgtggtacggcctggggggtccctgagactctcctgtgcagcctctggattcacctttgatgattatggcatgagctgggtccgccaagctccagggaaggggctggagtgggtctctggtattaattggaatggtggtagcacaggttatgcagactctgtgaagggccgattcaccatctccagagacaacgccaagaactccctgtatctgcaaatgaacagtctgagagccgaggacacggccttgtatcactgtgcgagagagggggggagctactttcactactttgactactggggccaaggaaccctggtcaccgtctcctca	IGHV3-20	IGHD1-26	IGHJ4	tgtgcgagagagggggggagctactttcactactttgactactgg	2	1.21984690921289e-05
gaggtgcagctgttggagtctgggggaggcttggtacagcctggggggtccctgagactctcctgtgcagcctctggattcacctttagcagctatgccatgagctgggtccgccaggctccagggaaggggctggagtgggtctcagctattagtggtagtggtggtagcacatactacgcagactccgtgaagggccggttcaccatctccagagacaattccaagaacacgctgtatctgcaaatgaacagcctgagagccgaggacacggccgtatattactgtgcgaaagaagcagcagctggtctatactttgactactggggccaaggaaccctggtcaccgtctcctca	IGHV3-23	IGHD6-13	IGHJ4	tgtgcgaaagaagcagcagctggtctatactttgactactgg	2	1.21984690921289e-05
caggttcagctggtgcagtctggagctgaggtgaagaagcctggggcctcagtgaaggtctcctgcaaggcttctggttacacctttaccagctatggtatcagctgggtgcgacaggcccctggacaagggcttgagtggatgggatggatcagcgcttacaatggtaacacaaactatgcacagaagctccagggcagagtcaccatgaccacagacacatccacgagcacagcctacatggagctgaggagcctgagatctgacgacacggccgtgtattactgttatattgtagtggtggtagctgccttctactttgactactggggccaaggaaccctggtcaccgtctcctca	IGHV1-18	IGHD2-15	IGHJ4	tgttatattgtagtggtggtagctgccttctactttgactactgg	2	1.21984690921289e-05
caggtgcagctggtgcagtctggggctgaggtgaagaagcctgggtcctcggtgaaggtctcctgcaaggcttctggaggcaccttcagcagctatgctatcagctgggtgcgacaggcccctggacaagggcttgagtggatgggagggatcatccctatctttggtacagcaaactacgcacagaagttccagggcagagtcacgattaccgcggacgaatccacgagcacagcctacatggagctgagcagcctgagatctgaggacacggccgtgtattactgtgcgagagtggatatagtggctacgatggactttgactactggggccaaggaaccctggtcaccgtctcctca	IGHV1-69	IGHD5-12	IGHJ4	tgtgcgagagtggatatagtggctacgatggactttgactactgg	2	1.21984690921289e-05
gaggtgcagctggtggagtctgggggaggcttggtaaagcctggggggtcccttagactctcctgtgcagcctctggattcactttcagtaacgcctggatgagctgggtccgccaggctccagggaaggggctggagtgggttggccgtattaaaagcaaaactgatggtgggacaacagactacgctgcacccgtgaaaggcagattcaccatctcaagagatgattcaaaaaacacgctgtatctgcaaatgaacagcctgaaaaccgaggacacagccgtgtattactgtaccacaggagatagtgggagctactggtactttgactactggggccaaggaaccctggtcaccgtctcctca	IGHV3-15	IGHD1-26	IGHJ4	tgtaccacaggagatagtgggagctactggtactttgactactgg	2	1.21984690921289e-05
gaggtgcagctggtgcagtctggagcagaggtgaaaaagcccggggagtctctgaagatctcctgtaagggttctggatacagctttaccagctactggatcggctgggtgcgccagatgcccgggaaaggcctggagtggatggggatcatctatcctggtgactctgataccagatacagcccgtccttccaaggccaggtcaccatctcagccgacaagtccatcagcaccgcctacctgcagtggagcagcctgaaggcctcggacaccgccatgtattactgtgcgagacagggactacgatggtacttcgatctctggggccgtggcaccctggtcactgtctcctca	IGHV5-51	IGHD4-17	IGHJ2	tgtgcgagacagggactacgatggtacttcgatctctgg	2	1.21984690921289e-05
caggtgcagctggtgcagtctggggctgaggtgaagaagcctggggcctcagtgaaggtctcctgcaaggcttctggatacaccttcaccggctactatatgcactgggtgcgacaggcccctggacaagggcttgagtggatgggacggatcaaccctaacagtggtggcacaaactatgcacagaagtttcagggcagggtcaccagtaccagggacacgtccatcagcacagcctacatggagctgagcaggctgagatctgacgacacggtcgtgtattactgtgcgagagaacggtacaactggaacgacttcgactcctggggccaaggaaccctggtcaccgtctcctca	IGHV1-2	IGHD1-1	IGHJ5	tgtgcgagagaacggtacaactggaacgacttcgactcctgg	2	1.21984690921289e-05
cagatcaccttgaaggagtctggtcctacgctggtgaaacccacacagaccctcacgctgacctgcaccttctctgggttctcactcagcactagtggagtgggtgtgggctggatccgtcagcccccaggaaaggccctggagtggcttgcactcatttattggaatgatgataagcgctacagcccatctctgaagagcaggctcaccatcaccaaggacacctccaaaaaccaggtggtccttacaatgaccaacatggaccctgtggacacagccacatattactgtgcacacagcataactggaacgcctgatgcttttgatgtctggggccaagggacaatggtcaccgtctcttca	IGHV2-5	IGHD1-20	IGHJ3	tgtgcacacagcataactggaacgcctgatgcttttgatgtctgg	2	1.21984690921289e-05
gaggtgcagctggtggagtctgggggaggcttggtaaagcctggggggtcccttagactctcctgtgcagcctctggattcactttcagtaacgcctggatgagctgggtccgccaggctccagggaaggggctggagtgggttggccgtattaaaagcaaaactgatggtgggacaacagactacgctgcacccgtgaaaggcagattcaccatctcaagagatgattcaaaaaacacgctgtatctgcaaatgaacagcctgaaaaccgaggacacagccgtgtattactgtaccacagacccctgggagctacactactttgactactggggccaaggaaccctggtcaccgtctcctca	IGHV3-15	IGHD1-26	IGHJ4	tgtaccacagacccctgggagctacactactttgactactgg	2	1.21984690921289e-05
gaggtgcagctggtggagtctgggggaggcttggtaaagcctggggggtcccttagactctcctgtgcagcctctggattcactttcagtaacgcctggatgagctgggtccgccaggctccagggaaggggctggagtgggttggccgtattaaaagcaaaactgatggtgggacaacagactacgctgcacccgtgaaaggcagattcaccatctcaagagatgattcaaaaaacacgctgtatctgcaaatgaacagcctgaaaaccgaggacacagccgtgtattactgtaccacagatcttcggctggtacctttcgactcctggggccaaggaaccctggtcaccgtctcctca	IGHV3-15	IGHD6-19	IGHJ5	tgtaccacagatcttcggctggtacctttcgactcctgg	2	1.21984690921289e-05
caggtgcagctggtgcagtctggggctgaggtgaagaagcctggggcctcagtgaaggtctcctgcaaggcttctggatacaccttcaccggctactatatgcactgggtgcgacaggcccctggacaagggcttgagtggatgggacggatcaaccctaacagtggtggcacaaactatgcacagaagtttcagggcagggtcaccagtaccagggacacgtccatcagcacagcctacatggagctgagcaggctgagatctgacgacacggtcgtgtattactgtgcgagagattgtagtagtaccagttttgcttttgatgtctggggccaagggacaatggtcaccgtctcttca	IGHV1-2	IGHD2-2	IGHJ3	tgtgcgagagattgtagtagtaccagttttgcttttgatgtctgg	2	1.21984690921289e-05
gaggtgcagctggtggagtctgggggaggcttggtaaagcctggggggtcccttagactctcctgtgcagcctctggattcactttcagtaacgcctggatgagctgggtccgccaggctccagggaaggggctggagtgggttggccgtattaaaagcaaaactgatggtgggacaacagactacgctgcacccgtgaaaggcagattcaccatctcaagagatgattcaaaaaacacgctgtatctgcaaatgaacagcctgaaaaccgaggacacagccgtgtattactgtaccacagatcaaaccctgggagggaactggttcgactcctggggccaaggaaccctggtcaccgtctcctca	IGHV3-15	IGHD1-26	IGHJ5	tgtaccacagatcaaaccctgggagggaactggttcgactcctgg	2	1.21984690921289e-05
gaggtgcagctggtggagtctgggggaggtgtggtacggcctggggggtccctgagactctcctgtgcagcctctggattcacctttgatgattatggcatgagctgggtccgccaagctccagggaaggggctggagtgggtctctggtattaattggaatggtggtagcacaggttatgcagactctgtgaagggccgattcaccatctccagagacaacgccaagaactccctgtatctgcaaatgaacagtctgagagccgaggacacggccttgtatcactgtgcgagagagatagtagtaccagcctttgactactggggccaaggaaccctggtcaccgtctcctca	IGHV3-20	IGHD2-2	IGHJ4	tgtgcgagagagatagtagtaccagcctttgactactgg	2	1.21984690921289e-05
gaggtgcagctgttggagtctgggggaggcttggtacagcctggggggtccctgagactctcctgtgcagcctctggattcacctttagcagctatgccatgagctgggtccgccaggctccagggaaggggctggagtgggtctcagctattagtggtagtggtggtagcacatactacgcagactccgtgaagggccggttcaccatctccagagacaattccaagaacacgctgtatctgcaaatgaacagcctgagagccgaggacacggccgtatattactgtgcgaaagtagcagtggctggtacctgggactttgactactggggccaaggaaccctggtcaccgtctcctca	IGHV3-23	IGHD6-19	IGHJ4	tgtgcgaaagtagcagtggctggtacctgggactttgactactgg	2	1.21984690921289e-05
gaggtgcagctgttggagtctgggggaggcttggtacagcctggggggtccctgagactctcctgtgcagcctctggattcacctttagcagctatgccatgagctgggtccgccaggctccagggaaggggctggagtgggtctcagctattagtggtagtggtggtagcacatactacgcagactccgtgaagggccggttcaccatctccagagacaattccaagaacacgctgtatctgcaaatgaacagcctgagagccgaggacacggccgtatattactgtgcgaaagattcccctaactggggctttgactactggggccaaggaaccctggtcaccgtctcctca	IGHV3-23	IGHD7-27	IGHJ4	tgtgcgaaagattcccctaactggggctttgactactgg	2	1.21984690921289e-05
caggtgcagctacagcagtggggcgcaggactgttgaagccttcggagaccctgtccctcacctgcgctgtctatggtgggtccttcagtggttactactggagctggatccgccagcccccagggaaggggctggagtggattggggaaatcaatcatagtggaagcaccaactacaacccgtccctcaagagtcgagtcaccatatcagtagacacgtccaagaaccagttctccctgaagctgagctctgtgaccgccgcggacacggctgtgtattactgtgcgagaggatacggtgtccactactttgactactggggccaaggaaccctggtcaccgtctcctca	IGHV4-34	IGHD4-17	IGHJ4	tgtgcgagaggatacggtgtccactactttgactactgg	2	1.21984690921289e-05
cagatcaccttgaaggagtctggtcctacgctggtgaaacccacacagaccctcacgctgacctgcaccttctctgggttctcactcagcactagtggagtgggtgtgggctggatccgtcagcccccaggaaaggccctggagtggcttgcactcatttattggaatgatgataagcgctacagcccatctctgaagagcaggctcaccatcaccaaggacacctccaaaaaccaggtggtccttacaatgaccaacatggaccctgtggacacagccacatattactgtgcacacaggggggggcagtgggaatactttgactactggggccaaggaaccctggtcaccgtctcctca	IGHV2-5	IGHD6-19	IGHJ4	tgtgcacacaggggggggcagtgggaatactttgactactgg	2	1.21984690921289e-05
gaggtgcagctggtgcagtctggagcagaggtgaaaaagcccggggagtctctgaagatctcctgtaagggttctggatacagctttaccagctactggatcggctgggtgcgccagatgcccgggaaaggcctggagtggatggggatcatctatcctggtgactctgataccagatacagcccgtccttccaaggccaggtcaccatctcagccgacaagtccatcagcaccgcctacctgcagtggagcagcctgaaggcctcggacaccgccatgtattactgtgcgagatggctaactggggacctccggttcgactcctggggccaaggaaccctggtcaccgtctcctca	IGHV5-51	IGHD7-27	IGHJ5	tgtgcgagatggctaactggggacctccggttcgactcctgg	2	1.21984690921289e-05
caggtgcagctacagcagtggggcgcaggactgttgaagccttcggagaccctgtccctcacctgcgctgtctatggtgggtccttcagtggttactactggagctggatccgccagcccccagggaaggggctggagtggattggggaaatcaatcatagtggaagcaccaactacaacccgtccctcaagagtcgagtcaccatatcagtagacacgtccaagaaccagttctccctgaagctgagctctgtgaccgccgcggacacggctgtgtattactgtgcgagatcgggtgactacgagagatgctttgactactggggccaaggaaccctggtcaccgtctcctca	IGHV4-34	IGHD4-17	IGHJ4	tgtgcgagatcgggtgactacgagagatgctttgactactgg	2	1.21984690921289e-05
gaggtgcagctgttggagtctgggggaggcttggtacagcctggggggtccctgagactctcctgtgcagcctctggattcacctttagcagctatgccatgagctgggtccgccaggctccagggaaggggctggagtgggtctcagctattagtggtagtggtggtagcacatactacgcagactccgtgaagggccggttcaccatctccagagacaattccaagaacacgctgtatctgcaaatgaacagcctgagagccgaggacacggccgtatattactgtgcgaaagattggggagtgactactttcgactcctggggccaaggaaccctggtcaccgtctcctca	IGHV3-23	IGHD4-17	IGHJ5	tgtgcgaaagattggggagtgactactttcgactcctgg	2	1.21984690921289e-05
gaggtgcagctgttggagtctgggggaggcttggtacagcctggggggtccctgagactctcctgtgcagcctctggattcacctttagcagctatgccatgagctgggtccgccaggctccagggaaggggctggagtgggtctcagctattagtggtagtggtggtagcacatactacgcagactccgtgaagggccggttcaccatctccagagacaattccaagaacacgctgtatctgcaaatgaacagcctgagagccgaggacacggccgtatattactgtgcgaaattggggggagctactacctttgactactggggccaaggaaccctggtcaccgtctcctca	IGHV3-23	IGHD1-26	IGHJ4	tgtgcgaaattggggggagctactacctttgactactgg	2	1.21984690921289e-05
gaggtgcagctggtgcagtctggagcagaggtgaaaaagcccggggagtctctgaagatctcctgtaagggttctggatacagctttaccagctactggatcggctgggtgcgccagatgcccgggaaaggcctggagtggatggggatcatctatcctggtgactctgataccagatacagcccgtccttccaaggccaggtcaccatctcagccgacaagtccatcagcaccgcctacctgcagtggagcagcctgaaggcctcggacaccgccatgtattactgtgcgagacaggctacaattaccggttttgactactggggccaaggaaccctggtcaccgtctcctca	IGHV5-51	IGHD5-24	IGHJ4	tgtgcgagacaggctacaattaccggttttgactactgg	2	1.21984690921289e-05
caggtgcagctggtgcagtctggggctgaggtgaagaagcctgggtcctcggtgaaggtctcctgcaaggcttctggaggcaccttcagcagctatgctatcagctgggtgcgacaggcccctggacaagggcttgagtggatgggagggatcatccctatctttggtacagcaaactacgcacagaagttccagggcagagtcacgattaccgcggacgaatccacgagcacagcctacatggagctgagcagcctgagatctgaggacacggccgtgtattactgtgcgagagatcctgggagctactacgaagactttgactactggggccaaggaaccctggtcaccgtctcctca	IGHV1-69	IGHD1-26	IGHJ4	tgtgcgagagatcctgggagctactacgaagactttgactactgg	2	1.21984690921289e-05
gaggtgcagctggtggagtctgggggaggcttggtacagccagggcggtccctgagactctcctgtacagcttctggattcacctttggtgattatgctatgagctggttccgccaggctccagggaaggggctggagtgggtaggtttcattagaagcaaagcttatggtgggacaacagaatacaccgcgtctgtgaaaggcagattcaccatctcaagagatggttccaaaagcatcgcctatctgcaaatgaacagcctgaaaaccgaggacacagccgtgtattactgtactagagatgcctatggttcggggagttttgactactggggccaaggaaccctggtcaccgtctcctca	IGHV3-49	IGHD3-10	IGHJ4	tgtactagagatgcctatggttcggggagttttgactactgg	2	1.21984690921289e-05
caggtgcagctggtggagtctgggggaggcttggtcaagcctggagggtccctgagactctcctgtgcagcctctggattcaccttcagtgactactacatgagctggatccgccaggctccagggaaggggctggagtgggtttcatacattagtagtagtggtagtaccatatactacgcagactctgtgaagggccgattcaccatctccagggacaacgccaagaactcactgtatctgcaaatgaacagcctgagagccgaggacacggccgtgtattactgtggcctatggttcggggagttattaaactggttcgactcctggggccaaggaaccctggtcaccgtctcctca	IGHV3-11	IGHD3-10	IGHJ5	tgtggcctatggttcggggagttattaaactggttcgactcctgg	2	1.21984690921289e-05
caggtgcagctggtgcagtctggggctgaggtgaagaagcctgggtcctcggtgaaggtctcctgcaaggcttctggaggcaccttcagcagctatgctatcagctgggtgcgacaggcccctggacaagggcttgagtggatgggagggatcatccctatctttggtacagcaaactacgcacagaagttccagggcagagtcacgattaccgcggacgaatccacgagcacagcctacatggagctgagcagcctgagatctgaggacacggccgtgtattactgtgcgagagtgggagctactacctactactttgactactggggccaaggaaccctggtcaccgtctcctca	IGHV1-69	IGHD1-26	IGHJ4	tgtgcgagagtgggagctactacctactactttgactactgg	2	1.21984690921289e-05
caggtgcagctggtggagtctgggggaggcttggtcaagcctggagggtccctgagactctcctgtgcagcctctggattcaccttcagtgactactacatgagctggatccgccaggctccagggaaggggctggagtgggtttcatacattagtagtagtggtagtaccatatactacgcagactctgtgaagggccgattcaccatctccagggacaacgccaagaactcactgtatctgcaaatgaacagcctgagagccgaggacacggccgtgtattactgtgcgagagatatggttcggggagttatgtactttgactactggggccaaggaaccctggtcaccgtctcctca	IGHV3-11	IGHD3-10	IGHJ4	tgtgcgagagatatggttcggggagttatgtactttgactactgg	2	1.21984690921289e-05
gaggtgcagctggtgcagtctggagcagaggtgaaaaagcccggggagtctctgaagatctcctgtaagggttctggatacagctttaccagctactggatcggctgggtgcgccagatgcccgggaaaggcctggagtggatggggatcatctatcctggtgactctgataccagatacagcccgtccttccaaggccaggtcaccatctcagccgacaagtccatcagcaccgcctacctgcagtggagcagcctgaaggcctcggacaccgccatgtattactgtgcgagacagagggggaacaactggttcgactcctggggccaaggaaccctggtcaccgtctcctca	IGHV5-51	IGHD1-14	IGHJ5	tgtgcgagacagagggggaacaactggttcgactcctgg	2	1.21984690921289e-05
caggtgcagctggtgcagtctggggctgaggtgaagaagcctggggcctcagtgaaggtctcctgcaaggcttctggatacaccttcaccagttatgatatcaactgggtgcgacaggccactggacaagggcttgagtggatgggatggatgaaccctaacagtggtaacacaggctatgcacagaagttccagggcagagtcaccatgaccaggaacacctccataagcacagcctacatggagctgagcagcctgagatctgaggacacggccgtgtattactgtgcgagagggtgggggagtatagcaggctttgactactggggccaaggaaccctggtcaccgtctcctca	IGHV1-8	IGHD6-6	IGHJ4	tgtgcgagagggtgggggagtatagcaggctttgactactgg	2	1.21984690921289e-05
caggtgcagctggtgcagtctggggctgaggtgaagaagcctggggcctcagtgaaggtctcctgcaaggcttctggatacaccttcaccggctactatatgcactgggtgcgacaggcccctggacaagggcttgagtggatgggacggatcaaccctaacagtggtggcacaaactatgcacagaagtttcagggcagggtcaccagtaccagggacacgtccatcagcacagcctacatggagctgagcaggctgagatctgacgacacggtcgtgtattactgtgcgagagatagttcggggagttattatgactttgactactggggccaaggaaccctggtcaccgtctcctca	IGHV1-2	IGHD3-10	IGHJ4	tgtgcgagagatagttcggggagttattatgactttgactactgg	2	1.21984690921289e-05
gaggtgcagctgttggagtctgggggaggcttggtacagcctggggggtccctgagactctcctgtgcagcctctggattcacctttagcagctatgccatgagctgggtccgccaggctccagggaaggggctggagtgggtctcagctattagtggtagtggtggtagcacatactacgcagactccgtgaagggccggttcaccatctccagagacaattccaagaacacgctgtatctgcaaatgaacagcctgagagccgaggacacggccgtatattactgtgcgaaagaagagggtggctacaattactactttgactactggggccaaggaaccctggtcaccgtctcctca	IGHV3-23	IGHD5-24	IGHJ4	tgtgcgaaagaagagggtggctacaattactactttgactactgg	2	1.21984690921289e-05
gaggtgcagctggtggagtctgggggaggcttggtaaagcctggggggtcccttagactctcctgtgcagcctctggattcactttcagtaacgcctggatgagctgggtccgccaggctccagggaaggggctggagtgggttggccgtattaaaagcaaaactgatggtgggacaacagactacgctgcacccgtgaaaggcagattcaccatctcaagagatgattcaaaaaacacgctgtatctgcaaatgaacagcctgaaaaccgaggacacagccgtgtattactgtaccacagacccaagtatagtgggagcctttgactactggggccaaggaaccctggtcaccgtctcctca	IGHV3-15	IGHD1-26	IGHJ4	tgtaccacagacccaagtatagtgggagcctttgactactgg	2	1.21984690921289e-05
gaggtgcagctgttggagtctgggggaggcttggtacagcctggggggtccctgagactctcctgtgcagcctctggattcacctttagcagctatgccatgagctgggtccgccaggctccagggaaggggctggagtgggtctcagctattagtggtagtggtggtagcacatactacgcagactccgtgaagggccggttcaccatctccagagacaattccaagaacacgctgtatctgcaaatgaacagcctgagagccgaggacacggccgtatattactgtgcgaaagactggggtggtaactccgggaactttgactactggggccaaggaaccctggtcaccgtctcctca	IGHV3-23	IGHD4-23	IGHJ4	tgtgcgaaagactggggtggtaactccgggaactttgactactgg	2	1.21984690921289e-05
caggtgcagctacagcagtggggcgcaggactgttgaagccttcggagaccctgtccctcacctgcgctgtctatggtgggtccttcagtggttactactggagctggatccgccagcccccagggaaggggctggagtggattggggaaatcaatcatagtggaagcaccaactacaacccgtccctcaagagtcgagtcaccatatcagtagacacgtccaagaaccagttctccctgaagctgagctctgtgaccgccgcggacacggctgtgtattactgtgcgagagggggtagtaccagctgctatctatttgatgtctggggccaagggacaatggtcaccgtctcttca	IGHV4-34	IGHD2-2	IGHJ3	tgtgcgagagggggtagtaccagctgctatctatttgatgtctgg	2	1.21984690921289e-05
gaggtgcagctggtggagtctgggggaggtgtggtacggcctggggggtccctgagactctcctgtgcagcctctggattcacctttgatgattatggcatgagctgggtccgccaagctccagggaaggggctggagtgggtctctggtattaattggaatggtggtagcacaggttatgcagactctgtgaagggccgattcaccatctccagagacaacgccaagaactccctgtatctgcaaatgaacagtctgagagccgaggacacggccttgtatcactgtgcgagagaccacagctcgtccaactggttcgactcctggggccaaggaaccctggtcaccgtctcctca	IGHV3-20	IGHD6-6	IGHJ5	tgtgcgagagaccacagctcgtccaactggttcgactcctgg	2	1.21984690921289e-05
gaggtgcagctgttggagtctgggggaggcttggtacagcctggggggtccctgagactctcctgtgcagcctctggattcacctttagcagctatgccatgagctgggtccgccaggctccagggaaggggctggagtgggtctcagctattagtggtagtggtggtagcacatactacgcagactccgtgaagggccggttcaccatctccagagacaattccaagaacacgctgtatctgcaaatgaacagcctgagagccgaggacacggccgtatattactgtgcgaaagagaggtatagtgggagctttgactactggggccaaggaaccctggtcaccgtctcctca	IGHV3-23	IGHD1-26	IGHJ4	tgtgcgaaagagaggtatagtgggagctttgactactgg	2	1.21984690921289e-05
cagatcaccttgaaggagtctggtcctacgctggtgaaacccacacagaccctcacgctgacctgcaccttctctgggttctcactcagcactagtggagtgggtgtgggctggatccgtcagcccccaggaaaggccctggagtggcttgcactcatttattggaatgatgataagcgctacagcccatctctgaagagcaggctcaccatcaccaaggacacctccaaaaaccaggtggtccttacaatgaccaacatggaccctgtggacacagccacatattactgtgcacacagacgtggggctcgtccgggccggttcgactcctggggccaaggaaccctggtcaccgtctcctca	IGHV2-5	IGHD6-6	IGHJ5	tgtgcacacagacgtggggctcgtccgggccggttcgactcctgg	2	1.21984690921289e-05
gaggtgcagctgttggagtctgggggaggcttggtacagcctggggggtccctgagactctcctgtgcagcctctggattcacctttagcagctatgccatgagctgggtccgccaggctccagggaaggggctggagtgggtctcagctattagtggtagtggtggtagcacatactacgcagactccgtgaagggccggttcaccatctccagagacaattccaagaacacgctgtatctgcaaatgaacagcctgagagccgaggacacggccgtatattactgtgcgaaagaagcagtggctggggacggctttgactactggggccaaggaaccctggtcaccgtctcctca	IGHV3-23	IGHD6-19	IGHJ4	tgtgcgaaagaagcagtggctggggacggctttgactactgg	2	1.21984690921289e-05
caggtgcagctggtgcagtctggggctgaggtgaagaagcctgggtcctcggtgaaggtctcctgcaaggcttctggaggcaccttcagcagctatgctatcagctgggtgcgacaggcccctggacaagggcttgagtggatgggagggatcatccctatctttggtacagcaaactacgcacagaagttccagggcagagtcacgattaccgcggacgaatccacgagcacagcctacatggagctgagcagcctgagatctgaggacacggccgtgtattactgtgcgagagtcccgcagcagctgggttactactttgactactggggccaaggaaccctggtcaccgtctcctca	IGHV1-69	IGHD6-13	IGHJ4	tgtgcgagagtcccgcagcagctgggttactactttgactactgg	2	1.21984690921289e-05
caggtgcagctggtgcagtctggggctgaggtgaagaagcctggggcctcagtgaaggtctcctgcaaggcttctggatacaccttcaccagttatgatatcaactgggtgcgacaggccactggacaagggcttgagtggatgggatggatgaaccctaacagtggtaacacaggctatgcacagaagttccagggcagagtcaccatgaccaggaacacctccataagcacagcctacatggagctgagcagcctgagatctgaggacacggccgtgtattactgtgcgagaggtggggagaatacggtgaactactttgactactggggccaaggaaccctggtcaccgtctcctca	IGHV1-8	IGHD4-17	IGHJ4	tgtgcgagaggtggggagaatacggtgaactactttgactactgg	2	1.21984690921289e-05
caggtgcagctggtgcagtctggggctgaggtgaagaagcctggggcctcagtgaaggtttcctgcaaggcatctggatacaccttcaccagctactatatgcactgggtgcgacaggcccctggacaagggcttgagtggatgggaataatcaaccctagtggtggtagcacaagctacgcacagaagttccagggcagagtcaccatgaccagggacacgtccacgagcacagtctacatggagctgagcagcctgagatctgaggacacggccgtgtattactgtgcgagagatttactatggttcggggagatctttgactactggggccaaggaaccctggtcaccgtctcctca	IGHV1-46	IGHD3-10	IGHJ4	tgtgcgagagatttactatggttcggggagatctttgactactgg	2	1.21984690921289e-05
gaggtgcagctggtggagtctggaggaggcttgatccagcctggggggtccctgagactctcctgtgcagcctctgggttcaccgtcagtagcaactacatgagctgggtccgccaggctccagggaaggggctggagtgggtctcagttatttatagcggtggtagcacatactacgcagactccgtgaagggccgattcaccatctccagagacaattccaagaacacgctgtatcttcaaatgaacagcctgagagccgaggacacggccgtgtattactgtgcgagagaggtgggagctacgtactactttgactactggggccaaggaaccctggtcaccgtctcctca	IGHV3-53	IGHD1-26	IGHJ4	tgtgcgagagaggtgggagctacgtactactttgactactgg	2	1.21984690921289e-05
caggtccagcttgtgcagtctggggctgaggtgaagaagcctggggcctcagtgaaggtttcctgcaaggcttctggatacaccttcactagctatgctatgcattgggtgcgccaggcccccggacaaaggcttgagtggatgggatggatcaacgctggcaatggtaacacaaaatattcacagaagttccagggcagagtcaccattaccagggacacatccgcgagcacagcctacatggagctgagcagcctgagatctgaagacacggctgtgtattactgtgcgagagatatgatagtagtggactactttgactactggggccaaggaaccctggtcaccgtctcctca	IGHV1-3	IGHD3-22	IGHJ4	tgtgcgagagatatgatagtagtggactactttgactactgg	2	1.21984690921289e-05
gaggtgcagctgttggagtctgggggaggcttggtacagcctggggggtccctgagactctcctgtgcagcctctggattcacctttagcagctatgccatgagctgggtccgccaggctccagggaaggggctggagtgggtctcagctattagtggtagtggtggtagcacatactacgcagactccgtgaagggccggttcaccatctccagagacaattccaagaacacgctgtatctgcaaatgaacagcctgagagccgaggacacggccgtatattactgtgcgaaagaagggggcggtgactacccctttgactactggggccaaggaaccctggtcaccgtctcctca	IGHV3-23	IGHD4-17	IGHJ4	tgtgcgaaagaagggggcggtgactacccctttgactactgg	2	1.21984690921289e-05
cagatcaccttgaaggagtctggtcctacgctggtgaaacccacacagaccctcacgctgacctgcaccttctctgggttctcactcagcactagtggagtgggtgtgggctggatccgtcagcccccaggaaaggccctggagtggcttgcactcatttattggaatgatgataagcgctacagcccatctctgaagagcaggctcaccatcaccaaggacacctccaaaaaccaggtggtccttacaatgaccaacatggaccctgtggacacagccacatattactgtgcacacaggagaagatgcgagatgggattctttgactactggggccaaggaaccctggtcaccgtctcctca	IGHV2-5	IGHD5-24	IGHJ4	tgtgcacacaggagaagatgcgagatgggattctttgactactgg	2	1.21984690921289e-05
caggtgcagctggtgcagtctggggctgaggtgaagaagcctggggcctcagtgaaggtttcctgcaaggcatctggatacaccttcaccagctactatatgcactgggtgcgacaggcccctggacaagggcttgagtggatgggaataatcaaccctagtggtggtagcacaagctacgcacagaagttccagggcagagtcaccatgaccagggacacgtccacgagcacagtctacatggagctgagcagcctgagatctgaggacacggccgtgtattactgtgcgagagagatagtgggagctactacctttgactactggggccaaggaaccctggtcaccgtctcctca	IGHV1-46	IGHD1-26	IGHJ4	tgtgcgagagagatagtgggagctactacctttgactactgg	2	1.21984690921289e-05
gaggtgcagctgttggagtctgggggaggcttggtacagcctggggggtccctgagactctcctgtgcagcctctggattcacctttagcagctatgccatgagctgggtccgccaggctccagggaaggggctggagtgggtctcagctattagtggtagtggtggtagcacatactacgcagactccgtgaagggccggttcaccatctccagagacaattccaagaacacgctgtatctgcaaatgaacagcctgagagccgaggacacggccgtatattactgtgcgaaagaggagtggttcggggagttattatttgactactggggccaaggaaccctggtcaccgtctcctca	IGHV3-23	IGHD3-10	IGHJ4	tgtgcgaaagaggagtggttcggggagttattatttgactactgg	2	1.21984690921289e-05
gaggtgcagctggtggagtctgggggaggcttggtacagccagggcggtccctgagactctcctgtacagcttctggattcacctttggtgattatgctatgagctggttccgccaggctccagggaaggggctggagtgggtaggtttcattagaagcaaagcttatggtgggacaacagaatacaccgcgtctgtgaaaggcagattcaccatctcaagagatggttccaaaagcatcgcctatctgcaaatgaacagcctgaaaaccgaggacacagccgtgtattactgtactagagaggggggtgactacggtccctgggactcctggggccaaggaaccctggtcaccgtctcctca	IGHV3-49	IGHD4-17	IGHJ5	tgtactagagaggggggtgactacggtccctgggactcctgg	2	1.21984690921289e-05
caggtgcagctacagcagtggggcgcaggactgttgaagccttcggagaccctgtccctcacctgcgctgtctatggtgggtccttcagtggttactactggagctggatccgccagcccccagggaaggggctggagtggattggggaaatcaatcatagtggaagcaccaactacaacccgtccctcaagagtcgagtcaccatatcagtagacacgtccaagaaccagttctccctgaagctgagctctgtgaccgccgcggacacggctgtgtattactgtgcgatgcgggggcagctggtgagctactttgactactggggccaaggaaccctggtcaccgtctcctca	IGHV4-34	IGHD6-13	IGHJ4	tgtgcgatgcgggggcagctggtgagctactttgactactgg	2	1.21984690921289e-05
caggtgcagctggtgcagtctggggctgaggtgaagaagcctggggcctcagtgaaggtctcctgcaaggcttctggatacaccttcaccagttatgatatcaactgggtgcgacaggccactggacaagggcttgagtggatgggatggatgaaccctaacagtggtaacacaggctatgcacagaagttccagggcagagtcaccatgaccaggaacacctccataagcacagcctacatggagctgagcagcctgagatctgaggacacggccgtgtattactgtgcgagaggttcgcagctcggggactttgactactggggccaaggaaccctggtcaccgtctcctca	IGHV1-8	IGHD6-6	IGHJ4	tgtgcgagaggttcgcagctcggggactttgactactgg	2	1.21984690921289e-05
gaggtgcagctggtggagtctgggggaggcttggtaaagcctggggggtcccttagactctcctgtgcagcctctggattcactttcagtaacgcctggatgagctgggtccgccaggctccagggaaggggctggagtgggttggccgtattaaaagcaaaactgatggtgggacaacagactacgctgcacccgtgaaaggcagattcaccatctcaagagatgattcaaaaaacacgctgtatctgcaaatgaacagcctgaaaaccgaggacacagccgtgtattactgtaccacagcctacggtgactccgggtactttgactactggggccaaggaaccctggtcaccgtctcctca	IGHV3-15	IGHD4-17	IGHJ4	tgtaccacagcctacggtgactccgggtactttgactactgg	2	1.21984690921289e-05
caggtgcagctacagcagtggggcgcaggactgttgaagccttcggagaccctgtccctcacctgcgctgtctatggtgggtccttcagtggttactactggagctggatccgccagcccccagggaaggggctggagtggattggggaaatcaatcatagtggaagcaccaactacaacccgtccctcaagagtcgagtcaccatatcagtagacacgtccaagaaccagttctccctgaagctgagctctgtgaccgccgcggacacggctgtgtattactgtgcgagaggtggtgactacggtgactacgtagatgtctggggccaagggacaatggtcaccgtctcttca	IGHV4-34	IGHD4-17	IGHJ3	tgtgcgagaggtggtgactacggtgactacgtagatgtctgg	2	1.21984690921289e-05
gaggtgcagctgttggagtctgggggaggcttggtacagcctggggggtccctgagactctcctgtgcagcctctggattcacctttagcagctatgccatgagctgggtccgccaggctccagggaaggggctggagtgggtctcagctattagtggtagtggtggtagcacatactacgcagactccgtgaagggccggttcaccatctccagagacaattccaagaacacgctgtatctgcaaatgaacagcctgagagccgaggacacggccgtatattactgtgcgaaagagggtatagcagcagctgactttgactactggggccaaggaaccctggtcaccgtctcctca	IGHV3-23	IGHD6-13	IGHJ4	tgtgcgaaagagggtatagcagcagctgactttgactactgg	2	1.21984690921289e-05
caggtgcagctacagcagtggggcgcaggactgttgaagccttcggagaccctgtccctcacctgcgctgtctatggtgggtccttcagtggttactactggagctggatccgccagcccccagggaaggggctggagtggattggggaaatcaatcatagtggaagcaccaactacaacccgtccctcaagagtcgagtcaccatatcagtagacacgtccaagaaccagttctccctgaagctgagctctgtgaccgccgcggacacggctgtgtattactgtgcgagaggcgggggtatagtgggagccccttttgatgtctggggccaagggacaatggtcaccgtctcttca	IGHV4-34	IGHD1-26	IGHJ3	tgtgcgagaggcgggggtatagtgggagccccttttgatgtctgg	2	1.21984690921289e-05
gaggtgcagctggtgcagtctggagcagaggtgaaaaagcccggggagtctctgaagatctcctgtaagggttctggatacagctttaccagctactggatcggctgggtgcgccagatgcccgggaaaggcctggagtggatggggatcatctatcctggtgactctgataccagatacagcccgtccttccaaggccaggtcaccatctcagccgacaagtccatcagcaccgcctacctgcagtggagcagcctgaaggcctcggacaccgccatgtattactgtgcgagacacagtggctggtacctgttcgactcctggggccaaggaaccctggtcaccgtctcctca	IGHV5-51	IGHD6-19	IGHJ5	tgtgcgagacacagtggctggtacctgttcgactcctgg	2	1.21984690921289e-05
cagatcaccttgaaggagtctggtcctacgctggtgaaacccacacagaccctcacgctgacctgcaccttctctgggttctcactcagcactagtggagtgggtgtgggctggatccgtcagcccccaggaaaggccctggagtggcttgcactcatttattggaatgatgataagcgctacagcccatctctgaagagcaggctcaccatcaccaaggacacctccaaaaaccaggtggtccttacaatgaccaacatggaccctgtggacacagccacatattactgtgcacacagttactatggttcggggagtcggtttgactactggggccaaggaaccctggtcaccgtctcctca	IGHV2-5	IGHD3-10	IGHJ4	tgtgcacacagttactatggttcggggagtcggtttgactactgg	2	1.21984690921289e-05
caggtgcagctggtgcagtctggggctgaggtgaagaagcctggggcctcagtgaaggtctcctgcaaggcttctggatacaccttcaccagttatgatatcaactgggtgcgacaggccactggacaagggcttgagtggatgggatggatgaaccctaacagtggtaacacaggctatgcacagaagttccagggcagagtcaccatgaccaggaacacctccataagcacagcctacatggagctgagcagcctgagatctgaggacacggccgtgtattactgtgcgagaggggagtgggagctactgagctttgactactggggccaaggaaccctggtcaccgtctcctca	IGHV1-8	IGHD1-26	IGHJ4	tgtgcgagaggggagtgggagctactgagctttgactactgg	2	1.21984690921289e-05
caggtgcagctggtgcagtctggggctgaggtgaagaagcctgggtcctcggtgaaggtctcctgcaaggcttctggaggcaccttcagcagctatgctatcagctgggtgcgacaggcccctggacaagggcttgagtggatgggagggatcatccctatctttggtacagcaaactacgcacagaagttccagggcagagtcacgattaccgcggacgaatccacgagcacagcctacatggagctgagcagcctgagatctgaggacacggccgtgtattactgtgcgagagagggagctacgagagtctactttgactactggggccaaggaaccctggtcaccgtctcctca	IGHV1-69	IGHD1-26	IGHJ4	tgtgcgagagagggagctacgagagtctactttgactactgg	2	1.21984690921289e-05
gaggtgcagctggtggagtctgggggaggcttggtacagccagggcggtccctgagactctcctgtacagcttctggattcacctttggtgattatgctatgagctggttccgccaggctccagggaaggggctggagtgggtaggtttcattagaagcaaagcttatggtgggacaacagaatacaccgcgtctgtgaaaggcagattcaccatctcaagagatggttccaaaagcatcgcctatctgcaaatgaacagcctgaaaaccgaggacacagccgtgtattactgtactagagagggacctgagtatagcagctcgtccgactcctggggccaaggaaccctggtcaccgtctcctca	IGHV3-49	IGHD6-6	IGHJ5	tgtactagagagggacctgagtatagcagctcgtccgactcctgg	2	1.21984690921289e-05
caggtgcagctggtgcagtctggggctgaggtgaagaagcctgggtcctcggtgaaggtctcctgcaaggcttctggaggcaccttcagcagctatgctatcagctgggtgcgacaggcccctggacaagggcttgagtggatgggagggatcatccctatctttggtacagcaaactacgcacagaagttccagggcagagtcacgattaccgcggacgaatccacgagcacagcctacatggagctgagcagcctgagatctgaggacacggccgtgtattactgtgcgagagatatagcaggaggggggtactttgactactggggccaaggaaccctggtcaccgtctcctca	IGHV1-69	IGHD6-6	IGHJ4	tgtgcgagagatatagcaggaggggggtactttgactactgg	2	1.21984690921289e-05
gaggtgcagctgttggagtctgggggaggcttggtacagcctggggggtccctgagactctcctgtgcagcctctggattcacctttagcagctatgccatgagctgggtccgccaggctccagggaaggggctggagtgggtctcagctattagtggtagtggtggtagcacatactacgcagactccgtgaagggccggttcaccatctccagagacaattccaagaacacgctgtatctgcaaatgaacagcctgagagccgaggacacggccgtatattactgtgcgaaagacattgtagtagtaccagctcacttcgatctctggggccgtggcaccctggtcactgtctcctca	IGHV3-23	IGHD2-2	IGHJ2	tgtgcgaaagacattgtagtagtaccagctcacttcgatctctgg	2	1.21984690921289e-05
caggttcagctggtgcagtctggagctgaggtgaagaagcctggggcctcagtgaaggtctcctgcaaggcttctggttacacctttaccagctatggtatcagctgggtgcgacaggcccctggacaagggcttgagtggatgggatggatcagcgcttacaatggtaacacaaactatgcacagaagctccagggcagagtcaccatgaccacagacacatccacgagcacagcctacatggagctgaggagcctgagatctgacgacacggccgtgtattactgtgcgagagaaatgggtactatgatagtagtggactactggggccaaggaaccctggtcaccgtctcctca	IGHV1-18	IGHD3-22	IGHJ4	tgtgcgagagaaatgggtactatgatagtagtggactactgg	2	1.21984690921289e-05
gaggtgcagctggtgcagtctggagcagaggtgaaaaagcccggggagtctctgaagatctcctgtaagggttctggatacagctttaccagctactggatcggctgggtgcgccagatgcccgggaaaggcctggagtggatggggatcatctatcctggtgactctgataccagatacagcccgtccttccaaggccaggtcaccatctcagccgacaagtccatcagcaccgcctacctgcagtggagcagcctgaaggcctcggacaccgccatgtattactgtgcgagcaggtatagcagtggctgggactttgactactggggccaaggaaccctggtcaccgtctcctca	IGHV5-51	IGHD6-19	IGHJ4	tgtgcgagcaggtatagcagtggctgggactttgactactgg	2	1.21984690921289e-05
gaggtgcagctggtggagtctggaggaggcttgatccagcctggggggtccctgagactctcctgtgcagcctctgggttcaccgtcagtagcaactacatgagctgggtccgccaggctccagggaaggggctggagtgggtctcagttatttatagcggtggtagcacatactacgcagactccgtgaagggccgattcaccatctccagagacaattccaagaacacgctgtatcttcaaatgaacagcctgagagccgaggacacggccgtgtattactgtgcgagagaatctggggagtatagtgggaggtttgactactggggccaaggaaccctggtcaccgtctcctca	IGHV3-53	IGHD1-26	IGHJ4	tgtgcgagagaatctggggagtatagtgggaggtttgactactgg	2	1.21984690921289e-05
caggtgcagctacagcagtggggcgcaggactgttgaagccttcggagaccctgtccctcacctgcgctgtctatggtgggtccttcagtggttactactggagctggatccgccagcccccagggaaggggctggagtggattggggaaatcaatcatagtggaagcaccaactacaacccgtccctcaagagtcgagtcaccatatcagtagacacgtccaagaaccagttctccctgaagctgagctctgtgaccgccgcggacacggctgtgtattactgtgcgagaggtcgggagcagcagctggtgtttgactactggggccaaggaaccctggtcaccgtctcctca	IGHV4-34	IGHD6-13	IGHJ4	tgtgcgagaggtcgggagcagcagctggtgtttgactactgg	2	1.21984690921289e-05
gaggtgcagctgttggagtctgggggaggcttggtacagcctggggggtccctgagactctcctgtgcagcctctggattcacctttagcagctatgccatgagctgggtccgccaggctccagggaaggggctggagtgggtctcagctattagtggtagtggtggtagcacatactacgcagactccgtgaagggccggttcaccatctccagagacaattccaagaacacgctgtatctgcaaatgaacagcctgagagccgaggacacggccgtatattactgtgcgaaaacgggtatagcagcggctggggggtttgactactggggccaaggaaccctggtcaccgtctcctca	IGHV3-23	IGHD6-25	IGHJ4	tgtgcgaaaacgggtatagcagcggctggggggtttgactactgg	2	1.21984690921289e-05
gaggtgcagctgttggagtctgggggaggcttggtacagcctggggggtccctgagactctcctgtgcagcctctggattcacctttagcagctatgccatgagctgggtccgccaggctccagggaaggggctggagtgggtctcagctattagtggtagtggtggtagcacatactacgcagactccgtgaagggccggttcaccatctccagagacaattccaagaacacgctgtatctgcaaatgaacagcctgagagccgaggacacggccgtatattactgtgcgagagggctggctgggtggaactactttgactactggggccaaggaaccctggtcaccgtctcctca	IGHV3-23	IGHD6-19	IGHJ4	tgtgcgagagggctggctgggtggaactactttgactactgg	2	1.21984690921289e-05
gaggtgcagctgttggagtctgggggaggcttggtacagcctggggggtccctgagactctcctgtgcagcctctggattcacctttagcagctatgccatgagctgggtccgccaggctccagggaaggggctggagtgggtctcagctattagtggtagtggtggtagcacatactacgcagactccgtgaagggccggttcaccatctccagagacaattccaagaacacgctgtatctgcaaatgaacagcctgagagccgaggacacggccgtatattactgtgcgaaaggggctacggtgactggtgaatacttccagcactggggccagggcaccctggtcaccgtctcctca	IGHV3-23	IGHD4-17	IGHJ1	tgtgcgaaaggggctacggtgactggtgaatacttccagcactgg	2	1.21984690921289e-05
caggtgcagctggtgcagtctggggctgaggtgaagaagcctggggcctcagtgaaggtctcctgcaaggcttctggatacaccttcaccggctactatatgcactgggtgcgacaggcccctggacaagggcttgagtggatgggacggatcaaccctaacagtggtggcacaaactatgcacagaagtttcagggcagggtcaccagtaccagggacacgtccatcagcacagcctacatggagctgagcaggctgagatctgacgacacggtcgtgtattactgtgcgagagagaggtatagcagtcacttcgatctctggggccgtggcaccctggtcactgtctcctca	IGHV1-2	IGHD6-13	IGHJ2	tgtgcgagagagaggtatagcagtcacttcgatctctgg	2	1.21984690921289e-05
gaggtgcagctggtggagtctgggggaggcttggtacagccagggcggtccctgagactctcctgtacagcttctggattcacctttggtgattatgctatgagctggttccgccaggctccagggaaggggctggagtgggtaggtttcattagaagcaaagcttatggtgggacaacagaatacaccgcgtctgtgaaaggcagattcaccatctcaagagatggttccaaaagcatcgcctatctgcaaatgaacagcctgaaaaccgaggacacagccgtgtattactgtactagaggcagtggctggccagactactttgactactggggccaaggaaccctggtcaccgtctcctca	IGHV3-49	IGHD6-19	IGHJ4	tgtactagaggcagtggctggccagactactttgactactgg	2	1.21984690921289e-05
gaggtgcagctggtggagtccgggggaggcttagttcagcctggggggtccctgagactctcctgtgcagcctctggattcaccttcagtagctactggatgcactgggtccgccaagctccagggaaggggctggtgtgggtctcacgtattaatagtgatgggagtagcacaagctacgcggactccgtgaagggccgattcaccatctccagagacaacgccaagaacacgctgtatctgcaaatgaacagtctgagagccgaggacacggctgtgtattactgtgcaagttactatggttcggggagttttgactactggggccaaggaaccctggtcaccgtctcctca	IGHV3-74	IGHD3-10	IGHJ4	tgtgcaagttactatggttcggggagttttgactactgg	2	1.21984690921289e-05
gaggtgcagctggtggagtctgggggaggcttggtacagccagggcggtccctgagactctcctgtacagcttctggattcacctttggtgattatgctatgagctggttccgccaggctccagggaaggggctggagtgggtaggtttcattagaagcaaagcttatggtgggacaacagaatacaccgcgtctgtgaaaggcagattcaccatctcaagagatggttccaaaagcatcgcctatctgcaaatgaacagcctgaaaaccgaggacacagccgtgtattactgtagatattgtagtagtaccacctgctttgactactggggccaaggaaccctggtcaccgtctcctca	IGHV3-49	IGHD2-2	IGHJ4	tgtagatattgtagtagtaccacctgctttgactactgg	2	1.21984690921289e-05
gaggtgcagctgttggagtctgggggaggcttggtacagcctggggggtccctgagactctcctgtgcagcctctggattcacctttagcagctatgccatgagctgggtccgccaggctccagggaaggggctggagtgggtctcagctattagtggtagtggtggtagcacatactacgcagactccgtgaagggccggttcaccatctccagagacaattccaagaacacgctgtatctgcaaatgaacagcctgagagccgaggacacggccgtatattactgtgcgaaagatatggttcggggagttattaagggggactactggggccaaggaaccctggtcaccgtctcctca	IGHV3-23	IGHD3-10	IGHJ4	tgtgcgaaagatatggttcggggagttattaagggggactactgg	2	1.21984690921289e-05
caggttcagctggtgcagtctggagctgaggtgaagaagcctggggcctcagtgaaggtctcctgcaaggcttctggttacacctttaccagctatggtatcagctgggtgcgacaggcccctggacaagggcttgagtggatgggatggatcagcgcttacaatggtaacacaaactatgcacagaagctccagggcagagtcaccatgaccacagacacatccacgagcacagcctacatggagctgaggagcctgagatctgacgacacggccgtgtattactgtgcgagagactcagtggctgggtactttgactactggggccaaggaaccctggtcaccgtctcctca	IGHV1-18	IGHD6-19	IGHJ4	tgtgcgagagactcagtggctgggtactttgactactgg	2	1.21984690921289e-05
gaggtgcagctggtggagtctggaggaggcttgatccagcctggggggtccctgagactctcctgtgcagcctctgggttcaccgtcagtagcaactacatgagctgggtccgccaggctccagggaaggggctggagtgggtctcagttatttatagcggtggtagcacatactacgcagactccgtgaagggccgattcaccatctccagagacaattccaagaacacgctgtatcttcaaatgaacagcctgagagccgaggacacggccgtgtattactgtgcgagagtgcagcggctacgttgctactttgactactggggccaaggaaccctggtcaccgtctcctca	IGHV3-53	IGHD6-25	IGHJ4	tgtgcgagagtgcagcggctacgttgctactttgactactgg	2	1.21984690921289e-05
gaggtgcagctggtggagtctgggggaggcttggtccagcctggggggtccctgaaactctcctgtgcagcctctgggttcaccttcagtggctctgctatgcactgggtccgccaggcttccgggaaagggctggagtgggttggccgtattagaagcaaagctaacagttacgcgacagcatatgctgcgtcggtgaaaggcaggttcaccatctccagagatgattcaaagaacacggcgtatctgcaaatgaacagcctgaaaaccgaggacacggccgtgtattactgtactagagatagtggctacgattggtttgactactggggccaaggaaccctggtcaccgtctcctca	IGHV3-73	IGHD5-12	IGHJ4	tgtactagagatagtggctacgattggtttgactactgg	2	1.21984690921289e-05
gaggtgcagctggtggagtctgggggaggcttggtaaagcctggggggtcccttagactctcctgtgcagcctctggattcactttcagtaacgcctggatgagctgggtccgccaggctccagggaaggggctggagtgggttggccgtattaaaagcaaaactgatggtgggacaacagactacgctgcacccgtgaaaggcagattcaccatctcaagagatgattcaaaaaacacgctgtatctgcaaatgaacagcctgaaaaccgaggacacagccgtgtattactgtaccacagaagcagcagctggtacgtttgactactggggccaaggaaccctggtcaccgtctcctca	IGHV3-15	IGHD6-13	IGHJ4	tgtaccacagaagcagcagctggtacgtttgactactgg	2	1.21984690921289e-05
gaggtgcagctggtggagtccgggggaggcttagttcagcctggggggtccctgagactctcctgtgcagcctctggattcaccttcagtagctactggatgcactgggtccgccaagctccagggaaggggctggtgtgggtctcacgtattaatagtgatgggagtagcacaagctacgcggactccgtgaagggccgattcaccatctccagagacaacgccaagaacacgctgtatctgcaaatgaacagtctgagagccgaggacacggctgtgtattactgtgcaagagatttgtatagcagtggctgctttgactactggggccaaggaaccctggtcaccgtctcctca	IGHV3-74	IGHD6-19	IGHJ4	tgtgcaagagatttgtatagcagtggctgctttgactactgg	2	1.21984690921289e-05
cagatcaccttgaaggagtctggtcctacgctggtgaaacccacacagaccctcacgctgacctgcaccttctctgggttctcactcagcactagtggagtgggtgtgggctggatccgtcagcccccaggaaaggccctggagtggcttgcactcatttattggaatgatgataagcgctacagcccatctctgaagagcaggctcaccatcaccaaggacacctccaaaaaccaggtggtccttacaatgaccaacatggaccctgtggacacagccacatattactgtgcacacgaaatagcagcagctggtacctttgactactggggccaaggaaccctggtcaccgtctcctca	IGHV2-5	IGHD6-13	IGHJ4	tgtgcacacgaaatagcagcagctggtacctttgactactgg	2	1.21984690921289e-05
cagatcaccttgaaggagtctggtcctacgctggtgaaacccacacagaccctcacgctgacctgcaccttctctgggttctcactcagcactagtggagtgggtgtgggctggatccgtcagcccccaggaaaggccctggagtggcttgcactcatttattggaatgatgataagcgctacagcccatctctgaagagcaggctcaccatcaccaaggacacctccaaaaaccaggtggtccttacaatgaccaacatggaccctgtggacacagccacatattactgtgcacacagacggacggtgaccaaggtctttgactactggggccaaggaaccctggtcaccgtctcctca	IGHV2-5	IGHD4-17	IGHJ4	tgtgcacacagacggacggtgaccaaggtctttgactactgg	2	1.21984690921289e-05
gaggtgcagctggtgcagtctggagcagaggtgaaaaagcccggggagtctctgaagatctcctgtaagggttctggatacagctttaccagctactggatcggctgggtgcgccagatgcccgggaaaggcctggagtggatggggatcatctatcctggtgactctgataccagatacagcccgtccttccaaggccaggtcaccatctcagccgacaagtccatcagcaccgcctacctgcagtggagcagcctgaaggcctcggacaccgccatgtattactgtgcgagacagggcctatggttcggggagtactttgactactggggccaaggaaccctggtcaccgtctcctca	IGHV5-51	IGHD3-10	IGHJ4	tgtgcgagacagggcctatggttcggggagtactttgactactgg	2	1.21984690921289e-05
gaggtgcagctggtggagtctgggggaggcttggtaaagcctggggggtcccttagactctcctgtgcagcctctggattcactttcagtaacgcctggatgagctgggtccgccaggctccagggaaggggctggagtgggttggccgtattaaaagcaaaactgatggtgggacaacagactacgctgcacccgtgaaaggcagattcaccatctcaagagatgattcaaaaaacacgctgtatctgcaaatgaacagcctgaaaaccgaggacacagccgtgtattactgtaccacagatcaggagatggctacaattacctttgactactggggccaaggaaccctggtcaccgtctcctca	IGHV3-15	IGHD5-24	IGHJ4	tgtaccacagatcaggagatggctacaattacctttgactactgg	2	1.21984690921289e-05
gaggtgcagctgttggagtctgggggaggcttggtacagcctggggggtccctgagactctcctgtgcagcctctggattcacctttagcagctatgccatgagctgggtccgccaggctccagggaaggggctggagtgggtctcagctattagtggtagtggtggtagcacatactacgcagactccgtgaagggccggttcaccatctccagagacaattccaagaacacgctgtatctgcaaatgaacagcctgagagccgaggacacggccgtatattactgtgcgaaagatgactacggtgactacgcgtgttttgactactggggccaaggaaccctggtcaccgtctcctca	IGHV3-23	IGHD4-17	IGHJ4	tgtgcgaaagatgactacggtgactacgcgtgttttgactactgg	2	1.21984690921289e-05
gaggtgcagctgttggagtctgggggaggcttggtacagcctggggggtccctgagactctcctgtgcagcctctggattcacctttagcagctatgccatgagctgggtccgccaggctccagggaaggggctggagtgggtctcagctattagtggtagtggtggtagcacatactacgcagactccgtgaagggccggttcaccatctccagagacaattccaagaacacgctgtatctgcaaatgaacagcctgagagccgaggacacggccgtatattactgtgcgaaagagtggctacgattaccccacttcgatctctggggccgtggcaccctggtcactgtctcctca	IGHV3-23	IGHD5-12	IGHJ2	tgtgcgaaagagtggctacgattaccccacttcgatctctgg	2	1.21984690921289e-05
gaggtgcagctggtggagtccgggggaggcttagttcagcctggggggtccctgagactctcctgtgcagcctctggattcaccttcagtagctactggatgcactgggtccgccaagctccagggaaggggctggtgtgggtctcacgtattaatagtgatgggagtagcacaagctacgcggactccgtgaagggccgattcaccatctccagagacaacgccaagaacacgctgtatctgcaaatgaacagtctgagagccgaggacacggctgtgtattactgtgcaagagaaagttacgatttttggagtgcctatgactactggggccaaggaaccctggtcaccgtctcctca	IGHV3-74	IGHD3-3	IGHJ4	tgtgcaagagaaagttacgatttttggagtgcctatgactactgg	2	1.21984690921289e-05
caggtgcagctggtgcagtctggggctgaggtgaagaagcctggggcctcagtgaaggtttcctgcaaggcatctggatacaccttcaccagctactatatgcactgggtgcgacaggcccctggacaagggcttgagtggatgggaataatcaaccctagtggtggtagcacaagctacgcacagaagttccagggcagagtcaccatgaccagggacacgtccacgagcacagtctacatggagctgagcagcctgagatctgaggacacggccgtgtattactgtgcgagatcgagtatagcagctcgggactactttgactactggggccaaggaaccctggtcaccgtctcctca	IGHV1-46	IGHD6-6	IGHJ4	tgtgcgagatcgagtatagcagctcgggactactttgactactgg	2	1.21984690921289e-05
caggtgcagctggtgcagtctggggctgaggtgaagaagcctggggcctcagtgaaggtttcctgcaaggcatctggatacaccttcaccagctactatatgcactgggtgcgacaggcccctggacaagggcttgagtggatgggaataatcaaccctagtggtggtagcacaagctacgcacagaagttccagggcagagtcaccatgaccagggacacgtccacgagcacagtctacatggagctgagcagcctgagatctgaggacacggccgtgtattactgtgcgagggagctactacggagggtggaatacttccagcactggggccagggcaccctggtcaccgtctcctca	IGHV1-46	IGHD1-26	IGHJ1	tgtgcgagggagctactacggagggtggaatacttccagcactgg	2	1.21984690921289e-05
gaggtgcagctggtggagtctgggggaggcttggtacagccagggcggtccctgagactctcctgtacagcttctggattcacctttggtgattatgctatgagctggttccgccaggctccagggaaggggctggagtgggtaggtttcattagaagcaaagcttatggtgggacaacagaatacaccgcgtctgtgaaaggcagattcaccatctcaagagatggttccaaaagcatcgcctatctgcaaatgaacagcctgaaaaccgaggacacagccgtgtattactgtactagagatagcagtggctggtaccagtttgactactggggccaaggaaccctggtcaccgtctcctca	IGHV3-49	IGHD6-19	IGHJ4	tgtactagagatagcagtggctggtaccagtttgactactgg	2	1.21984690921289e-05
gaggtgcagctggtgcagtctggagcagaggtgaaaaagcccggggagtctctgaagatctcctgtaagggttctggatacagctttaccagctactggatcggctgggtgcgccagatgcccgggaaaggcctggagtggatggggatcatctatcctggtgactctgataccagatacagcccgtccttccaaggccaggtcaccatctcagccgacaagtccatcagcaccgcctacctgcagtggagcagcctgaaggcctcggacaccgccatgtattactgtgcgagacattgggagctactacgttttgactactggggccaaggaaccctggtcaccgtctcctca	IGHV5-51	IGHD1-26	IGHJ4	tgtgcgagacattgggagctactacgttttgactactgg	2	1.21984690921289e-05
caggtgcagctacagcagtggggcgcaggactgttgaagccttcggagaccctgtccctcacctgcgctgtctatggtgggtccttcagtggttactactggagctggatccgccagcccccagggaaggggctggagtggattggggaaatcaatcatagtggaagcaccaactacaacccgtccctcaagagtcgagtcaccatatcagtagacacgtccaagaaccagttctccctgaagctgagctctgtgaccgccgcggacacggctgtgtattactgtgcgagaggtcagtatagcagcagctggtactttgactactggggccaaggaaccctggtcaccgtctcctca	IGHV4-34	IGHD6-13	IGHJ4	tgtgcgagaggtcagtatagcagcagctggtactttgactactgg	2	1.21984690921289e-05
gaggtgcagctgttggagtctgggggaggcttggtacagcctggggggtccctgagactctcctgtgcagcctctggattcacctttagcagctatgccatgagctgggtccgccaggctccagggaaggggctggagtgggtctcagctattagtggtagtggtggtagcacatactacgcagactccgtgaagggccggttcaccatctccagagacaattccaagaacacgctgtatctgcaaatgaacagcctgagagccgaggacacggccgtatattactgtgcgaaagaccccagtggtaactccggctttgactactggggccaaggaaccctggtcaccgtctcctca	IGHV3-23	IGHD4-23	IGHJ4	tgtgcgaaagaccccagtggtaactccggctttgactactgg	2	1.21984690921289e-05
gaggtgcagctgttggagtctgggggaggcttggtacagcctggggggtccctgagactctcctgtgcagcctctggattcacctttagcagctatgccatgagctgggtccgccaggctccagggaaggggctggagtgggtctcagctattagtggtagtggtggtagcacatactacgcagactccgtgaagggccggttcaccatctccagagacaattccaagaacacgctgtatctgcaaatgaacagcctgagagccgaggacacggccgtatattactgtgcgaaagccagggatattgtggtcaactactttgactactggggccaaggaaccctggtcaccgtctcctca	IGHV3-23	IGHD2-21	IGHJ4	tgtgcgaaagccagggatattgtggtcaactactttgactactgg	2	1.21984690921289e-05
gaggtgcagctggtggagtctgggggaggcttggtaaagcctggggggtcccttagactctcctgtgcagcctctggattcactttcagtaacgcctggatgagctgggtccgccaggctccagggaaggggctggagtgggttggccgtattaaaagcaaaactgatggtgggacaacagactacgctgcacccgtgaaaggcagattcaccatctcaagagatgattcaaaaaacacgctgtatctgcaaatgaacagcctgaaaaccgaggacacagccgtgtattactgtaccacagaggggagctggtcctacaactggttcgactcctggggccaaggaaccctggtcaccgtctcctca	IGHV3-15	IGHD6-13	IGHJ5	tgtaccacagaggggagctggtcctacaactggttcgactcctgg	2	1.21984690921289e-05
cagatcaccttgaaggagtctggtcctacgctggtgaaacccacacagaccctcacgctgacctgcaccttctctgggttctcactcagcactagtggagtgggtgtgggctggatccgtcagcccccaggaaaggccctggagtggcttgcactcatttattggaatgatgataagcgctacagcccatctctgaagagcaggctcaccatcaccaaggacacctccaaaaaccaggtggtccttacaatgaccaacatggaccctgtggacacagccacatattactgtgcacacagacggaggagcagcagctttgactactggggccaaggaaccctggtcaccgtctcctca	IGHV2-5	IGHD6-13	IGHJ4	tgtgcacacagacggaggagcagcagctttgactactgg	2	1.21984690921289e-05
caggtgcagctacagcagtggggcgcaggactgttgaagccttcggagaccctgtccctcacctgcgctgtctatggtgggtccttcagtggttactactggagctggatccgccagcccccagggaaggggctggagtggattggggaaatcaatcatagtggaagcaccaactacaacccgtccctcaagagtcgagtcaccatatcagtagacacgtccaagaaccagttctccctgaagctgagctctgtgaccgccgcggacacggctgtgtattactgtgcgagaggcagatggctacaattaggggactttgactactggggccaaggaaccctggtcaccgtctcctca	IGHV4-34	IGHD5-24	IGHJ4	tgtgcgagaggcagatggctacaattaggggactttgactactgg	2	1.21984690921289e-05
gaggtgcagctgttggagtctgggggaggcttggtacagcctggggggtccctgagactctcctgtgcagcctctggattcacctttagcagctatgccatgagctgggtccgccaggctccagggaaggggctggagtgggtctcagctattagtggtagtggtggtagcacatactacgcagactccgtgaagggccggttcaccatctccagagacaattccaagaacacgctgtatctgcaaatgaacagcctgagagccgaggacacggccgtatattactgtgcgaaagaggggtatagcagccgtaactggttcgactcctggggccaaggaaccctggtcaccgtctcctca	IGHV3-23	IGHD6-19	IGHJ5	tgtgcgaaagaggggtatagcagccgtaactggttcgactcctgg	2	1.21984690921289e-05
caggtgcagctggtggagtctgggggaggcttggtcaagcctggagggtccctgagactctcctgtgcagcctctggattcaccttcagtgactactacatgagctggatccgccaggctccagggaaggggctggagtgggtttcatacattagtagtagtggtagtaccatatactacgcagactctgtgaagggccgattcaccatctccagggacaacgccaagaactcactgtatctgcaaatgaacagcctgagagccgaggacacggccgtgtattactgtgcgagagaggggtatagcagcagttttgatgtctggggccaagggacaatggtcaccgtctcttca	IGHV3-11	IGHD6-13	IGHJ3	tgtgcgagagaggggtatagcagcagttttgatgtctgg	2	1.21984690921289e-05
gaggtgcagctggtggagtccgggggaggcttagttcagcctggggggtccctgagactctcctgtgcagcctctggattcaccttcagtagctactggatgcactgggtccgccaagctccagggaaggggctggtgtgggtctcacgtattaatagtgatgggagtagcacaagctacgcggactccgtgaagggccgattcaccatctccagagacaacgccaagaacacgctgtatctgcaaatgaacagtctgagagccgaggacacggctgtgtattactgtgcaagagctgactacggccggcgttactactttgactactggggccaaggaaccctggtcaccgtctcctca	IGHV3-74	IGHD4-17	IGHJ4	tgtgcaagagctgactacggccggcgttactactttgactactgg	2	1.21984690921289e-05
gaggtgcagctggtggagtctgggggaggcttggtacagccagggcggtccctgagactctcctgtacagcttctggattcacctttggtgattatgctatgagctggttccgccaggctccagggaaggggctggagtgggtaggtttcattagaagcaaagcttatggtgggacaacagaatacaccgcgtctgtgaaaggcagattcaccatctcaagagatggttccaaaagcatcgcctatctgcaaatgaacagcctgaaaaccgaggacacagccgtgtattactgtactagagagggagctaactggggacactttgactactggggccaaggaaccctggtcaccgtctcctca	IGHV3-49	IGHD7-27	IGHJ4	tgtactagagagggagctaactggggacactttgactactgg	2	1.21984690921289e-05
gaggtgcagctggtgcagtctggagcagaggtgaaaaagcccggggagtctctgaagatctcctgtaagggttctggatacagctttaccagctactggatcggctgggtgcgccagatgcccgggaaaggcctggagtggatggggatcatctatcctggtgactctgataccagatacagcccgtccttccaaggccaggtcaccatctcagccgacaagtccatcagcaccgcctacctgcagtggagcagcctgaaggcctcggacaccgccatgtattactgtgcgaaggggggtatagtgggagggggggcttttgatgtctggggccaagggacaatggtcaccgtctcttca	IGHV5-51	IGHD1-26	IGHJ3	tgtgcgaaggggggtatagtgggagggggggcttttgatgtctgg	2	1.21984690921289e-05
cagatcaccttgaaggagtctggtcctacgctggtgaaacccacacagaccctcacgctgacctgcaccttctctgggttctcactcagcactagtggagtgggtgtgggctggatccgtcagcccccaggaaaggccctggagtggcttgcactcatttattggaatgatgataagcgctacagcccatctctgaagagcaggctcaccatcaccaaggacacctccaaaaaccaggtggtccttacaatgaccaacatggaccctgtggacacagccacatattactgtgcacacagagggatggctacaattgaggggtactggggccaaggaaccctggtcaccgtctcctca	IGHV2-5	IGHD5-24	IGHJ4	tgtgcacacagagggatggctacaattgaggggtactgg	2	1.21984690921289e-05
gaggtgcagctggtggagtctgggggaggcttggtaaagcctggggggtcccttagactctcctgtgcagcctctggattcactttcagtaacgcctggatgagctgggtccgccaggctccagggaaggggctggagtgggttggccgtattaaaagcaaaactgatggtgggacaacagactacgctgcacccgtgaaaggcagattcaccatctcaagagatgattcaaaaaacacgctgtatctgcaaatgaacagcctgaaaaccgaggacacagccgtgtattactgtaccacagaaatggttcggggagttatgtactttgactactggggccaaggaaccctggtcaccgtctcctca	IGHV3-15	IGHD3-10	IGHJ4	tgtaccacagaaatggttcggggagttatgtactttgactactgg	2	1.21984690921289e-05
gaggtgcagctggtgcagtctggagcagaggtgaaaaagcccggggagtctctgaagatctcctgtaagggttctggatacagctttaccagctactggatcggctgggtgcgccagatgcccgggaaaggcctggagtggatggggatcatctatcctggtgactctgataccagatacagcccgtccttccaaggccaggtcaccatctcagccgacaagtccatcagcaccgcctacctgcagtggagcagcctgaaggcctcggacaccgccatgtattactgtgcgagaattttgactggttattatattgtctttgactactggggccaaggaaccctggtcaccgtctcctca	IGHV5-51	IGHD3-9	IGHJ4	tgtgcgagaattttgactggttattatattgtctttgactactgg	2	1.21984690921289e-05
caggtgcagctggtgcagtctggggctgaggtgaagaagcctggggcctcagtgaaggtctcctgcaaggcttctggatacaccttcaccggctactatatgcactgggtgcgacaggcccctggacaagggcttgagtggatgggacggatcaaccctaacagtggtggcacaaactatgcacagaagtttcagggcagggtcaccagtaccagggacacgtccatcagcacagcctacatggagctgagcaggctgagatctgacgacacggtcgtgtattactgtgcgagagagcccataactggaaaggactactttgactactggggccaaggaaccctggtcaccgtctcctca	IGHV1-2	IGHD1-7	IGHJ4	tgtgcgagagagcccataactggaaaggactactttgactactgg	2	1.21984690921289e-05
gaggtgcagctggtggagtctgggggaggcttggtaaagcctggggggtcccttagactctcctgtgcagcctctggattcactttcagtaacgcctggatgagctgggtccgccaggctccagggaaggggctggagtgggttggccgtattaaaagcaaaactgatggtgggacaacagactacgctgcacccgtgaaaggcagattcaccatctcaagagatgattcaaaaaacacgctgtatctgcaaatgaacagcctgaaaaccgaggacacagccgtgtattactgtaccacaggggatggctacaattacaactggttcgactcctggggccaaggaaccctggtcaccgtctcctca	IGHV3-15	IGHD5-24	IGHJ5	tgtaccacaggggatggctacaattacaactggttcgactcctgg	2	1.21984690921289e-05
gaggtgcagctggtggagtctgggggaggcttggtacagccagggcggtccctgagactctcctgtacagcttctggattcacctttggtgattatgctatgagctggttccgccaggctccagggaaggggctggagtgggtaggtttcattagaagcaaagcttatggtgggacaacagaatacaccgcgtctgtgaaaggcagattcaccatctcaagagatggttccaaaagcatcgcctatctgcaaatgaacagcctgaaaaccgaggacacagccgtgtattactgtactagacgggacagatggcactactttgactactggggccaaggaaccctggtcaccgtctcctca	IGHV3-49	IGHD5-24	IGHJ4	tgtactagacgggacagatggcactactttgactactgg	2	1.21984690921289e-05
gaggtgcagctggtgcagtctggagcagaggtgaaaaagcccggggagtctctgaagatctcctgtaagggttctggatacagctttaccagctactggatcggctgggtgcgccagatgcccgggaaaggcctggagtggatggggatcatctatcctggtgactctgataccagatacagcccgtccttccaaggccaggtcaccatctcagccgacaagtccatcagcaccgcctacctgcagtggagcagcctgaaggcctcggacaccgccatgtattactgtgcgagacaggtagcagctcgtccgcactactttgactactggggccaaggaaccctggtcaccgtctcctca	IGHV5-51	IGHD6-6	IGHJ4	tgtgcgagacaggtagcagctcgtccgcactactttgactactgg	2	1.21984690921289e-05
gaggtgcagctgttggagtctgggggaggcttggtacagcctggggggtccctgagactctcctgtgcagcctctggattcacctttagcagctatgccatgagctgggtccgccaggctccagggaaggggctggagtgggtctcagctattagtggtagtggtggtagcacatactacgcagactccgtgaagggccggttcaccatctccagagacaattccaagaacacgctgtatctgcaaatgaacagcctgagagccgaggacacggccgtatattactgtgcgaaagattatgattacgtttcctttgactactggggccaaggaaccctggtcaccgtctcctca	IGHV3-23	IGHD3-16	IGHJ4	tgtgcgaaagattatgattacgtttcctttgactactgg	2	1.21984690921289e-05
caggtgcagctggtgcagtctggggctgaggtgaagaagcctgggtcctcggtgaaggtctcctgcaaggcttctggaggcaccttcagcagctatgctatcagctgggtgcgacaggcccctggacaagggcttgagtggatgggagggatcatccctatctttggtacagcaaactacgcacagaagttccagggcagagtcacgattaccgcggacgaatccacgagcacagcctacatggagctgagcagcctgagatctgaggacacggccgtgtattactgtgcgagagagagcagcagctggtacgcttttgatgtctggggccaagggacaatggtcaccgtctcttca	IGHV1-69	IGHD6-13	IGHJ3	tgtgcgagagagagcagcagctggtacgcttttgatgtctgg	2	1.21984690921289e-05
gaggtgcagctggtggagtctgggggaggcttggtaaagcctggggggtcccttagactctcctgtgcagcctctggattcactttcagtaacgcctggatgagctgggtccgccaggctccagggaaggggctggagtgggttggccgtattaaaagcaaaactgatggtgggacaacagactacgctgcacccgtgaaaggcagattcaccatctcaagagatgattcaaaaaacacgctgtatctgcaaatgaacagcctgaaaaccgaggacacagccgtgtattactgtaccacagagtgggagctactacagaactactttgactactggggccaaggaaccctggtcaccgtctcctca	IGHV3-15	IGHD1-26	IGHJ4	tgtaccacagagtgggagctactacagaactactttgactactgg	2	1.21984690921289e-05
caggtgcagctggtgcagtctggggctgaggtgaagaagcctgggtcctcggtgaaggtctcctgcaaggcttctggaggcaccttcagcagctatgctatcagctgggtgcgacaggcccctggacaagggcttgagtggatgggagggatcatccctatctttggtacagcaaactacgcacagaagttccagggcagagtcacgattaccgcggacgaatccacgagcacagcctacatggagctgagcagcctgagatctgaggacacggccgtgtattactgtgcgagagatcgggagctactacggtttgactactggggccaaggaaccctggtcaccgtctcctca	IGHV1-69	IGHD1-26	IGHJ4	tgtgcgagagatcgggagctactacggtttgactactgg	2	1.21984690921289e-05
gaggtgcagctggtggagtctgggggaggcttggtaaagcctggggggtcccttagactctcctgtgcagcctctggattcactttcagtaacgcctggatgagctgggtccgccaggctccagggaaggggctggagtgggttggccgtattaaaagcaaaactgatggtgggacaacagactacgctgcacccgtgaaaggcagattcaccatctcaagagatgattcaaaaaacacgctgtatctgcaaatgaacagcctgaaaaccgaggacacagccgtgtattactgtaccacaggaggggtggtaacgtgggactactttgactactggggccaaggaaccctggtcaccgtctcctca	IGHV3-15	IGHD4-23	IGHJ4	tgtaccacaggaggggtggtaacgtgggactactttgactactgg	2	1.21984690921289e-05
gaggtgcagctggtggagtctgggggaggtgtggtacggcctggggggtccctgagactctcctgtgcagcctctggattcacctttgatgattatggcatgagctgggtccgccaagctccagggaaggggctggagtgggtctctggtattaattggaatggtggtagcacaggttatgcagactctgtgaagggccgattcaccatctccagagacaacgccaagaactccctgtatctgcaaatgaacagtctgagagccgaggacacggccttgtatcactgtgcgagagatggctacaattctcctgcttttgatgtctggggccaagggacaatggtcaccgtctcttca	IGHV3-20	IGHD5-24	IGHJ3	tgtgcgagagatggctacaattctcctgcttttgatgtctgg	2	1.21984690921289e-05
gaggtgcagctggtggagtctgggggaggcttggtaaagcctggggggtcccttagactctcctgtgcagcctctggattcactttcagtaacgcctggatgagctgggtccgccaggctccagggaaggggctggagtgggttggccgtattaaaagcaaaactgatggtgggacaacagactacgctgcacccgtgaaaggcagattcaccatctcaagagatgattcaaaaaacacgctgtatctgcaaatgaacagcctgaaaaccgaggacacagccgtgtattactgtaccagagggaatagtggctacgattacccctttgactactggggccaaggaaccctggtcaccgtctcctca	IGHV3-15	IGHD5-12	IGHJ4	tgtaccagagggaatagtggctacgattacccctttgactactgg	2	1.21984690921289e-05
gaggtgcagctggtggagtctgggggaggcttggtccagcctggggggtccctgaaactctcctgtgcagcctctgggttcaccttcagtggctctgctatgcactgggtccgccaggcttccgggaaagggctggagtgggttggccgtattagaagcaaagctaacagttacgcgacagcatatgctgcgtcggtgaaaggcaggttcaccatctccagagatgattcaaagaacacggcgtatctgcaaatgaacagcctgaaaaccgaggacacggccgtgtattactgtactacgtggctacgattacgaggcaactggttcgactcctggggccaaggaaccctggtcaccgtctcctca	IGHV3-73	IGHD5-12	IGHJ5	tgtactacgtggctacgattacgaggcaactggttcgactcctgg	2	1.21984690921289e-05
gaggtgcagctgttggagtctgggggaggcttggtacagcctggggggtccctgagactctcctgtgcagcctctggattcacctttagcagctatgccatgagctgggtccgccaggctccagggaaggggctggagtgggtctcagctattagtggtagtggtggtagcacatactacgcagactccgtgaagggccggttcaccatctccagagacaattccaagaacacgctgtatctgcaaatgaacagcctgagagccgaggacacggccgtatattactgtgcgaaccggagctactacaactactttgactactggggccaaggaaccctggtcaccgtctcctca	IGHV3-23	IGHD1-26	IGHJ4	tgtgcgaaccggagctactacaactactttgactactgg	2	1.21984690921289e-05
gaggtgcagctgttggagtctgggggaggcttggtacagcctggggggtccctgagactctcctgtgcagcctctggattcacctttagcagctatgccatgagctgggtccgccaggctccagggaaggggctggagtgggtctcagctattagtggtagtggtggtagcacatactacgcagactccgtgaagggccggttcaccatctccagagacaattccaagaacacgctgtatctgcaaatgaacagcctgagagccgaggacacggccgtatattactgtgcgaaagaaggggttgtggtggtgattgctattgactactggggccaaggaaccctggtcaccgtctcctca	IGHV3-23	IGHD2-21	IGHJ4	tgtgcgaaagaaggggttgtggtggtgattgctattgactactgg	2	1.21984690921289e-05
caggtgcagctggtgcagtctggggctgaggtgaagaagcctggggcctcagtgaaggtctcctgcaaggcttctggatacaccttcaccagttatgatatcaactgggtgcgacaggccactggacaagggcttgagtggatgggatggatgaaccctaacagtggtaacacaggctatgcacagaagttccagggcagagtcaccatgaccaggaacacctccataagcacagcctacatggagctgagcagcctgagatctgaggacacggccgtgtattactgtgcgagaggtcgtagagatggctacaattacggtgatgtctggggccaagggacaatggtcaccgtctcttca	IGHV1-8	IGHD5-24	IGHJ3	tgtgcgagaggtcgtagagatggctacaattacggtgatgtctgg	2	1.21984690921289e-05
gaggtgcagctggtggagtctgggggaggcttggtaaagcctggggggtcccttagactctcctgtgcagcctctggattcactttcagtaacgcctggatgagctgggtccgccaggctccagggaaggggctggagtgggttggccgtattaaaagcaaaactgatggtgggacaacagactacgctgcacccgtgaaaggcagattcaccatctcaagagatgattcaaaaaacacgctgtatctgcaaatgaacagcctgaaaaccgaggacacagccgtgtattactgtaccacagacccgagtgggagctacgactactttgactactggggccaaggaaccctggtcaccgtctcctca	IGHV3-15	IGHD1-26	IGHJ4	tgtaccacagacccgagtgggagctacgactactttgactactgg	2	1.21984690921289e-05
caggtgcagctggtgcagtctggggctgaggtgaagaagcctgggtcctcggtgaaggtctcctgcaaggcttctggaggcaccttcagcagctatgctatcagctgggtgcgacaggcccctggacaagggcttgagtggatgggagggatcatccctatctttggtacagcaaactacgcacagaagttccagggcagagtcacgattaccgcggacgaatccacgagcacagcctacatggagctgagcagcctgagatctgaggacacggccgtgtattactgtgcgagtcgggtatgccccaactggttcgactcctggggccaaggaaccctggtcaccgtctcctca	IGHV1-69	IGHD2-2	IGHJ5	tgtgcgagtcgggtatgccccaactggttcgactcctgg	2	1.21984690921289e-05
caggtgcagctggtggagtctgggggaggcttggtcaagcctggagggtccctgagactctcctgtgcagcctctggattcaccttcagtgactactacatgagctggatccgccaggctccagggaaggggctggagtgggtttcatacattagtagtagtggtagtaccatatactacgcagactctgtgaagggccgattcaccatctccagggacaacgccaagaactcactgtatctgcaaatgaacagcctgagagccgaggacacggccgtgtattactgtgcgagagaaatctacggtgactacaactggttcgactcctggggccaaggaaccctggtcaccgtctcctca	IGHV3-11	IGHD4-17	IGHJ5	tgtgcgagagaaatctacggtgactacaactggttcgactcctgg	2	1.21984690921289e-05
caggtgcagctggtgcagtctggggctgaggtgaagaagcctggggcctcagtgaaggtctcctgcaaggcttctggatacaccttcaccggctactatatgcactgggtgcgacaggcccctggacaagggcttgagtggatgggacggatcaaccctaacagtggtggcacaaactatgcacagaagtttcagggcagggtcaccagtaccagggacacgtccatcagcacagcctacatggagctgagcaggctgagatctgacgacacggtcgtgtattactgtgcgagagagaggctcgtggacaactggttcgactcctggggccaaggaaccctggtcaccgtctcctca	IGHV1-2	IGHD6-6	IGHJ5	tgtgcgagagagaggctcgtggacaactggttcgactcctgg	2	1.21984690921289e-05
caggtgcagctggtgcagtctggggctgaggtgaagaagcctggggcctcagtgaaggtctcctgcaaggcttctggatacaccttcaccagttatgatatcaactgggtgcgacaggccactggacaagggcttgagtggatgggatggatgaaccctaacagtggtaacacaggctatgcacagaagttccagggcagagtcaccatgaccaggaacacctccataagcacagcctacatggagctgagcagcctgagatctgaggacacggccgtgtattactgtgcgagaggctgggagctactacgccactttgactactggggccaaggaaccctggtcaccgtctcctca	IGHV1-8	IGHD1-26	IGHJ4	tgtgcgagaggctgggagctactacgccactttgactactgg	2	1.21984690921289e-05
gaggtgcagctggtgcagtctggagcagaggtgaaaaagcccggggagtctctgaagatctcctgtaagggttctggatacagctttaccagctactggatcggctgggtgcgccagatgcccgggaaaggcctggagtggatggggatcatctatcctggtgactctgataccagatacagcccgtccttccaaggccaggtcaccatctcagccgacaagtccatcagcaccgcctacctgcagtggagcagcctgaaggcctcggacaccgccatgtattactgtgcgagacaccgcagcagctggtacgttgactactggggccaaggaaccctggtcaccgtctcctca	IGHV5-51	IGHD6-13	IGHJ4	tgtgcgagacaccgcagcagctggtacgttgactactgg	2	1.21984690921289e-05
caggttcagctggtgcagtctggagctgaggtgaagaagcctggggcctcagtgaaggtctcctgcaaggcttctggttacacctttaccagctatggtatcagctgggtgcgacaggcccctggacaagggcttgagtggatgggatggatcagcgcttacaatggtaacacaaactatgcacagaagctccagggcagagtcaccatgaccacagacacatccacgagcacagcctacatggagctgaggagcctgagatctgacgacacggccgtgtattactgtgcgagagataggatagcagcttactttgactactggggccaaggaaccctggtcaccgtctcctca	IGHV1-18	IGHD6-6	IGHJ4	tgtgcgagagataggatagcagcttactttgactactgg	2	1.21984690921289e-05
caggttcagctggtgcagtctggagctgaggtgaagaagcctggggcctcagtgaaggtctcctgcaaggcttctggttacacctttaccagctatggtatcagctgggtgcgacaggcccctggacaagggcttgagtggatgggatggatcagcgcttacaatggtaacacaaactatgcacagaagctccagggcagagtcaccatgaccacagacacatccacgagcacagcctacatggagctgaggagcctgagatctgacgacacggccgtgtattactgtgcgagagagggctatgataccccgtttgactactggggccaaggaaccctggtcaccgtctcctca	IGHV1-18	IGHD3-22	IGHJ4	tgtgcgagagagggctatgataccccgtttgactactgg	2	1.21984690921289e-05
gaggtgcagctggtggagtctggaggaggcttgatccagcctggggggtccctgagactctcctgtgcagcctctgggttcaccgtcagtagcaactacatgagctgggtccgccaggctccagggaaggggctggagtgggtctcagttatttatagcggtggtagcacatactacgcagactccgtgaagggccgattcaccatctccagagacaattccaagaacacgctgtatcttcaaatgaacagcctgagagccgaggacacggccgtgtattactgtgcgagagagagagggtatagcagcagctgggactactggggccaaggaaccctggtcaccgtctcctca	IGHV3-53	IGHD6-13	IGHJ4	tgtgcgagagagagagggtatagcagcagctgggactactgg	2	1.21984690921289e-05
gaggtgcagctgttggagtctgggggaggcttggtacagcctggggggtccctgagactctcctgtgcagcctctggattcacctttagcagctatgccatgagctgggtccgccaggctccagggaaggggctggagtgggtctcagctattagtggtagtggtggtagcacatactacgcagactccgtgaagggccggttcaccatctccagagacaattccaagaacacgctgtatctgcaaatgaacagcctgagagccgaggacacggccgtatattactgtgcgaacgtagtggctacgagctactttgactactggggccaaggaaccctggtcaccgtctcctca	IGHV3-23	IGHD5-12	IGHJ4	tgtgcgaacgtagtggctacgagctactttgactactgg	2	1.21984690921289e-05
gaagtgcagctggtggagtctgggggagtcgtggtacagcctggggggtccctgagactctcctgtgcagcctctggattcacctttgatgattataccatgcactgggtccgtcaagctccggggaagggtctggagtgggtctctcttattagttgggatggtggtagcacatactatgcagactctgtgaagggccgattcaccatctccagagacaacagcaaaaactccctgtatctgcaaatgaacagtctgagaactgaggacaccgccttgtattactgtgcaaaagatagtgactacagttactttgactactggggccaaggaaccctggtcaccgtctcctca	IGHV3-43	IGHD4-17	IGHJ4	tgtgcaaaagatagtgactacagttactttgactactgg	2	1.21984690921289e-05
caggtccagcttgtgcagtctggggctgaggtgaagaagcctggggcctcagtgaaggtttcctgcaaggcttctggatacaccttcactagctatgctatgcattgggtgcgccaggcccccggacaaaggcttgagtggatgggatggatcaacgctggcaatggtaacacaaaatattcacagaagttccagggcagagtcaccattaccagggacacatccgcgagcacagcctacatggagctgagcagcctgagatctgaagacacggctgtgtattactgtgcgagggtagtaccagctgctatgccctttgactactggggccaaggaaccctggtcaccgtctcctca	IGHV1-3	IGHD2-2	IGHJ4	tgtgcgagggtagtaccagctgctatgccctttgactactgg	2	1.21984690921289e-05
gaggtgcagctggtggagtctgggggaggcttggtaaagcctggggggtcccttagactctcctgtgcagcctctggattcactttcagtaacgcctggatgagctgggtccgccaggctccagggaaggggctggagtgggttggccgtattaaaagcaaaactgatggtgggacaacagactacgctgcacccgtgaaaggcagattcaccatctcaagagatgattcaaaaaacacgctgtatctgcaaatgaacagcctgaaaaccgaggacacagccgtgtattactgtaccactatggttcggggagttattatatttgactactggggccaaggaaccctggtcaccgtctcctca	IGHV3-15	IGHD3-10	IGHJ4	tgtaccactatggttcggggagttattatatttgactactgg	2	1.21984690921289e-05
caggtgcagctacagcagtggggcgcaggactgttgaagccttcggagaccctgtccctcacctgcgctgtctatggtgggtccttcagtggttactactggagctggatccgccagcccccagggaaggggctggagtggattggggaaatcaatcatagtggaagcaccaactacaacccgtccctcaagagtcgagtcaccatatcagtagacacgtccaagaaccagttctccctgaagctgagctctgtgaccgccgcggacacggctgtgtattactgtgcgagagggtataactggaacctctactttgactactggggccaaggaaccctggtcaccgtctcctca	IGHV4-34	IGHD1-7	IGHJ4	tgtgcgagagggtataactggaacctctactttgactactgg	2	1.21984690921289e-05
gaggtgcagctgttggagtctgggggaggcttggtacagcctggggggtccctgagactctcctgtgcagcctctggattcacctttagcagctatgccatgagctgggtccgccaggctccagggaaggggctggagtgggtctcagctattagtggtagtggtggtagcacatactacgcagactccgtgaagggccggttcaccatctccagagacaattccaagaacacgctgtatctgcaaatgaacagcctgagagccgaggacacggccgtatattactgtgcgaaagattgtgggagctactacccttactttgactactggggccaaggaaccctggtcaccgtctcctca	IGHV3-23	IGHD1-26	IGHJ4	tgtgcgaaagattgtgggagctactacccttactttgactactgg	2	1.21984690921289e-05
caggtgcagctggtgcagtctggggctgaggtgaagaagcctggggcctcagtgaaggtctcctgcaaggcttctggatacaccttcaccggctactatatgcactgggtgcgacaggcccctggacaagggcttgagtggatgggacggatcaaccctaacagtggtggcacaaactatgcacagaagtttcagggcagggtcaccagtaccagggacacgtccatcagcacagcctacatggagctgagcaggctgagatctgacgacacggtcgtgtattactgtgcgagagacaacagtggctggtactttgactactggggccaaggaaccctggtcaccgtctcctca	IGHV1-2	IGHD6-19	IGHJ4	tgtgcgagagacaacagtggctggtactttgactactgg	2	1.21984690921289e-05
gaggtgcagctggtgcagtctggagcagaggtgaaaaagcccggggagtctctgaagatctcctgtaagggttctggatacagctttaccagctactggatcggctgggtgcgccagatgcccgggaaaggcctggagtggatggggatcatctatcctggtgactctgataccagatacagcccgtccttccaaggccaggtcaccatctcagccgacaagtccatcagcaccgcctacctgcagtggagcagcctgaaggcctcggacaccgccatgtattactgtgcgagacaacctacggtggtaactccggtgtttgactactggggccaaggaaccctggtcaccgtctcctca	IGHV5-51	IGHD4-23	IGHJ4	tgtgcgagacaacctacggtggtaactccggtgtttgactactgg	2	1.21984690921289e-05
caggtgcagctggtgcagtctggggctgaggtgaagaagcctggggcctcagtgaaggtctcctgcaaggcttctggatacaccttcaccagttatgatatcaactgggtgcgacaggccactggacaagggcttgagtggatgggatggatgaaccctaacagtggtaacacaggctatgcacagaagttccagggcagagtcaccatgaccaggaacacctccataagcacagcctacatggagctgagcagcctgagatctgaggacacggccgtgtattactgtgcgagtcggtacggtgactacggtgaatacttccagcactggggccagggcaccctggtcaccgtctcctca	IGHV1-8	IGHD4-17	IGHJ1	tgtgcgagtcggtacggtgactacggtgaatacttccagcactgg	2	1.21984690921289e-05
caggtgcagctggtgcagtctggggctgaggtgaagaagcctgggtcctcggtgaaggtctcctgcaaggcttctggaggcaccttcagcagctatgctatcagctgggtgcgacaggcccctggacaagggcttgagtggatgggagggatcatccctatctttggtacagcaaactacgcacagaagttccagggcagagtcacgattaccgcggacgaatccacgagcacagcctacatggagctgagcagcctgagatctgaggacacggccgtgtattactgtgcgagagacccagacgatattgatgcttttgatgtctggggccaagggacaatggtcaccgtctcttca	IGHV1-69	IGHD3-9	IGHJ3	tgtgcgagagacccagacgatattgatgcttttgatgtctgg	2	1.21984690921289e-05
gaggtgcagctggtggagtctgggggaggtgtggtacggcctggggggtccctgagactctcctgtgcagcctctggattcacctttgatgattatggcatgagctgggtccgccaagctccagggaaggggctggagtgggtctctggtattaattggaatggtggtagcacaggttatgcagactctgtgaagggccgattcaccatctccagagacaacgccaagaactccctgtatctgcaaatgaacagtctgagagccgaggacacggccttgtatcactgtgcgagagacaagggtcgtcccccttttgatgtctggggccaagggacaatggtcaccgtctcttca	IGHV3-20	IGHD6-6	IGHJ3	tgtgcgagagacaagggtcgtcccccttttgatgtctgg	2	1.21984690921289e-05
gaggtgcagctgttggagtctgggggaggcttggtacagcctggggggtccctgagactctcctgtgcagcctctggattcacctttagcagctatgccatgagctgggtccgccaggctccagggaaggggctggagtgggtctcagctattagtggtagtggtggtagcacatactacgcagactccgtgaagggccggttcaccatctccagagacaattccaagaacacgctgtatctgcaaatgaacagcctgagagccgaggacacggccgtatattactgtgcgaaagacgggccgactacgattacctactttgactactggggccaaggaaccctggtcaccgtctcctca	IGHV3-23	IGHD5-12	IGHJ4	tgtgcgaaagacgggccgactacgattacctactttgactactgg	2	1.21984690921289e-05
gaggtgcagctggtgcagtctggagcagaggtgaaaaagcccggggagtctctgaagatctcctgtaagggttctggatacagctttaccagctactggatcggctgggtgcgccagatgcccgggaaaggcctggagtggatggggatcatctatcctggtgactctgataccagatacagcccgtccttccaaggccaggtcaccatctcagccgacaagtccatcagcaccgcctacctgcagtggagcagcctgaaggcctcggacaccgccatgtattactgtgcgagacatgctacggtggtaactccgttcgactcctggggccaaggaaccctggtcaccgtctcctca	IGHV5-51	IGHD4-23	IGHJ5	tgtgcgagacatgctacggtggtaactccgttcgactcctgg	2	1.21984690921289e-05
caggtgcagctggtgcagtctggggctgaggtgaagaagcctgggtcctcggtgaaggtctcctgcaaggcttctggaggcaccttcagcagctatgctatcagctgggtgcgacaggcccctggacaagggcttgagtggatgggagggatcatccctatctttggtacagcaaactacgcacagaagttccagggcagagtcacgattaccgcggacgaatccacgagcacagcctacatggagctgagcagcctgagatctgaggacacggccgtgtattactgtgcgagagatccctctagctactacaactggttcgactcctggggccaaggaaccctggtcaccgtctcctca	IGHV1-69	IGHD1-26	IGHJ5	tgtgcgagagatccctctagctactacaactggttcgactcctgg	2	1.21984690921289e-05
caggtgcagctggtgcagtctggggctgaggtgaagaagcctgggtcctcggtgaaggtctcctgcaaggcttctggaggcaccttcagcagctatgctatcagctgggtgcgacaggcccctggacaagggcttgagtggatgggagggatcatccctatctttggtacagcaaactacgcacagaagttccagggcagagtcacgattaccgcggacgaatccacgagcacagcctacatggagctgagcagcctgagatctgaggacacggccgtgtattactgtgcgtatagcagcagctggaagcttttgtactttgactactggggccaaggaaccctggtcaccgtctcctca	IGHV1-69	IGHD6-13	IGHJ4	tgtgcgtatagcagcagctggaagcttttgtactttgactactgg	2	1.21984690921289e-05
caggtgcagctggtgcagtctggggctgaggtgaagaagcctgggtcctcggtgaaggtctcctgcaaggcttctggaggcaccttcagcagctatgctatcagctgggtgcgacaggcccctggacaagggcttgagtggatgggagggatcatccctatctttggtacagcaaactacgcacagaagttccagggcagagtcacgattaccgcggacgaatccacgagcacagcctacatggagctgagcagcctgagatctgaggacacggccgtgtattactgtgcgagagagaggtacggtggtacctactttgactactggggccaaggaaccctggtcaccgtctcctca	IGHV1-69	IGHD4-23	IGHJ4	tgtgcgagagagaggtacggtggtacctactttgactactgg	2	1.21984690921289e-05
caggtgcagctggtgcagtctggggctgaggtgaagaagcctgggtcctcggtgaaggtctcctgcaaggcttctggaggcaccttcagcagctatgctatcagctgggtgcgacaggcccctggacaagggcttgagtggatgggagggatcatccctatctttggtacagcaaactacgcacagaagttccagggcagagtcacgattaccgcggacgaatccacgagcacagcctacatggagctgagcagcctgagatctgaggacacggccgtgtattactgtgcagggtatagtgggagctactacggatttgactactggggccaaggaaccctggtcaccgtctcctca	IGHV1-69	IGHD1-26	IGHJ4	tgtgcagggtatagtgggagctactacggatttgactactgg	2	1.21984690921289e-05
caggtgcagctggtgcagtctggggctgaggtgaagaagcctgggtcctcggtgaaggtctcctgcaaggcttctggaggcaccttcagcagctatgctatcagctgggtgcgacaggcccctggacaagggcttgagtggatgggagggatcatccctatctttggtacagcaaactacgcacagaagttccagggcagagtcacgattaccgcggacgaatccacgagcacagcctacatggagctgagcagcctgagatctgaggacacggccgtgtattactgtgcgagagaggtagcagcagcacccctctttgactactggggccaaggaaccctggtcaccgtctcctca	IGHV1-69	IGHD6-13	IGHJ4	tgtgcgagagaggtagcagcagcacccctctttgactactgg	2	1.21984690921289e-05
gaggtgcagctgttggagtctgggggaggcttggtacagcctggggggtccctgagactctcctgtgcagcctctggattcacctttagcagctatgccatgagctgggtccgccaggctccagggaaggggctggagtgggtctcagctattagtggtagtggtggtagcacatactacgcagactccgtgaagggccggttcaccatctccagagacaattccaagaacacgctgtatctgcaaatgaacagcctgagagccgaggacacggccgtatattactgtgcgaaagaggggggagcagggggctttgactactggggccaaggaaccctggtcaccgtctcctca	IGHV3-23	IGHD6-19	IGHJ4	tgtgcgaaagaggggggagcagggggctttgactactgg	2	1.21984690921289e-05
caggttcagctggtgcagtctggagctgaggtgaagaagcctggggcctcagtgaaggtctcctgcaaggcttctggttacacctttaccagctatggtatcagctgggtgcgacaggcccctggacaagggcttgagtggatgggatggatcagcgcttacaatggtaacacaaactatgcacagaagctccagggcagagtcaccatgaccacagacacatccacgagcacagcctacatggagctgaggagcctgagatctgacgacacggccgtgtattactgtgcgcggcgtatagtgggagctacttcctttgactactggggccaaggaaccctggtcaccgtctcctca	IGHV1-18	IGHD1-26	IGHJ4	tgtgcgcggcgtatagtgggagctacttcctttgactactgg	2	1.21984690921289e-05
gaggtgcagctgttggagtctgggggaggcttggtacagcctggggggtccctgagactctcctgtgcagcctctggattcacctttagcagctatgccatgagctgggtccgccaggctccagggaaggggctggagtgggtctcagctattagtggtagtggtggtagcacatactacgcagactccgtgaagggccggttcaccatctccagagacaattccaagaacacgctgtatctgcaaatgaacagcctgagagccgaggacacggccgtatattactgtgcgaagaggggatggctacaagactactttgactactggggccaaggaaccctggtcaccgtctcctca	IGHV3-23	IGHD5-24	IGHJ4	tgtgcgaagaggggatggctacaagactactttgactactgg	2	1.21984690921289e-05
caggttcagctggtgcagtctggagctgaggtgaagaagcctggggcctcagtgaaggtctcctgcaaggcttctggttacacctttaccagctatggtatcagctgggtgcgacaggcccctggacaagggcttgagtggatgggatggatcagcgcttacaatggtaacacaaactatgcacagaagctccagggcagagtcaccatgaccacagacacatccacgagcacagcctacatggagctgaggagcctgagatctgacgacacggccgtgtattactgtgaatattgtagtggtggtagctgctactttgactactggggccaaggaaccctggtcaccgtctcctca	IGHV1-18	IGHD2-15	IGHJ4	tgtgaatattgtagtggtggtagctgctactttgactactgg	2	1.21984690921289e-05
gaggtgcagctggtggagtctgggggaggcttggtaaagcctggggggtcccttagactctcctgtgcagcctctggattcactttcagtaacgcctggatgagctgggtccgccaggctccagggaaggggctggagtgggttggccgtattaaaagcaaaactgatggtgggacaacagactacgctgcacccgtgaaaggcagattcaccatctcaagagatgattcaaaaaacacgctgtatctgcaaatgaacagcctgaaaaccgaggacacagccgtgtattactgtaccacagaagaatggttcggggagttatttgactactggggccaaggaaccctggtcaccgtctcctca	IGHV3-15	IGHD3-10	IGHJ4	tgtaccacagaagaatggttcggggagttatttgactactgg	2	1.21984690921289e-05
gaggtgcagctggtgcagtctggagcagaggtgaaaaagcccggggagtctctgaagatctcctgtaagggttctggatacagctttaccagctactggatcggctgggtgcgccagatgcccgggaaaggcctggagtggatggggatcatctatcctggtgactctgataccagatacagcccgtccttccaaggccaggtcaccatctcagccgacaagtccatcagcaccgcctacctgcagtggagcagcctgaaggcctcggacaccgccatgtattactgtgcgagacagagcagcagctggtccggctttgactactggggccaaggaaccctggtcaccgtctcctca	IGHV5-51	IGHD6-13	IGHJ4	tgtgcgagacagagcagcagctggtccggctttgactactgg	2	1.21984690921289e-05
gaggtgcagctggtggagtctgggggaggcttggtaaagcctggggggtcccttagactctcctgtgcagcctctggattcactttcagtaacgcctggatgagctgggtccgccaggctccagggaaggggctggagtgggttggccgtattaaaagcaaaactgatggtgggacaacagactacgctgcacccgtgaaaggcagattcaccatctcaagagatgattcaaaaaacacgctgtatctgcaaatgaacagcctgaaaaccgaggacacagccgtgtattactgtaccaacagatggctacaatatgcttttgatgtctggggccaagggacaatggtcaccgtctcttca	IGHV3-15	IGHD5-24	IGHJ3	tgtaccaacagatggctacaatatgcttttgatgtctgg	2	1.21984690921289e-05
gaggtgcagctggtggagtctgggggaggcttggtccagcctggggggtccctgagactctcctgtgcagcctctggattcaccttcagtagctatgctatgcactgggtccgccaggctccagggaagggactggaatatgtttcagctattagtagtaatgggggtagcacatattatgcaaactctgtgaagggcagattcaccatctccagagacaattccaagaacacgctgtatcttcaaatgggcagcctgagagctgaggacatggctgtgtattactgtgcgagagaccagcagtgtgatgcttttgatgtctggggccaagggacaatggtcaccgtctcttca	IGHV3-64	IGHD6-19	IGHJ3	tgtgcgagagaccagcagtgtgatgcttttgatgtctgg	2	1.21984690921289e-05
gaggtgcagctggtggagtctgggggaggtgtggtacggcctggggggtccctgagactctcctgtgcagcctctggattcacctttgatgattatggcatgagctgggtccgccaagctccagggaaggggctggagtgggtctctggtattaattggaatggtggtagcacaggttatgcagactctgtgaagggccgattcaccatctccagagacaacgccaagaactccctgtatctgcaaatgaacagtctgagagccgaggacacggccttgtatcactgtgcgagatggggtgggagctactactactttgactactggggccaaggaaccctggtcaccgtctcctca	IGHV3-20	IGHD1-26	IGHJ4	tgtgcgagatggggtgggagctactactactttgactactgg	2	1.21984690921289e-05
gaggtgcagctggtggagtctgggggaggcttggtccagcctggggggtccctgaaactctcctgtgcagcctctgggttcaccttcagtggctctgctatgcactgggtccgccaggcttccgggaaagggctggagtgggttggccgtattagaagcaaagctaacagttacgcgacagcatatgctgcgtcggtgaaaggcaggttcaccatctccagagatgattcaaagaacacggcgtatctgcaaatgaacagcctgaaaaccgaggacacggccgtgtattactgtactagttgtggtggtgattgctactactttgactactggggccaaggaaccctggtcaccgtctcctca	IGHV3-73	IGHD2-21	IGHJ4	tgtactagttgtggtggtgattgctactactttgactactgg	2	1.21984690921289e-05
caggtcaccttgaaggagtctggtcctgtgctggtgaaacccacagagaccctcacgctgacctgcaccgtctctgggttctcactcagcaatgctagaatgggtgtgagctggatccgtcagcccccagggaaggccctggagtggcttgcacacattttttcgaatgacgaaaaatcctacagcacatctctgaagagcaggctcaccatctccaaggacacctccaaaagccaggtggtccttaccatgaccaacatggaccctgtggacacagccacatattactgtgcacggatgcggtatagtgggaactttgactactggggccaaggaaccctggtcaccgtctcctca	IGHV2-26	IGHD1-26	IGHJ4	tgtgcacggatgcggtatagtgggaactttgactactgg	2	1.21984690921289e-05
caggtgcagctggtgcagtctggggctgaggtgaagaagcctggggcctcagtgaaggtctcctgcaaggcttctggatacaccttcaccggctactatatgcactgggtgcgacaggcccctggacaagggcttgagtggatgggacggatcaaccctaacagtggtggcacaaactatgcacagaagtttcagggcagggtcaccagtaccagggacacgtccatcagcacagcctacatggagctgagcaggctgagatctgacgacacggtcgtgtattactgtgcggtagagatggctacaattacggactactttgactactggggccaaggaaccctggtcaccgtctcctca	IGHV1-2	IGHD5-24	IGHJ4	tgtgcggtagagatggctacaattacggactactttgactactgg	2	1.21984690921289e-05
gaagtgcagctggtggagtctgggggagtcgtggtacagcctggggggtccctgagactctcctgtgcagcctctggattcacctttgatgattataccatgcactgggtccgtcaagctccggggaagggtctggagtgggtctctcttattagttgggatggtggtagcacatactatgcagactctgtgaagggccgattcaccatctccagagacaacagcaaaaactccctgtatctgcaaatgaacagtctgagaactgaggacaccgccttgtattactgtgcagagagatggctatccgactactttgactactggggccaaggaaccctggtcaccgtctcctca	IGHV3-43	IGHD5-24	IGHJ4	tgtgcagagagatggctatccgactactttgactactgg	2	1.21984690921289e-05
caggtgcagctggtgcagtctggggctgaggtgaagaagcctgggtcctcggtgaaggtctcctgcaaggcttctggaggcaccttcagcagctatgctatcagctgggtgcgacaggcccctggacaagggcttgagtggatgggagggatcatccctatctttggtacagcaaactacgcacagaagttccagggcagagtcacgattaccgcggacgaatccacgagcacagcctacatggagctgagcagcctgagatctgaggacacggccgtgtattactgtgcgagaggggaactatggttcggggaggtcgactcctggggccaaggaaccctggtcaccgtctcctca	IGHV1-69	IGHD3-10	IGHJ5	tgtgcgagaggggaactatggttcggggaggtcgactcctgg	2	1.21984690921289e-05
gaggtgcagctggtggagtctgggggaggcttggtacagccagggcggtccctgagactctcctgtacagcttctggattcacctttggtgattatgctatgagctggttccgccaggctccagggaaggggctggagtgggtaggtttcattagaagcaaagcttatggtgggacaacagaatacaccgcgtctgtgaaaggcagattcaccatctcaagagatggttccaaaagcatcgcctatctgcaaatgaacagcctgaaaaccgaggacacagccgtgtattactgtactagagatagcagtggctggtactttgactactggggccaaggaaccctggtcaccgtctcctca	IGHV3-49	IGHD6-19	IGHJ4	tgtactagagatagcagtggctggtactttgactactgg	2	1.21984690921289e-05
caggtgcagctacagcagtggggcgcaggactgttgaagccttcggagaccctgtccctcacctgcgctgtctatggtgggtccttcagtggttactactggagctggatccgccagcccccagggaaggggctggagtggattggggaaatcaatcatagtggaagcaccaactacaacccgtccctcaagagtcgagtcaccatatcagtagacacgtccaagaaccagttctccctgaagctgagctctgtgaccgccgcggacacggctgtgtattactgtgcgagaggcgggggactggttattggctactttgactactggggccaaggaaccctggtcaccgtctcctca	IGHV4-34	IGHD3-9	IGHJ4	tgtgcgagaggcgggggactggttattggctactttgactactgg	2	1.21984690921289e-05
gaggtgcagctgttggagtctgggggaggcttggtacagcctggggggtccctgagactctcctgtgcagcctctggattcacctttagcagctatgccatgagctgggtccgccaggctccagggaaggggctggagtgggtctcagctattagtggtagtggtggtagcacatactacgcagactccgtgaagggccggttcaccatctccagagacaattccaagaacacgctgtatctgcaaatgaacagcctgagagccgaggacacggccgtatattactgtgcgaaagatcgcagcagctggccgttcgactcctggggccaaggaaccctggtcaccgtctcctca	IGHV3-23	IGHD6-13	IGHJ5	tgtgcgaaagatcgcagcagctggccgttcgactcctgg	2	1.21984690921289e-05
gaggtgcagctggtggagtctgggggaggcttggtacagccagggcggtccctgagactctcctgtacagcttctggattcacctttggtgattatgctatgagctggttccgccaggctccagggaaggggctggagtgggtaggtttcattagaagcaaagcttatggtgggacaacagaatacaccgcgtctgtgaaaggcagattcaccatctcaagagatggttccaaaagcatcgcctatctgcaaatgaacagcctgaaaaccgaggacacagccgtgtattactgtactagagagggagtggctacgattactttctactggggccaaggaaccctggtcaccgtctcctca	IGHV3-49	IGHD5-12	IGHJ4	tgtactagagagggagtggctacgattactttctactgg	2	1.21984690921289e-05
gaggtgcagctggtggagtctgggggaggcttggtacagccagggcggtccctgagactctcctgtacagcttctggattcacctttggtgattatgctatgagctggttccgccaggctccagggaaggggctggagtgggtaggtttcattagaagcaaagcttatggtgggacaacagaatacaccgcgtctgtgaaaggcagattcaccatctcaagagatggttccaaaagcatcgcctatctgcaaatgaacagcctgaaaaccgaggacacagccgtgtattactgtactgggagtatagcaggagacaactggttcgactcctggggccaaggaaccctggtcaccgtctcctca	IGHV3-49	IGHD6-25	IGHJ5	tgtactgggagtatagcaggagacaactggttcgactcctgg	2	1.21984690921289e-05
caggtgcagctggtgcagtctggggctgaggtgaagaagcctggggcctcagtgaaggtctcctgcaaggcttctggatacaccttcaccggctactatatgcactgggtgcgacaggcccctggacaagggcttgagtggatgggacggatcaaccctaacagtggtggcacaaactatgcacagaagtttcagggcagggtcaccagtaccagggacacgtccatcagcacagcctacatggagctgagcaggctgagatctgacgacacggtcgtgtattactgtgcgagagagcggtatgatagtagtggttactactggggccaaggaaccctggtcaccgtctcctca	IGHV1-2	IGHD3-22	IGHJ4	tgtgcgagagagcggtatgatagtagtggttactactgg	2	1.21984690921289e-05
gaggtgcagctggtggagtctgggggaggcttggtaaagcctggggggtcccttagactctcctgtgcagcctctggattcactttcagtaacgcctggatgagctgggtccgccaggctccagggaaggggctggagtgggttggccgtattaaaagcaaaactgatggtgggacaacagactacgctgcacccgtgaaaggcagattcaccatctcaagagatgattcaaaaaacacgctgtatctgcaaatgaacagcctgaaaaccgaggacacagccgtgtattactgtaccacaggtagtgggagctactacggatttgatgtctggggccaagggacaatggtcaccgtctcttca	IGHV3-15	IGHD1-26	IGHJ3	tgtaccacaggtagtgggagctactacggatttgatgtctgg	2	1.21984690921289e-05
caggtgcagctacagcagtggggcgcaggactgttgaagccttcggagaccctgtccctcacctgcgctgtctatggtgggtccttcagtggttactactggagctggatccgccagcccccagggaaggggctggagtggattggggaaatcaatcatagtggaagcaccaactacaacccgtccctcaagagtcgagtcaccatatcagtagacacgtccaagaaccagttctccctgaagctgagctctgtgaccgccgcggacacggctgtgtattactgtgcgagggagttggtgtactactacggtatggacgtctgggggcaagggaccacggtcaccgtctcctca	IGHV4-34	IGHD3-10	IGHJ6	tgtgcgagggagttggtgtactactacggtatggacgtctgg	2	1.21984690921289e-05
caggtgcagctggtgcagtctggggctgaggtgaagaagcctggggcctcagtgaaggtctcctgcaaggcttctggatacaccttcaccagttatgatatcaactgggtgcgacaggccactggacaagggcttgagtggatgggatggatgaaccctaacagtggtaacacaggctatgcacagaagttccagggcagagtcaccatgaccaggaacacctccataagcacagcctacatggagctgagcagcctgagatctgaggacacggccgtgtattactgtgcgagagggtgtttgtattactatggttcggggggtcactggggccaaggaaccctggtcaccgtctcctca	IGHV1-8	IGHD3-10	IGHJ4	tgtgcgagagggtgtttgtattactatggttcggggggtcactgg	2	1.21984690921289e-05
caggtgcagctggtgcagtctggggctgaggtgaagaagcctgggtcctcggtgaaggtctcctgcaaggcttctggaggcaccttcagcagctatgctatcagctgggtgcgacaggcccctggacaagggcttgagtggatgggagggatcatccctatctttggtacagcaaactacgcacagaagttccagggcagagtcacgattaccgcggacgaatccacgagcacagcctacatggagctgagcagcctgagatctgaggacacggccgtgtattactgtgcgagagcgtatagtgggagcaggggctactttgactactggggccaaggaaccctggtcaccgtctcctca	IGHV1-69	IGHD1-26	IGHJ4	tgtgcgagagcgtatagtgggagcaggggctactttgactactgg	2	1.21984690921289e-05
caggtgcagctggtgcagtctggggctgaggtgaagaagcctggggcctcagtgaaggtctcctgcaaggcttctggatacaccttcaccggctactatatgcactgggtgcgacaggcccctggacaagggcttgagtggatgggacggatcaaccctaacagtggtggcacaaactatgcacagaagtttcagggcagggtcaccagtaccagggacacgtccatcagcacagcctacatggagctgagcaggctgagatctgacgacacggtcgtgtattactgtgcgagagacggagcagcagctggtcactttgactactggggccaaggaaccctggtcaccgtctcctca	IGHV1-2	IGHD6-13	IGHJ4	tgtgcgagagacggagcagcagctggtcactttgactactgg	2	1.21984690921289e-05
caggtgcagctacagcagtggggcgcaggactgttgaagccttcggagaccctgtccctcacctgcgctgtctatggtgggtccttcagtggttactactggagctggatccgccagcccccagggaaggggctggagtggattggggaaatcaatcatagtggaagcaccaactacaacccgtccctcaagagtcgagtcaccatatcagtagacacgtccaagaaccagttctccctgaagctgagctctgtgaccgccgcggacacggctgtgtattactgtgcgagaggggggtatagcagtaactttgactactggggccaaggaaccctggtcaccgtctcctca	IGHV4-34	IGHD6-13	IGHJ4	tgtgcgagaggggggtatagcagtaactttgactactgg	2	1.21984690921289e-05
gaggtgcagctgttggagtctgggggaggcttggtacagcctggggggtccctgagactctcctgtgcagcctctggattcacctttagcagctatgccatgagctgggtccgccaggctccagggaaggggctggagtgggtctcagctattagtggtagtggtggtagcacatactacgcagactccgtgaagggccggttcaccatctccagagacaattccaagaacacgctgtatctgcaaatgaacagcctgagagccgaggacacggccgtatattactgtgcgaaagattcggggttcgttgactactttgactactggggccaaggaaccctggtcaccgtctcctca	IGHV3-23	IGHD6-6	IGHJ4	tgtgcgaaagattcggggttcgttgactactttgactactgg	2	1.21984690921289e-05
caggtcaccttgagggagtctggtcctgcgctggtgaaacccacacagaccctcacactgacctgcaccttctctgggttctcactcagcactagtggaatgtgtgtgagctggatccgtcagcccccagggaaggccctggagtggcttgcactcattgattgggatgatgataaatactacagcacatctctgaagaccaggctcaccatctccaaggacacctccaaaaaccaggtggtccttacaatgaccaacatggaccctgtggacacagccacgtattactgtgcacggatacggtatagtgggagctactttgactactggggccaaggaaccctggtcaccgtctcctca	IGHV2-70	IGHD1-26	IGHJ4	tgtgcacggatacggtatagtgggagctactttgactactgg	2	1.21984690921289e-05
caggtgcagctacagcagtggggcgcaggactgttgaagccttcggagaccctgtccctcacctgcgctgtctatggtgggtccttcagtggttactactggagctggatccgccagcccccagggaaggggctggagtggattggggaaatcaatcatagtggaagcaccaactacaacccgtccctcaagagtcgagtcaccatatcagtagacacgtccaagaaccagttctccctgaagctgagctctgtgaccgccgcggacacggctgtgtattactgtgcgagagggaggatacgatcaagggatgcttttgatgtctggggccaagggacaatggtcaccgtctcttca	IGHV4-34	IGHD3-9	IGHJ3	tgtgcgagagggaggatacgatcaagggatgcttttgatgtctgg	2	1.21984690921289e-05
caggtgcagctggtgcagtctggggctgaggtgaagaagcctgggtcctcggtgaaggtctcctgcaaggcttctggaggcaccttcagcagctatgctatcagctgggtgcgacaggcccctggacaagggcttgagtggatgggagggatcatccctatctttggtacagcaaactacgcacagaagttccagggcagagtcacgattaccgcggacgaatccacgagcacagcctacatggagctgagcagcctgagatctgaggacacggccgtgtattactgtgcgagagaactggggacctactacggtatggacgtctgggggcaagggaccacggtcaccgtctcctca	IGHV1-69	IGHD7-27	IGHJ6	tgtgcgagagaactggggacctactacggtatggacgtctgg	2	1.21984690921289e-05
gaggtgcagctgttggagtctgggggaggcttggtacagcctggggggtccctgagactctcctgtgcagcctctggattcacctttagcagctatgccatgagctgggtccgccaggctccagggaaggggctggagtgggtctcagctattagtggtagtggtggtagcacatactacgcagactccgtgaagggccggttcaccatctccagagacaattccaagaacacgctgtatctgcaaatgaacagcctgagagccgaggacacggccgtatattactgtgcgaaagagattactatggttcggggagttgttgactactggggccaaggaaccctggtcaccgtctcctca	IGHV3-23	IGHD3-10	IGHJ4	tgtgcgaaagagattactatggttcggggagttgttgactactgg	2	1.21984690921289e-05
cagatcaccttgaaggagtctggtcctacgctggtgaaacccacacagaccctcacgctgacctgcaccttctctgggttctcactcagcactagtggagtgggtgtgggctggatccgtcagcccccaggaaaggccctggagtggcttgcactcatttattggaatgatgataagcgctacagcccatctctgaagagcaggctcaccatcaccaaggacacctccaaaaaccaggtggtccttacaatgaccaacatggaccctgtggacacagccacatattactgtgcacacaccgacggtggtaactccggatttgactactggggccaaggaaccctggtcaccgtctcctca	IGHV2-5	IGHD4-23	IGHJ4	tgtgcacacaccgacggtggtaactccggatttgactactgg	2	1.21984690921289e-05
caggttcagctggtgcagtctggagctgaggtgaagaagcctggggcctcagtgaaggtctcctgcaaggcttctggttacacctttaccagctatggtatcagctgggtgcgacaggcccctggacaagggcttgagtggatgggatggatcagcgcttacaatggtaacacaaactatgcacagaagctccagggcagagtcaccatgaccacagacacatccacgagcacagcctacatggagctgaggagcctgagatctgacgacacggccgtgtattactgtgcgagaggtggctggtatttgtactttgactactggggccaaggaaccctggtcaccgtctcctca	IGHV1-18	IGHD6-19	IGHJ4	tgtgcgagaggtggctggtatttgtactttgactactgg	2	1.21984690921289e-05
gaggtgcagctgttggagtctgggggaggcttggtacagcctggggggtccctgagactctcctgtgcagcctctggattcacctttagcagctatgccatgagctgggtccgccaggctccagggaaggggctggagtgggtctcagctattagtggtagtggtggtagcacatactacgcagactccgtgaagggccggttcaccatctccagagacaattccaagaacacgctgtatctgcaaatgaacagcctgagagccgaggacacggccgtatattactgtgcgaaagagtgggagctacttctttactttgactactggggccaaggaaccctggtcaccgtctcctca	IGHV3-23	IGHD1-26	IGHJ4	tgtgcgaaagagtgggagctacttctttactttgactactgg	2	1.21984690921289e-05
gaggtgcagctggtggagtctgggggaggtgtggtacggcctggggggtccctgagactctcctgtgcagcctctggattcacctttgatgattatggcatgagctgggtccgccaagctccagggaaggggctggagtgggtctctggtattaattggaatggtggtagcacaggttatgcagactctgtgaagggccgattcaccatctccagagacaacgccaagaactccctgtatctgcaaatgaacagtctgagagccgaggacacggccttgtatcactgtgcgagagagatgagagatggctacaggtttgactactggggccaaggaaccctggtcaccgtctcctca	IGHV3-20	IGHD5-24	IGHJ4	tgtgcgagagagatgagagatggctacaggtttgactactgg	2	1.21984690921289e-05
caggttcagctggtgcagtctggagctgaggtgaagaagcctggggcctcagtgaaggtctcctgcaaggcttctggttacacctttaccagctatggtatcagctgggtgcgacaggcccctggacaagggcttgagtggatgggatggatcagcgcttacaatggtaacacaaactatgcacagaagctccagggcagagtcaccatgaccacagacacatccacgagcacagcctacatggagctgaggagcctgagatctgacgacacggccgtgtattactgtgcgagagagcagtggctggtacccaactggttcgactcctggggccaaggaaccctggtcaccgtctcctca	IGHV1-18	IGHD6-19	IGHJ5	tgtgcgagagagcagtggctggtacccaactggttcgactcctgg	2	1.21984690921289e-05
caggtgcagctggtgcagtctggggctgaggtgaagaagcctgggtcctcggtgaaggtctcctgcaaggcttctggaggcaccttcagcagctatgctatcagctgggtgcgacaggcccctggacaagggcttgagtggatgggagggatcatccctatctttggtacagcaaactacgcacagaagttccagggcagagtcacgattaccgcggacgaatccacgagcacagcctacatggagctgagcagcctgagatctgaggacacggccgtgtattactgtgcgagagatagaggcgactggggagggccttttgatgtctggggccaagggacaatggtcaccgtctcttca	IGHV1-69	IGHD7-27	IGHJ3	tgtgcgagagatagaggcgactggggagggccttttgatgtctgg	2	1.21984690921289e-05
gaggtgcagctggtggagtccgggggaggcttagttcagcctggggggtccctgagactctcctgtgcagcctctggattcaccttcagtagctactggatgcactgggtccgccaagctccagggaaggggctggtgtgggtctcacgtattaatagtgatgggagtagcacaagctacgcggactccgtgaagggccgattcaccatctccagagacaacgccaagaacacgctgtatctgcaaatgaacagtctgagagccgaggacacggctgtgtattactgtgcaagagacagtggctgggacaactggttcgactcctggggccaaggaaccctggtcaccgtctcctca	IGHV3-74	IGHD6-19	IGHJ5	tgtgcaagagacagtggctgggacaactggttcgactcctgg	2	1.21984690921289e-05
caggttcagctggtgcagtctggagctgaggtgaagaagcctggggcctcagtgaaggtctcctgcaaggcttctggttacacctttaccagctatggtatcagctgggtgcgacaggcccctggacaagggcttgagtggatgggatggatcagcgcttacaatggtaacacaaactatgcacagaagctccagggcagagtcaccatgaccacagacacatccacgagcacagcctacatggagctgaggagcctgagatctgacgacacggccgtgtattactgtgcgaggcggatccatccggaaccaggctttgactactggggccaaggaaccctggtcaccgtctcctca	IGHV1-18	IGHD1-14	IGHJ4	tgtgcgaggcggatccatccggaaccaggctttgactactgg	2	1.21984690921289e-05
gaggtgcagctggtggagtccgggggaggcttagttcagcctggggggtccctgagactctcctgtgcagcctctggattcaccttcagtagctactggatgcactgggtccgccaagctccagggaaggggctggtgtgggtctcacgtattaatagtgatgggagtagcacaagctacgcggactccgtgaagggccgattcaccatctccagagacaacgccaagaacacgctgtatctgcaaatgaacagtctgagagccgaggacacggctgtgtattactgtgcaagagcagtggctgccgactactttgactactggggccaaggaaccctggtcaccgtctcctca	IGHV3-74	IGHD6-19	IGHJ4	tgtgcaagagcagtggctgccgactactttgactactgg	2	1.21984690921289e-05
cagctgcagctgcaggagtccggctcaggactggtgaagccttcacagaccctgtccctcacctgcgctgtctctggtggctccatcagcagtggtggttactcctggagctggatccggcagccaccagggaagggcctggagtggattgggtacatctatcatagtgggagcacctactacaacccgtccctcaagagtcgagtcaccatatcagtagacaggtccaagaaccagttctccctgaagctgagctctgtgaccgccgcggacacggccgtgtattactgtgccagagatcgggggtatagtgggagctactacgactactggggccaaggaaccctggtcaccgtctcctca	IGHV4-30-2	IGHD1-26	IGHJ4	tgtgccagagatcgggggtatagtgggagctactacgactactgg	2	1.21984690921289e-05
caggtgcagctacagcagtggggcgcaggactgttgaagccttcggagaccctgtccctcacctgcgctgtctatggtgggtccttcagtggttactactggagctggatccgccagcccccagggaaggggctggagtggattggggaaatcaatcatagtggaagcaccaactacaacccgtccctcaagagtcgagtcaccatatcagtagacacgtccaagaaccagttctccctgaagctgagctctgtgaccgccgcggacacggctgtgtattactgtgcgagagggcagcggctaccccagtactggttcgactcctggggccaaggaaccctggtcaccgtctcctca	IGHV4-34	IGHD6-25	IGHJ5	tgtgcgagagggcagcggctaccccagtactggttcgactcctgg	2	1.21984690921289e-05
gaggtgcagctgttggagtctgggggaggcttggtacagcctggggggtccctgagactctcctgtgcagcctctggattcacctttagcagctatgccatgagctgggtccgccaggctccagggaaggggctggagtgggtctcagctattagtggtagtggtggtagcacatactacgcagactccgtgaagggccggttcaccatctccagagacaattccaagaacacgctgtatctgcaaatgaacagcctgagagccgaggacacggccgtatattactgtgcgacagcagctggtactgatgcttttgatgtctggggccaagggacaatggtcaccgtctcttca	IGHV3-23	IGHD6-13	IGHJ3	tgtgcgacagcagctggtactgatgcttttgatgtctgg	2	1.21984690921289e-05
caggtgcagctggtgcagtctggggctgaggtgaagaagcctggggcctcagtgaaggtctcctgcaaggcttctggatacaccttcaccggctactatatgcactgggtgcgacaggcccctggacaagggcttgagtggatgggacggatcaaccctaacagtggtggcacaaactatgcacagaagtttcagggcagggtcaccagtaccagggacacgtccatcagcacagcctacatggagctgagcaggctgagatctgacgacacggtcgtgtattactgtgcgagagagggatattgtagtggtggtaactttgactactggggccaaggaaccctggtcaccgtctcctca	IGHV1-2	IGHD2-15	IGHJ4	tgtgcgagagagggatattgtagtggtggtaactttgactactgg	2	1.21984690921289e-05
gaggtgcagctgttggagtctgggggaggcttggtacagcctggggggtccctgagactctcctgtgcagcctctggattcacctttagcagctatgccatgagctgggtccgccaggctccagggaaggggctggagtgggtctcagctattagtggtagtggtggtagcacatactacgcagactccgtgaagggccggttcaccatctccagagacaattccaagaacacgctgtatctgcaaatgaacagcctgagagccgaggacacggccgtatattactgtgcgaaagattatagcagtggctggtactactttgactactggggccaaggaaccctggtcaccgtctcctca	IGHV3-23	IGHD6-19	IGHJ4	tgtgcgaaagattatagcagtggctggtactactttgactactgg	2	1.21984690921289e-05
gaggtgcagctgttggagtctgggggaggcttggtacagcctggggggtccctgagactctcctgtgcagcctctggattcacctttagcagctatgccatgagctgggtccgccaggctccagggaaggggctggagtgggtctcagctattagtggtagtggtggtagcacatactacgcagactccgtgaagggccggttcaccatctccagagacaattccaagaacacgctgtatctgcaaatgaacagcctgagagccgaggacacggccgtatattactgtgcgaatcgtagtggctacgattacgcctactttgactactggggccaaggaaccctggtcaccgtctcctca	IGHV3-23	IGHD5-12	IGHJ4	tgtgcgaatcgtagtggctacgattacgcctactttgactactgg	2	1.21984690921289e-05
caggtgcagctggtgcagtctggggctgaggtgaagaagcctgggtcctcggtgaaggtctcctgcaaggcttctggaggcaccttcagcagctatgctatcagctgggtgcgacaggcccctggacaagggcttgagtggatgggagggatcatccctatctttggtacagcaaactacgcacagaagttccagggcagagtcacgattaccgcggacgaatccacgagcacagcctacatggagctgagcagcctgagatctgaggacacggccgtgtattactgtgcgagagctgtggtggtgattgctatttattttgactactggggccaaggaaccctggtcaccgtctcctca	IGHV1-69	IGHD2-21	IGHJ4	tgtgcgagagctgtggtggtgattgctatttattttgactactgg	2	1.21984690921289e-05
caggttcagctggtgcagtctggagctgaggtgaagaagcctggggcctcagtgaaggtctcctgcaaggcttctggttacacctttaccagctatggtatcagctgggtgcgacaggcccctggacaagggcttgagtggatgggatggatcagcgcttacaatggtaacacaaactatgcacagaagctccagggcagagtcaccatgaccacagacacatccacgagcacagcctacatggagctgaggagcctgagatctgacgacacggccgtgtattactgtgcgagagtgggagctactaccgactggttcgactcctggggccaaggaaccctggtcaccgtctcctca	IGHV1-18	IGHD1-26	IGHJ5	tgtgcgagagtgggagctactaccgactggttcgactcctgg	2	1.21984690921289e-05
gaggtgcagctggtggagtccgggggaggcttagttcagcctggggggtccctgagactctcctgtgcagcctctggattcaccttcagtagctactggatgcactgggtccgccaagctccagggaaggggctggtgtgggtctcacgtattaatagtgatgggagtagcacaagctacgcggactccgtgaagggccgattcaccatctccagagacaacgccaagaacacgctgtatctgcaaatgaacagtctgagagccgaggacacggctgtgtattactgtgcaagagagatagtagtggttattacttttgactactggggccaaggaaccctggtcaccgtctcctca	IGHV3-74	IGHD3-22	IGHJ4	tgtgcaagagagatagtagtggttattacttttgactactgg	2	1.21984690921289e-05
caggtcaccttgagggagtctggtcctgcgctggtgaaacccacacagaccctcacactgacctgcaccttctctgggttctcactcagcactagtggaatgtgtgtgagctggatccgtcagcccccagggaaggccctggagtggcttgcactcattgattgggatgatgataaatactacagcacatctctgaagaccaggctcaccatctccaaggacacctccaaaaaccaggtggtccttacaatgaccaacatggaccctgtggacacagccacgtattactgtgcacggaggcggtatagcagtggctggtactttgactactggggccaaggaaccctggtcaccgtctcctca	IGHV2-70	IGHD6-19	IGHJ4	tgtgcacggaggcggtatagcagtggctggtactttgactactgg	2	1.21984690921289e-05
caggtccagcttgtgcagtctggggctgaggtgaagaagcctggggcctcagtgaaggtttcctgcaaggcttctggatacaccttcactagctatgctatgcattgggtgcgccaggcccccggacaaaggcttgagtggatgggatggatcaacgctggcaatggtaacacaaaatattcacagaagttccagggcagagtcaccattaccagggacacatccgcgagcacagcctacatggagctgagcagcctgagatctgaagacacggctgtgtattactgtgcgagagaggtagagatggctacaattggctttgactactggggccaaggaaccctggtcaccgtctcctca	IGHV1-3	IGHD5-24	IGHJ4	tgtgcgagagaggtagagatggctacaattggctttgactactgg	2	1.21984690921289e-05
cagatcaccttgaaggagtctggtcctacgctggtgaaacccacacagaccctcacgctgacctgcaccttctctgggttctcactcagcactagtggagtgggtgtgggctggatccgtcagcccccaggaaaggccctggagtggcttgcactcatttattggaatgatgataagcgctacagcccatctctgaagagcaggctcaccatcaccaaggacacctccaaaaaccaggtggtccttacaatgaccaacatggaccctgtggacacagccacatattactgtgcacacagactcccgggagctactacggactttgactactggggccaaggaaccctggtcaccgtctcctca	IGHV2-5	IGHD1-26	IGHJ4	tgtgcacacagactcccgggagctactacggactttgactactgg	2	1.21984690921289e-05
caggtgcagctggtgcagtctggggctgaggtgaagaagcctgggtcctcggtgaaggtctcctgcaaggcttctggaggcaccttcagcagctatgctatcagctgggtgcgacaggcccctggacaagggcttgagtggatgggagggatcatccctatctttggtacagcaaactacgcacagaagttccagggcagagtcacgattaccgcggacgaatccacgagcacagcctacatggagctgagcagcctgagatctgaggacacggccgtgtattactgtgcgagagactgcagctgggggggctttgactactggggccaaggaaccctggtcaccgtctcctca	IGHV1-69	IGHD6-13	IGHJ4	tgtgcgagagactgcagctgggggggctttgactactgg	2	1.21984690921289e-05
caggtccagcttgtgcagtctggggctgaggtgaagaagcctggggcctcagtgaaggtttcctgcaaggcttctggatacaccttcactagctatgctatgcattgggtgcgccaggcccccggacaaaggcttgagtggatgggatggatcaacgctggcaatggtaacacaaaatattcacagaagttccagggcagagtcaccattaccagggacacatccgcgagcacagcctacatggagctgagcagcctgagatctgaagacacggctgtgtattactgtgcgagaggggagctactaccctactacggtatggacgtctgggggcaagggaccacggtcaccgtctcctca	IGHV1-3	IGHD1-26	IGHJ6	tgtgcgagaggggagctactaccctactacggtatggacgtctgg	2	1.21984690921289e-05
caggttcagctggtgcagtctggagctgaggtgaagaagcctggggcctcagtgaaggtctcctgcaaggcttctggttacacctttaccagctatggtatcagctgggtgcgacaggcccctggacaagggcttgagtggatgggatggatcagcgcttacaatggtaacacaaactatgcacagaagctccagggcagagtcaccatgaccacagacacatccacgagcacagcctacatggagctgaggagcctgagatctgacgacacggccgtgtattactgtgcgagagccgatttggagtggttattctacttccagcactggggccagggcaccctggtcaccgtctcctca	IGHV1-18	IGHD3-3	IGHJ1	tgtgcgagagccgatttggagtggttattctacttccagcactgg	2	1.21984690921289e-05
gaggtgcagctgttggagtctgggggaggcttggtacagcctggggggtccctgagactctcctgtgcagcctctggattcacctttagcagctatgccatgagctgggtccgccaggctccagggaaggggctggagtgggtctcagctattagtggtagtggtggtagcacatactacgcagactccgtgaagggccggttcaccatctccagagacaattccaagaacacgctgtatctgcaaatgaacagcctgagagccgaggacacggccgtatattactgtgcgaaagacataacgctgcactactttgactactggggccaaggaaccctggtcaccgtctcctca	IGHV3-23	IGHD7-27	IGHJ4	tgtgcgaaagacataacgctgcactactttgactactgg	2	1.21984690921289e-05
caggtacagctgcagcagtcaggtccaggactggtgaagccctcgcagaccctctcactcacctgtgccatctccggggacagtgtctctagcaacagtgctgcttggaactggatcaggcagtccccatcgagaggccttgagtggctgggaaggacatactacaggtccaagtggtataatgattatgcagtatctgtgaaaagtcgaataaccatcaacccagacacatccaagaaccagttctccctgcagctgaactctgtgactcccgaggacacggctgtgtattactgtgagggtattactatgatagtagtggttaactttgactactggggccaaggaaccctggtcaccgtctcctca	IGHV6-1	IGHD3-22	IGHJ4	tgtgagggtattactatgatagtagtggttaactttgactactgg	2	1.21984690921289e-05
caggtcaccttgagggagtctggtcctgcgctggtgaaacccacacagaccctcacactgacctgcaccttctctgggttctcactcagcactagtggaatgtgtgtgagctggatccgtcagcccccagggaaggccctggagtggcttgcactcattgattgggatgatgataaatactacagcacatctctgaagaccaggctcaccatctccaaggacacctccaaaaaccaggtggtccttacaatgaccaacatggaccctgtggacacagccacgtattactgtgcacggataggggccatgtattacgcctactttgactactggggccaaggaaccctggtcaccgtctcctca	IGHV2-70	IGHD3-3	IGHJ4	tgtgcacggataggggccatgtattacgcctactttgactactgg	2	1.21984690921289e-05
caggtgcagctggtgcagtctggggctgaggtgaagaagcctggggcctcagtgaaggtttcctgcaaggcatctggatacaccttcaccagctactatatgcactgggtgcgacaggcccctggacaagggcttgagtggatgggaataatcaaccctagtggtggtagcacaagctacgcacagaagttccagggcagagtcaccatgaccagggacacgtccacgagcacagtctacatggagctgagcagcctgagatctgaggacacggccgtgtattactgtgcgagagattcgcatattgtgggcttggactactggggccaaggaaccctggtcaccgtctcctca	IGHV1-46	IGHD2-21	IGHJ4	tgtgcgagagattcgcatattgtgggcttggactactgg	2	1.21984690921289e-05
caggtgcagctggtgcagtctggggctgaggtgaagaagcctggggcctcagtgaaggtttcctgcaaggcatctggatacaccttcaccagctactatatgcactgggtgcgacaggcccctggacaagggcttgagtggatgggaataatcaaccctagtggtggtagcacaagctacgcacagaagttccagggcagagtcaccatgaccagggacacgtccacgagcacagtctacatggagctgagcagcctgagatctgaggacacggccgtgtattactgtgcgagagggggggacggggactacggtatggacgtctgggggcaagggaccacggtcaccgtctcctca	IGHV1-46	IGHD7-27	IGHJ6	tgtgcgagagggggggacggggactacggtatggacgtctgg	2	1.21984690921289e-05
caggtgcagctggtgcagtctggggctgaggtgaagaagcctggggcctcagtgaaggtctcctgcaaggcttctggatacaccttcaccggctactatatgcactgggtgcgacaggcccctggacaagggcttgagtggatgggacggatcaaccctaacagtggtggcacaaactatgcacagaagtttcagggcagggtcaccagtaccagggacacgtccatcagcacagcctacatggagctgagcaggctgagatctgacgacacggtcgtgtattactgtgcgatgaactatgatagtagtggttattactttgactactggggccaaggaaccctggtcaccgtctcctca	IGHV1-2	IGHD3-22	IGHJ4	tgtgcgatgaactatgatagtagtggttattactttgactactgg	2	1.21984690921289e-05
caggtcaccttgaaggagtctggtcctgtgctggtgaaacccacagagaccctcacgctgacctgcaccgtctctgggttctcactcagcaatgctagaatgggtgtgagctggatccgtcagcccccagggaaggccctggagtggcttgcacacattttttcgaatgacgaaaaatcctacagcacatctctgaagagcaggctcaccatctccaaggacacctccaaaagccaggtggtccttaccatgaccaacatggaccctgtggacacagccacatattactgtgcacggatacagtgggagctactaccctttgactactggggccaaggaaccctggtcaccgtctcctca	IGHV2-26	IGHD1-26	IGHJ4	tgtgcacggatacagtgggagctactaccctttgactactgg	2	1.21984690921289e-05
caggtgcagctggtgcagtctggggctgaggtgaagaagcctggggcctcagtgaaggtctcctgcaaggcttctggatacaccttcaccagttatgatatcaactgggtgcgacaggccactggacaagggcttgagtggatgggatggatgaaccctaacagtggtaacacaggctatgcacagaagttccagggcagagtcaccatgaccaggaacacctccataagcacagcctacatggagctgagcagcctgagatctgaggacacggccgtgtattactgtgcgagagatttggggtatagcagcagctgctttgactactggggccaaggaaccctggtcaccgtctcctca	IGHV1-8	IGHD6-13	IGHJ4	tgtgcgagagatttggggtatagcagcagctgctttgactactgg	2	1.21984690921289e-05
caggtgcagctggtgcagtctggggctgaggtgaagaagcctggggcctcagtgaaggtttcctgcaaggcatctggatacaccttcaccagctactatatgcactgggtgcgacaggcccctggacaagggcttgagtggatgggaataatcaaccctagtggtggtagcacaagctacgcacagaagttccagggcagagtcaccatgaccagggacacgtccacgagcacagtctacatggagctgagcagcctgagatctgaggacacggccgtgtattactgtgcgagagtgactacggaaggctggttcgactcctggggccaaggaaccctggtcaccgtctcctca	IGHV1-46	IGHD4-17	IGHJ5	tgtgcgagagtgactacggaaggctggttcgactcctgg	2	1.21984690921289e-05
cagatcaccttgaaggagtctggtcctacgctggtgaaacccacacagaccctcacgctgacctgcaccttctctgggttctcactcagcactagtggagtgggtgtgggctggatccgtcagcccccaggaaaggccctggagtggcttgcactcatttattggaatgatgataagcgctacagcccatctctgaagagcaggctcaccatcaccaaggacacctccaaaaaccaggtggtccttacaatgaccaacatggaccctgtggacacagccacatattactgtgcacacagaccaggggggttcaatgcttttgatgtctggggccaagggacaatggtcaccgtctcttca	IGHV2-5	IGHD3-9	IGHJ3	tgtgcacacagaccaggggggttcaatgcttttgatgtctgg	2	1.21984690921289e-05
caggtgcagctggtggagtctgggggaggcttggtcaagcctggagggtccctgagactctcctgtgcagcctctggattcaccttcagtgactactacatgagctggatccgccaggctccagggaaggggctggagtgggtttcatacattagtagtagtggtagtaccatatactacgcagactctgtgaagggccgattcaccatctccagggacaacgccaagaactcactgtatctgcaaatgaacagcctgagagccgaggacacggccgtgtattactgtgcgagagatggtatagcagtggtctttgactactggggccaaggaaccctggtcaccgtctcctca	IGHV3-11	IGHD6-19	IGHJ4	tgtgcgagagatggtatagcagtggtctttgactactgg	2	1.21984690921289e-05
caggtgcagctggtgcagtctggggctgaggtgaagaagcctggggcctcagtgaaggtctcctgcaaggcttctggatacaccttcaccggctactatatgcactgggtgcgacaggcccctggacaagggcttgagtggatgggacggatcaaccctaacagtggtggcacaaactatgcacagaagtttcagggcagggtcaccagtaccagggacacgtccatcagcacagcctacatggagctgagcaggctgagatctgacgacacggtcgtgtattactgtgcgagagattctggactacgggggttcgactcctggggccaaggaaccctggtcaccgtctcctca	IGHV1-2	IGHD4-17	IGHJ5	tgtgcgagagattctggactacgggggttcgactcctgg	2	1.21984690921289e-05
gaggtgcagctggtgcagtctggagcagaggtgaaaaagcccggggagtctctgaagatctcctgtaagggttctggatacagctttaccagctactggatcggctgggtgcgccagatgcccgggaaaggcctggagtggatggggatcatctatcctggtgactctgataccagatacagcccgtccttccaaggccaggtcaccatctcagccgacaagtccatcagcaccgcctacctgcagtggagcagcctgaaggcctcggacaccgccatgtattactgtgcgagcttacgatattttgactggttagcttttgactactggggccaaggaaccctggtcaccgtctcctca	IGHV5-51	IGHD3-9	IGHJ4	tgtgcgagcttacgatattttgactggttagcttttgactactgg	1	6.09923454606447e-06
gaggtgcagctgttggagtctgggggaggcttggtacagcctggggggtccctgagactctcctgtgcagcctctggattcacctttagcagctatgccatgagctgggtccgccaggctccagggaaggggctggagtgggtctcagctattagtggtagtggtggtagcacatactacgcagactccgtgaagggccggttcaccatctccagagacaattccaagaacacgctgtatctgcaaatgaacagcctgagagccgaggacacggccgtatattactgtgcgaaagaccccgtggctggtacggactactttgactactggggccaaggaaccctggtcaccgtctcctca	IGHV3-23	IGHD6-19	IGHJ4	tgtgcgaaagaccccgtggctggtacggactactttgactactgg	1	6.09923454606447e-06
gaggtgcagctggtgcagtctggagcagaggtgaaaaagcccggggagtctctgaagatctcctgtaagggttctggatacagctttaccagctactggatcggctgggtgcgccagatgcccgggaaaggcctggagtggatggggatcatctatcctggtgactctgataccagatacagcccgtccttccaaggccaggtcaccatctcagccgacaagtccatcagcaccgcctacctgcagtggagcagcctgaaggcctcggacaccgccatgtattactgtgcgagacaaggaatagtgggagctacctttgactactggggccaaggaaccctggtcaccgtctcctca	IGHV5-51	IGHD1-26	IGHJ4	tgtgcgagacaaggaatagtgggagctacctttgactactgg	1	6.09923454606447e-06
caggtgcagctggtgcagtctggggctgaggtgaagaagcctgggtcctcggtgaaggtctcctgcaaggcttctggaggcaccttcagcagctatgctatcagctgggtgcgacaggcccctggacaagggcttgagtggatgggagggatcatccctatctttggtacagcaaactacgcacagaagttccagggcagagtcacgattaccgcggacgaatccacgagcacagcctacatggagctgagcagcctgagatctgaggacacggccgtgtattactgtgcgagagagcggagtagcagcagctactactttgactactggggccaaggaaccctggtcaccgtctcctca	IGHV1-69	IGHD6-13	IGHJ4	tgtgcgagagagcggagtagcagcagctactactttgactactgg	1	6.09923454606447e-06
gaggtgcagctggtggagtctgggggaggcttggtccagcctggggggtccctgaaactctcctgtgcagcctctgggttcaccttcagtggctctgctatgcactgggtccgccaggcttccgggaaagggctggagtgggttggccgtattagaagcaaagctaacagttacgcgacagcatatgctgcgtcggtgaaaggcaggttcaccatctccagagatgattcaaagaacacggcgtatctgcaaatgaacagcctgaaaaccgaggacacggccgtgtattactgtactagattactatggttcggggagcactttgactactggggccaaggaaccctggtcaccgtctcctca	IGHV3-73	IGHD3-10	IGHJ4	tgtactagattactatggttcggggagcactttgactactgg	1	6.09923454606447e-06
gaggtgcagctgttggagtctgggggaggcttggtacagcctggggggtccctgagactctcctgtgcagcctctggattcacctttagcagctatgccatgagctgggtccgccaggctccagggaaggggctggagtgggtctcagctattagtggtagtggtggtagcacatactacgcagactccgtgaagggccggttcaccatctccagagacaattccaagaacacgctgtatctgcaaatgaacagcctgagagccgaggacacggccgtatattactgtgcgaaagggaagactacggtggactttgactactggggccaaggaaccctggtcaccgtctcctca	IGHV3-23	IGHD4-17	IGHJ4	tgtgcgaaagggaagactacggtggactttgactactgg	1	6.09923454606447e-06
gaggtgcagctggtggagtctggaggaggcttgatccagcctggggggtccctgagactctcctgtgcagcctctgggttcaccgtcagtagcaactacatgagctgggtccgccaggctccagggaaggggctggagtgggtctcagttatttatagcggtggtagcacatactacgcagactccgtgaagggccgattcaccatctccagagacaattccaagaacacgctgtatcttcaaatgaacagcctgagagccgaggacacggccgtgtattactgtgcgagagacatagtggctaagtactttgactactggggccaaggaaccctggtcaccgtctcctca	IGHV3-53	IGHD5-12	IGHJ4	tgtgcgagagacatagtggctaagtactttgactactgg	1	6.09923454606447e-06
caggtgcagctggtgcagtctggggctgaggtgaagaagcctgggtcctcggtgaaggtctcctgcaaggcttctggaggcaccttcagcagctatgctatcagctgggtgcgacaggcccctggacaagggcttgagtggatgggagggatcatccctatctttggtacagcaaactacgcacagaagttccagggcagagtcacgattaccgcggacgaatccacgagcacagcctacatggagctgagcagcctgagatctgaggacacggccgtgtattactgtgcgagagagagtatagcagtggctgggtttgactactggggccaaggaaccctggtcaccgtctcctca	IGHV1-69	IGHD6-19	IGHJ4	tgtgcgagagagagtatagcagtggctgggtttgactactgg	1	6.09923454606447e-06
cagatcaccttgaaggagtctggtcctacgctggtgaaacccacacagaccctcacgctgacctgcaccttctctgggttctcactcagcactagtggagtgggtgtgggctggatccgtcagcccccaggaaaggccctggagtggcttgcactcatttattggaatgatgataagcgctacagcccatctctgaagagcaggctcaccatcaccaaggacacctccaaaaaccaggtggtccttacaatgaccaacatggaccctgtggacacagccacatattactgtgcacacagactgtatagcagcagcggctttgactactggggccaaggaaccctggtcaccgtctcctca	IGHV2-5	IGHD6-13	IGHJ4	tgtgcacacagactgtatagcagcagcggctttgactactgg	1	6.09923454606447e-06
gaggtgcagctggtggagtctggaggaggcttgatccagcctggggggtccctgagactctcctgtgcagcctctgggttcaccgtcagtagcaactacatgagctgggtccgccaggctccagggaaggggctggagtgggtctcagttatttatagcggtggtagcacatactacgcagactccgtgaagggccgattcaccatctccagagacaattccaagaacacgctgtatcttcaaatgaacagcctgagagccgaggacacggccgtgtattactgtgcgagagacggtggccggtactactttgactactggggccaaggaaccctggtcaccgtctcctca	IGHV3-53	IGHD4-23	IGHJ4	tgtgcgagagacggtggccggtactactttgactactgg	1	6.09923454606447e-06
gaggtgcagctgttggagtctgggggaggcttggtacagcctggggggtccctgagactctcctgtgcagcctctggattcacctttagcagctatgccatgagctgggtccgccaggctccagggaaggggctggagtgggtctcagctattagtggtagtggtggtagcacatactacgcagactccgtgaagggccggttcaccatctccagagacaattccaagaacacgctgtatctgcaaatgaacagcctgagagccgaggacacggccgtatattactgtgcgaaagaagatatagtggctagtgatgcttttgatgtctggggccaagggacaatggtcaccgtctcttca	IGHV3-23	IGHD5-12	IGHJ3	tgtgcgaaagaagatatagtggctagtgatgcttttgatgtctgg	1	6.09923454606447e-06
caggtgcagctacagcagtggggcgcaggactgttgaagccttcggagaccctgtccctcacctgcgctgtctatggtgggtccttcagtggttactactggagctggatccgccagcccccagggaaggggctggagtggattggggaaatcaatcatagtggaagcaccaactacaacccgtccctcaagagtcgagtcaccatatcagtagacacgtccaagaaccagttctccctgaagctgagctctgtgaccgccgcggacacggctgtgtattactgtgcgagcgtggtgattgctatctactttgactactggggccaaggaaccctggtcaccgtctcctca	IGHV4-34	IGHD2-21	IGHJ4	tgtgcgagcgtggtgattgctatctactttgactactgg	1	6.09923454606447e-06
caggtgcagctggtgcagtctggggctgaggtgaagaagcctggggcctcagtgaaggtctcctgcaaggcttctggatacaccttcaccggctactatatgcactgggtgcgacaggcccctggacaagggcttgagtggatgggacggatcaaccctaacagtggtggcacaaactatgcacagaagtttcagggcagggtcaccagtaccagggacacgtccatcagcacagcctacatggagctgagcaggctgagatctgacgacacggtcgtgtattactgtgcgagaggaggagtggttattataccgtggttcgactcctggggccaaggaaccctggtcaccgtctcctca	IGHV1-2	IGHD3-3	IGHJ5	tgtgcgagaggaggagtggttattataccgtggttcgactcctgg	1	6.09923454606447e-06
caggtgcagctggtggagtctgggggaggcttggtcaagcctggagggtccctgagactctcctgtgcagcctctggattcaccttcagtgactactacatgagctggatccgccaggctccagggaaggggctggagtgggtttcatacattagtagtagtggtagtaccatatactacgcagactctgtgaagggccgattcaccatctccagggacaacgccaagaactcactgtatctgcaaatgaacagcctgagagccgaggacacggccgtgtattactgtgcgagagagggggagttatcgccgtttgactactggggccaaggaaccctggtcaccgtctcctca	IGHV3-11	IGHD3-10	IGHJ4	tgtgcgagagagggggagttatcgccgtttgactactgg	1	6.09923454606447e-06
caggtgcagctggtgcagtctggggctgaggtgaagaagcctgggtcctcggtgaaggtctcctgcaaggcttctggaggcaccttcagcagctatgctatcagctgggtgcgacaggcccctggacaagggcttgagtggatgggagggatcatccctatctttggtacagcaaactacgcacagaagttccagggcagagtcacgattaccgcggacgaatccacgagcacagcctacatggagctgagcagcctgagatctgaggacacggccgtgtattactgtgcgagagaggggtggctggtagtggagtggttcgactcctggggccaaggaaccctggtcaccgtctcctca	IGHV1-69	IGHD6-19	IGHJ5	tgtgcgagagaggggtggctggtagtggagtggttcgactcctgg	1	6.09923454606447e-06
caggtgcagctggtgcagtctggggctgaggtgaagaagcctggggcctcagtgaaggtctcctgcaaggcttctggatacaccttcaccggctactatatgcactgggtgcgacaggcccctggacaagggcttgagtggatgggacggatcaaccctaacagtggtggcacaaactatgcacagaagtttcagggcagggtcaccagtaccagggacacgtccatcagcacagcctacatggagctgagcaggctgagatctgacgacacggtcgtgtattactgtgcgagagatatagtggctacgattacctactttgactactggggccaaggaaccctggtcaccgtctcctca	IGHV1-2	IGHD5-12	IGHJ4	tgtgcgagagatatagtggctacgattacctactttgactactgg	1	6.09923454606447e-06
cagatcaccttgaaggagtctggtcctacgctggtgaaacccacacagaccctcacgctgacctgcaccttctctgggttctcactcagcactagtggagtgggtgtgggctggatccgtcagcccccaggaaaggccctggagtggcttgcactcatttattggaatgatgataagcgctacagcccatctctgaagagcaggctcaccatcaccaaggacacctccaaaaaccaggtggtccttacaatgaccaacatggaccctgtggacacagccacatattactgtgcacacagagaggttgactggaactggttcgactcctggggccaaggaaccctggtcaccgtctcctca	IGHV2-5	IGHD3-9	IGHJ5	tgtgcacacagagaggttgactggaactggttcgactcctgg	1	6.09923454606447e-06
gaggtgcagctgttggagtctgggggaggcttggtacagcctggggggtccctgagactctcctgtgcagcctctggattcacctttagcagctatgccatgagctgggtccgccaggctccagggaaggggctggagtgggtctcagctattagtggtagtggtggtagcacatactacgcagactccgtgaagggccggttcaccatctccagagacaattccaagaacacgctgtatctgcaaatgaacagcctgagagccgaggacacggccgtatattactgtgcgaaagacagagatggctacaattactactttgactactggggccaaggaaccctggtcaccgtctcctca	IGHV3-23	IGHD5-24	IGHJ4	tgtgcgaaagacagagatggctacaattactactttgactactgg	1	6.09923454606447e-06
caggtgcagctacagcagtggggcgcaggactgttgaagccttcggagaccctgtccctcacctgcgctgtctatggtgggtccttcagtggttactactggagctggatccgccagcccccagggaaggggctggagtggattggggaaatcaatcatagtggaagcaccaactacaacccgtccctcaagagtcgagtcaccatatcagtagacacgtccaagaaccagttctccctgaagctgagctctgtgaccgccgcggacacggctgtgtattactgtgatgtggtggtgattgctatccactttgactactggggccaaggaaccctggtcaccgtctcctca	IGHV4-34	IGHD2-21	IGHJ4	tgtgatgtggtggtgattgctatccactttgactactgg	1	6.09923454606447e-06
gaggtgcagctgttggagtctgggggaggcttggtacagcctggggggtccctgagactctcctgtgcagcctctggattcacctttagcagctatgccatgagctgggtccgccaggctccagggaaggggctggagtgggtctcagctattagtggtagtggtggtagcacatactacgcagactccgtgaagggccggttcaccatctccagagacaattccaagaacacgctgtatctgcaaatgaacagcctgagagccgaggacacggccgtatattactgtgcgaaagctgggagctactacaactggttcgactcctggggccaaggaaccctggtcaccgtctcctca	IGHV3-23	IGHD1-26	IGHJ5	tgtgcgaaagctgggagctactacaactggttcgactcctgg	1	6.09923454606447e-06
caggtgcagctggtgcagtctggggctgaggtgaagaagcctgggtcctcggtgaaggtctcctgcaaggcttctggaggcaccttcagcagctatgctatcagctgggtgcgacaggcccctggacaagggcttgagtggatgggagggatcatccctatctttggtacagcaaactacgcacagaagttccagggcagagtcacgattaccgcggacgaatccacgagcacagcctacatggagctgagcagcctgagatctgaggacacggccgtgtattactgtgcgagaccagtggctggcctctactttgactactggggccaaggaaccctggtcaccgtctcctca	IGHV1-69	IGHD6-19	IGHJ4	tgtgcgagaccagtggctggcctctactttgactactgg	1	6.09923454606447e-06
caggtcaccttgaaggagtctggtcctgtgctggtgaaacccacagagaccctcacgctgacctgcaccgtctctgggttctcactcagcaatgctagaatgggtgtgagctggatccgtcagcccccagggaaggccctggagtggcttgcacacattttttcgaatgacgaaaaatcctacagcacatctctgaagagcaggctcaccatctccaaggacacctccaaaagccaggtggtccttaccatgaccaacatggaccctgtggacacagccacatattactgtgcacggaccctagcagcagctggtacttactttgactactggggccaaggaaccctggtcaccgtctcctca	IGHV2-26	IGHD6-13	IGHJ4	tgtgcacggaccctagcagcagctggtacttactttgactactgg	1	6.09923454606447e-06
gaggtgcagctgttggagtctgggggaggcttggtacagcctggggggtccctgagactctcctgtgcagcctctggattcacctttagcagctatgccatgagctgggtccgccaggctccagggaaggggctggagtgggtctcagctattagtggtagtggtggtagcacatactacgcagactccgtgaagggccggttcaccatctccagagacaattccaagaacacgctgtatctgcaaatgaacagcctgagagccgaggacacggccgtatattactgtgcgaaaggagtagtggttattactcactactttgactactggggccaaggaaccctggtcaccgtctcctca	IGHV3-23	IGHD3-22	IGHJ4	tgtgcgaaaggagtagtggttattactcactactttgactactgg	1	6.09923454606447e-06
caggtgcagctggtgcagtctggggctgaggtgaagaagcctggggcctcagtgaaggtctcctgcaaggcttctggatacaccttcaccggctactatatgcactgggtgcgacaggcccctggacaagggcttgagtggatgggacggatcaaccctaacagtggtggcacaaactatgcacagaagtttcagggcagggtcaccagtaccagggacacgtccatcagcacagcctacatggagctgagcaggctgagatctgacgacacggtcgtgtattactgtgcgagaggagggacacggcccgacaactggttcgactcctggggccaaggaaccctggtcaccgtctcctca	IGHV1-2	IGHD4-17	IGHJ5	tgtgcgagaggagggacacggcccgacaactggttcgactcctgg	1	6.09923454606447e-06
gaggtgcagctgttggagtctgggggaggcttggtacagcctggggggtccctgagactctcctgtgcagcctctggattcacctttagcagctatgccatgagctgggtccgccaggctccagggaaggggctggagtgggtctcagctattagtggtagtggtggtagcacatactacgcagactccgtgaagggccggttcaccatctccagagacaattccaagaacacgctgtatctgcaaatgaacagcctgagagccgaggacacggccgtatattactgtgcgaaagagggatcggggccccgtgatgcttttgatgtctggggccaagggacaatggtcaccgtctcttca	IGHV3-23	IGHD3-10	IGHJ3	tgtgcgaaagagggatcggggccccgtgatgcttttgatgtctgg	1	6.09923454606447e-06
caggtgcagctggtgcagtctggggctgaggtgaagaagcctggggcctcagtgaaggtctcctgcaaggcttctggatacaccttcaccagttatgatatcaactgggtgcgacaggccactggacaagggcttgagtggatgggatggatgaaccctaacagtggtaacacaggctatgcacagaagttccagggcagagtcaccatgaccaggaacacctccataagcacagcctacatggagctgagcagcctgagatctgaggacacggccgtgtattactgtgcgagagggggtgactacccatcaggctttgactactggggccaaggaaccctggtcaccgtctcctca	IGHV1-8	IGHD4-17	IGHJ4	tgtgcgagagggggtgactacccatcaggctttgactactgg	1	6.09923454606447e-06
gaggtgcagctgttggagtctgggggaggcttggtacagcctggggggtccctgagactctcctgtgcagcctctggattcacctttagcagctatgccatgagctgggtccgccaggctccagggaaggggctggagtgggtctcagctattagtggtagtggtggtagcacatactacgcagactccgtgaagggccggttcaccatctccagagacaattccaagaacacgctgtatctgcaaatgaacagcctgagagccgaggacacggccgtatattactgtgcgaaagaagtggctacgattacacactactttgactactggggccaaggaaccctggtcaccgtctcctca	IGHV3-23	IGHD5-12	IGHJ4	tgtgcgaaagaagtggctacgattacacactactttgactactgg	1	6.09923454606447e-06
caggttcagctggtgcagtctggagctgaggtgaagaagcctggggcctcagtgaaggtctcctgcaaggcttctggttacacctttaccagctatggtatcagctgggtgcgacaggcccctggacaagggcttgagtggatgggatggatcagcgcttacaatggtaacacaaactatgcacagaagctccagggcagagtcaccatgaccacagacacatccacgagcacagcctacatggagctgaggagcctgagatctgacgacacggccgtgtattactgtgcgagagaggggggtgggagctacttatttgactactggggccaaggaaccctggtcaccgtctcctca	IGHV1-18	IGHD1-26	IGHJ4	tgtgcgagagaggggggtgggagctacttatttgactactgg	1	6.09923454606447e-06
gaggtgcagctgttggagtctgggggaggcttggtacagcctggggggtccctgagactctcctgtgcagcctctggattcacctttagcagctatgccatgagctgggtccgccaggctccagggaaggggctggagtgggtctcagctattagtggtagtggtggtagcacatactacgcagactccgtgaagggccggttcaccatctccagagacaattccaagaacacgctgtatctgcaaatgaacagcctgagagccgaggacacggccgtatattactgtgcgagtagcagtggctggtactactttgactactggggccaaggaaccctggtcaccgtctcctca	IGHV3-23	IGHD6-19	IGHJ4	tgtgcgagtagcagtggctggtactactttgactactgg	1	6.09923454606447e-06
gaggtgcagctggtgcagtctggagcagaggtgaaaaagcccggggagtctctgaagatctcctgtaagggttctggatacagctttaccagctactggatcggctgggtgcgccagatgcccgggaaaggcctggagtggatggggatcatctatcctggtgactctgataccagatacagcccgtccttccaaggccaggtcaccatctcagccgacaagtccatcagcaccgcctacctgcagtggagcagcctgaaggcctcggacaccgccatgtattactgtgcgagacaggccactggaacgaccccctttgactactggggccaaggaaccctggtcaccgtctcctca	IGHV5-51	IGHD1-1	IGHJ4	tgtgcgagacaggccactggaacgaccccctttgactactgg	1	6.09923454606447e-06
cagatcaccttgaaggagtctggtcctacgctggtgaaacccacacagaccctcacgctgacctgcaccttctctgggttctcactcagcactagtggagtgggtgtgggctggatccgtcagcccccaggaaaggccctggagtggcttgcactcatttattggaatgatgataagcgctacagcccatctctgaagagcaggctcaccatcaccaaggacacctccaaaaaccaggtggtccttacaatgaccaacatggaccctgtggacacagccacatattactgtgcacacagacatgataacgactactttgactactggggccaaggaaccctggtcaccgtctcctca	IGHV2-5	IGHD3-10	IGHJ4	tgtgcacacagacatgataacgactactttgactactgg	1	6.09923454606447e-06
gaggtgcagctggtggagtctgggggaggcttggtaaagcctggggggtcccttagactctcctgtgcagcctctggattcactttcagtaacgcctggatgagctgggtccgccaggctccagggaaggggctggagtgggttggccgtattaaaagcaaaactgatggtgggacaacagactacgctgcacccgtgaaaggcagattcaccatctcaagagatgattcaaaaaacacgctgtatctgcaaatgaacagcctgaaaaccgaggacacagccgtgtattactgtaccacagaaggcatagcagtggcctttgactactggggccaaggaaccctggtcaccgtctcctca	IGHV3-15	IGHD6-19	IGHJ4	tgtaccacagaaggcatagcagtggcctttgactactgg	1	6.09923454606447e-06
gaggtgcagctggtggagtctggaggaggcttgatccagcctggggggtccctgagactctcctgtgcagcctctgggttcaccgtcagtagcaactacatgagctgggtccgccaggctccagggaaggggctggagtgggtctcagttatttatagcggtggtagcacatactacgcagactccgtgaagggccgattcaccatctccagagacaattccaagaacacgctgtatcttcaaatgaacagcctgagagccgaggacacggccgtgtattactgtgcgagagagcggggagcagcagctcactggttcgactcctggggccaaggaaccctggtcaccgtctcctca	IGHV3-53	IGHD6-13	IGHJ5	tgtgcgagagagcggggagcagcagctcactggttcgactcctgg	1	6.09923454606447e-06
caggtgcagctggtgcagtctggggctgaggtgaagaagcctgggtcctcggtgaaggtctcctgcaaggcttctggaggcaccttcagcagctatgctatcagctgggtgcgacaggcccctggacaagggcttgagtggatgggagggatcatccctatctttggtacagcaaactacgcacagaagttccagggcagagtcacgattaccgcggacgaatccacgagcacagcctacatggagctgagcagcctgagatctgaggacacggccgtgtattactgtgcgagagaaggaagtggctacgattcatactttgactactggggccaaggaaccctggtcaccgtctcctca	IGHV1-69	IGHD5-12	IGHJ4	tgtgcgagagaaggaagtggctacgattcatactttgactactgg	1	6.09923454606447e-06
gaggtgcagctggtggagtctgggggaggcttggtacagccagggcggtccctgagactctcctgtacagcttctggattcacctttggtgattatgctatgagctggttccgccaggctccagggaaggggctggagtgggtaggtttcattagaagcaaagcttatggtgggacaacagaatacaccgcgtctgtgaaaggcagattcaccatctcaagagatggttccaaaagcatcgcctatctgcaaatgaacagcctgaaaaccgaggacacagccgtgtattactgtactagagaagcagtggctggagctgaatacttccagcactggggccagggcaccctggtcaccgtctcctca	IGHV3-49	IGHD6-19	IGHJ1	tgtactagagaagcagtggctggagctgaatacttccagcactgg	1	6.09923454606447e-06
gaggtgcagctgttggagtctgggggaggcttggtacagcctggggggtccctgagactctcctgtgcagcctctggattcacctttagcagctatgccatgagctgggtccgccaggctccagggaaggggctggagtgggtctcagctattagtggtagtggtggtagcacatactacgcagactccgtgaagggccggttcaccatctccagagacaattccaagaacacgctgtatctgcaaatgaacagcctgagagccgaggacacggccgtatattactgtgcgaaagaggagggtaactgggactactttgactactggggccaaggaaccctggtcaccgtctcctca	IGHV3-23	IGHD7-27	IGHJ4	tgtgcgaaagaggagggtaactgggactactttgactactgg	1	6.09923454606447e-06
gaggtgcagctggtggagtctgggggaggcttggtaaagcctggggggtcccttagactctcctgtgcagcctctggattcactttcagtaacgcctggatgagctgggtccgccaggctccagggaaggggctggagtgggttggccgtattaaaagcaaaactgatggtgggacaacagactacgctgcacccgtgaaaggcagattcaccatctcaagagatgattcaaaaaacacgctgtatctgcaaatgaacagcctgaaaaccgaggacacagccgtgtattactgtaccacagggagggactatggttcggggagttttgactactggggccaaggaaccctggtcaccgtctcctca	IGHV3-15	IGHD3-10	IGHJ4	tgtaccacagggagggactatggttcggggagttttgactactgg	1	6.09923454606447e-06
gaggtgcagctgttggagtctgggggaggcttggtacagcctggggggtccctgagactctcctgtgcagcctctggattcacctttagcagctatgccatgagctgggtccgccaggctccagggaaggggctggagtgggtctcagctattagtggtagtggtggtagcacatactacgcagactccgtgaagggccggttcaccatctccagagacaattccaagaacacgctgtatctgcaaatgaacagcctgagagccgaggacacggccgtatattactgtgcgaaagagaaaagtattatgaactttgactactggggccaaggaaccctggtcaccgtctcctca	IGHV3-23	IGHD3-9	IGHJ4	tgtgcgaaagagaaaagtattatgaactttgactactgg	1	6.09923454606447e-06
caggttcagctggtgcagtctggagctgaggtgaagaagcctggggcctcagtgaaggtctcctgcaaggcttctggttacacctttaccagctatggtatcagctgggtgcgacaggcccctggacaagggcttgagtggatgggatggatcagcgcttacaatggtaacacaaactatgcacagaagctccagggcagagtcaccatgaccacagacacatccacgagcacagcctacatggagctgaggagcctgagatctgacgacacggccgtgtattactgtgcgagagagtatggttcggggagtaactactttgactactggggccaaggaaccctggtcaccgtctcctca	IGHV1-18	IGHD3-10	IGHJ4	tgtgcgagagagtatggttcggggagtaactactttgactactgg	1	6.09923454606447e-06
caggtgcagctggtgcagtctggggctgaggtgaagaagcctggggcctcagtgaaggtctcctgcaaggcttctggatacaccttcaccagttatgatatcaactgggtgcgacaggccactggacaagggcttgagtggatgggatggatgaaccctaacagtggtaacacaggctatgcacagaagttccagggcagagtcaccatgaccaggaacacctccataagcacagcctacatggagctgagcagcctgagatctgaggacacggccgtgtattactgtgcgagaggtcagtatagcagcagcagggactttgactactggggccaaggaaccctggtcaccgtctcctca	IGHV1-8	IGHD6-13	IGHJ4	tgtgcgagaggtcagtatagcagcagcagggactttgactactgg	1	6.09923454606447e-06
gaggtgcagctggtgcagtctggagcagaggtgaaaaagcccggggagtctctgaagatctcctgtaagggttctggatacagctttaccagctactggatcggctgggtgcgccagatgcccgggaaaggcctggagtggatggggatcatctatcctggtgactctgataccagatacagcccgtccttccaaggccaggtcaccatctcagccgacaagtccatcagcaccgcctacctgcagtggagcagcctgaaggcctcggacaccgccatgtattactgtgcgagacgaggagcagcagcgagggactactttgactactggggccaaggaaccctggtcaccgtctcctca	IGHV5-51	IGHD6-13	IGHJ4	tgtgcgagacgaggagcagcagcgagggactactttgactactgg	1	6.09923454606447e-06
gaagtgcagctggtggagtctgggggagtcgtggtacagcctggggggtccctgagactctcctgtgcagcctctggattcacctttgatgattataccatgcactgggtccgtcaagctccggggaagggtctggagtgggtctctcttattagttgggatggtggtagcacatactatgcagactctgtgaagggccgattcaccatctccagagacaacagcaaaaactccctgtatctgcaaatgaacagtctgagaactgaggacaccgccttgtattactgtgcaaaagatatcgcggtagcagctcgctggttcgactcctggggccaaggaaccctggtcaccgtctcctca	IGHV3-43	IGHD6-6	IGHJ5	tgtgcaaaagatatcgcggtagcagctcgctggttcgactcctgg	1	6.09923454606447e-06
caggtccagcttgtgcagtctggggctgaggtgaagaagcctggggcctcagtgaaggtttcctgcaaggcttctggatacaccttcactagctatgctatgcattgggtgcgccaggcccccggacaaaggcttgagtggatgggatggatcaacgctggcaatggtaacacaaaatattcacagaagttccagggcagagtcaccattaccagggacacatccgcgagcacagcctacatggagctgagcagcctgagatctgaagacacggctgtgtattactgtgcgagagacagagtgggagctacttactttgactactggggccaaggaaccctggtcaccgtctcctca	IGHV1-3	IGHD1-26	IGHJ4	tgtgcgagagacagagtgggagctacttactttgactactgg	1	6.09923454606447e-06
gaggtgcagctggtgcagtctggagcagaggtgaaaaagcccggggagtctctgaagatctcctgtaagggttctggatacagctttaccagctactggatcggctgggtgcgccagatgcccgggaaaggcctggagtggatggggatcatctatcctggtgactctgataccagatacagcccgtccttccaaggccaggtcaccatctcagccgacaagtccatcagcaccgcctacctgcagtggagcagcctgaaggcctcggacaccgccatgtattactgtgcgagacttactatggttcggggatactttgactactggggccaaggaaccctggtcaccgtctcctca	IGHV5-51	IGHD3-10	IGHJ4	tgtgcgagacttactatggttcggggatactttgactactgg	1	6.09923454606447e-06
caggtgcagctggtgcagtctggggctgaggtgaagaagcctgggtcctcggtgaaggtctcctgcaaggcttctggaggcaccttcagcagctatgctatcagctgggtgcgacaggcccctggacaagggcttgagtggatgggagggatcatccctatctttggtacagcaaactacgcacagaagttccagggcagagtcacgattaccgcggacgaatccacgagcacagcctacatggagctgagcagcctgagatctgaggacacggccgtgtattactgtgcgagagacgaagcagcaggtttggagtactttgactactggggccaaggaaccctggtcaccgtctcctca	IGHV1-69	IGHD6-13	IGHJ4	tgtgcgagagacgaagcagcaggtttggagtactttgactactgg	1	6.09923454606447e-06
caggtgcagctggtgcagtctggggctgaggtgaagaagcctggggcctcagtgaaggtctcctgcaaggcttctggatacaccttcaccagttatgatatcaactgggtgcgacaggccactggacaagggcttgagtggatgggatggatgaaccctaacagtggtaacacaggctatgcacagaagttccagggcagagtcaccatgaccaggaacacctccataagcacagcctacatggagctgagcagcctgagatctgaggacacggccgtgtattactgtgcgagggctacggtggtaactcctgactttgactactggggccaaggaaccctggtcaccgtctcctca	IGHV1-8	IGHD4-23	IGHJ4	tgtgcgagggctacggtggtaactcctgactttgactactgg	1	6.09923454606447e-06
gaggtgcagctgttggagtctgggggaggcttggtacagcctggggggtccctgagactctcctgtgcagcctctggattcacctttagcagctatgccatgagctgggtccgccaggctccagggaaggggctggagtgggtctcagctattagtggtagtggtggtagcacatactacgcagactccgtgaagggccggttcaccatctccagagacaattccaagaacacgctgtatctgcaaatgaacagcctgagagccgaggacacggccgtatattactgtactacggtgacttggggtgatgcttttgatgtctggggccaagggacaatggtcaccgtctcttca	IGHV3-23	IGHD4-17	IGHJ3	tgtactacggtgacttggggtgatgcttttgatgtctgg	1	6.09923454606447e-06
cagatcaccttgaaggagtctggtcctacgctggtgaaacccacacagaccctcacgctgacctgcaccttctctgggttctcactcagcactagtggagtgggtgtgggctggatccgtcagcccccaggaaaggccctggagtggcttgcactcatttattggaatgatgataagcgctacagcccatctctgaagagcaggctcaccatcaccaaggacacctccaaaaaccaggtggtccttacaatgaccaacatggaccctgtggacacagccacatattactgtgcacacaggttactatggttcggggaatttgactactggggccaaggaaccctggtcaccgtctcctca	IGHV2-5	IGHD3-10	IGHJ4	tgtgcacacaggttactatggttcggggaatttgactactgg	1	6.09923454606447e-06
caggttcagctggtgcagtctggagctgaggtgaagaagcctggggcctcagtgaaggtctcctgcaaggcttctggttacacctttaccagctatggtatcagctgggtgcgacaggcccctggacaagggcttgagtggatgggatggatcagcgcttacaatggtaacacaaactatgcacagaagctccagggcagagtcaccatgaccacagacacatccacgagcacagcctacatggagctgaggagcctgagatctgacgacacggccgtgtattactgtgcgagagactacggtggtaaggactttgactactggggccaaggaaccctggtcaccgtctcctca	IGHV1-18	IGHD4-23	IGHJ4	tgtgcgagagactacggtggtaaggactttgactactgg	1	6.09923454606447e-06
caggtgcagctggtgcagtctggggctgaggtgaagaagcctggggcctcagtgaaggtctcctgcaaggcttctggatacaccttcaccggctactatatgcactgggtgcgacaggcccctggacaagggcttgagtggatgggacggatcaaccctaacagtggtggcacaaactatgcacagaagtttcagggcagggtcaccagtaccagggacacgtccatcagcacagcctacatggagctgagcaggctgagatctgacgacacggtcgtgtattactgtgcgagagagggggggtatagcgactttgactactggggccaaggaaccctggtcaccgtctcctca	IGHV1-2	IGHD6-6	IGHJ4	tgtgcgagagagggggggtatagcgactttgactactgg	1	6.09923454606447e-06
gaggtgcagctggtggagtctgggggaggcttggtaaagcctggggggtcccttagactctcctgtgcagcctctggattcactttcagtaacgcctggatgagctgggtccgccaggctccagggaaggggctggagtgggttggccgtattaaaagcaaaactgatggtgggacaacagactacgctgcacccgtgaaaggcagattcaccatctcaagagatgattcaaaaaacacgctgtatctgcaaatgaacagcctgaaaaccgaggacacagccgtgtattactgtaccacagaaggagatagacgggagtactttgactactggggccaaggaaccctggtcaccgtctcctca	IGHV3-15	IGHD3-9	IGHJ4	tgtaccacagaaggagatagacgggagtactttgactactgg	1	6.09923454606447e-06
cagatcaccttgaaggagtctggtcctacgctggtgaaacccacacagaccctcacgctgacctgcaccttctctgggttctcactcagcactagtggagtgggtgtgggctggatccgtcagcccccaggaaaggccctggagtggcttgcactcatttattggaatgatgataagcgctacagcccatctctgaagagcaggctcaccatcaccaaggacacctccaaaaaccaggtggtccttacaatgaccaacatggaccctgtggacacagccacatattactgtgcacacagactcagcagcagggactactttgactactggggccaaggaaccctggtcaccgtctcctca	IGHV2-5	IGHD6-13	IGHJ4	tgtgcacacagactcagcagcagggactactttgactactgg	1	6.09923454606447e-06
caggttcagctggtgcagtctggagctgaggtgaagaagcctggggcctcagtgaaggtctcctgcaaggcttctggttacacctttaccagctatggtatcagctgggtgcgacaggcccctggacaagggcttgagtggatgggatggatcagcgcttacaatggtaacacaaactatgcacagaagctccagggcagagtcaccatgaccacagacacatccacgagcacagcctacatggagctgaggagcctgagatctgacgacacggccgtgtattactgtgcgagagaaggtgactacgaggactactttgactactggggccaaggaaccctggtcaccgtctcctca	IGHV1-18	IGHD4-17	IGHJ4	tgtgcgagagaaggtgactacgaggactactttgactactgg	1	6.09923454606447e-06
caggtcaccttgagggagtctggtcctgcgctggtgaaacccacacagaccctcacactgacctgcaccttctctgggttctcactcagcactagtggaatgtgtgtgagctggatccgtcagcccccagggaaggccctggagtggcttgcactcattgattgggatgatgataaatactacagcacatctctgaagaccaggctcaccatctccaaggacacctccaaaaaccaggtggtccttacaatgaccaacatggaccctgtggacacagccacgtattactgtgcacggatacttcggggagttatctactttgactactggggccaaggaaccctggtcaccgtctcctca	IGHV2-70	IGHD3-10	IGHJ4	tgtgcacggatacttcggggagttatctactttgactactgg	1	6.09923454606447e-06
gaggtgcagctgttggagtctgggggaggcttggtacagcctggggggtccctgagactctcctgtgcagcctctggattcacctttagcagctatgccatgagctgggtccgccaggctccagggaaggggctggagtgggtctcagctattagtggtagtggtggtagcacatactacgcagactccgtgaagggccggttcaccatctccagagacaattccaagaacacgctgtatctgcaaatgaacagcctgagagccgaggacacggccgtatattactgtgcgaaagacctaactggaactacagggccgttcgactcctggggccaaggaaccctggtcaccgtctcctca	IGHV3-23	IGHD1-7	IGHJ5	tgtgcgaaagacctaactggaactacagggccgttcgactcctgg	1	6.09923454606447e-06
caggtgcagctggtgcagtctggggctgaggtgaagaagcctggggcctcagtgaaggtctcctgcaaggcttctggatacaccttcaccggctactatatgcactgggtgcgacaggcccctggacaagggcttgagtggatgggacggatcaaccctaacagtggtggcacaaactatgcacagaagtttcagggcagggtcaccagtaccagggacacgtccatcagcacagcctacatggagctgagcaggctgagatctgacgacacggtcgtgtattactgtgcgagagatccagcagctggtacggcgtttgactactggggccaaggaaccctggtcaccgtctcctca	IGHV1-2	IGHD6-13	IGHJ4	tgtgcgagagatccagcagctggtacggcgtttgactactgg	1	6.09923454606447e-06
caggtcaccttgaaggagtctggtcctgtgctggtgaaacccacagagaccctcacgctgacctgcaccgtctctgggttctcactcagcaatgctagaatgggtgtgagctggatccgtcagcccccagggaaggccctggagtggcttgcacacattttttcgaatgacgaaaaatcctacagcacatctctgaagagcaggctcaccatctccaaggacacctccaaaagccaggtggtccttaccatgaccaacatggaccctgtggacacagccacatattactgtgcacggatactcctatatagtggggactactttgactactggggccaaggaaccctggtcaccgtctcctca	IGHV2-26	IGHD5-12	IGHJ4	tgtgcacggatactcctatatagtggggactactttgactactgg	1	6.09923454606447e-06
gaggtgcagctggtgcagtctggagcagaggtgaaaaagcccggggagtctctgaagatctcctgtaagggttctggatacagctttaccagctactggatcggctgggtgcgccagatgcccgggaaaggcctggagtggatggggatcatctatcctggtgactctgataccagatacagcccgtccttccaaggccaggtcaccatctcagccgacaagtccatcagcaccgcctacctgcagtggagcagcctgaaggcctcggacaccgccatgtattactgtgcgagacaagtatggttcggggagttaccctttgactactggggccaaggaaccctggtcaccgtctcctca	IGHV5-51	IGHD3-10	IGHJ4	tgtgcgagacaagtatggttcggggagttaccctttgactactgg	1	6.09923454606447e-06
gaggtgcagctggtgcagtctggagcagaggtgaaaaagcccggggagtctctgaagatctcctgtaagggttctggatacagctttaccagctactggatcggctgggtgcgccagatgcccgggaaaggcctggagtggatggggatcatctatcctggtgactctgataccagatacagcccgtccttccaaggccaggtcaccatctcagccgacaagtccatcagcaccgcctacctgcagtggagcagcctgaaggcctcggacaccgccatgtattactgtgcggaggcggactatggttcggggagttactttgactactggggccaaggaaccctggtcaccgtctcctca	IGHV5-51	IGHD3-10	IGHJ4	tgtgcggaggcggactatggttcggggagttactttgactactgg	1	6.09923454606447e-06
gaggtgcagctggtggagtctgggggaggcttggtccagcctggagggtccctgagactctcctgtgcagcctctggattcaccttcagtgaccactacatggactgggtccgccaggctccagggaaggggctggagtgggttggccgtactagaaacaaagctaacagttacaccacagaatacgccgcgtctgtgaaaggcagattcaccatctcaagagatgattcaaagaactcactgtatctgcaaatgaacagcctgaaaaccgaggacacggccgtgtattactgtgctagagacgcctacggccactactttgactactggggccaaggaaccctggtcaccgtctcctca	IGHV3-72	IGHD4-17	IGHJ4	tgtgctagagacgcctacggccactactttgactactgg	1	6.09923454606447e-06
gaggtgcagctggtggagtctgggggaggcttggtacagccagggcggtccctgagactctcctgtacagcttctggattcacctttggtgattatgctatgagctggttccgccaggctccagggaaggggctggagtgggtaggtttcattagaagcaaagcttatggtgggacaacagaatacaccgcgtctgtgaaaggcagattcaccatctcaagagatggttccaaaagcatcgcctatctgcaaatgaacagcctgaaaaccgaggacacagccgtgtattactgtactagagaagagggagctggaagttttgactactggggccaaggaaccctggtcaccgtctcctca	IGHV3-49	IGHD6-13	IGHJ4	tgtactagagaagagggagctggaagttttgactactgg	1	6.09923454606447e-06
caggtccagcttgtgcagtctggggctgaggtgaagaagcctggggcctcagtgaaggtttcctgcaaggcttctggatacaccttcactagctatgctatgcattgggtgcgccaggcccccggacaaaggcttgagtggatgggatggatcaacgctggcaatggtaacacaaaatattcacagaagttccagggcagagtcaccattaccagggacacatccgcgagcacagcctacatggagctgagcagcctgagatctgaagacacggctgtgtattactgtgcgagtggtatagtgggagctactacctactttgactactggggccaaggaaccctggtcaccgtctcctca	IGHV1-3	IGHD1-26	IGHJ4	tgtgcgagtggtatagtgggagctactacctactttgactactgg	1	6.09923454606447e-06
gaggtgcagctggtggagtctgggggaggcttggtaaagcctggggggtcccttagactctcctgtgcagcctctggattcactttcagtaacgcctggatgagctgggtccgccaggctccagggaaggggctggagtgggttggccgtattaaaagcaaaactgatggtgggacaacagactacgctgcacccgtgaaaggcagattcaccatctcaagagatgattcaaaaaacacgctgtatctgcaaatgaacagcctgaaaaccgaggacacagccgtgtattactgtaccacagagggggagtatagcagctcgtcctactggggccaaggaaccctggtcaccgtctcctca	IGHV3-15	IGHD6-6	IGHJ4	tgtaccacagagggggagtatagcagctcgtcctactgg	1	6.09923454606447e-06
caggtacagctgcagcagtcaggtccaggactggtgaagccctcgcagaccctctcactcacctgtgccatctccggggacagtgtctctagcaacagtgctgcttggaactggatcaggcagtccccatcgagaggccttgagtggctgggaaggacatactacaggtccaagtggtataatgattatgcagtatctgtgaaaagtcgaataaccatcaacccagacacatccaagaaccagttctccctgcagctgaactctgtgactcccgaggacacggctgtgtattactgtgcaagagaacgatattttgactggttagactttgactactggggccaaggaaccctggtcaccgtctcctca	IGHV6-1	IGHD3-9	IGHJ4	tgtgcaagagaacgatattttgactggttagactttgactactgg	1	6.09923454606447e-06
caggtgcagctacagcagtggggcgcaggactgttgaagccttcggagaccctgtccctcacctgcgctgtctatggtgggtccttcagtggttactactggagctggatccgccagcccccagggaaggggctggagtggattggggaaatcaatcatagtggaagcaccaactacaacccgtccctcaagagtcgagtcaccatatcagtagacacgtccaagaaccagttctccctgaagctgagctctgtgaccgccgcggacacggctgtgtattactgtgcgtctactatggttcggggagtggactttgactactggggccaaggaaccctggtcaccgtctcctca	IGHV4-34	IGHD3-10	IGHJ4	tgtgcgtctactatggttcggggagtggactttgactactgg	1	6.09923454606447e-06
gaggtgcagctgttggagtctgggggaggcttggtacagcctggggggtccctgagactctcctgtgcagcctctggattcacctttagcagctatgccatgagctgggtccgccaggctccagggaaggggctggagtgggtctcagctattagtggtagtggtggtagcacatactacgcagactccgtgaagggccggttcaccatctccagagacaattccaagaacacgctgtatctgcaaatgaacagcctgagagccgaggacacggccgtatattactgtgcgaaagacttactatggttcggggactccgactcctggggccaaggaaccctggtcaccgtctcctca	IGHV3-23	IGHD3-10	IGHJ5	tgtgcgaaagacttactatggttcggggactccgactcctgg	1	6.09923454606447e-06
gaggtgcagctggtggagtctgggggaggcttggtacagcctggggggtccctgagactctcctgtgcagcctctggattcaccttcagtagctacgacatgcactgggtccgccaagctacaggaaaaggtctggagtgggtctcagctattggtactgctggtgacacatactatccaggctccgtgaagggccgattcaccatctccagagaaaatgccaagaactccttgtatcttcaaatgaacagcctgagagccggggacacggctgtgtattactgtgcaggggcccagcagctggtacgaaactggttcgactcctggggccaaggaaccctggtcaccgtctcctca	IGHV3-13	IGHD6-13	IGHJ5	tgtgcaggggcccagcagctggtacgaaactggttcgactcctgg	1	6.09923454606447e-06
gaggtgcagctgttggagtctgggggaggcttggtacagcctggggggtccctgagactctcctgtgcagcctctggattcacctttagcagctatgccatgagctgggtccgccaggctccagggaaggggctggagtgggtctcagctattagtggtagtggtggtagcacatactacgcagactccgtgaagggccggttcaccatctccagagacaattccaagaacacgctgtatctgcaaatgaacagcctgagagccgaggacacggccgtatattactgtgcgaaagatcggagggatggctacaactactttgactactggggccaaggaaccctggtcaccgtctcctca	IGHV3-23	IGHD5-24	IGHJ4	tgtgcgaaagatcggagggatggctacaactactttgactactgg	1	6.09923454606447e-06
caggtccagcttgtgcagtctggggctgaggtgaagaagcctggggcctcagtgaaggtttcctgcaaggcttctggatacaccttcactagctatgctatgcattgggtgcgccaggcccccggacaaaggcttgagtggatgggatggatcaacgctggcaatggtaacacaaaatattcacagaagttccagggcagagtcaccattaccagggacacatccgcgagcacagcctacatggagctgagcagcctgagatctgaagacacggctgtgtattactgtgcgagagaagtgggagctacgaactggttcgactcctggggccaaggaaccctggtcaccgtctcctca	IGHV1-3	IGHD1-26	IGHJ5	tgtgcgagagaagtgggagctacgaactggttcgactcctgg	1	6.09923454606447e-06
caggttcagctggtgcagtctggagctgaggtgaagaagcctggggcctcagtgaaggtctcctgcaaggcttctggttacacctttaccagctatggtatcagctgggtgcgacaggcccctggacaagggcttgagtggatgggatggatcagcgcttacaatggtaacacaaactatgcacagaagctccagggcagagtcaccatgaccacagacacatccacgagcacagcctacatggagctgaggagcctgagatctgacgacacggccgtgtattactgtgcgagagggacggtgactgacaacacctactttgactactggggccaaggaaccctggtcaccgtctcctca	IGHV1-18	IGHD4-17	IGHJ4	tgtgcgagagggacggtgactgacaacacctactttgactactgg	1	6.09923454606447e-06
caggtgcagctggtgcagtctggggctgaggtgaagaagcctgggtcctcggtgaaggtctcctgcaaggcttctggaggcaccttcagcagctatgctatcagctgggtgcgacaggcccctggacaagggcttgagtggatgggagggatcatccctatctttggtacagcaaactacgcacagaagttccagggcagagtcacgattaccgcggacgaatccacgagcacagcctacatggagctgagcagcctgagatctgaggacacggccgtgtattactgtgcgagagtaggcggtgacgcggggtggttcgactcctggggccaaggaaccctggtcaccgtctcctca	IGHV1-69	IGHD4-17	IGHJ5	tgtgcgagagtaggcggtgacgcggggtggttcgactcctgg	1	6.09923454606447e-06
caggtgcagctggtgcagtctggggctgaggtgaagaagcctgggtcctcggtgaaggtctcctgcaaggcttctggaggcaccttcagcagctatgctatcagctgggtgcgacaggcccctggacaagggcttgagtggatgggagggatcatccctatctttggtacagcaaactacgcacagaagttccagggcagagtcacgattaccgcggacgaatccacgagcacagcctacatggagctgagcagcctgagatctgaggacacggccgtgtattactgtgcgagacccctagttattatatactttgactactggggccaaggaaccctggtcaccgtctcctca	IGHV1-69	IGHD3-9	IGHJ4	tgtgcgagacccctagttattatatactttgactactgg	1	6.09923454606447e-06
gaggtgcagctggtggagtccgggggaggcttagttcagcctggggggtccctgagactctcctgtgcagcctctggattcaccttcagtagctactggatgcactgggtccgccaagctccagggaaggggctggtgtgggtctcacgtattaatagtgatgggagtagcacaagctacgcggactccgtgaagggccgattcaccatctccagagacaacgccaagaacacgctgtatctgcaaatgaacagtctgagagccgaggacacggctgtgtattactgtgcaagagtgaggtacggtgactacccctttgactactggggccaaggaaccctggtcaccgtctcctca	IGHV3-74	IGHD4-17	IGHJ4	tgtgcaagagtgaggtacggtgactacccctttgactactgg	1	6.09923454606447e-06
caggtcaccttgagggagtctggtcctgcgctggtgaaacccacacagaccctcacactgacctgcaccttctctgggttctcactcagcactagtggaatgtgtgtgagctggatccgtcagcccccagggaaggccctggagtggcttgcactcattgattgggatgatgataaatactacagcacatctctgaagaccaggctcaccatctccaaggacacctccaaaaaccaggtggtccttacaatgaccaacatggaccctgtggacacagccacgtattactgtgcacggatagattggctacgattacactactttgactactggggccaaggaaccctggtcaccgtctcctca	IGHV2-70	IGHD5-12	IGHJ4	tgtgcacggatagattggctacgattacactactttgactactgg	1	6.09923454606447e-06
gaggtgcagctggtggagtccgggggaggcttagttcagcctggggggtccctgagactctcctgtgcagcctctggattcaccttcagtagctactggatgcactgggtccgccaagctccagggaaggggctggtgtgggtctcacgtattaatagtgatgggagtagcacaagctacgcggactccgtgaagggccgattcaccatctccagagacaacgccaagaacacgctgtatctgcaaatgaacagtctgagagccgaggacacggctgtgtattactgtgcaagagagcggggagttattatccttgatgtctggggccaagggacaatggtcaccgtctcttca	IGHV3-74	IGHD3-10	IGHJ3	tgtgcaagagagcggggagttattatccttgatgtctgg	1	6.09923454606447e-06
caggtgcagctggtgcagtctggggctgaggtgaagaagcctggggcctcagtgaaggtctcctgcaaggcttctggatacaccttcaccagttatgatatcaactgggtgcgacaggccactggacaagggcttgagtggatgggatggatgaaccctaacagtggtaacacaggctatgcacagaagttccagggcagagtcaccatgaccaggaacacctccataagcacagcctacatggagctgagcagcctgagatctgaggacacggccgtgtattactgtgcgagagggctagtggctactgactttgactactggggccaaggaaccctggtcaccgtctcctca	IGHV1-8	IGHD5-12	IGHJ4	tgtgcgagagggctagtggctactgactttgactactgg	1	6.09923454606447e-06
caggttcagctggtgcagtctggagctgaggtgaagaagcctggggcctcagtgaaggtctcctgcaaggcttctggttacacctttaccagctatggtatcagctgggtgcgacaggcccctggacaagggcttgagtggatgggatggatcagcgcttacaatggtaacacaaactatgcacagaagctccagggcagagtcaccatgaccacagacacatccacgagcacagcctacatggagctgaggagcctgagatctgacgacacggccgtgtattactgtgcgagagagatagcagcagctgacgactactttgactactggggccaaggaaccctggtcaccgtctcctca	IGHV1-18	IGHD6-13	IGHJ4	tgtgcgagagagatagcagcagctgacgactactttgactactgg	1	6.09923454606447e-06
caggtgcagctggtgcagtctggggctgaggtgaagaagcctgggtcctcggtgaaggtctcctgcaaggcttctggaggcaccttcagcagctatgctatcagctgggtgcgacaggcccctggacaagggcttgagtggatgggagggatcatccctatctttggtacagcaaactacgcacagaagttccagggcagagtcacgattaccgcggacgaatccacgagcacagcctacatggagctgagcagcctgagatctgaggacacggccgtgtattactgtgcgagagaagcagtggctggtacgtttgactactggggccaaggaaccctggtcaccgtctcctca	IGHV1-69	IGHD6-19	IGHJ4	tgtgcgagagaagcagtggctggtacgtttgactactgg	1	6.09923454606447e-06
gaggtgcagctggtggagtctgggggaggcttggtacagccagggcggtccctgagactctcctgtacagcttctggattcacctttggtgattatgctatgagctggttccgccaggctccagggaaggggctggagtgggtaggtttcattagaagcaaagcttatggtgggacaacagaatacaccgcgtctgtgaaaggcagattcaccatctcaagagatggttccaaaagcatcgcctatctgcaaatgaacagcctgaaaaccgaggacacagccgtgtattactgtactagagagaagtgggagctactactagcttttgatgtctggggccaagggacaatggtcaccgtctcttca	IGHV3-49	IGHD1-26	IGHJ3	tgtactagagagaagtgggagctactactagcttttgatgtctgg	1	6.09923454606447e-06
gaggtgcagctggtgcagtctggagcagaggtgaaaaagcccggggagtctctgaagatctcctgtaagggttctggatacagctttaccagctactggatcggctgggtgcgccagatgcccgggaaaggcctggagtggatggggatcatctatcctggtgactctgataccagatacagcccgtccttccaaggccaggtcaccatctcagccgacaagtccatcagcaccgcctacctgcagtggagcagcctgaaggcctcggacaccgccatgtattactgtgcgagacatcggttacgatattttgagtttgactactggggccaaggaaccctggtcaccgtctcctca	IGHV5-51	IGHD3-9	IGHJ4	tgtgcgagacatcggttacgatattttgagtttgactactgg	1	6.09923454606447e-06
caggtccagcttgtgcagtctggggctgaggtgaagaagcctggggcctcagtgaaggtttcctgcaaggcttctggatacaccttcactagctatgctatgcattgggtgcgccaggcccccggacaaaggcttgagtggatgggatggatcaacgctggcaatggtaacacaaaatattcacagaagttccagggcagagtcaccattaccagggacacatccgcgagcacagcctacatggagctgagcagcctgagatctgaagacacggctgtgtattactgtgcgagggtggatatagtggctaggttcgactcctggggccaaggaaccctggtcaccgtctcctca	IGHV1-3	IGHD5-12	IGHJ5	tgtgcgagggtggatatagtggctaggttcgactcctgg	1	6.09923454606447e-06
gaggtgcagctggtgcagtctggagcagaggtgaaaaagcccggggagtctctgaagatctcctgtaagggttctggatacagctttaccagctactggatcggctgggtgcgccagatgcccgggaaaggcctggagtggatggggatcatctatcctggtgactctgataccagatacagcccgtccttccaaggccaggtcaccatctcagccgacaagtccatcagcaccgcctacctgcagtggagcagcctgaaggcctcggacaccgccatgtattactgtgcgggctggtacaactactggtacttcgatctctggggccgtggcaccctggtcactgtctcctca	IGHV5-51	IGHD6-13	IGHJ2	tgtgcgggctggtacaactactggtacttcgatctctgg	1	6.09923454606447e-06
caggtgcagctggtgcagtctggggctgaggtgaagaagcctggggcctcagtgaaggtctcctgcaaggcttctggatacaccttcaccggctactatatgcactgggtgcgacaggcccctggacaagggcttgagtggatgggacggatcaaccctaacagtggtggcacaaactatgcacagaagtttcagggcagggtcaccagtaccagggacacgtccatcagcacagcctacatggagctgagcaggctgagatctgacgacacggtcgtgtattactgtgcgtggggtggatatagtggctacgattacccggactactggggccaaggaaccctggtcaccgtctcctca	IGHV1-2	IGHD5-12	IGHJ4	tgtgcgtggggtggatatagtggctacgattacccggactactgg	1	6.09923454606447e-06
gaggtgcagctggtggagtctgggggaggtgtggtacggcctggggggtccctgagactctcctgtgcagcctctggattcacctttgatgattatggcatgagctgggtccgccaagctccagggaaggggctggagtgggtctctggtattaattggaatggtggtagcacaggttatgcagactctgtgaagggccgattcaccatctccagagacaacgccaagaactccctgtatctgcaaatgaacagtctgagagccgaggacacggccttgtatcactgtggacgatttttggagtggttggactttgactactggggccaaggaaccctggtcaccgtctcctca	IGHV3-20	IGHD3-3	IGHJ4	tgtggacgatttttggagtggttggactttgactactgg	1	6.09923454606447e-06
caggtgcagctggtgcagtctggggctgaggtgaagaagcctggggcctcagtgaaggtctcctgcaaggcttctggatacaccttcaccagttatgatatcaactgggtgcgacaggccactggacaagggcttgagtggatgggatggatgaaccctaacagtggtaacacaggctatgcacagaagttccagggcagagtcaccatgaccaggaacacctccataagcacagcctacatggagctgagcagcctgagatctgaggacacggccgtgtattactgtgcgagaagtgggagctactaccgctttgactactggggccaaggaaccctggtcaccgtctcctca	IGHV1-8	IGHD1-26	IGHJ4	tgtgcgagaagtgggagctactaccgctttgactactgg	1	6.09923454606447e-06
gaggtgcagctgttggagtctgggggaggcttggtacagcctggggggtccctgagactctcctgtgcagcctctggattcacctttagcagctatgccatgagctgggtccgccaggctccagggaaggggctggagtgggtctcagctattagtggtagtggtggtagcacatactacgcagactccgtgaagggccggttcaccatctccagagacaattccaagaacacgctgtatctgcaaatgaacagcctgagagccgaggacacggccgtatattactgtgcgaaagaaggcagcagctggtaccgggcttttgatgtctggggccaagggacaatggtcaccgtctcttca	IGHV3-23	IGHD6-13	IGHJ3	tgtgcgaaagaaggcagcagctggtaccgggcttttgatgtctgg	1	6.09923454606447e-06
caggtgcagctggtgcagtctggggctgaggtgaagaagcctgggtcctcggtgaaggtctcctgcaaggcttctggaggcaccttcagcagctatgctatcagctgggtgcgacaggcccctggacaagggcttgagtggatgggagggatcatccctatctttggtacagcaaactacgcacagaagttccagggcagagtcacgattaccgcggacgaatccacgagcacagcctacatggagctgagcagcctgagatctgaggacacggccgtgtattactgtgtatatagtgggagctacccccagtactttgactactggggccaaggaaccctggtcaccgtctcctca	IGHV1-69	IGHD1-26	IGHJ4	tgtgtatatagtgggagctacccccagtactttgactactgg	1	6.09923454606447e-06
gaggtgcagctgttggagtctgggggaggcttggtacagcctggggggtccctgagactctcctgtgcagcctctggattcacctttagcagctatgccatgagctgggtccgccaggctccagggaaggggctggagtgggtctcagctattagtggtagtggtggtagcacatactacgcagactccgtgaagggccggttcaccatctccagagacaattccaagaacacgctgtatctgcaaatgaacagcctgagagccgaggacacggccgtatattactgtgcgaaagcccagcagtggctttactactttgactactggggccaaggaaccctggtcaccgtctcctca	IGHV3-23	IGHD6-19	IGHJ4	tgtgcgaaagcccagcagtggctttactactttgactactgg	1	6.09923454606447e-06
cagatcaccttgaaggagtctggtcctacgctggtgaaacccacacagaccctcacgctgacctgcaccttctctgggttctcactcagcactagtggagtgggtgtgggctggatccgtcagcccccaggaaaggccctggagtggcttgcactcatttattggaatgatgataagcgctacagcccatctctgaagagcaggctcaccatcaccaaggacacctccaaaaaccaggtggtccttacaatgaccaacatggaccctgtggacacagccacatattactgtgcacacagacctaactggggaaactactttgactactggggccaaggaaccctggtcaccgtctcctca	IGHV2-5	IGHD7-27	IGHJ4	tgtgcacacagacctaactggggaaactactttgactactgg	1	6.09923454606447e-06
caggtgcagctacagcagtggggcgcaggactgttgaagccttcggagaccctgtccctcacctgcgctgtctatggtgggtccttcagtggttactactggagctggatccgccagcccccagggaaggggctggagtggattggggaaatcaatcatagtggaagcaccaactacaacccgtccctcaagagtcgagtcaccatatcagtagacacgtccaagaaccagttctccctgaagctgagctctgtgaccgccgcggacacggctgtgtattactgtgcgagaggtgtgggggagtggctggtacactttgactactggggccaaggaaccctggtcaccgtctcctca	IGHV4-34	IGHD6-19	IGHJ4	tgtgcgagaggtgtgggggagtggctggtacactttgactactgg	1	6.09923454606447e-06
caggtgcagctggtgcagtctggggctgaggtgaagaagcctgggtcctcggtgaaggtctcctgcaaggcttctggaggcaccttcagcagctatgctatcagctgggtgcgacaggcccctggacaagggcttgagtggatgggagggatcatccctatctttggtacagcaaactacgcacagaagttccagggcagagtcacgattaccgcggacgaatccacgagcacagcctacatggagctgagcagcctgagatctgaggacacggccgtgtattactgtgcgagaggggatagtatagcagcgtttgactactggggccaaggaaccctggtcaccgtctcctca	IGHV1-69	IGHD6-6	IGHJ4	tgtgcgagaggggatagtatagcagcgtttgactactgg	1	6.09923454606447e-06
gaggtgcagctgttggagtctgggggaggcttggtacagcctggggggtccctgagactctcctgtgcagcctctggattcacctttagcagctatgccatgagctgggtccgccaggctccagggaaggggctggagtgggtctcagctattagtggtagtggtggtagcacatactacgcagactccgtgaagggccggttcaccatctccagagacaattccaagaacacgctgtatctgcaaatgaacagcctgagagccgaggacacggccgtatattactgtgcgaaagaaataactacggtggactactttgactactggggccaaggaaccctggtcaccgtctcctca	IGHV3-23	IGHD4-23	IGHJ4	tgtgcgaaagaaataactacggtggactactttgactactgg	1	6.09923454606447e-06
gaggtgcagctgttggagtctgggggaggcttggtacagcctggggggtccctgagactctcctgtgcagcctctggattcacctttagcagctatgccatgagctgggtccgccaggctccagggaaggggctggagtgggtctcagctattagtggtagtggtggtagcacatactacgcagactccgtgaagggccggttcaccatctccagagacaattccaagaacacgctgtatctgcaaatgaacagcctgagagccgaggacacggccgtatattactgtgcgaaagaatctagcagtggctactactttgactactggggccaaggaaccctggtcaccgtctcctca	IGHV3-23	IGHD6-19	IGHJ4	tgtgcgaaagaatctagcagtggctactactttgactactgg	1	6.09923454606447e-06
gaggtgcagctgttggagtctgggggaggcttggtacagcctggggggtccctgagactctcctgtgcagcctctggattcacctttagcagctatgccatgagctgggtccgccaggctccagggaaggggctggagtgggtctcagctattagtggtagtggtggtagcacatactacgcagactccgtgaagggccggttcaccatctccagagacaattccaagaacacgctgtatctgcaaatgaacagcctgagagccgaggacacggccgtatattactgtgcgaattctttgggagctaactactttgactactggggccaaggaaccctggtcaccgtctcctca	IGHV3-23	IGHD1-26	IGHJ4	tgtgcgaattctttgggagctaactactttgactactgg	1	6.09923454606447e-06
gaggtgcagctggtggagtctgggggaggtgtggtacggcctggggggtccctgagactctcctgtgcagcctctggattcacctttgatgattatggcatgagctgggtccgccaagctccagggaaggggctggagtgggtctctggtattaattggaatggtggtagcacaggttatgcagactctgtgaagggccgattcaccatctccagagacaacgccaagaactccctgtatctgcaaatgaacagtctgagagccgaggacacggccttgtatcactgtgcgagtagtagtaccagctgctatgccgactttgactactggggccaaggaaccctggtcaccgtctcctca	IGHV3-20	IGHD2-2	IGHJ4	tgtgcgagtagtagtaccagctgctatgccgactttgactactgg	1	6.09923454606447e-06
gaggtgcagctggtggagtccgggggaggcttagttcagcctggggggtccctgagactctcctgtgcagcctctggattcaccttcagtagctactggatgcactgggtccgccaagctccagggaaggggctggtgtgggtctcacgtattaatagtgatgggagtagcacaagctacgcggactccgtgaagggccgattcaccatctccagagacaacgccaagaacacgctgtatctgcaaatgaacagtctgagagccgaggacacggctgtgtattactgtgcaagagatggactacgggaggtttcttggttcgactcctggggccaaggaaccctggtcaccgtctcctca	IGHV3-74	IGHD4-17	IGHJ5	tgtgcaagagatggactacgggaggtttcttggttcgactcctgg	1	6.09923454606447e-06
caggtgcagctggtgcagtctggggctgaggtgaagaagcctggggcctcagtgaaggtctcctgcaaggcttctggatacaccttcaccggctactatatgcactgggtgcgacaggcccctggacaagggcttgagtggatgggacggatcaaccctaacagtggtggcacaaactatgcacagaagtttcagggcagggtcaccagtaccagggacacgtccatcagcacagcctacatggagctgagcaggctgagatctgacgacacggtcgtgtattactgtgcgagagacggaggagcagcagctgggtttgactactggggccaaggaaccctggtcaccgtctcctca	IGHV1-2	IGHD6-13	IGHJ4	tgtgcgagagacggaggagcagcagctgggtttgactactgg	1	6.09923454606447e-06
caggttcagctggtgcagtctggagctgaggtgaagaagcctggggcctcagtgaaggtctcctgcaaggcttctggttacacctttaccagctatggtatcagctgggtgcgacaggcccctggacaagggcttgagtggatgggatggatcagcgcttacaatggtaacacaaactatgcacagaagctccagggcagagtcaccatgaccacagacacatccacgagcacagcctacatggagctgaggagcctgagatctgacgacacggccgtgtattactgtgcgagagaagagggggctacgagggatgcttttgatgtctggggccaagggacaatggtcaccgtctcttca	IGHV1-18	IGHD5-12	IGHJ3	tgtgcgagagaagagggggctacgagggatgcttttgatgtctgg	1	6.09923454606447e-06
cagatcaccttgaaggagtctggtcctacgctggtgaaacccacacagaccctcacgctgacctgcaccttctctgggttctcactcagcactagtggagtgggtgtgggctggatccgtcagcccccaggaaaggccctggagtggcttgcactcatttattggaatgatgataagcgctacagcccatctctgaagagcaggctcaccatcaccaaggacacctccaaaaaccaggtggtccttacaatgaccaacatggaccctgtggacacagccacatattactgtgcacacagaaggcagctggtgggctttgactactggggccaaggaaccctggtcaccgtctcctca	IGHV2-5	IGHD6-13	IGHJ4	tgtgcacacagaaggcagctggtgggctttgactactgg	1	6.09923454606447e-06
gaggtgcagctggtgcagtctggagcagaggtgaaaaagcccggggagtctctgaagatctcctgtaagggttctggatacagctttaccagctactggatcggctgggtgcgccagatgcccgggaaaggcctggagtggatggggatcatctatcctggtgactctgataccagatacagcccgtccttccaaggccaggtcaccatctcagccgacaagtccatcagcaccgcctacctgcagtggagcagcctgaaggcctcggacaccgccatgtattactgtgcgagacaaaatagtagtggttattacgcttttgatgtctggggccaagggacaatggtcaccgtctcttca	IGHV5-51	IGHD3-22	IGHJ3	tgtgcgagacaaaatagtagtggttattacgcttttgatgtctgg	1	6.09923454606447e-06
cagatcaccttgaaggagtctggtcctacgctggtgaaacccacacagaccctcacgctgacctgcaccttctctgggttctcactcagcactagtggagtgggtgtgggctggatccgtcagcccccaggaaaggccctggagtggcttgcactcatttattggaatgatgataagcgctacagcccatctctgaagagcaggctcaccatcaccaaggacacctccaaaaaccaggtggtccttacaatgaccaacatggaccctgtggacacagccacatattactgtgcacacagagggagggcgatggctaactttgactactggggccaaggaaccctggtcaccgtctcctca	IGHV2-5	IGHD5-24	IGHJ4	tgtgcacacagagggagggcgatggctaactttgactactgg	1	6.09923454606447e-06
gaggtgcagctggtgcagtctggagcagaggtgaaaaagcccggggagtctctgaagatctcctgtaagggttctggatacagctttaccagctactggatcggctgggtgcgccagatgcccgggaaaggcctggagtggatggggatcatctatcctggtgactctgataccagatacagcccgtccttccaaggccaggtcaccatctcagccgacaagtccatcagcaccgcctacctgcagtggagcagcctgaaggcctcggacaccgccatgtattactgtgcgagacaggctcagcagctggtacgtctctttgactactggggccaaggaaccctggtcaccgtctcctca	IGHV5-51	IGHD6-13	IGHJ4	tgtgcgagacaggctcagcagctggtacgtctctttgactactgg	1	6.09923454606447e-06
caggtgcagctggtggagtctgggggaggcttggtcaagcctggagggtccctgagactctcctgtgcagcctctggattcaccttcagtgactactacatgagctggatccgccaggctccagggaaggggctggagtgggtttcatacattagtagtagtggtagtaccatatactacgcagactctgtgaagggccgattcaccatctccagggacaacgccaagaactcactgtatctgcaaatgaacagcctgagagccgaggacacggccgtgtattactgtgcgaattgtggtggtgattgctattccggagactactggggccaaggaaccctggtcaccgtctcctca	IGHV3-11	IGHD2-21	IGHJ4	tgtgcgaattgtggtggtgattgctattccggagactactgg	1	6.09923454606447e-06
gaggtgcagctggtggagtctgggggaggcttggtaaagcctggggggtcccttagactctcctgtgcagcctctggattcactttcagtaacgcctggatgagctgggtccgccaggctccagggaaggggctggagtgggttggccgtattaaaagcaaaactgatggtgggacaacagactacgctgcacccgtgaaaggcagattcaccatctcaagagatgattcaaaaaacacgctgtatctgcaaatgaacagcctgaaaaccgaggacacagccgtgtattactgtaccacagatagcagtggggggaactggttcgactcctggggccaaggaaccctggtcaccgtctcctca	IGHV3-15	IGHD6-19	IGHJ5	tgtaccacagatagcagtggggggaactggttcgactcctgg	1	6.09923454606447e-06
caggtgcagctggtgcagtctggggctgaggtgaagaagcctgggtcctcggtgaaggtctcctgcaaggcttctggaggcaccttcagcagctatgctatcagctgggtgcgacaggcccctggacaagggcttgagtggatgggagggatcatccctatctttggtacagcaaactacgcacagaagttccagggcagagtcacgattaccgcggacgaatccacgagcacagcctacatggagctgagcagcctgagatctgaggacacggccgtgtattactgtgcgagaggggggggggagctacactttgactactggggccaaggaaccctggtcaccgtctcctca	IGHV1-69	IGHD1-26	IGHJ4	tgtgcgagaggggggggggagctacactttgactactgg	1	6.09923454606447e-06
gaggtgcagctggtggagtctggaggaggcttgatccagcctggggggtccctgagactctcctgtgcagcctctgggttcaccgtcagtagcaactacatgagctgggtccgccaggctccagggaaggggctggagtgggtctcagttatttatagcggtggtagcacatactacgcagactccgtgaagggccgattcaccatctccagagacaattccaagaacacgctgtatcttcaaatgaacagcctgagagccgaggacacggccgtgtattactgtgcgagagagcgcccagctggtacccgctactttgactactggggccaaggaaccctggtcaccgtctcctca	IGHV3-53	IGHD6-13	IGHJ4	tgtgcgagagagcgcccagctggtacccgctactttgactactgg	1	6.09923454606447e-06
gaggtgcagctggtggagtctgggggaggcttggtccagcctggggggtccctgaaactctcctgtgcagcctctgggttcaccttcagtggctctgctatgcactgggtccgccaggcttccgggaaagggctggagtgggttggccgtattagaagcaaagctaacagttacgcgacagcatatgctgcgtcggtgaaaggcaggttcaccatctccagagatgattcaaagaacacggcgtatctgcaaatgaacagcctgaaaaccgaggacacggccgtgtattactgtagtgggagctactactggtcctactttgactactggggccaaggaaccctggtcaccgtctcctca	IGHV3-73	IGHD1-26	IGHJ4	tgtagtgggagctactactggtcctactttgactactgg	1	6.09923454606447e-06
caggtgcagctggtgcagtctggggctgaggtgaagaagcctggggcctcagtgaaggtttcctgcaaggcatctggatacaccttcaccagctactatatgcactgggtgcgacaggcccctggacaagggcttgagtggatgggaataatcaaccctagtggtggtagcacaagctacgcacagaagttccagggcagagtcaccatgaccagggacacgtccacgagcacagtctacatggagctgagcagcctgagatctgaggacacggccgtgtattactgtgcgagagagttggagtggttattatacccttttgactactggggccaaggaaccctggtcaccgtctcctca	IGHV1-46	IGHD3-3	IGHJ4	tgtgcgagagagttggagtggttattatacccttttgactactgg	1	6.09923454606447e-06
gaggtgcagctggtgcagtctggagcagaggtgaaaaagcccggggagtctctgaagatctcctgtaagggttctggatacagctttaccagctactggatcggctgggtgcgccagatgcccgggaaaggcctggagtggatggggatcatctatcctggtgactctgataccagatacagcccgtccttccaaggccaggtcaccatctcagccgacaagtccatcagcaccgcctacctgcagtggagcagcctgaaggcctcggacaccgccatgtattactgtgcgagacaggagcagtggctggggttctttgactactggggccaaggaaccctggtcaccgtctcctca	IGHV5-51	IGHD6-19	IGHJ4	tgtgcgagacaggagcagtggctggggttctttgactactgg	1	6.09923454606447e-06
caggtgcagctacagcagtggggcgcaggactgttgaagccttcggagaccctgtccctcacctgcgctgtctatggtgggtccttcagtggttactactggagctggatccgccagcccccagggaaggggctggagtggattggggaaatcaatcatagtggaagcaccaactacaacccgtccctcaagagtcgagtcaccatatcagtagacacgtccaagaaccagttctccctgaagctgagctctgtgaccgccgcggacacggctgtgtattactgtgcgagagggagcagcagctggtaccactttgactactggggccaaggaaccctggtcaccgtctcctca	IGHV4-34	IGHD6-13	IGHJ4	tgtgcgagagggagcagcagctggtaccactttgactactgg	1	6.09923454606447e-06
caggtgcagctggtgcagtctggggctgaggtgaagaagcctgggtcctcggtgaaggtctcctgcaaggcttctggaggcaccttcagcagctatgctatcagctgggtgcgacaggcccctggacaagggcttgagtggatgggagggatcatccctatctttggtacagcaaactacgcacagaagttccagggcagagtcacgattaccgcggacgaatccacgagcacagcctacatggagctgagcagcctgagatctgaggacacggccgtgtattactgtgcgagagacaaacatccgcctacaattgactactggggccaaggaaccctggtcaccgtctcctca	IGHV1-69	IGHD5-24	IGHJ4	tgtgcgagagacaaacatccgcctacaattgactactgg	1	6.09923454606447e-06
gaggtgcagctggtgcagtctggagcagaggtgaaaaagcccggggagtctctgaagatctcctgtaagggttctggatacagctttaccagctactggatcggctgggtgcgccagatgcccgggaaaggcctggagtggatggggatcatctatcctggtgactctgataccagatacagcccgtccttccaaggccaggtcaccatctcagccgacaagtccatcagcaccgcctacctgcagtggagcagcctgaaggcctcggacaccgccatgtattactgtgcgagacatgtgactgcccatgatgcttttgatgtctggggccaagggacaatggtcaccgtctcttca	IGHV5-51	IGHD4-17	IGHJ3	tgtgcgagacatgtgactgcccatgatgcttttgatgtctgg	1	6.09923454606447e-06
caggtgcagctggtgcagtctggggctgaggtgaagaagcctgggtcctcggtgaaggtctcctgcaaggcttctggaggcaccttcagcagctatgctatcagctgggtgcgacaggcccctggacaagggcttgagtggatgggagggatcatccctatctttggtacagcaaactacgcacagaagttccagggcagagtcacgattaccgcggacgaatccacgagcacagcctacatggagctgagcagcctgagatctgaggacacggccgtgtattactgtgcgagagatatagcagtggctggtacggttgactactggggccaaggaaccctggtcaccgtctcctca	IGHV1-69	IGHD6-19	IGHJ4	tgtgcgagagatatagcagtggctggtacggttgactactgg	1	6.09923454606447e-06
gaggtgcagctgttggagtctgggggaggcttggtacagcctggggggtccctgagactctcctgtgcagcctctggattcacctttagcagctatgccatgagctgggtccgccaggctccagggaaggggctggagtgggtctcagctattagtggtagtggtggtagcacatactacgcagactccgtgaagggccggttcaccatctccagagacaattccaagaacacgctgtatctgcaaatgaacagcctgagagccgaggacacggccgtatattactgtgcgaaagatggggcggtggtaacatggtacttcgatctctggggccgtggcaccctggtcactgtctcctca	IGHV3-23	IGHD4-23	IGHJ2	tgtgcgaaagatggggcggtggtaacatggtacttcgatctctgg	1	6.09923454606447e-06
gaggtgcagctggtggagtctgggggaggcttggtacagccagggcggtccctgagactctcctgtacagcttctggattcacctttggtgattatgctatgagctggttccgccaggctccagggaaggggctggagtgggtaggtttcattagaagcaaagcttatggtgggacaacagaatacaccgcgtctgtgaaaggcagattcaccatctcaagagatggttccaaaagcatcgcctatctgcaaatgaacagcctgaaaaccgaggacacagccgtgtattactgtactagagataaggatagcagctcgtccgactttgactactggggccaaggaaccctggtcaccgtctcctca	IGHV3-49	IGHD6-6	IGHJ4	tgtactagagataaggatagcagctcgtccgactttgactactgg	1	6.09923454606447e-06
gaggtgcagctggtggagtctgggggaggtgtggtacggcctggggggtccctgagactctcctgtgcagcctctggattcacctttgatgattatggcatgagctgggtccgccaagctccagggaaggggctggagtgggtctctggtattaattggaatggtggtagcacaggttatgcagactctgtgaagggccgattcaccatctccagagacaacgccaagaactccctgtatctgcaaatgaacagtctgagagccgaggacacggccttgtatcactgtgcgagagagccctatagtggcgactactttgactactggggccaaggaaccctggtcaccgtctcctca	IGHV3-20	IGHD5-12	IGHJ4	tgtgcgagagagccctatagtggcgactactttgactactgg	1	6.09923454606447e-06
caggtgcagctacagcagtggggcgcaggactgttgaagccttcggagaccctgtccctcacctgcgctgtctatggtgggtccttcagtggttactactggagctggatccgccagcccccagggaaggggctggagtggattggggaaatcaatcatagtggaagcaccaactacaacccgtccctcaagagtcgagtcaccatatcagtagacacgtccaagaaccagttctccctgaagctgagctctgtgaccgccgcggacacggctgtgtattactgtgcgagaggagaagcagctggtacggactactttgactactggggccaaggaaccctggtcaccgtctcctca	IGHV4-34	IGHD6-13	IGHJ4	tgtgcgagaggagaagcagctggtacggactactttgactactgg	1	6.09923454606447e-06
caggtcaccttgaaggagtctggtcctgtgctggtgaaacccacagagaccctcacgctgacctgcaccgtctctgggttctcactcagcaatgctagaatgggtgtgagctggatccgtcagcccccagggaaggccctggagtggcttgcacacattttttcgaatgacgaaaaatcctacagcacatctctgaagagcaggctcaccatctccaaggacacctccaaaagccaggtggtccttaccatgaccaacatggaccctgtggacacagccacatattactgtgcacggatacgagggacccactactttgactactggggccaaggaaccctggtcaccgtctcctca	IGHV2-26	IGHD1-26	IGHJ4	tgtgcacggatacgagggacccactactttgactactgg	1	6.09923454606447e-06
gaggtgcagctggtgcagtctggagcagaggtgaaaaagcccggggagtctctgaagatctcctgtaagggttctggatacagctttaccagctactggatcggctgggtgcgccagatgcccgggaaaggcctggagtggatggggatcatctatcctggtgactctgataccagatacagcccgtccttccaaggccaggtcaccatctcagccgacaagtccatcagcaccgcctacctgcagtggagcagcctgaaggcctcggacaccgccatgtattactgtgcgaggccgaggttctactactactacggtatggacgtctgggggcaagggaccacggtcaccgtctcctca	IGHV5-51	IGHD3-22	IGHJ6	tgtgcgaggccgaggttctactactactacggtatggacgtctgg	1	6.09923454606447e-06
gaggtgcagctggtgcagtctggagcagaggtgaaaaagcccggggagtctctgaagatctcctgtaagggttctggatacagctttaccagctactggatcggctgggtgcgccagatgcccgggaaaggcctggagtggatggggatcatctatcctggtgactctgataccagatacagcccgtccttccaaggccaggtcaccatctcagccgacaagtccatcagcaccgcctacctgcagtggagcagcctgaaggcctcggacaccgccatgtattactgtgcgagacaaggggatagtgggagctactacgactggggccaaggaaccctggtcaccgtctcctca	IGHV5-51	IGHD1-26	IGHJ4	tgtgcgagacaaggggatagtgggagctactacgactgg	1	6.09923454606447e-06
gaggtgcagctggtggagtctgggggaggcttggtacagccagggcggtccctgagactctcctgtacagcttctggattcacctttggtgattatgctatgagctggttccgccaggctccagggaaggggctggagtgggtaggtttcattagaagcaaagcttatggtgggacaacagaatacaccgcgtctgtgaaaggcagattcaccatctcaagagatggttccaaaagcatcgcctatctgcaaatgaacagcctgaaaaccgaggacacagccgtgtattactgtgggggctatggttcggggagttattatacctttgactactggggccaaggaaccctggtcaccgtctcctca	IGHV3-49	IGHD3-10	IGHJ4	tgtgggggctatggttcggggagttattatacctttgactactgg	1	6.09923454606447e-06
gaggtgcagctgttggagtctgggggaggcttggtacagcctggggggtccctgagactctcctgtgcagcctctggattcacctttagcagctatgccatgagctgggtccgccaggctccagggaaggggctggagtgggtctcagctattagtggtagtggtggtagcacatactacgcagactccgtgaagggccggttcaccatctccagagacaattccaagaacacgctgtatctgcaaatgaacagcctgagagccgaggacacggccgtatattactgtgcgaaagagaggagcagtggctggtacgactactggggccaaggaaccctggtcaccgtctcctca	IGHV3-23	IGHD6-19	IGHJ4	tgtgcgaaagagaggagcagtggctggtacgactactgg	1	6.09923454606447e-06
caggtgcagctggtgcagtctggggctgaggtgaagaagcctggggcctcagtgaaggtttcctgcaaggcatctggatacaccttcaccagctactatatgcactgggtgcgacaggcccctggacaagggcttgagtggatgggaataatcaaccctagtggtggtagcacaagctacgcacagaagttccagggcagagtcaccatgaccagggacacgtccacgagcacagtctacatggagctgagcagcctgagatctgaggacacggccgtgtattactgtgcgagagaggtgactcactactactacggtatggacgtctgggggcaagggaccacggtcaccgtctcctca	IGHV1-46	IGHD4-17	IGHJ6	tgtgcgagagaggtgactcactactactacggtatggacgtctgg	1	6.09923454606447e-06
caggtgcagctggtgcagtctggggctgaggtgaagaagcctgggtcctcggtgaaggtctcctgcaaggcttctggaggcaccttcagcagctatgctatcagctgggtgcgacaggcccctggacaagggcttgagtggatgggagggatcatccctatctttggtacagcaaactacgcacagaagttccagggcagagtcacgattaccgcggacgaatccacgagcacagcctacatggagctgagcagcctgagatctgaggacacggccgtgtattactgtgcgagagagggtatagcagcagctggtacgtcggactactggggccaaggaaccctggtcaccgtctcctca	IGHV1-69	IGHD6-13	IGHJ4	tgtgcgagagagggtatagcagcagctggtacgtcggactactgg	1	6.09923454606447e-06
gaggtgcagctgttggagtctgggggaggcttggtacagcctggggggtccctgagactctcctgtgcagcctctggattcacctttagcagctatgccatgagctgggtccgccaggctccagggaaggggctggagtgggtctcagctattagtggtagtggtggtagcacatactacgcagactccgtgaagggccggttcaccatctccagagacaattccaagaacacgctgtatctgcaaatgaacagcctgagagccgaggacacggccgtatattactgtgcgaaagaagtgggagcttggggctactttgactactggggccaaggaaccctggtcaccgtctcctca	IGHV3-23	IGHD1-26	IGHJ4	tgtgcgaaagaagtgggagcttggggctactttgactactgg	1	6.09923454606447e-06
caggtgcagctggtgcagtctggggctgaggtgaagaagcctgggtcctcggtgaaggtctcctgcaaggcttctggaggcaccttcagcagctatgctatcagctgggtgcgacaggcccctggacaagggcttgagtggatgggagggatcatccctatctttggtacagcaaactacgcacagaagttccagggcagagtcacgattaccgcggacgaatccacgagcacagcctacatggagctgagcagcctgagatctgaggacacggccgtgtattactgtgcgagagaggtggatatagggaactactttgactactggggccaaggaaccctggtcaccgtctcctca	IGHV1-69	IGHD5-12	IGHJ4	tgtgcgagagaggtggatatagggaactactttgactactgg	1	6.09923454606447e-06
gaggtgcagctggtggagtctggaggaggcttgatccagcctggggggtccctgagactctcctgtgcagcctctgggttcaccgtcagtagcaactacatgagctgggtccgccaggctccagggaaggggctggagtgggtctcagttatttatagcggtggtagcacatactacgcagactccgtgaagggccgattcaccatctccagagacaattccaagaacacgctgtatcttcaaatgaacagcctgagagccgaggacacggccgtgtattactgtgcgagagatggggggagctactggggctactttgactactggggccaaggaaccctggtcaccgtctcctca	IGHV3-53	IGHD1-26	IGHJ4	tgtgcgagagatggggggagctactggggctactttgactactgg	1	6.09923454606447e-06
gaggtgcagctggtggagtctgggggaggcttggtaaagcctggggggtcccttagactctcctgtgcagcctctggattcactttcagtaacgcctggatgagctgggtccgccaggctccagggaaggggctggagtgggttggccgtattaaaagcaaaactgatggtgggacaacagactacgctgcacccgtgaaaggcagattcaccatctcaagagatgattcaaaaaacacgctgtatctgcaaatgaacagcctgaaaaccgaggacacagccgtgtattactgtaccactgaggggagtatagcagctcgtccccgctactggggccaaggaaccctggtcaccgtctcctca	IGHV3-15	IGHD6-6	IGHJ4	tgtaccactgaggggagtatagcagctcgtccccgctactgg	1	6.09923454606447e-06
caggtgcagctggtgcagtctggggctgaggtgaagaagcctgggtcctcggtgaaggtctcctgcaaggcttctggaggcaccttcagcagctatgctatcagctgggtgcgacaggcccctggacaagggcttgagtggatgggagggatcatccctatctttggtacagcaaactacgcacagaagttccagggcagagtcacgattaccgcggacgaatccacgagcacagcctacatggagctgagcagcctgagatctgaggacacggccgtgtattactgtgcgagagatggcagctggacgacgagggactactggggccaaggaaccctggtcaccgtctcctca	IGHV1-69	IGHD6-13	IGHJ4	tgtgcgagagatggcagctggacgacgagggactactgg	1	6.09923454606447e-06
gaggtgcagctggtggagtctgggggaggcttggtacagccagggcggtccctgagactctcctgtacagcttctggattcacctttggtgattatgctatgagctggttccgccaggctccagggaaggggctggagtgggtaggtttcattagaagcaaagcttatggtgggacaacagaatacaccgcgtctgtgaaaggcagattcaccatctcaagagatggttccaaaagcatcgcctatctgcaaatgaacagcctgaaaaccgaggacacagccgtgtattactgtactaagggtggatatagtggctacgacgactactggggccaaggaaccctggtcaccgtctcctca	IGHV3-49	IGHD5-12	IGHJ4	tgtactaagggtggatatagtggctacgacgactactgg	1	6.09923454606447e-06
gaggtgcagctggtggagtctgggggaggcttggtaaagcctggggggtcccttagactctcctgtgcagcctctggattcactttcagtaacgcctggatgagctgggtccgccaggctccagggaaggggctggagtgggttggccgtattaaaagcaaaactgatggtgggacaacagactacgctgcacccgtgaaaggcagattcaccatctcaagagatgattcaaaaaacacgctgtatctgcaaatgaacagcctgaaaaccgaggacacagccgtgtattactgtaccacagatagagctacggtgactaactttgactactggggccaaggaaccctggtcaccgtctcctca	IGHV3-15	IGHD4-17	IGHJ4	tgtaccacagatagagctacggtgactaactttgactactgg	1	6.09923454606447e-06
cagctgcagctgcaggagtcgggcccaggactggtgaagccttcggagaccctgtccctcacctgcactgtctctggtggctccatcagcagtagtagttactactggggctggatccgccagcccccagggaaggggctggagtggattgggagtatctattatagtgggagcacctactacaacccgtccctcaagagtcgagtcaccatatccgtagacacgtccaagaaccagttctccctgaagctgagctctgtgaccgccgcagacacggctgtgtattactgtgcgagacagggatattgtagtagtaccagctgtgactactggggccaaggaaccctggtcaccgtctcctca	IGHV4-39	IGHD2-2	IGHJ4	tgtgcgagacagggatattgtagtagtaccagctgtgactactgg	1	6.09923454606447e-06
gaggtgcagctgttggagtctgggggaggcttggtacagcctggggggtccctgagactctcctgtgcagcctctggattcacctttagcagctatgccatgagctgggtccgccaggctccagggaaggggctggagtgggtctcagctattagtggtagtggtggtagcacatactacgcagactccgtgaagggccggttcaccatctccagagacaattccaagaacacgctgtatctgcaaatgaacagcctgagagccgaggacacggccgtatattactgtgcgaaagtgggtagcagcagctggtactactttgactactggggccaaggaaccctggtcaccgtctcctca	IGHV3-23	IGHD6-13	IGHJ4	tgtgcgaaagtgggtagcagcagctggtactactttgactactgg	1	6.09923454606447e-06
cagatcaccttgaaggagtctggtcctacgctggtgaaacccacacagaccctcacgctgacctgcaccttctctgggttctcactcagcactagtggagtgggtgtgggctggatccgtcagcccccaggaaaggccctggagtggcttgcactcatttattggaatgatgataagcgctacagcccatctctgaagagcaggctcaccatcaccaaggacacctccaaaaaccaggtggtccttacaatgaccaacatggaccctgtggacacagccacatattactgtgcacacagacgtggtatagcagcagctggtgactactggggccaaggaaccctggtcaccgtctcctca	IGHV2-5	IGHD6-13	IGHJ4	tgtgcacacagacgtggtatagcagcagctggtgactactgg	1	6.09923454606447e-06
gaggtgcagctgttggagtctgggggaggcttggtacagcctggggggtccctgagactctcctgtgcagcctctggattcacctttagcagctatgccatgagctgggtccgccaggctccagggaaggggctggagtgggtctcagctattagtggtagtggtggtagcacatactacgcagactccgtgaagggccggttcaccatctccagagacaattccaagaacacgctgtatctgcaaatgaacagcctgagagccgaggacacggccgtatattactgtgcgaaagaagaggctacggaggcctttgactactggggccaaggaaccctggtcaccgtctcctca	IGHV3-23	IGHD4-17	IGHJ4	tgtgcgaaagaagaggctacggaggcctttgactactgg	1	6.09923454606447e-06
caggtgcagctggtgcagtctggggctgaggtgaagaagcctgggtcctcggtgaaggtctcctgcaaggcttctggaggcaccttcagcagctatgctatcagctgggtgcgacaggcccctggacaagggcttgagtggatgggagggatcatccctatctttggtacagcaaactacgcacagaagttccagggcagagtcacgattaccgcggacgaatccacgagcacagcctacatggagctgagcagcctgagatctgaggacacggccgtgtattactgtgcgagagagtgggagctactacatctctactttgactactggggccaaggaaccctggtcaccgtctcctca	IGHV1-69	IGHD1-26	IGHJ4	tgtgcgagagagtgggagctactacatctctactttgactactgg	1	6.09923454606447e-06
caggtgcagctggtgcagtctggggctgaggtgaagaagcctgggtcctcggtgaaggtctcctgcaaggcttctggaggcaccttcagcagctatgctatcagctgggtgcgacaggcccctggacaagggcttgagtggatgggagggatcatccctatctttggtacagcaaactacgcacagaagttccagggcagagtcacgattaccgcggacgaatccacgagcacagcctacatggagctgagcagcctgagatctgaggacacggccgtgtattactgtgcgagagaggggggtatagcagtggcctggttcgactcctggggccaaggaaccctggtcaccgtctcctca	IGHV1-69	IGHD6-19	IGHJ5	tgtgcgagagaggggggtatagcagtggcctggttcgactcctgg	1	6.09923454606447e-06
gaggtgcagctggtgcagtctggagcagaggtgaaaaagcccggggagtctctgaagatctcctgtaagggttctggatacagctttaccagctactggatcggctgggtgcgccagatgcccgggaaaggcctggagtggatggggatcatctatcctggtgactctgataccagatacagcccgtccttccaaggccaggtcaccatctcagccgacaagtccatcagcaccgcctacctgcagtggagcagcctgaaggcctcggacaccgccatgtattactgtgcgagacatagcagcagctggagctttgactactggggccaaggaaccctggtcaccgtctcctca	IGHV5-51	IGHD6-13	IGHJ4	tgtgcgagacatagcagcagctggagctttgactactgg	1	6.09923454606447e-06
caggtgcagctggtgcagtctggggctgaggtgaagaagcctgggtcctcggtgaaggtctcctgcaaggcttctggaggcaccttcagcagctatgctatcagctgggtgcgacaggcccctggacaagggcttgagtggatgggagggatcatccctatctttggtacagcaaactacgcacagaagttccagggcagagtcacgattaccgcggacgaatccacgagcacagcctacatggagctgagcagcctgagatctgaggacacggccgtgtattactgtgcgagagagtacgatttttggagtggttattataccgactggggccaaggaaccctggtcaccgtctcctca	IGHV1-69	IGHD3-3	IGHJ4	tgtgcgagagagtacgatttttggagtggttattataccgactgg	1	6.09923454606447e-06
gaggtgcagctggtggagtctgggggaggcttggtaaagcctggggggtcccttagactctcctgtgcagcctctggattcactttcagtaacgcctggatgagctgggtccgccaggctccagggaaggggctggagtgggttggccgtattaaaagcaaaactgatggtgggacaacagactacgctgcacccgtgaaaggcagattcaccatctcaagagatgattcaaaaaacacgctgtatctgcaaatgaacagcctgaaaaccgaggacacagccgtgtattactgtaccacagactccatagcagcccactggttcgactcctggggccaaggaaccctggtcaccgtctcctca	IGHV3-15	IGHD6-6	IGHJ5	tgtaccacagactccatagcagcccactggttcgactcctgg	1	6.09923454606447e-06
gaggtgcagctggtggagtctgggggaggcttggtacagccagggcggtccctgagactctcctgtacagcttctggattcacctttggtgattatgctatgagctggttccgccaggctccagggaaggggctggagtgggtaggtttcattagaagcaaagcttatggtgggacaacagaatacaccgcgtctgtgaaaggcagattcaccatctcaagagatggttccaaaagcatcgcctatctgcaaatgaacagcctgaaaaccgaggacacagccgtgtattactgtactagagaaagagcagtggctggttactttgactactggggccaaggaaccctggtcaccgtctcctca	IGHV3-49	IGHD6-19	IGHJ4	tgtactagagaaagagcagtggctggttactttgactactgg	1	6.09923454606447e-06
gaggtgcagctggtggagtctgggggaggcttggtacagccagggcggtccctgagactctcctgtacagcttctggattcacctttggtgattatgctatgagctggttccgccaggctccagggaaggggctggagtgggtaggtttcattagaagcaaagcttatggtgggacaacagaatacaccgcgtctgtgaaaggcagattcaccatctcaagagatggttccaaaagcatcgcctatctgcaaatgaacagcctgaaaaccgaggacacagccgtgtattactgtactagagagatagcagctcactactttgactactggggccaaggaaccctggtcaccgtctcctca	IGHV3-49	IGHD6-6	IGHJ4	tgtactagagagatagcagctcactactttgactactgg	1	6.09923454606447e-06
caggtccagcttgtgcagtctggggctgaggtgaagaagcctggggcctcagtgaaggtttcctgcaaggcttctggatacaccttcactagctatgctatgcattgggtgcgccaggcccccggacaaaggcttgagtggatgggatggatcaacgctggcaatggtaacacaaaatattcacagaagttccagggcagagtcaccattaccagggacacatccgcgagcacagcctacatggagctgagcagcctgagatctgaagacacggctgtgtattactgtgcgagagctatagtgggagctactacgtttgactactggggccaaggaaccctggtcaccgtctcctca	IGHV1-3	IGHD1-26	IGHJ4	tgtgcgagagctatagtgggagctactacgtttgactactgg	1	6.09923454606447e-06
caggtgcagctggtgcagtctggggctgaggtgaagaagcctggggcctcagtgaaggtttcctgcaaggcatctggatacaccttcaccagctactatatgcactgggtgcgacaggcccctggacaagggcttgagtggatgggaataatcaaccctagtggtggtagcacaagctacgcacagaagttccagggcagagtcaccatgaccagggacacgtccacgagcacagtctacatggagctgagcagcctgagatctgaggacacggccgtgtattactgtgcgagagatagagatggctatggatactttgactactggggccaaggaaccctggtcaccgtctcctca	IGHV1-46	IGHD5-24	IGHJ4	tgtgcgagagatagagatggctatggatactttgactactgg	1	6.09923454606447e-06
caggtgcagctggtgcagtctggggctgaggtgaagaagcctggggcctcagtgaaggtctcctgcaaggcttctggatacaccttcaccggctactatatgcactgggtgcgacaggcccctggacaagggcttgagtggatgggacggatcaaccctaacagtggtggcacaaactatgcacagaagtttcagggcagggtcaccagtaccagggacacgtccatcagcacagcctacatggagctgagcaggctgagatctgacgacacggtcgtgtattactgtgcgagagagaagctggtacatgactactttgactactggggccaaggaaccctggtcaccgtctcctca	IGHV1-2	IGHD6-13	IGHJ4	tgtgcgagagagaagctggtacatgactactttgactactgg	1	6.09923454606447e-06
caggttcagctggtgcagtctggagctgaggtgaagaagcctggggcctcagtgaaggtctcctgcaaggcttctggttacacctttaccagctatggtatcagctgggtgcgacaggcccctggacaagggcttgagtggatgggatggatcagcgcttacaatggtaacacaaactatgcacagaagctccagggcagagtcaccatgaccacagacacatccacgagcacagcctacatggagctgaggagcctgagatctgacgacacggccgtgtattactgtgcggtgattatagtgggaggctactacggtatggacgtctgggggcaagggaccacggtcaccgtctcctca	IGHV1-18	IGHD1-26	IGHJ6	tgtgcggtgattatagtgggaggctactacggtatggacgtctgg	1	6.09923454606447e-06
caggttcagctggtgcagtctggagctgaggtgaagaagcctggggcctcagtgaaggtctcctgcaaggcttctggttacacctttaccagctatggtatcagctgggtgcgacaggcccctggacaagggcttgagtggatgggatggatcagcgcttacaatggtaacacaaactatgcacagaagctccagggcagagtcaccatgaccacagacacatccacgagcacagcctacatggagctgaggagcctgagatctgacgacacggccgtgtattactgtgcgagagctcgggcagcggactactttgactactggggccaaggaaccctggtcaccgtctcctca	IGHV1-18	IGHD6-13	IGHJ4	tgtgcgagagctcgggcagcggactactttgactactgg	1	6.09923454606447e-06
caggtgcagctggtgcagtctggggctgaggtgaagaagcctgggtcctcggtgaaggtctcctgcaaggcttctggaggcaccttcagcagctatgctatcagctgggtgcgacaggcccctggacaagggcttgagtggatgggagggatcatccctatctttggtacagcaaactacgcacagaagttccagggcagagtcacgattaccgcggacgaatccacgagcacagcctacatggagctgagcagcctgagatctgaggacacggccgtgtattactgtgcgagagaagtcccctcggggagttattattttgactactggggccaaggaaccctggtcaccgtctcctca	IGHV1-69	IGHD3-10	IGHJ4	tgtgcgagagaagtcccctcggggagttattattttgactactgg	1	6.09923454606447e-06
gaggtgcagctggtggagtccgggggaggcttagttcagcctggggggtccctgagactctcctgtgcagcctctggattcaccttcagtagctactggatgcactgggtccgccaagctccagggaaggggctggtgtgggtctcacgtattaatagtgatgggagtagcacaagctacgcggactccgtgaagggccgattcaccatctccagagacaacgccaagaacacgctgtatctgcaaatgaacagtctgagagccgaggacacggctgtgtattactgtgcaagagaagtgggagctactacctactttgactactggggccaaggaaccctggtcaccgtctcctca	IGHV3-74	IGHD1-26	IGHJ4	tgtgcaagagaagtgggagctactacctactttgactactgg	1	6.09923454606447e-06
caggtgcagctggtgcagtctggggctgaggtgaagaagcctgggtcctcggtgaaggtctcctgcaaggcttctggaggcaccttcagcagctatgctatcagctgggtgcgacaggcccctggacaagggcttgagtggatgggagggatcatccctatctttggtacagcaaactacgcacagaagttccagggcagagtcacgattaccgcggacgaatccacgagcacagcctacatggagctgagcagcctgagatctgaggacacggccgtgtattactgtgcgagagattactatggttcggggagttttgactactggggccaaggaaccctggtcaccgtctcctca	IGHV1-69	IGHD3-10	IGHJ4	tgtgcgagagattactatggttcggggagttttgactactgg	1	6.09923454606447e-06
caggttcagctggtgcagtctggagctgaggtgaagaagcctggggcctcagtgaaggtctcctgcaaggcttctggttacacctttaccagctatggtatcagctgggtgcgacaggcccctggacaagggcttgagtggatgggatggatcagcgcttacaatggtaacacaaactatgcacagaagctccagggcagagtcaccatgaccacagacacatccacgagcacagcctacatggagctgaggagcctgagatctgacgacacggccgtgtattactgtgcgagaggagatggctacaattaccatgatgtctggggccaagggacaatggtcaccgtctcttca	IGHV1-18	IGHD5-24	IGHJ3	tgtgcgagaggagatggctacaattaccatgatgtctgg	1	6.09923454606447e-06
gaggtgcagctggtgcagtctggagcagaggtgaaaaagcccggggagtctctgaagatctcctgtaagggttctggatacagctttaccagctactggatcggctgggtgcgccagatgcccgggaaaggcctggagtggatggggatcatctatcctggtgactctgataccagatacagcccgtccttccaaggccaggtcaccatctcagccgacaagtccatcagcaccgcctacctgcagtggagcagcctgaaggcctcggacaccgccatgtattactgtgcgagaccgcagtggctggtacccccctttgactactggggccaaggaaccctggtcaccgtctcctca	IGHV5-51	IGHD6-19	IGHJ4	tgtgcgagaccgcagtggctggtacccccctttgactactgg	1	6.09923454606447e-06
gaggtgcagctgttggagtctgggggaggcttggtacagcctggggggtccctgagactctcctgtgcagcctctggattcacctttagcagctatgccatgagctgggtccgccaggctccagggaaggggctggagtgggtctcagctattagtggtagtggtggtagcacatactacgcagactccgtgaagggccggttcaccatctccagagacaattccaagaacacgctgtatctgcaaatgaacagcctgagagccgaggacacggccgtatattactgtgcgaaatcccaaaagtgggagccctatgcttttgatgtctggggccaagggacaatggtcaccgtctcttca	IGHV3-23	IGHD1-26	IGHJ3	tgtgcgaaatcccaaaagtgggagccctatgcttttgatgtctgg	1	6.09923454606447e-06
gaggtgcagctggtggagtctggaggaggcttgatccagcctggggggtccctgagactctcctgtgcagcctctgggttcaccgtcagtagcaactacatgagctgggtccgccaggctccagggaaggggctggagtgggtctcagttatttatagcggtggtagcacatactacgcagactccgtgaagggccgattcaccatctccagagacaattccaagaacacgctgtatcttcaaatgaacagcctgagagccgaggacacggccgtgtattactgtgcgagagaagagatggctacaattgactactttgactactggggccaaggaaccctggtcaccgtctcctca	IGHV3-53	IGHD5-24	IGHJ4	tgtgcgagagaagagatggctacaattgactactttgactactgg	1	6.09923454606447e-06
caggtgcagctggtgcagtctggggctgaggtgaagaagcctggggcctcagtgaaggtctcctgcaaggcttctggatacaccttcaccagttatgatatcaactgggtgcgacaggccactggacaagggcttgagtggatgggatggatgaaccctaacagtggtaacacaggctatgcacagaagttccagggcagagtcaccatgaccaggaacacctccataagcacagcctacatggagctgagcagcctgagatctgaggacacggccgtgtattactgtgcgagaggtccactaactggggaccactactttgactactggggccaaggaaccctggtcaccgtctcctca	IGHV1-8	IGHD7-27	IGHJ4	tgtgcgagaggtccactaactggggaccactactttgactactgg	1	6.09923454606447e-06
caggtgcagctggtgcagtctggggctgaggtgaagaagcctgggtcctcggtgaaggtctcctgcaaggcttctggaggcaccttcagcagctatgctatcagctgggtgcgacaggcccctggacaagggcttgagtggatgggagggatcatccctatctttggtacagcaaactacgcacagaagttccagggcagagtcacgattaccgcggacgaatccacgagcacagcctacatggagctgagcagcctgagatctgaggacacggccgtgtattactgtgcgagagagtatagtgggagctaccctatttttgactactggggccaaggaaccctggtcaccgtctcctca	IGHV1-69	IGHD1-26	IGHJ4	tgtgcgagagagtatagtgggagctaccctatttttgactactgg	1	6.09923454606447e-06
caggtcaccttgaaggagtctggtcctgtgctggtgaaacccacagagaccctcacgctgacctgcaccgtctctgggttctcactcagcaatgctagaatgggtgtgagctggatccgtcagcccccagggaaggccctggagtggcttgcacacattttttcgaatgacgaaaaatcctacagcacatctctgaagagcaggctcaccatctccaaggacacctccaaaagccaggtggtccttaccatgaccaacatggaccctgtggacacagccacatattactgtgcacggatacccctaactggaacgacctgctttgactactggggccaaggaaccctggtcaccgtctcctca	IGHV2-26	IGHD1-1	IGHJ4	tgtgcacggatacccctaactggaacgacctgctttgactactgg	1	6.09923454606447e-06
gaggtgcagctggtggagtccgggggaggcttagttcagcctggggggtccctgagactctcctgtgcagcctctggattcaccttcagtagctactggatgcactgggtccgccaagctccagggaaggggctggtgtgggtctcacgtattaatagtgatgggagtagcacaagctacgcggactccgtgaagggccgattcaccatctccagagacaacgccaagaacacgctgtatctgcaaatgaacagtctgagagccgaggacacggctgtgtattactgtgcaaggactgactacggtgactacgactttgactactggggccaaggaaccctggtcaccgtctcctca	IGHV3-74	IGHD4-17	IGHJ4	tgtgcaaggactgactacggtgactacgactttgactactgg	1	6.09923454606447e-06
gaggtgcagctgttggagtctgggggaggcttggtacagcctggggggtccctgagactctcctgtgcagcctctggattcacctttagcagctatgccatgagctgggtccgccaggctccagggaaggggctggagtgggtctcagctattagtggtagtggtggtagcacatactacgcagactccgtgaagggccggttcaccatctccagagacaattccaagaacacgctgtatctgcaaatgaacagcctgagagccgaggacacggccgtatattactgtgcgaagccagttcggggagttctctactttgactactggggccaaggaaccctggtcaccgtctcctca	IGHV3-23	IGHD3-10	IGHJ4	tgtgcgaagccagttcggggagttctctactttgactactgg	1	6.09923454606447e-06
caggtgcagctggtggagtctgggggaggcttggtcaagcctggagggtccctgagactctcctgtgcagcctctggattcaccttcagtgactactacatgagctggatccgccaggctccagggaaggggctggagtgggtttcatacattagtagtagtggtagtaccatatactacgcagactctgtgaagggccgattcaccatctccagggacaacgccaagaactcactgtatctgcaaatgaacagcctgagagccgaggacacggccgtgtattactgtgcgagagaggagagagatggctactactttgactactggggccaaggaaccctggtcaccgtctcctca	IGHV3-11	IGHD5-24	IGHJ4	tgtgcgagagaggagagagatggctactactttgactactgg	1	6.09923454606447e-06
gaggtgcagctggtgcagtctggagcagaggtgaaaaagcccggggagtctctgaagatctcctgtaagggttctggatacagctttaccagctactggatcggctgggtgcgccagatgcccgggaaaggcctggagtggatggggatcatctatcctggtgactctgataccagatacagcccgtccttccaaggccaggtcaccatctcagccgacaagtccatcagcaccgcctacctgcagtggagcagcctgaaggcctcggacaccgccatgtattactgtgcgagacaaggatggctacaattacgggactttgactactggggccaaggaaccctggtcaccgtctcctca	IGHV5-51	IGHD5-24	IGHJ4	tgtgcgagacaaggatggctacaattacgggactttgactactgg	1	6.09923454606447e-06
caggtgcagctggtgcagtctggggctgaggtgaagaagcctggggcctcagtgaaggtttcctgcaaggcatctggatacaccttcaccagctactatatgcactgggtgcgacaggcccctggacaagggcttgagtggatgggaataatcaaccctagtggtggtagcacaagctacgcacagaagttccagggcagagtcaccatgaccagggacacgtccacgagcacagtctacatggagctgagcagcctgagatctgaggacacggccgtgtattactgtggccgtgggagctactcccgctactttgactactggggccaaggaaccctggtcaccgtctcctca	IGHV1-46	IGHD1-26	IGHJ4	tgtggccgtgggagctactcccgctactttgactactgg	1	6.09923454606447e-06
caggttcagctggtgcagtctggagctgaggtgaagaagcctggggcctcagtgaaggtctcctgcaaggcttctggttacacctttaccagctatggtatcagctgggtgcgacaggcccctggacaagggcttgagtggatgggatggatcagcgcttacaatggtaacacaaactatgcacagaagctccagggcagagtcaccatgaccacagacacatccacgagcacagcctacatggagctgaggagcctgagatctgacgacacggccgtgtattactgtgcgagggaggctacaattacccactttgactactggggccaaggaaccctggtcaccgtctcctca	IGHV1-18	IGHD5-24	IGHJ4	tgtgcgagggaggctacaattacccactttgactactgg	1	6.09923454606447e-06
gaggtgcagctgttggagtctgggggaggcttggtacagcctggggggtccctgagactctcctgtgcagcctctggattcacctttagcagctatgccatgagctgggtccgccaggctccagggaaggggctggagtgggtctcagctattagtggtagtggtggtagcacatactacgcagactccgtgaagggccggttcaccatctccagagacaattccaagaacacgctgtatctgcaaatgaacagcctgagagccgaggacacggccgtatattactgtgcgaaagaggagctactacggaactactttgactactggggccaaggaaccctggtcaccgtctcctca	IGHV3-23	IGHD1-26	IGHJ4	tgtgcgaaagaggagctactacggaactactttgactactgg	1	6.09923454606447e-06
gaggtgcagctggtggagtctgggggaggtgtggtacggcctggggggtccctgagactctcctgtgcagcctctggattcacctttgatgattatggcatgagctgggtccgccaagctccagggaaggggctggagtgggtctctggtattaattggaatggtggtagcacaggttatgcagactctgtgaagggccgattcaccatctccagagacaacgccaagaactccctgtatctgcaaatgaacagtctgagagccgaggacacggccttgtatcactgtgcgagagggagaggtatagtgggaggctggttcgactcctggggccaaggaaccctggtcaccgtctcctca	IGHV3-20	IGHD1-26	IGHJ5	tgtgcgagagggagaggtatagtgggaggctggttcgactcctgg	1	6.09923454606447e-06
caggtgcagctggtggagtctgggggaggcttggtcaagcctggagggtccctgagactctcctgtgcagcctctggattcaccttcagtgactactacatgagctggatccgccaggctccagggaaggggctggagtgggtttcatacattagtagtagtggtagtaccatatactacgcagactctgtgaagggccgattcaccatctccagggacaacgccaagaactcactgtatctgcaaatgaacagcctgagagccgaggacacggccgtgtattactgtgcgagagaagcagcagctggttactttgactactggggccaaggaaccctggtcaccgtctcctca	IGHV3-11	IGHD6-13	IGHJ4	tgtgcgagagaagcagcagctggttactttgactactgg	1	6.09923454606447e-06
gaggtgcagctggtggagtctgggggaggcttggtaaagcctggggggtcccttagactctcctgtgcagcctctggattcactttcagtaacgcctggatgagctgggtccgccaggctccagggaaggggctggagtgggttggccgtattaaaagcaaaactgatggtgggacaacagactacgctgcacccgtgaaaggcagattcaccatctcaagagatgattcaaaaaacacgctgtatctgcaaatgaacagcctgaaaaccgaggacacagccgtgtattactgtaccacagagggtatagcagcagctggtacctactggggccaaggaaccctggtcaccgtctcctca	IGHV3-15	IGHD6-13	IGHJ4	tgtaccacagagggtatagcagcagctggtacctactgg	1	6.09923454606447e-06
caggtgcagctggtgcagtctggggctgaggtgaagaagcctggggcctcagtgaaggtttcctgcaaggcatctggatacaccttcaccagctactatatgcactgggtgcgacaggcccctggacaagggcttgagtggatgggaataatcaaccctagtggtggtagcacaagctacgcacagaagttccagggcagagtcaccatgaccagggacacgtccacgagcacagtctacatggagctgagcagcctgagatctgaggacacggccgtgtattactgtgcgagagagggtcatatagtgggagcggactttgactactggggccaaggaaccctggtcaccgtctcctca	IGHV1-46	IGHD1-26	IGHJ4	tgtgcgagagagggtcatatagtgggagcggactttgactactgg	1	6.09923454606447e-06
gaggtgcagctgttggagtctgggggaggcttggtacagcctggggggtccctgagactctcctgtgcagcctctggattcacctttagcagctatgccatgagctgggtccgccaggctccagggaaggggctggagtgggtctcagctattagtggtagtggtggtagcacatactacgcagactccgtgaagggccggttcaccatctccagagacaattccaagaacacgctgtatctgcaaatgaacagcctgagagccgaggacacggccgtatattactgtgcgaagggtatagcagtggctccaggtgactactggggccaaggaaccctggtcaccgtctcctca	IGHV3-23	IGHD6-19	IGHJ4	tgtgcgaagggtatagcagtggctccaggtgactactgg	1	6.09923454606447e-06
caggtgcagctggtgcagtctggggctgaggtgaagaagcctggggcctcagtgaaggtttcctgcaaggcatctggatacaccttcaccagctactatatgcactgggtgcgacaggcccctggacaagggcttgagtggatgggaataatcaaccctagtggtggtagcacaagctacgcacagaagttccagggcagagtcaccatgaccagggacacgtccacgagcacagtctacatggagctgagcagcctgagatctgaggacacggccgtgtattactgtgcgagagaggggcggctacgatcctactttgactactggggccaaggaaccctggtcaccgtctcctca	IGHV1-46	IGHD5-12	IGHJ4	tgtgcgagagaggggcggctacgatcctactttgactactgg	1	6.09923454606447e-06
caggtgcagctggtgcagtctggggctgaggtgaagaagcctggggcctcagtgaaggtctcctgcaaggcttctggatacaccttcaccggctactatatgcactgggtgcgacaggcccctggacaagggcttgagtggatgggacggatcaaccctaacagtggtggcacaaactatgcacagaagtttcagggcagggtcaccagtaccagggacacgtccatcagcacagcctacatggagctgagcaggctgagatctgacgacacggtcgtgtattactgtgcgagagatccctatagcagtgggtttgactactggggccaaggaaccctggtcaccgtctcctca	IGHV1-2	IGHD6-19	IGHJ4	tgtgcgagagatccctatagcagtgggtttgactactgg	1	6.09923454606447e-06
caggtgcagctggtgcagtctggggctgaggtgaagaagcctgggtcctcggtgaaggtctcctgcaaggcttctggaggcaccttcagcagctatgctatcagctgggtgcgacaggcccctggacaagggcttgagtggatgggagggatcatccctatctttggtacagcaaactacgcacagaagttccagggcagagtcacgattaccgcggacgaatccacgagcacagcctacatggagctgagcagcctgagatctgaggacacggccgtgtattactgtgcgagaatagcagcagcagatgcttttgatgtctggggccaagggacaatggtcaccgtctcttca	IGHV1-69	IGHD6-13	IGHJ3	tgtgcgagaatagcagcagcagatgcttttgatgtctgg	1	6.09923454606447e-06
caggtacagctgcagcagtcaggtccaggactggtgaagccctcgcagaccctctcactcacctgtgccatctccggggacagtgtctctagcaacagtgctgcttggaactggatcaggcagtccccatcgagaggccttgagtggctgggaaggacatactacaggtccaagtggtataatgattatgcagtatctgtgaaaagtcgaataaccatcaacccagacacatccaagaaccagttctccctgcagctgaactctgtgactcccgaggacacggctgtgtattactgtgcaagagaagtgggagctactgactactttgactactggggccaaggaaccctggtcaccgtctcctca	IGHV6-1	IGHD1-26	IGHJ4	tgtgcaagagaagtgggagctactgactactttgactactgg	1	6.09923454606447e-06
caggtgcagctggtgcagtctggggctgaggtgaagaagcctgggtcctcggtgaaggtctcctgcaaggcttctggaggcaccttcagcagctatgctatcagctgggtgcgacaggcccctggacaagggcttgagtggatgggagggatcatccctatctttggtacagcaaactacgcacagaagttccagggcagagtcacgattaccgcggacgaatccacgagcacagcctacatggagctgagcagcctgagatctgaggacacggccgtgtattactgtgcgagagcggatatagtggctacgattacctttgactactggggccaaggaaccctggtcaccgtctcctca	IGHV1-69	IGHD5-12	IGHJ4	tgtgcgagagcggatatagtggctacgattacctttgactactgg	1	6.09923454606447e-06
caggtgcagctggtggagtctgggggaggcttggtcaagcctggagggtccctgagactctcctgtgcagcctctggattcaccttcagtgactactacatgagctggatccgccaggctccagggaaggggctggagtgggtttcatacattagtagtagtggtagtaccatatactacgcagactctgtgaagggccgattcaccatctccagggacaacgccaagaactcactgtatctgcaaatgaacagcctgagagccgaggacacggccgtgtattactgtgcgaggaggagcagctcgtgtggggactactttgactactggggccaaggaaccctggtcaccgtctcctca	IGHV3-11	IGHD6-6	IGHJ4	tgtgcgaggaggagcagctcgtgtggggactactttgactactgg	1	6.09923454606447e-06
caggtgcagctggtgcagtctggggctgaggtgaagaagcctgggtcctcggtgaaggtctcctgcaaggcttctggaggcaccttcagcagctatgctatcagctgggtgcgacaggcccctggacaagggcttgagtggatgggagggatcatccctatctttggtacagcaaactacgcacagaagttccagggcagagtcacgattaccgcggacgaatccacgagcacagcctacatggagctgagcagcctgagatctgaggacacggccgtgtattactgtgcgagagaagaggagtgggagctactagatgactactggggccaaggaaccctggtcaccgtctcctca	IGHV1-69	IGHD1-26	IGHJ4	tgtgcgagagaagaggagtgggagctactagatgactactgg	1	6.09923454606447e-06
caggtgcagctggtgcagtctggggctgaggtgaagaagcctggggcctcagtgaaggtctcctgcaaggcttctggatacaccttcaccggctactatatgcactgggtgcgacaggcccctggacaagggcttgagtggatgggacggatcaaccctaacagtggtggcacaaactatgcacagaagtttcagggcagggtcaccagtaccagggacacgtccatcagcacagcctacatggagctgagcaggctgagatctgacgacacggtcgtgtattactgtgcgagagatcgggtggtgggctactttgactactggggccaaggaaccctggtcaccgtctcctca	IGHV1-2	IGHD2-15	IGHJ4	tgtgcgagagatcgggtggtgggctactttgactactgg	1	6.09923454606447e-06
caggttcagctggtgcagtctggagctgaggtgaagaagcctggggcctcagtgaaggtctcctgcaaggcttctggttacacctttaccagctatggtatcagctgggtgcgacaggcccctggacaagggcttgagtggatgggatggatcagcgcttacaatggtaacacaaactatgcacagaagctccagggcagagtcaccatgaccacagacacatccacgagcacagcctacatggagctgaggagcctgagatctgacgacacggccgtgtattactgtgcgagagatcgagcattctacggtatggacgtctgggggcaagggaccacggtcaccgtctcctca	IGHV1-18	IGHD6-13	IGHJ6	tgtgcgagagatcgagcattctacggtatggacgtctgg	1	6.09923454606447e-06
caggtgcagctggtgcagtctggggctgaggtgaagaagcctgggtcctcggtgaaggtctcctgcaaggcttctggaggcaccttcagcagctatgctatcagctgggtgcgacaggcccctggacaagggcttgagtggatgggagggatcatccctatctttggtacagcaaactacgcacagaagttccagggcagagtcacgattaccgcggacgaatccacgagcacagcctacatggagctgagcagcctgagatctgaggacacggccgtgtattactgtgcgagatattactatgatagtagtacccgctttgactactggggccaaggaaccctggtcaccgtctcctca	IGHV1-69	IGHD3-22	IGHJ4	tgtgcgagatattactatgatagtagtacccgctttgactactgg	1	6.09923454606447e-06
cagatcaccttgaaggagtctggtcctacgctggtgaaacccacacagaccctcacgctgacctgcaccttctctgggttctcactcagcactagtggagtgggtgtgggctggatccgtcagcccccaggaaaggccctggagtggcttgcactcatttattggaatgatgataagcgctacagcccatctctgaagagcaggctcaccatcaccaaggacacctccaaaaaccaggtggtccttacaatgaccaacatggaccctgtggacacagccacatattactgtgcgatagtgggagctacccactactttgactactggggccaaggaaccctggtcaccgtctcctca	IGHV2-5	IGHD1-26	IGHJ4	tgtgcgatagtgggagctacccactactttgactactgg	1	6.09923454606447e-06
caggtgcagctggtggagtctgggggaggcttggtcaagcctggagggtccctgagactctcctgtgcagcctctggattcaccttcagtgactactacatgagctggatccgccaggctccagggaaggggctggagtgggtttcatacattagtagtagtggtagtaccatatactacgcagactctgtgaagggccgattcaccatctccagggacaacgccaagaactcactgtatctgcaaatgaacagcctgagagccgaggacacggccgtgtattactgtgcgagagacggtgactggggctactttgactactggggccaaggaaccctggtcaccgtctcctca	IGHV3-11	IGHD4-17	IGHJ4	tgtgcgagagacggtgactggggctactttgactactgg	1	6.09923454606447e-06
gaggtgcagctggtgcagtctggagcagaggtgaaaaagcccggggagtctctgaagatctcctgtaagggttctggatacagctttaccagctactggatcggctgggtgcgccagatgcccgggaaaggcctggagtggatggggatcatctatcctggtgactctgataccagatacagcccgtccttccaaggccaggtcaccatctcagccgacaagtccatcagcaccgcctacctgcagtggagcagcctgaaggcctcggacaccgccatgtattactgtgcgagacaagtagtaccagctccttactttgactactggggccaaggaaccctggtcaccgtctcctca	IGHV5-51	IGHD2-2	IGHJ4	tgtgcgagacaagtagtaccagctccttactttgactactgg	1	6.09923454606447e-06
caggtgcagctggtgcagtctggggctgaggtgaagaagcctggggcctcagtgaaggtctcctgcaaggcttctggatacaccttcaccggctactatatgcactgggtgcgacaggcccctggacaagggcttgagtggatgggacggatcaaccctaacagtggtggcacaaactatgcacagaagtttcagggcagggtcaccagtaccagggacacgtccatcagcacagcctacatggagctgagcaggctgagatctgacgacacggtcgtgtattactgtgcgagagggtcggggagttattataaatttgactactggggccaaggaaccctggtcaccgtctcctca	IGHV1-2	IGHD3-10	IGHJ4	tgtgcgagagggtcggggagttattataaatttgactactgg	1	6.09923454606447e-06
gaggtgcagctggtggagtctgggggaggcttggtaaagcctggggggtcccttagactctcctgtgcagcctctggattcactttcagtaacgcctggatgagctgggtccgccaggctccagggaaggggctggagtgggttggccgtattaaaagcaaaactgatggtgggacaacagactacgctgcacccgtgaaaggcagattcaccatctcaagagatgattcaaaaaacacgctgtatctgcaaatgaacagcctgaaaaccgaggacacagccgtgtattactgtaccacagagcagcagctgggctactggtacttcgatctctggggccgtggcaccctggtcactgtctcctca	IGHV3-15	IGHD6-13	IGHJ2	tgtaccacagagcagcagctgggctactggtacttcgatctctgg	1	6.09923454606447e-06
caggtgcagctggtgcagtctggggctgaggtgaagaagcctggggcctcagtgaaggtttcctgcaaggcatctggatacaccttcaccagctactatatgcactgggtgcgacaggcccctggacaagggcttgagtggatgggaataatcaaccctagtggtggtagcacaagctacgcacagaagttccagggcagagtcaccatgaccagggacacgtccacgagcacagtctacatggagctgagcagcctgagatctgaggacacggccgtgtattactgtgcgagttcggccagcagctggtacgactactttgactactggggccaaggaaccctggtcaccgtctcctca	IGHV1-46	IGHD6-13	IGHJ4	tgtgcgagttcggccagcagctggtacgactactttgactactgg	1	6.09923454606447e-06
gaggtgcagctgttggagtctgggggaggcttggtacagcctggggggtccctgagactctcctgtgcagcctctggattcacctttagcagctatgccatgagctgggtccgccaggctccagggaaggggctggagtgggtctcagctattagtggtagtggtggtagcacatactacgcagactccgtgaagggccggttcaccatctccagagacaattccaagaacacgctgtatctgcaaatgaacagcctgagagccgaggacacggccgtatattactgtgcgaatgggcagcagctccttcactactttgactactggggccaaggaaccctggtcaccgtctcctca	IGHV3-23	IGHD6-13	IGHJ4	tgtgcgaatgggcagcagctccttcactactttgactactgg	1	6.09923454606447e-06
caggtgcagctggtgcagtctggggctgaggtgaagaagcctggggcctcagtgaaggtttcctgcaaggcatctggatacaccttcaccagctactatatgcactgggtgcgacaggcccctggacaagggcttgagtggatgggaataatcaaccctagtggtggtagcacaagctacgcacagaagttccagggcagagtcaccatgaccagggacacgtccacgagcacagtctacatggagctgagcagcctgagatctgaggacacggccgtgtattactgtgcgagagatatagcagtggcaccctcctttgactactggggccaaggaaccctggtcaccgtctcctca	IGHV1-46	IGHD6-19	IGHJ4	tgtgcgagagatatagcagtggcaccctcctttgactactgg	1	6.09923454606447e-06
caggtacagctgcagcagtcaggtccaggactggtgaagccctcgcagaccctctcactcacctgtgccatctccggggacagtgtctctagcaacagtgctgcttggaactggatcaggcagtccccatcgagaggccttgagtggctgggaaggacatactacaggtccaagtggtataatgattatgcagtatctgtgaaaagtcgaataaccatcaacccagacacatccaagaaccagttctccctgcagctgaactctgtgactcccgaggacacggctgtgtattactgtgcaagagatcgatggctacaagatgcttttgatgtctggggccaagggacaatggtcaccgtctcttca	IGHV6-1	IGHD5-24	IGHJ3	tgtgcaagagatcgatggctacaagatgcttttgatgtctgg	1	6.09923454606447e-06
caggtccagcttgtgcagtctggggctgaggtgaagaagcctggggcctcagtgaaggtttcctgcaaggcttctggatacaccttcactagctatgctatgcattgggtgcgccaggcccccggacaaaggcttgagtggatgggatggatcaacgctggcaatggtaacacaaaatattcacagaagttccagggcagagtcaccattaccagggacacatccgcgagcacagcctacatggagctgagcagcctgagatctgaagacacggctgtgtattactgtgcgagagagccaaccagcagctgggaggactttgactactggggccaaggaaccctggtcaccgtctcctca	IGHV1-3	IGHD6-13	IGHJ4	tgtgcgagagagccaaccagcagctgggaggactttgactactgg	1	6.09923454606447e-06
caggtgcagctggtgcagtctggggctgaggtgaagaagcctggggcctcagtgaaggtctcctgcaaggcttctggatacaccttcaccggctactatatgcactgggtgcgacaggcccctggacaagggcttgagtggatgggacggatcaaccctaacagtggtggcacaaactatgcacagaagtttcagggcagggtcaccagtaccagggacacgtccatcagcacagcctacatggagctgagcaggctgagatctgacgacacggtcgtgtattactgtgcgagagaagggaggtatagcagctcgtactttgactactggggccaaggaaccctggtcaccgtctcctca	IGHV1-2	IGHD6-6	IGHJ4	tgtgcgagagaagggaggtatagcagctcgtactttgactactgg	1	6.09923454606447e-06
gaggtgcagctggtggagtctgggggaggcttggtaaagcctggggggtcccttagactctcctgtgcagcctctggattcactttcagtaacgcctggatgagctgggtccgccaggctccagggaaggggctggagtgggttggccgtattaaaagcaaaactgatggtgggacaacagactacgctgcacccgtgaaaggcagattcaccatctcaagagatgattcaaaaaacacgctgtatctgcaaatgaacagcctgaaaaccgaggacacagccgtgtattactgtaccacagagataactggaactaacaactggttcgactcctggggccaaggaaccctggtcaccgtctcctca	IGHV3-15	IGHD1-7	IGHJ5	tgtaccacagagataactggaactaacaactggttcgactcctgg	1	6.09923454606447e-06
gaggtgcagctggtggagtctgggggaggcttggtaaagcctggggggtcccttagactctcctgtgcagcctctggattcactttcagtaacgcctggatgagctgggtccgccaggctccagggaaggggctggagtgggttggccgtattaaaagcaaaactgatggtgggacaacagactacgctgcacccgtgaaaggcagattcaccatctcaagagatgattcaaaaaacacgctgtatctgcaaatgaacagcctgaaaaccgaggacacagccgtgtattactgtaccacaggaatagtggctccctggttcgactcctggggccaaggaaccctggtcaccgtctcctca	IGHV3-15	IGHD5-12	IGHJ5	tgtaccacaggaatagtggctccctggttcgactcctgg	1	6.09923454606447e-06
gaggtgcagctgttggagtctgggggaggcttggtacagcctggggggtccctgagactctcctgtgcagcctctggattcacctttagcagctatgccatgagctgggtccgccaggctccagggaaggggctggagtgggtctcagctattagtggtagtggtggtagcacatactacgcagactccgtgaagggccggttcaccatctccagagacaattccaagaacacgctgtatctgcaaatgaacagcctgagagccgaggacacggccgtatattactgtgcgatgggacctaggactacgggtgcttttgatgtctggggccaagggacaatggtcaccgtctcttca	IGHV3-23	IGHD4-17	IGHJ3	tgtgcgatgggacctaggactacgggtgcttttgatgtctgg	1	6.09923454606447e-06
gaggtgcagctgttggagtctgggggaggcttggtacagcctggggggtccctgagactctcctgtgcagcctctggattcacctttagcagctatgccatgagctgggtccgccaggctccagggaaggggctggagtgggtctcagctattagtggtagtggtggtagcacatactacgcagactccgtgaagggccggttcaccatctccagagacaattccaagaacacgctgtatctgcaaatgaacagcctgagagccgaggacacggccgtatattactgtgcgaaagacccccgtggtaactccgactactttgactactggggccaaggaaccctggtcaccgtctcctca	IGHV3-23	IGHD4-23	IGHJ4	tgtgcgaaagacccccgtggtaactccgactactttgactactgg	1	6.09923454606447e-06
gaggtgcagctgttggagtctgggggaggcttggtacagcctggggggtccctgagactctcctgtgcagcctctggattcacctttagcagctatgccatgagctgggtccgccaggctccagggaaggggctggagtgggtctcagctattagtggtagtggtggtagcacatactacgcagactccgtgaagggccggttcaccatctccagagacaattccaagaacacgctgtatctgcaaatgaacagcctgagagccgaggacacggccgtatattactgtgcgaaagagatccccgttggaggagggtacttcgatctctggggccgtggcaccctggtcactgtctcctca	IGHV3-23	IGHD3-3	IGHJ2	tgtgcgaaagagatccccgttggaggagggtacttcgatctctgg	1	6.09923454606447e-06
gaggtgcagctggtggagtctgggggaggcttggtaaagcctggggggtcccttagactctcctgtgcagcctctggattcactttcagtaacgcctggatgagctgggtccgccaggctccagggaaggggctggagtgggttggccgtattaaaagcaaaactgatggtgggacaacagactacgctgcacccgtgaaaggcagattcaccatctcaagagatgattcaaaaaacacgctgtatctgcaaatgaacagcctgaaaaccgaggacacagccgtgtattactgtaccacagatcagtggctggtacgtgatgcttttgatgtctggggccaagggacaatggtcaccgtctcttca	IGHV3-15	IGHD6-19	IGHJ3	tgtaccacagatcagtggctggtacgtgatgcttttgatgtctgg	1	6.09923454606447e-06
gaggtgcagctggtgcagtctggagcagaggtgaaaaagcccggggagtctctgaagatctcctgtaagggttctggatacagctttaccagctactggatcggctgggtgcgccagatgcccgggaaaggcctggagtggatggggatcatctatcctggtgactctgataccagatacagcccgtccttccaaggccaggtcaccatctcagccgacaagtccatcagcaccgcctacctgcagtggagcagcctgaaggcctcggacaccgccatgtattactgtgcgagactgggtatagcagcagtttttgactactggggccaaggaaccctggtcaccgtctcctca	IGHV5-51	IGHD6-13	IGHJ4	tgtgcgagactgggtatagcagcagtttttgactactgg	1	6.09923454606447e-06
gaggtgcagctggtggagtctgggggaggcttggtaaagcctggggggtcccttagactctcctgtgcagcctctggattcactttcagtaacgcctggatgagctgggtccgccaggctccagggaaggggctggagtgggttggccgtattaaaagcaaaactgatggtgggacaacagactacgctgcacccgtgaaaggcagattcaccatctcaagagatgattcaaaaaacacgctgtatctgcaaatgaacagcctgaaaaccgaggacacagccgtgtattactgtaccacagagagagggagctacggctactttgactactggggccaaggaaccctggtcaccgtctcctca	IGHV3-15	IGHD1-26	IGHJ4	tgtaccacagagagagggagctacggctactttgactactgg	1	6.09923454606447e-06
caggtgcagctggtgcagtctggggctgaggtgaagaagcctgggtcctcggtgaaggtctcctgcaaggcttctggaggcaccttcagcagctatgctatcagctgggtgcgacaggcccctggacaagggcttgagtggatgggagggatcatccctatctttggtacagcaaactacgcacagaagttccagggcagagtcacgattaccgcggacgaatccacgagcacagcctacatggagctgagcagcctgagatctgaggacacggccgtgtattactgtgcgagatatcctctactatggttcggggactactggggccaaggaaccctggtcaccgtctcctca	IGHV1-69	IGHD3-10	IGHJ4	tgtgcgagatatcctctactatggttcggggactactgg	1	6.09923454606447e-06
gaggtgcagctggtgcagtctggagcagaggtgaaaaagcccggggagtctctgaagatctcctgtaagggttctggatacagctttaccagctactggatcggctgggtgcgccagatgcccgggaaaggcctggagtggatggggatcatctatcctggtgactctgataccagatacagcccgtccttccaaggccaggtcaccatctcagccgacaagtccatcagcaccgcctacctgcagtggagcagcctgaaggcctcggacaccgccatgtattactgtgcgagacaaaactacggtgactaccatgcttttgatgtctggggccaagggacaatggtcaccgtctcttca	IGHV5-51	IGHD4-17	IGHJ3	tgtgcgagacaaaactacggtgactaccatgcttttgatgtctgg	1	6.09923454606447e-06
caggtgcagctggtgcagtctggggctgaggtgaagaagcctgggtcctcggtgaaggtctcctgcaaggcttctggaggcaccttcagcagctatgctatcagctgggtgcgacaggcccctggacaagggcttgagtggatgggagggatcatccctatctttggtacagcaaactacgcacagaagttccagggcagagtcacgattaccgcggacgaatccacgagcacagcctacatggagctgagcagcctgagatctgaggacacggccgtgtattactgtgcgagggctacaactggaacgagaggttttgatgtctggggccaagggacaatggtcaccgtctcttca	IGHV1-69	IGHD1-1	IGHJ3	tgtgcgagggctacaactggaacgagaggttttgatgtctgg	1	6.09923454606447e-06
gaagtgcagctggtggagtctgggggagtcgtggtacagcctggggggtccctgagactctcctgtgcagcctctggattcacctttgatgattataccatgcactgggtccgtcaagctccggggaagggtctggagtgggtctctcttattagttgggatggtggtagcacatactatgcagactctgtgaagggccgattcaccatctccagagacaacagcaaaaactccctgtatctgcaaatgaacagtctgagaactgaggacaccgccttgtattactgtgcaaaagatatgctggggtggggactctttgactactggggccaaggaaccctggtcaccgtctcctca	IGHV3-43	IGHD7-27	IGHJ4	tgtgcaaaagatatgctggggtggggactctttgactactgg	1	6.09923454606447e-06
gaggtgcagctggtgcagtctggagcagaggtgaaaaagcccggggagtctctgaagatctcctgtaagggttctggatacagctttaccagctactggatcggctgggtgcgccagatgcccgggaaaggcctggagtggatggggatcatctatcctggtgactctgataccagatacagcccgtccttccaaggccaggtcaccatctcagccgacaagtccatcagcaccgcctacctgcagtggagcagcctgaaggcctcggacaccgccatgtattactgtgcgagacatatagtgggagctactactatgtttgactactggggccaaggaaccctggtcaccgtctcctca	IGHV5-51	IGHD1-26	IGHJ4	tgtgcgagacatatagtgggagctactactatgtttgactactgg	1	6.09923454606447e-06
gaggtgcagctggtggagtctgggggaggcttggtccagcctggggggtccctgagactctcctgtgcagcctctggattcaccttcagtagctatgctatgcactgggtccgccaggctccagggaagggactggaatatgtttcagctattagtagtaatgggggtagcacatattatgcaaactctgtgaagggcagattcaccatctccagagacaattccaagaacacgctgtatcttcaaatgggcagcctgagagctgaggacatggctgtgtattactgtgcgagagatcgctacggtgacgtggactttgactactggggccaaggaaccctggtcaccgtctcctca	IGHV3-64	IGHD4-17	IGHJ4	tgtgcgagagatcgctacggtgacgtggactttgactactgg	1	6.09923454606447e-06
gaggtgcagctgttggagtctgggggaggcttggtacagcctggggggtccctgagactctcctgtgcagcctctggattcacctttagcagctatgccatgagctgggtccgccaggctccagggaaggggctggagtgggtctcagctattagtggtagtggtggtagcacatactacgcagactccgtgaagggccggttcaccatctccagagacaattccaagaacacgctgtatctgcaaatgaacagcctgagagccgaggacacggccgtatattactgtgcgaaaaattccccggggaggaactttgactactggggccaaggaaccctggtcaccgtctcctca	IGHV3-23	IGHD7-27	IGHJ4	tgtgcgaaaaattccccggggaggaactttgactactgg	1	6.09923454606447e-06
gaggtgcagctgttggagtctgggggaggcttggtacagcctggggggtccctgagactctcctgtgcagcctctggattcacctttagcagctatgccatgagctgggtccgccaggctccagggaaggggctggagtgggtctcagctattagtggtagtggtggtagcacatactacgcagactccgtgaagggccggttcaccatctccagagacaattccaagaacacgctgtatctgcaaatgaacagcctgagagccgaggacacggccgtatattactgtgcgaaagagcctggtatagcacaatatgcttttgatgtctggggccaagggacaatggtcaccgtctcttca	IGHV3-23	IGHD6-19	IGHJ3	tgtgcgaaagagcctggtatagcacaatatgcttttgatgtctgg	1	6.09923454606447e-06
gaggtgcagctggtggagtctgggggaggcttggtacagccagggcggtccctgagactctcctgtacagcttctggattcacctttggtgattatgctatgagctggttccgccaggctccagggaaggggctggagtgggtaggtttcattagaagcaaagcttatggtgggacaacagaatacaccgcgtctgtgaaaggcagattcaccatctcaagagatggttccaaaagcatcgcctatctgcaaatgaacagcctgaaaaccgaggacacagccgtgtattactgtactagaggggctacgattacctactttgactactggggccaaggaaccctggtcaccgtctcctca	IGHV3-49	IGHD5-12	IGHJ4	tgtactagaggggctacgattacctactttgactactgg	1	6.09923454606447e-06
gaggtgcagctggtggagtctgggggaggcttggtaaagcctggggggtcccttagactctcctgtgcagcctctggattcactttcagtaacgcctggatgagctgggtccgccaggctccagggaaggggctggagtgggttggccgtattaaaagcaaaactgatggtgggacaacagactacgctgcacccgtgaaaggcagattcaccatctcaagagatgattcaaaaaacacgctgtatctgcaaatgaacagcctgaaaaccgaggacacagccgtgtattactgtaccacagacggagtgggagctactacctttgactactggggccaaggaaccctggtcaccgtctcctca	IGHV3-15	IGHD1-26	IGHJ4	tgtaccacagacggagtgggagctactacctttgactactgg	1	6.09923454606447e-06
caggttcagctggtgcagtctggagctgaggtgaagaagcctggggcctcagtgaaggtctcctgcaaggcttctggttacacctttaccagctatggtatcagctgggtgcgacaggcccctggacaagggcttgagtggatgggatggatcagcgcttacaatggtaacacaaactatgcacagaagctccagggcagagtcaccatgaccacagacacatccacgagcacagcctacatggagctgaggagcctgagatctgacgacacggccgtgtattactgtgcgagagacaggcgggagatggctacagttgactactggggccaaggaaccctggtcaccgtctcctca	IGHV1-18	IGHD5-24	IGHJ4	tgtgcgagagacaggcgggagatggctacagttgactactgg	1	6.09923454606447e-06
caggtgcagctacagcagtggggcgcaggactgttgaagccttcggagaccctgtccctcacctgcgctgtctatggtgggtccttcagtggttactactggagctggatccgccagcccccagggaaggggctggagtggattggggaaatcaatcatagtggaagcaccaactacaacccgtccctcaagagtcgagtcaccatatcagtagacacgtccaagaaccagttctccctgaagctgagctctgtgaccgccgcggacacggctgtgtattactgtgcgaggagcagcagctggtacaattttgatgtctggggccaagggacaatggtcaccgtctcttca	IGHV4-34	IGHD6-13	IGHJ3	tgtgcgaggagcagcagctggtacaattttgatgtctgg	1	6.09923454606447e-06
caggtgcagctggtgcagtctggggctgaggtgaagaagcctgggtcctcggtgaaggtctcctgcaaggcttctggaggcaccttcagcagctatgctatcagctgggtgcgacaggcccctggacaagggcttgagtggatgggagggatcatccctatctttggtacagcaaactacgcacagaagttccagggcagagtcacgattaccgcggacgaatccacgagcacagcctacatggagctgagcagcctgagatctgaggacacggccgtgtattactgtgcgagagatcatagcagcagccactactttgactactggggccaaggaaccctggtcaccgtctcctca	IGHV1-69	IGHD6-13	IGHJ4	tgtgcgagagatcatagcagcagccactactttgactactgg	1	6.09923454606447e-06
gaggtgcagctggtgcagtctggagcagaggtgaaaaagcccggggagtctctgaagatctcctgtaagggttctggatacagctttaccagctactggatcggctgggtgcgccagatgcccgggaaaggcctggagtggatggggatcatctatcctggtgactctgataccagatacagcccgtccttccaaggccaggtcaccatctcagccgacaagtccatcagcaccgcctacctgcagtggagcagcctgaaggcctcggacaccgccatgtattactgtgcgagacatggagactggccagactactttgactactggggccaaggaaccctggtcaccgtctcctca	IGHV5-51	IGHD7-27	IGHJ4	tgtgcgagacatggagactggccagactactttgactactgg	1	6.09923454606447e-06
caggttcagctggtgcagtctggagctgaggtgaagaagcctggggcctcagtgaaggtctcctgcaaggcttctggttacacctttaccagctatggtatcagctgggtgcgacaggcccctggacaagggcttgagtggatgggatggatcagcgcttacaatggtaacacaaactatgcacagaagctccagggcagagtcaccatgaccacagacacatccacgagcacagcctacatggagctgaggagcctgagatctgacgacacggccgtgtattactgtgcgagagatatagcagctcgtcgagactactttgactactggggccaaggaaccctggtcaccgtctcctca	IGHV1-18	IGHD6-6	IGHJ4	tgtgcgagagatatagcagctcgtcgagactactttgactactgg	1	6.09923454606447e-06
caggttcagctggtgcagtctggagctgaggtgaagaagcctggggcctcagtgaaggtctcctgcaaggcttctggttacacctttaccagctatggtatcagctgggtgcgacaggcccctggacaagggcttgagtggatgggatggatcagcgcttacaatggtaacacaaactatgcacagaagctccagggcagagtcaccatgaccacagacacatccacgagcacagcctacatggagctgaggagcctgagatctgacgacacggccgtgtattactgtgcgagagtcggggactacggtgactactttgatgtctggggccaagggacaatggtcaccgtctcttca	IGHV1-18	IGHD4-17	IGHJ3	tgtgcgagagtcggggactacggtgactactttgatgtctgg	1	6.09923454606447e-06
gaggtgcagctggtggagtctgggggaggcttggtacagccagggcggtccctgagactctcctgtacagcttctggattcacctttggtgattatgctatgagctggttccgccaggctccagggaaggggctggagtgggtaggtttcattagaagcaaagcttatggtgggacaacagaatacaccgcgtctgtgaaaggcagattcaccatctcaagagatggttccaaaagcatcgcctatctgcaaatgaacagcctgaaaaccgaggacacagccgtgtattactgtactagagataggggatttttggagtgggactttgactactggggccaaggaaccctggtcaccgtctcctca	IGHV3-49	IGHD3-3	IGHJ4	tgtactagagataggggatttttggagtgggactttgactactgg	1	6.09923454606447e-06
gaggtgcagctgttggagtctgggggaggcttggtacagcctggggggtccctgagactctcctgtgcagcctctggattcacctttagcagctatgccatgagctgggtccgccaggctccagggaaggggctggagtgggtctcagctattagtggtagtggtggtagcacatactacgcagactccgtgaagggccggttcaccatctccagagacaattccaagaacacgctgtatctgcaaatgaacagcctgagagccgaggacacggccgtatattactgtgcgaaagatcagtcaactggaactacggggtttgactactggggccaaggaaccctggtcaccgtctcctca	IGHV3-23	IGHD1-7	IGHJ4	tgtgcgaaagatcagtcaactggaactacggggtttgactactgg	1	6.09923454606447e-06
gaggtgcagctggtggagtccgggggaggcttagttcagcctggggggtccctgagactctcctgtgcagcctctggattcaccttcagtagctactggatgcactgggtccgccaagctccagggaaggggctggtgtgggtctcacgtattaatagtgatgggagtagcacaagctacgcggactccgtgaagggccgattcaccatctccagagacaacgccaagaacacgctgtatctgcaaatgaacagtctgagagccgaggacacggctgtgtattactgtgcaagagacagcggctccctctggttcgactcctggggccaaggaaccctggtcaccgtctcctca	IGHV3-74	IGHD6-25	IGHJ5	tgtgcaagagacagcggctccctctggttcgactcctgg	1	6.09923454606447e-06
caggtgcagctggtgcagtctggggctgaggtgaagaagcctggggcctcagtgaaggtctcctgcaaggcttctggatacaccttcaccggctactatatgcactgggtgcgacaggcccctggacaagggcttgagtggatgggacggatcaaccctaacagtggtggcacaaactatgcacagaagtttcagggcagggtcaccagtaccagggacacgtccatcagcacagcctacatggagctgagcaggctgagatctgacgacacggtcgtgtattactgtgcgagagaggggcagtggctggaagggagattcgactcctggggccaaggaaccctggtcaccgtctcctca	IGHV1-2	IGHD6-19	IGHJ5	tgtgcgagagaggggcagtggctggaagggagattcgactcctgg	1	6.09923454606447e-06
caggtgcagctacagcagtggggcgcaggactgttgaagccttcggagaccctgtccctcacctgcgctgtctatggtgggtccttcagtggttactactggagctggatccgccagcccccagggaaggggctggagtggattggggaaatcaatcatagtggaagcaccaactacaacccgtccctcaagagtcgagtcaccatatcagtagacacgtccaagaaccagttctccctgaagctgagctctgtgaccgccgcggacacggctgtgtattactgtgcgagcatagcagcggctacccccggttttgatgtctggggccaagggacaatggtcaccgtctcttca	IGHV4-34	IGHD6-25	IGHJ3	tgtgcgagcatagcagcggctacccccggttttgatgtctgg	1	6.09923454606447e-06
caggtgcagctggtgcagtctggggctgaggtgaagaagcctgggtcctcggtgaaggtctcctgcaaggcttctggaggcaccttcagcagctatgctatcagctgggtgcgacaggcccctggacaagggcttgagtggatgggagggatcatccctatctttggtacagcaaactacgcacagaagttccagggcagagtcacgattaccgcggacgaatccacgagcacagcctacatggagctgagcagcctgagatctgaggacacggccgtgtattactgtgcgagagactctagtgggagctactttgactactggggccaaggaaccctggtcaccgtctcctca	IGHV1-69	IGHD1-26	IGHJ4	tgtgcgagagactctagtgggagctactttgactactgg	1	6.09923454606447e-06
gaggtgcagctggtggagtctggaggaggcttgatccagcctggggggtccctgagactctcctgtgcagcctctgggttcaccgtcagtagcaactacatgagctgggtccgccaggctccagggaaggggctggagtgggtctcagttatttatagcggtggtagcacatactacgcagactccgtgaagggccgattcaccatctccagagacaattccaagaacacgctgtatcttcaaatgaacagcctgagagccgaggacacggccgtgtattactgtgcgagagatcggaaagtgggagtctggttcgactcctggggccaaggaaccctggtcaccgtctcctca	IGHV3-53	IGHD1-26	IGHJ5	tgtgcgagagatcggaaagtgggagtctggttcgactcctgg	1	6.09923454606447e-06
caggtgcagctggtgcagtctggggctgaggtgaagaagcctgggtcctcggtgaaggtctcctgcaaggcttctggaggcaccttcagcagctatgctatcagctgggtgcgacaggcccctggacaagggcttgagtggatgggagggatcatccctatctttggtacagcaaactacgcacagaagttccagggcagagtcacgattaccgcggacgaatccacgagcacagcctacatggagctgagcagcctgagatctgaggacacggccgtgtattactgtgtacgatattttgactggtcctactactttgactactggggccaaggaaccctggtcaccgtctcctca	IGHV1-69	IGHD3-9	IGHJ4	tgtgtacgatattttgactggtcctactactttgactactgg	1	6.09923454606447e-06
caggtgcagctggtgcagtctggggctgaggtgaagaagcctgggtcctcggtgaaggtctcctgcaaggcttctggaggcaccttcagcagctatgctatcagctgggtgcgacaggcccctggacaagggcttgagtggatgggagggatcatccctatctttggtacagcaaactacgcacagaagttccagggcagagtcacgattaccgcggacgaatccacgagcacagcctacatggagctgagcagcctgagatctgaggacacggccgtgtattactgtgcgagagaggaggataacgaggtctttgactactggggccaaggaaccctggtcaccgtctcctca	IGHV1-69	IGHD1-7	IGHJ4	tgtgcgagagaggaggataacgaggtctttgactactgg	1	6.09923454606447e-06
gaggtgcagctggtgcagtctggagcagaggtgaaaaagcccggggagtctctgaagatctcctgtaagggttctggatacagctttaccagctactggatcggctgggtgcgccagatgcccgggaaaggcctggagtggatggggatcatctatcctggtgactctgataccagatacagcccgtccttccaaggccaggtcaccatctcagccgacaagtccatcagcaccgcctacctgcagtggagcagcctgaaggcctcggacaccgccatgtattactgtgcgagacagaaatataactggaactttgactactggggccaaggaaccctggtcaccgtctcctca	IGHV5-51	IGHD1-7	IGHJ4	tgtgcgagacagaaatataactggaactttgactactgg	1	6.09923454606447e-06
caggttcagctggtgcagtctggagctgaggtgaagaagcctggggcctcagtgaaggtctcctgcaaggcttctggttacacctttaccagctatggtatcagctgggtgcgacaggcccctggacaagggcttgagtggatgggatggatcagcgcttacaatggtaacacaaactatgcacagaagctccagggcagagtcaccatgaccacagacacatccacgagcacagcctacatggagctgaggagcctgagatctgacgacacggccgtgtattactgtgcgagagatccagtggctacgattaactactttgactactggggccaaggaaccctggtcaccgtctcctca	IGHV1-18	IGHD5-12	IGHJ4	tgtgcgagagatccagtggctacgattaactactttgactactgg	1	6.09923454606447e-06
caggtgcagctggtgcagtctggggctgaggtgaagaagcctgggtcctcggtgaaggtctcctgcaaggcttctggaggcaccttcagcagctatgctatcagctgggtgcgacaggcccctggacaagggcttgagtggatgggagggatcatccctatctttggtacagcaaactacgcacagaagttccagggcagagtcacgattaccgcggacgaatccacgagcacagcctacatggagctgagcagcctgagatctgaggacacggccgtgtattactgtgcgactatgatagtagtggttattactacctttgactactggggccaaggaaccctggtcaccgtctcctca	IGHV1-69	IGHD3-22	IGHJ4	tgtgcgactatgatagtagtggttattactacctttgactactgg	1	6.09923454606447e-06
caggtgcagctggtgcagtctggggctgaggtgaagaagcctgggtcctcggtgaaggtctcctgcaaggcttctggaggcaccttcagcagctatgctatcagctgggtgcgacaggcccctggacaagggcttgagtggatgggagggatcatccctatctttggtacagcaaactacgcacagaagttccagggcagagtcacgattaccgcggacgaatccacgagcacagcctacatggagctgagcagcctgagatctgaggacacggccgtgtattactgtgcgagagacgatttttggagtggttataactttgactactggggccaaggaaccctggtcaccgtctcctca	IGHV1-69	IGHD3-3	IGHJ4	tgtgcgagagacgatttttggagtggttataactttgactactgg	1	6.09923454606447e-06
gaggtgcagctgttggagtctgggggaggcttggtacagcctggggggtccctgagactctcctgtgcagcctctggattcacctttagcagctatgccatgagctgggtccgccaggctccagggaaggggctggagtgggtctcagctattagtggtagtggtggtagcacatactacgcagactccgtgaagggccggttcaccatctccagagacaattccaagaacacgctgtatctgcaaatgaacagcctgagagccgaggacacggccgtatattactgtgcgaaagatctggtggtgattgctattccctttgactactggggccaaggaaccctggtcaccgtctcctca	IGHV3-23	IGHD2-21	IGHJ4	tgtgcgaaagatctggtggtgattgctattccctttgactactgg	1	6.09923454606447e-06
gaggtgcagctggtgcagtctggagcagaggtgaaaaagcccggggagtctctgaagatctcctgtaagggttctggatacagctttaccagctactggatcggctgggtgcgccagatgcccgggaaaggcctggagtggatggggatcatctatcctggtgactctgataccagatacagcccgtccttccaaggccaggtcaccatctcagccgacaagtccatcagcaccgcctacctgcagtggagcagcctgaaggcctcggacaccgccatgtattactgtgcgagacaatattgtagtggtggtagcgcttttgatgtctggggccaagggacaatggtcaccgtctcttca	IGHV5-51	IGHD2-15	IGHJ3	tgtgcgagacaatattgtagtggtggtagcgcttttgatgtctgg	1	6.09923454606447e-06
caggtgcagctggtggagtctgggggaggcttggtcaagcctggagggtccctgagactctcctgtgcagcctctggattcaccttcagtgactactacatgagctggatccgccaggctccagggaaggggctggagtgggtttcatacattagtagtagtggtagtaccatatactacgcagactctgtgaagggccgattcaccatctccagggacaacgccaagaactcactgtatctgcaaatgaacagcctgagagccgaggacacggccgtgtattactgtgcgagagtgggagctactacctggttcgactcctggggccaaggaaccctggtcaccgtctcctca	IGHV3-11	IGHD1-26	IGHJ5	tgtgcgagagtgggagctactacctggttcgactcctgg	1	6.09923454606447e-06
cagatcaccttgaaggagtctggtcctacgctggtgaaacccacacagaccctcacgctgacctgcaccttctctgggttctcactcagcactagtggagtgggtgtgggctggatccgtcagcccccaggaaaggccctggagtggcttgcactcatttattggaatgatgataagcgctacagcccatctctgaagagcaggctcaccatcaccaaggacacctccaaaaaccaggtggtccttacaatgaccaacatggaccctgtggacacagccacatattactgtgcacacagtcccggggagctactgaggtactttgactactggggccaaggaaccctggtcaccgtctcctca	IGHV2-5	IGHD1-26	IGHJ4	tgtgcacacagtcccggggagctactgaggtactttgactactgg	1	6.09923454606447e-06
gaggtgcagctgttggagtctgggggaggcttggtacagcctggggggtccctgagactctcctgtgcagcctctggattcacctttagcagctatgccatgagctgggtccgccaggctccagggaaggggctggagtgggtctcagctattagtggtagtggtggtagcacatactacgcagactccgtgaagggccggttcaccatctccagagacaattccaagaacacgctgtatctgcaaatgaacagcctgagagccgaggacacggccgtatattactgtgcgaaagatgcagtggctggtacgtggtttgactactggggccaaggaaccctggtcaccgtctcctca	IGHV3-23	IGHD6-19	IGHJ4	tgtgcgaaagatgcagtggctggtacgtggtttgactactgg	1	6.09923454606447e-06
gaggtgcagctgttggagtctgggggaggcttggtacagcctggggggtccctgagactctcctgtgcagcctctggattcacctttagcagctatgccatgagctgggtccgccaggctccagggaaggggctggagtgggtctcagctattagtggtagtggtggtagcacatactacgcagactccgtgaagggccggttcaccatctccagagacaattccaagaacacgctgtatctgcaaatgaacagcctgagagccgaggacacggccgtatattactgtgcgaaagaaaggagttggctacgatactttgactactggggccaaggaaccctggtcaccgtctcctca	IGHV3-23	IGHD5-12	IGHJ4	tgtgcgaaagaaaggagttggctacgatactttgactactgg	1	6.09923454606447e-06
caggtccagctggtacagtctggggctgaggtgaagaagcctggggcctcagtgaaggtctcctgcaaggtttccggatacaccctcactgaattatccatgcactgggtgcgacaggctcctggaaaagggcttgagtggatgggaggttttgatcctgaagatggtgaaacaatctacgcacagaagttccagggcagagtcaccatgaccgaggacacatctacagacacagcctacatggagctgagcagcctgagatctgaggacacggccgtgtattactgtgcaacagaagggggattacggaactactttgactactggggccaaggaaccctggtcaccgtctcctca	IGHV1-24	IGHD4-17	IGHJ4	tgtgcaacagaagggggattacggaactactttgactactgg	1	6.09923454606447e-06
caggtgcagctggtgcagtctggggctgaggtgaagaagcctggggcctcagtgaaggtctcctgcaaggcttctggatacaccttcaccagttatgatatcaactgggtgcgacaggccactggacaagggcttgagtggatgggatggatgaaccctaacagtggtaacacaggctatgcacagaagttccagggcagagtcaccatgaccaggaacacctccataagcacagcctacatggagctgagcagcctgagatctgaggacacggccgtgtattactgtgcgagaggctatgggagctacaggggttactttgactactggggccaaggaaccctggtcaccgtctcctca	IGHV1-8	IGHD1-26	IGHJ4	tgtgcgagaggctatgggagctacaggggttactttgactactgg	1	6.09923454606447e-06
gaggtgcagctggtgcagtctggagcagaggtgaaaaagcccggggagtctctgaagatctcctgtaagggttctggatacagctttaccagctactggatcggctgggtgcgccagatgcccgggaaaggcctggagtggatggggatcatctatcctggtgactctgataccagatacagcccgtccttccaaggccaggtcaccatctcagccgacaagtccatcagcaccgcctacctgcagtggagcagcctgaaggcctcggacaccgccatgtattactgtgcgagaatagtgggagctcccgacggttttgactactggggccaaggaaccctggtcaccgtctcctca	IGHV5-51	IGHD1-26	IGHJ4	tgtgcgagaatagtgggagctcccgacggttttgactactgg	1	6.09923454606447e-06
caggtgcagctggtgcagtctggggctgaggtgaagaagcctgggtcctcggtgaaggtctcctgcaaggcttctggaggcaccttcagcagctatgctatcagctgggtgcgacaggcccctggacaagggcttgagtggatgggagggatcatccctatctttggtacagcaaactacgcacagaagttccagggcagagtcacgattaccgcggacgaatccacgagcacagcctacatggagctgagcagcctgagatctgaggacacggccgtgtattactgtgcgagagaagggagcagcagctggtacggggactactggggccaaggaaccctggtcaccgtctcctca	IGHV1-69	IGHD6-13	IGHJ4	tgtgcgagagaagggagcagcagctggtacggggactactgg	1	6.09923454606447e-06
caggtccagcttgtgcagtctggggctgaggtgaagaagcctggggcctcagtgaaggtttcctgcaaggcttctggatacaccttcactagctatgctatgcattgggtgcgccaggcccccggacaaaggcttgagtggatgggatggatcaacgctggcaatggtaacacaaaatattcacagaagttccagggcagagtcaccattaccagggacacatccgcgagcacagcctacatggagctgagcagcctgagatctgaagacacggctgtgtattactgtgcgagagaccggggttgggagctactggactttgactactggggccaaggaaccctggtcaccgtctcctca	IGHV1-3	IGHD1-26	IGHJ4	tgtgcgagagaccggggttgggagctactggactttgactactgg	1	6.09923454606447e-06
gaggtgcagctggtggagtctgggggaggcttggtaaagcctggggggtcccttagactctcctgtgcagcctctggattcactttcagtaacgcctggatgagctgggtccgccaggctccagggaaggggctggagtgggttggccgtattaaaagcaaaactgatggtgggacaacagactacgctgcacccgtgaaaggcagattcaccatctcaagagatgattcaaaaaacacgctgtatctgcaaatgaacagcctgaaaaccgaggacacagccgtgtattactgtaccacagattttataaccggctactttgactactggggccaaggaaccctggtcaccgtctcctca	IGHV3-15	IGHD1-14	IGHJ4	tgtaccacagattttataaccggctactttgactactgg	1	6.09923454606447e-06
gaggtgcagctggtgcagtctggagcagaggtgaaaaagcccggggagtctctgaagatctcctgtaagggttctggatacagctttaccagctactggatcggctgggtgcgccagatgcccgggaaaggcctggagtggatggggatcatctatcctggtgactctgataccagatacagcccgtccttccaaggccaggtcaccatctcagccgacaagtccatcagcaccgcctacctgcagtggagcagcctgaaggcctcggacaccgccatgtattactgtgcgagacatcccgagctactacggtactttgactactggggccaaggaaccctggtcaccgtctcctca	IGHV5-51	IGHD1-26	IGHJ4	tgtgcgagacatcccgagctactacggtactttgactactgg	1	6.09923454606447e-06
caggtgcagctggtgcagtctggggctgaggtgaagaagcctggggcctcagtgaaggtttcctgcaaggcatctggatacaccttcaccagctactatatgcactgggtgcgacaggcccctggacaagggcttgagtggatgggaataatcaaccctagtggtggtagcacaagctacgcacagaagttccagggcagagtcaccatgaccagggacacgtccacgagcacagtctacatggagctgagcagcctgagatctgaggacacggccgtgtattactgtgcgagagaaaactacggtgatccccactttgactactggggccaaggaaccctggtcaccgtctcctca	IGHV1-46	IGHD4-17	IGHJ4	tgtgcgagagaaaactacggtgatccccactttgactactgg	1	6.09923454606447e-06
gaggtgcagctggtgcagtctggagcagaggtgaaaaagcccggggagtctctgaagatctcctgtaagggttctggatacagctttaccagctactggatcggctgggtgcgccagatgcccgggaaaggcctggagtggatggggatcatctatcctggtgactctgataccagatacagcccgtccttccaaggccaggtcaccatctcagccgacaagtccatcagcaccgcctacctgcagtggagcagcctgaaggcctcggacaccgccatgtattactgtgcgagacaaatttgtaactgtacggaggggtttgactactggggccaaggaaccctggtcaccgtctcctca	IGHV5-51	IGHD7-27	IGHJ4	tgtgcgagacaaatttgtaactgtacggaggggtttgactactgg	1	6.09923454606447e-06
caggttcagctggtgcagtctggagctgaggtgaagaagcctggggcctcagtgaaggtctcctgcaaggcttctggttacacctttaccagctatggtatcagctgggtgcgacaggcccctggacaagggcttgagtggatgggatggatcagcgcttacaatggtaacacaaactatgcacagaagctccagggcagagtcaccatgaccacagacacatccacgagcacagcctacatggagctgaggagcctgagatctgacgacacggccgtgtattactgtgcgagagatgatatagtggctacgcgctggttcgactcctggggccaaggaaccctggtcaccgtctcctca	IGHV1-18	IGHD5-12	IGHJ5	tgtgcgagagatgatatagtggctacgcgctggttcgactcctgg	1	6.09923454606447e-06
cagatcaccttgaaggagtctggtcctacgctggtgaaacccacacagaccctcacgctgacctgcaccttctctgggttctcactcagcactagtggagtgggtgtgggctggatccgtcagcccccaggaaaggccctggagtggcttgcactcatttattggaatgatgataagcgctacagcccatctctgaagagcaggctcaccatcaccaaggacacctccaaaaaccaggtggtccttacaatgaccaacatggaccctgtggacacagccacatattactgtgcacacagacagcagcagctgctctgctttgactactggggccaaggaaccctggtcaccgtctcctca	IGHV2-5	IGHD6-13	IGHJ4	tgtgcacacagacagcagcagctgctctgctttgactactgg	1	6.09923454606447e-06
gaggtgcagctggtggagtctgggggaggcttggtccagcctggggggtccctgagactctcctgtgcagcctctggattcaccttcagtagctatgctatgcactgggtccgccaggctccagggaagggactggaatatgtttcagctattagtagtaatgggggtagcacatattatgcaaactctgtgaagggcagattcaccatctccagagacaattccaagaacacgctgtatcttcaaatgggcagcctgagagctgaggacatggctgtgtattactgtgcgagacatgaggtggctacgaccggctttgactactggggccaaggaaccctggtcaccgtctcctca	IGHV3-64	IGHD5-12	IGHJ4	tgtgcgagacatgaggtggctacgaccggctttgactactgg	1	6.09923454606447e-06
gaggtgcagctggtggagtctgggggaggcttggtacagccagggcggtccctgagactctcctgtacagcttctggattcacctttggtgattatgctatgagctggttccgccaggctccagggaaggggctggagtgggtaggtttcattagaagcaaagcttatggtgggacaacagaatacaccgcgtctgtgaaaggcagattcaccatctcaagagatggttccaaaagcatcgcctatctgcaaatgaacagcctgaaaaccgaggacacagccgtgtattactgtactagagagagtatagcagctcgtaggtactttgactactggggccaaggaaccctggtcaccgtctcctca	IGHV3-49	IGHD6-6	IGHJ4	tgtactagagagagtatagcagctcgtaggtactttgactactgg	1	6.09923454606447e-06
caggtgcagctacagcagtggggcgcaggactgttgaagccttcggagaccctgtccctcacctgcgctgtctatggtgggtccttcagtggttactactggagctggatccgccagcccccagggaaggggctggagtggattggggaaatcaatcatagtggaagcaccaactacaacccgtccctcaagagtcgagtcaccatatcagtagacacgtccaagaaccagttctccctgaagctgagctctgtgaccgccgcggacacggctgtgtattactgtgcgagaggcgggagctactacgtgccctttgactactggggccaaggaaccctggtcaccgtctcctca	IGHV4-34	IGHD1-26	IGHJ4	tgtgcgagaggcgggagctactacgtgccctttgactactgg	1	6.09923454606447e-06
gaggtgcagctggtggagtctgggggaggcttggtaaagcctggggggtcccttagactctcctgtgcagcctctggattcactttcagtaacgcctggatgagctgggtccgccaggctccagggaaggggctggagtgggttggccgtattaaaagcaaaactgatggtgggacaacagactacgctgcacccgtgaaaggcagattcaccatctcaagagatgattcaaaaaacacgctgtatctgcaaatgaacagcctgaaaaccgaggacacagccgtgtattactgtaccacagatacagcagctggtaccaactggttcgactcctggggccaaggaaccctggtcaccgtctcctca	IGHV3-15	IGHD6-13	IGHJ5	tgtaccacagatacagcagctggtaccaactggttcgactcctgg	1	6.09923454606447e-06
gaggtgcagctggtggagtctggaggaggcttgatccagcctggggggtccctgagactctcctgtgcagcctctgggttcaccgtcagtagcaactacatgagctgggtccgccaggctccagggaaggggctggagtgggtctcagttatttatagcggtggtagcacatactacgcagactccgtgaagggccgattcaccatctccagagacaattccaagaacacgctgtatcttcaaatgaacagcctgagagccgaggacacggccgtgtattactgtgcgagagagggcagcaggggttggttcgactcctggggccaaggaaccctggtcaccgtctcctca	IGHV3-53	IGHD6-13	IGHJ5	tgtgcgagagagggcagcaggggttggttcgactcctgg	1	6.09923454606447e-06
caggtgcagctggtgcagtctggggctgaggtgaagaagcctgggtcctcggtgaaggtctcctgcaaggcttctggaggcaccttcagcagctatgctatcagctgggtgcgacaggcccctggacaagggcttgagtggatgggagggatcatccctatctttggtacagcaaactacgcacagaagttccagggcagagtcacgattaccgcggacgaatccacgagcacagcctacatggagctgagcagcctgagatctgaggacacggccgtgtattactgtgcgagagattccaggtatagcagtggattcgactcctggggccaaggaaccctggtcaccgtctcctca	IGHV1-69	IGHD6-19	IGHJ5	tgtgcgagagattccaggtatagcagtggattcgactcctgg	1	6.09923454606447e-06
caggtgcagctgcaggagtcgggcccaggactggtgaagccttcggagaccctgtccctcacctgcactgtctctggtggctccgtcagcagtggtagttactactggagctggatccggcagcccccagggaagggactggagtggattgggtatatctattacagtgggagcaccaactacaacccctccctcaagagtcgagtcaccatatcagtagacacgtccaagaaccagttctccctgaagctgagctctgtgaccgctgcggacacggccgtgtattactgtgcgagagacttacgatttttggagtggttatactggggccaaggaaccctggtcaccgtctcctca	IGHV4-61	IGHD3-3	IGHJ4	tgtgcgagagacttacgatttttggagtggttatactgg	1	6.09923454606447e-06
caggtgcagctacagcagtggggcgcaggactgttgaagccttcggagaccctgtccctcacctgcgctgtctatggtgggtccttcagtggttactactggagctggatccgccagcccccagggaaggggctggagtggattggggaaatcaatcatagtggaagcaccaactacaacccgtccctcaagagtcgagtcaccatatcagtagacacgtccaagaaccagttctccctgaagctgagctctgtgaccgccgcggacacggctgtgtattactgtgagacggactacggtggtaactactactttgactactggggccaaggaaccctggtcaccgtctcctca	IGHV4-34	IGHD4-23	IGHJ4	tgtgagacggactacggtggtaactactactttgactactgg	1	6.09923454606447e-06
gaggtgcagctggtggagtctgggggaggcttggtacagccagggcggtccctgagactctcctgtacagcttctggattcacctttggtgattatgctatgagctggttccgccaggctccagggaaggggctggagtgggtaggtttcattagaagcaaagcttatggtgggacaacagaatacaccgcgtctgtgaaaggcagattcaccatctcaagagatggttccaaaagcatcgcctatctgcaaatgaacagcctgaaaaccgaggacacagccgtgtattactgtactagaggaggggtcggggagcactacggtatggacgtctgggggcaagggaccacggtcaccgtctcctca	IGHV3-49	IGHD3-10	IGHJ6	tgtactagaggaggggtcggggagcactacggtatggacgtctgg	1	6.09923454606447e-06
gaggtgcagctgttggagtctgggggaggcttggtacagcctggggggtccctgagactctcctgtgcagcctctggattcacctttagcagctatgccatgagctgggtccgccaggctccagggaaggggctggagtgggtctcagctattagtggtagtggtggtagcacatactacgcagactccgtgaagggccggttcaccatctccagagacaattccaagaacacgctgtatctgcaaatgaacagcctgagagccgaggacacggccgtatattactgtgcgaaagagactacggtgacccgtacttttgactactggggccaaggaaccctggtcaccgtctcctca	IGHV3-23	IGHD4-17	IGHJ4	tgtgcgaaagagactacggtgacccgtacttttgactactgg	1	6.09923454606447e-06
gaggtgcagctggtggagtctgggggaggcttggtacagccagggcggtccctgagactctcctgtacagcttctggattcacctttggtgattatgctatgagctggttccgccaggctccagggaaggggctggagtgggtaggtttcattagaagcaaagcttatggtgggacaacagaatacaccgcgtctgtgaaaggcagattcaccatctcaagagatggttccaaaagcatcgcctatctgcaaatgaacagcctgaaaaccgaggacacagccgtgtattactgtactagagagtccgggactacggtggtaacctttgactactggggccaaggaaccctggtcaccgtctcctca	IGHV3-49	IGHD4-23	IGHJ4	tgtactagagagtccgggactacggtggtaacctttgactactgg	1	6.09923454606447e-06
cagatcaccttgaaggagtctggtcctacgctggtgaaacccacacagaccctcacgctgacctgcaccttctctgggttctcactcagcactagtggagtgggtgtgggctggatccgtcagcccccaggaaaggccctggagtggcttgcactcatttattggaatgatgataagcgctacagcccatctctgaagagcaggctcaccatcaccaaggacacctccaaaaaccaggtggtccttacaatgaccaacatggaccctgtggacacagccacatattactgtgcacacagaccttatagtgggagctttgactactggggccaaggaaccctggtcaccgtctcctca	IGHV2-5	IGHD1-26	IGHJ4	tgtgcacacagaccttatagtgggagctttgactactgg	1	6.09923454606447e-06
caggtgcagctggtgcagtctggggctgaggtgaagaagcctggggcctcagtgaaggtttcctgcaaggcatctggatacaccttcaccagctactatatgcactgggtgcgacaggcccctggacaagggcttgagtggatgggaataatcaaccctagtggtggtagcacaagctacgcacagaagttccagggcagagtcaccatgaccagggacacgtccacgagcacagtctacatggagctgagcagcctgagatctgaggacacggccgtgtattactgtgcgagagaccctagtgggaattactttgactactggggccaaggaaccctggtcaccgtctcctca	IGHV1-46	IGHD1-26	IGHJ4	tgtgcgagagaccctagtgggaattactttgactactgg	1	6.09923454606447e-06
gaggtgcagctggtggagtctgggggaggcttggtaaagcctggggggtcccttagactctcctgtgcagcctctggattcactttcagtaacgcctggatgagctgggtccgccaggctccagggaaggggctggagtgggttggccgtattaaaagcaaaactgatggtgggacaacagactacgctgcacccgtgaaaggcagattcaccatctcaagagatgattcaaaaaacacgctgtatctgcaaatgaacagcctgaaaaccgaggacacagccgtgtattactgtaccacatgggggatagtgggagctaggaactactggggccaaggaaccctggtcaccgtctcctca	IGHV3-15	IGHD1-26	IGHJ4	tgtaccacatgggggatagtgggagctaggaactactgg	1	6.09923454606447e-06
gaggtgcagctgttggagtctgggggaggcttggtacagcctggggggtccctgagactctcctgtgcagcctctggattcacctttagcagctatgccatgagctgggtccgccaggctccagggaaggggctggagtgggtctcagctattagtggtagtggtggtagcacatactacgcagactccgtgaagggccggttcaccatctccagagacaattccaagaacacgctgtatctgcaaatgaacagcctgagagccgaggacacggccgtatattactgtgcgaaagagcacgatattttgactggttatcgatactggggccaaggaaccctggtcaccgtctcctca	IGHV3-23	IGHD3-9	IGHJ4	tgtgcgaaagagcacgatattttgactggttatcgatactgg	1	6.09923454606447e-06
caggtgcagctggtgcagtctggggctgaggtgaagaagcctggggcctcagtgaaggtttcctgcaaggcatctggatacaccttcaccagctactatatgcactgggtgcgacaggcccctggacaagggcttgagtggatgggaataatcaaccctagtggtggtagcacaagctacgcacagaagttccagggcagagtcaccatgaccagggacacgtccacgagcacagtctacatggagctgagcagcctgagatctgaggacacggccgtgtattactgtgcgagagatgactacggtgactactcctttgactactggggccaaggaaccctggtcaccgtctcctca	IGHV1-46	IGHD4-17	IGHJ4	tgtgcgagagatgactacggtgactactcctttgactactgg	1	6.09923454606447e-06
caggtgcagctggtggagtctgggggaggcttggtcaagcctggagggtccctgagactctcctgtgcagcctctggattcaccttcagtgactactacatgagctggatccgccaggctccagggaaggggctggagtgggtttcatacattagtagtagtggtagtaccatatactacgcagactctgtgaagggccgattcaccatctccagggacaacgccaagaactcactgtatctgcaaatgaacagcctgagagccgaggacacggccgtgtattactgtgcgagagaaggtattacgatttttggctactttgactactggggccaaggaaccctggtcaccgtctcctca	IGHV3-11	IGHD3-3	IGHJ4	tgtgcgagagaaggtattacgatttttggctactttgactactgg	1	6.09923454606447e-06
caggtgcagctggtggagtctgggggaggcttggtcaagcctggagggtccctgagactctcctgtgcagcctctggattcaccttcagtgactactacatgagctggatccgccaggctccagggaaggggctggagtgggtttcatacattagtagtagtggtagtaccatatactacgcagactctgtgaagggccgattcaccatctccagggacaacgccaagaactcactgtatctgcaaatgaacagcctgagagccgaggacacggccgtgtattactgtgcgagagaggggggcgaacgacactactttgactactggggccaaggaaccctggtcaccgtctcctca	IGHV3-11	IGHD1-1	IGHJ4	tgtgcgagagaggggggcgaacgacactactttgactactgg	1	6.09923454606447e-06
gaggtgcagctggtggagtctgggggaggcttggtaaagcctggggggtcccttagactctcctgtgcagcctctggattcactttcagtaacgcctggatgagctgggtccgccaggctccagggaaggggctggagtgggttggccgtattaaaagcaaaactgatggtgggacaacagactacgctgcacccgtgaaaggcagattcaccatctcaagagatgattcaaaaaacacgctgtatctgcaaatgaacagcctgaaaaccgaggacacagccgtgtattactgtaccacagaggtggctggtacggggaactactttgactactggggccaaggaaccctggtcaccgtctcctca	IGHV3-15	IGHD6-19	IGHJ4	tgtaccacagaggtggctggtacggggaactactttgactactgg	1	6.09923454606447e-06
caggtgcagctggtgcagtctggggctgaggtgaagaagcctgggtcctcggtgaaggtctcctgcaaggcttctggaggcaccttcagcagctatgctatcagctgggtgcgacaggcccctggacaagggcttgagtggatgggagggatcatccctatctttggtacagcaaactacgcacagaagttccagggcagagtcacgattaccgcggacgaatccacgagcacagcctacatggagctgagcagcctgagatctgaggacacggccgtgtattactgtgcgagagatcgtcggtggctgcttgatgcttttgatgtctggggccaagggacaatggtcaccgtctcttca	IGHV1-69	IGHD6-19	IGHJ3	tgtgcgagagatcgtcggtggctgcttgatgcttttgatgtctgg	1	6.09923454606447e-06
caggtgcagctggtgcagtctggggctgaggtgaagaagcctggggcctcagtgaaggtctcctgcaaggcttctggatacaccttcaccggctactatatgcactgggtgcgacaggcccctggacaagggcttgagtggatgggacggatcaaccctaacagtggtggcacaaactatgcacagaagtttcagggcagggtcaccagtaccagggacacgtccatcagcacagcctacatggagctgagcaggctgagatctgacgacacggtcgtgtattactgtgcgagagaaatagtgggagctactgactttgactactggggccaaggaaccctggtcaccgtctcctca	IGHV1-2	IGHD1-26	IGHJ4	tgtgcgagagaaatagtgggagctactgactttgactactgg	1	6.09923454606447e-06
gaggtgcagctggtggagtctgggggaggcttggtacagccagggcggtccctgagactctcctgtacagcttctggattcacctttggtgattatgctatgagctggttccgccaggctccagggaaggggctggagtgggtaggtttcattagaagcaaagcttatggtgggacaacagaatacaccgcgtctgtgaaaggcagattcaccatctcaagagatggttccaaaagcatcgcctatctgcaaatgaacagcctgaaaaccgaggacacagccgtgtattactgtactagagatgaagtgggagctaccctttactttgactactggggccaaggaaccctggtcaccgtctcctca	IGHV3-49	IGHD1-26	IGHJ4	tgtactagagatgaagtgggagctaccctttactttgactactgg	1	6.09923454606447e-06
gaggtgcagctggtgcagtctggagcagaggtgaaaaagcccggggagtctctgaagatctcctgtaagggttctggatacagctttaccagctactggatcggctgggtgcgccagatgcccgggaaaggcctggagtggatggggatcatctatcctggtgactctgataccagatacagcccgtccttccaaggccaggtcaccatctcagccgacaagtccatcagcaccgcctacctgcagtggagcagcctgaaggcctcggacaccgccatgtattactgtgcgagacaaggggggagttatctttttgactactggggccaaggaaccctggtcaccgtctcctca	IGHV5-51	IGHD3-16	IGHJ4	tgtgcgagacaaggggggagttatctttttgactactgg	1	6.09923454606447e-06
caggtgcagctggtgcagtctggggctgaggtgaagaagcctgggtcctcggtgaaggtctcctgcaaggcttctggaggcaccttcagcagctatgctatcagctgggtgcgacaggcccctggacaagggcttgagtggatgggagggatcatccctatctttggtacagcaaactacgcacagaagttccagggcagagtcacgattaccgcggacgaatccacgagcacagcctacatggagctgagcagcctgagatctgaggacacggccgtgtattactgtgcgagagatgggtacggtgaccactactttgactactggggccaaggaaccctggtcaccgtctcctca	IGHV1-69	IGHD4-17	IGHJ4	tgtgcgagagatgggtacggtgaccactactttgactactgg	1	6.09923454606447e-06
caggttcagctggtgcagtctggagctgaggtgaagaagcctggggcctcagtgaaggtctcctgcaaggcttctggttacacctttaccagctatggtatcagctgggtgcgacaggcccctggacaagggcttgagtggatgggatggatcagcgcttacaatggtaacacaaactatgcacagaagctccagggcagagtcaccatgaccacagacacatccacgagcacagcctacatggagctgaggagcctgagatctgacgacacggccgtgtattactgtgcgagagagcagtggctggtacctgatgcttttgatgtctggggccaagggacaatggtcaccgtctcttca	IGHV1-18	IGHD6-19	IGHJ3	tgtgcgagagagcagtggctggtacctgatgcttttgatgtctgg	1	6.09923454606447e-06
gaggtgcagctggtgcagtctggagcagaggtgaaaaagcccggggagtctctgaagatctcctgtaagggttctggatacagctttaccagctactggatcggctgggtgcgccagatgcccgggaaaggcctggagtggatggggatcatctatcctggtgactctgataccagatacagcccgtccttccaaggccaggtcaccatctcagccgacaagtccatcagcaccgcctacctgcagtggagcagcctgaaggcctcggacaccgccatgtattactgtgcgagacatagggagccctactacggtatggacgtctgggggcaagggaccacggtcaccgtctcctca	IGHV5-51	IGHD1-26	IGHJ6	tgtgcgagacatagggagccctactacggtatggacgtctgg	1	6.09923454606447e-06
caggttcagctggtgcagtctggagctgaggtgaagaagcctggggcctcagtgaaggtctcctgcaaggcttctggttacacctttaccagctatggtatcagctgggtgcgacaggcccctggacaagggcttgagtggatgggatggatcagcgcttacaatggtaacacaaactatgcacagaagctccagggcagagtcaccatgaccacagacacatccacgagcacagcctacatggagctgaggagcctgagatctgacgacacggccgtgtattactgtgcgagagatctgggagctactacctactttgactactggggccaaggaaccctggtcaccgtctcctca	IGHV1-18	IGHD1-26	IGHJ4	tgtgcgagagatctgggagctactacctactttgactactgg	1	6.09923454606447e-06
caggtgcagctggtgcagtctggggctgaggtgaagaagcctgggtcctcggtgaaggtctcctgcaaggcttctggaggcaccttcagcagctatgctatcagctgggtgcgacaggcccctggacaagggcttgagtggatgggagggatcatccctatctttggtacagcaaactacgcacagaagttccagggcagagtcacgattaccgcggacgaatccacgagcacagcctacatggagctgagcagcctgagatctgaggacacggccgtgtattactgtgcgagagaggccctagtgggagcttactttgactactggggccaaggaaccctggtcaccgtctcctca	IGHV1-69	IGHD1-26	IGHJ4	tgtgcgagagaggccctagtgggagcttactttgactactgg	1	6.09923454606447e-06
gaggtgcagctggtggagtctgggggaggcttggtccagcctggggggtccctgaaactctcctgtgcagcctctgggttcaccttcagtggctctgctatgcactgggtccgccaggcttccgggaaagggctggagtgggttggccgtattagaagcaaagctaacagttacgcgacagcatatgctgcgtcggtgaaaggcaggttcaccatctccagagatgattcaaagaacacggcgtatctgcaaatgaacagcctgaaaaccgaggacacggccgtgtattactgtactagacaagggatagtagtcctcggctttgactactggggccaaggaaccctggtcaccgtctcctca	IGHV3-73	IGHD2-2	IGHJ4	tgtactagacaagggatagtagtcctcggctttgactactgg	1	6.09923454606447e-06
gaggtgcagctggtgcagtctggagcagaggtgaaaaagcccggggagtctctgaagatctcctgtaagggttctggatacagctttaccagctactggatcggctgggtgcgccagatgcccgggaaaggcctggagtggatggggatcatctatcctggtgactctgataccagatacagcccgtccttccaaggccaggtcaccatctcagccgacaagtccatcagcaccgcctacctgcagtggagcagcctgaaggcctcggacaccgccatgtattactgtgcgatgatgaggtatagcagctcgtactttgactactggggccaaggaaccctggtcaccgtctcctca	IGHV5-51	IGHD6-6	IGHJ4	tgtgcgatgatgaggtatagcagctcgtactttgactactgg	1	6.09923454606447e-06
caggtcaccttgagggagtctggtcctgcgctggtgaaacccacacagaccctcacactgacctgcaccttctctgggttctcactcagcactagtggaatgtgtgtgagctggatccgtcagcccccagggaaggccctggagtggcttgcactcattgattgggatgatgataaatactacagcacatctctgaagaccaggctcaccatctccaaggacacctccaaaaaccaggtggtccttacaatgaccaacatggaccctgtggacacagccacgtattactgtgcacggatactagtgggagcgagctttgactactggggccaaggaaccctggtcaccgtctcctca	IGHV2-70	IGHD1-26	IGHJ4	tgtgcacggatactagtgggagcgagctttgactactgg	1	6.09923454606447e-06
gaggtgcagctggtggagtctgggggaggcttggtaaagcctggggggtcccttagactctcctgtgcagcctctggattcactttcagtaacgcctggatgagctgggtccgccaggctccagggaaggggctggagtgggttggccgtattaaaagcaaaactgatggtgggacaacagactacgctgcacccgtgaaaggcagattcaccatctcaagagatgattcaaaaaacacgctgtatctgcaaatgaacagcctgaaaaccgaggacacagccgtgtattactgtagggatggttcggggagttattattactttgactactggggccaaggaaccctggtcaccgtctcctca	IGHV3-15	IGHD3-10	IGHJ4	tgtagggatggttcggggagttattattactttgactactgg	1	6.09923454606447e-06
gaggtgcagctgttggagtctgggggaggcttggtacagcctggggggtccctgagactctcctgtgcagcctctggattcacctttagcagctatgccatgagctgggtccgccaggctccagggaaggggctggagtgggtctcagctattagtggtagtggtggtagcacatactacgcagactccgtgaagggccggttcaccatctccagagacaattccaagaacacgctgtatctgcaaatgaacagcctgagagccgaggacacggccgtatattactgtgcgaacggttcggggagttactcctggttcgactcctggggccaaggaaccctggtcaccgtctcctca	IGHV3-23	IGHD3-10	IGHJ5	tgtgcgaacggttcggggagttactcctggttcgactcctgg	1	6.09923454606447e-06
gaggtgcagctgttggagtctgggggaggcttggtacagcctggggggtccctgagactctcctgtgcagcctctggattcacctttagcagctatgccatgagctgggtccgccaggctccagggaaggggctggagtgggtctcagctattagtggtagtggtggtagcacatactacgcagactccgtgaagggccggttcaccatctccagagacaattccaagaacacgctgtatctgcaaatgaacagcctgagagccgaggacacggccgtatattactgtgcgaaagatccggcagtggtcgacaactggttcgactcctggggccaaggaaccctggtcaccgtctcctca	IGHV3-23	IGHD6-19	IGHJ5	tgtgcgaaagatccggcagtggtcgacaactggttcgactcctgg	1	6.09923454606447e-06
caggtgcagctggtgcagtctggggctgaggtgaagaagcctggggcctcagtgaaggtctcctgcaaggcttctggatacaccttcaccggctactatatgcactgggtgcgacaggcccctggacaagggcttgagtggatgggacggatcaaccctaacagtggtggcacaaactatgcacagaagtttcagggcagggtcaccagtaccagggacacgtccatcagcacagcctacatggagctgagcaggctgagatctgacgacacggtcgtgtattactgtgcgagagacggggtggtaactccctttgactactggggccaaggaaccctggtcaccgtctcctca	IGHV1-2	IGHD4-23	IGHJ4	tgtgcgagagacggggtggtaactccctttgactactgg	1	6.09923454606447e-06
gaggtgcagctggtggagtctgggggaggcttggtaaagcctggggggtcccttagactctcctgtgcagcctctggattcactttcagtaacgcctggatgagctgggtccgccaggctccagggaaggggctggagtgggttggccgtattaaaagcaaaactgatggtgggacaacagactacgctgcacccgtgaaaggcagattcaccatctcaagagatgattcaaaaaacacgctgtatctgcaaatgaacagcctgaaaaccgaggacacagccgtgtattactgtaccacatcggaccttacgtttgggggctttgactactggggccaaggaaccctggtcaccgtctcctca	IGHV3-15	IGHD3-16	IGHJ4	tgtaccacatcggaccttacgtttgggggctttgactactgg	1	6.09923454606447e-06
gaggtgcagctgttggagtctgggggaggcttggtacagcctggggggtccctgagactctcctgtgcagcctctggattcacctttagcagctatgccatgagctgggtccgccaggctccagggaaggggctggagtgggtctcagctattagtggtagtggtggtagcacatactacgcagactccgtgaagggccggttcaccatctccagagacaattccaagaacacgctgtatctgcaaatgaacagcctgagagccgaggacacggccgtatattactgtgcgaaagatggagcagcagctggtacctactttgactactggggccaaggaaccctggtcaccgtctcctca	IGHV3-23	IGHD6-13	IGHJ4	tgtgcgaaagatggagcagcagctggtacctactttgactactgg	1	6.09923454606447e-06
caggttcagctggtgcagtctggagctgaggtgaagaagcctggggcctcagtgaaggtctcctgcaaggcttctggttacacctttaccagctatggtatcagctgggtgcgacaggcccctggacaagggcttgagtggatgggatggatcagcgcttacaatggtaacacaaactatgcacagaagctccagggcagagtcaccatgaccacagacacatccacgagcacagcctacatggagctgaggagcctgagatctgacgacacggccgtgtattactgtgcgagagattttagtgggagctactttgactactggggccaaggaaccctggtcaccgtctcctca	IGHV1-18	IGHD1-26	IGHJ4	tgtgcgagagattttagtgggagctactttgactactgg	1	6.09923454606447e-06
caggttcagctggtgcagtctggagctgaggtgaagaagcctggggcctcagtgaaggtctcctgcaaggcttctggttacacctttaccagctatggtatcagctgggtgcgacaggcccctggacaagggcttgagtggatgggatggatcagcgcttacaatggtaacacaaactatgcacagaagctccagggcagagtcaccatgaccacagacacatccacgagcacagcctacatggagctgaggagcctgagatctgacgacacggccgtgtattactgtgcgagaaatcgggtagcagctcgtcccctttttgatgtctggggccaagggacaatggtcaccgtctcttca	IGHV1-18	IGHD6-6	IGHJ3	tgtgcgagaaatcgggtagcagctcgtcccctttttgatgtctgg	1	6.09923454606447e-06
gaggtgcagctggtggagtctgggggaggtgtggtacggcctggggggtccctgagactctcctgtgcagcctctggattcacctttgatgattatggcatgagctgggtccgccaagctccagggaaggggctggagtgggtctctggtattaattggaatggtggtagcacaggttatgcagactctgtgaagggccgattcaccatctccagagacaacgccaagaactccctgtatctgcaaatgaacagtctgagagccgaggacacggccttgtatcactgtgcgagagacaggcagtgtggtggtgattgctcacggtactggggccaaggaaccctggtcaccgtctcctca	IGHV3-20	IGHD2-21	IGHJ4	tgtgcgagagacaggcagtgtggtggtgattgctcacggtactgg	1	6.09923454606447e-06
caggtgcagctggtgcagtctggggctgaggtgaagaagcctgggtcctcggtgaaggtctcctgcaaggcttctggaggcaccttcagcagctatgctatcagctgggtgcgacaggcccctggacaagggcttgagtggatgggagggatcatccctatctttggtacagcaaactacgcacagaagttccagggcagagtcacgattaccgcggacgaatccacgagcacagcctacatggagctgagcagcctgagatctgaggacacggccgtgtattactgtgcgagagatagcagcagcgagggctactttgactactggggccaaggaaccctggtcaccgtctcctca	IGHV1-69	IGHD6-13	IGHJ4	tgtgcgagagatagcagcagcgagggctactttgactactgg	1	6.09923454606447e-06
caggtgcagctggtgcagtctggggctgaggtgaagaagcctgggtcctcggtgaaggtctcctgcaaggcttctggaggcaccttcagcagctatgctatcagctgggtgcgacaggcccctggacaagggcttgagtggatgggagggatcatccctatctttggtacagcaaactacgcacagaagttccagggcagagtcacgattaccgcggacgaatccacgagcacagcctacatggagctgagcagcctgagatctgaggacacggccgtgtattactgtgcgagagaaaggtatagcagtggctggtcctttgactactggggccaaggaaccctggtcaccgtctcctca	IGHV1-69	IGHD6-19	IGHJ4	tgtgcgagagaaaggtatagcagtggctggtcctttgactactgg	1	6.09923454606447e-06
caggttcagctggtgcagtctggagctgaggtgaagaagcctggggcctcagtgaaggtctcctgcaaggcttctggttacacctttaccagctatggtatcagctgggtgcgacaggcccctggacaagggcttgagtggatgggatggatcagcgcttacaatggtaacacaaactatgcacagaagctccagggcagagtcaccatgaccacagacacatccacgagcacagcctacatggagctgaggagcctgagatctgacgacacggccgtgtattactgtgcgagagaagtgggagctacttgtgatgcttttgatgtctggggccaagggacaatggtcaccgtctcttca	IGHV1-18	IGHD1-26	IGHJ3	tgtgcgagagaagtgggagctacttgtgatgcttttgatgtctgg	1	6.09923454606447e-06
caggtgcagctggtgcagtctggggctgaggtgaagaagcctggggcctcagtgaaggtctcctgcaaggcttctggatacaccttcaccagttatgatatcaactgggtgcgacaggccactggacaagggcttgagtggatgggatggatgaaccctaacagtggtaacacaggctatgcacagaagttccagggcagagtcaccatgaccaggaacacctccataagcacagcctacatggagctgagcagcctgagatctgaggacacggccgtgtattactgtgcgacggagcagtggctggtagatgcttttgatgtctggggccaagggacaatggtcaccgtctcttca	IGHV1-8	IGHD6-19	IGHJ3	tgtgcgacggagcagtggctggtagatgcttttgatgtctgg	1	6.09923454606447e-06
caggtgcagctggtgcagtctggggctgaggtgaagaagcctgggtcctcggtgaaggtctcctgcaaggcttctggaggcaccttcagcagctatgctatcagctgggtgcgacaggcccctggacaagggcttgagtggatgggagggatcatccctatctttggtacagcaaactacgcacagaagttccagggcagagtcacgattaccgcggacgaatccacgagcacagcctacatggagctgagcagcctgagatctgaggacacggccgtgtattactgtgcgagatatagtgggagctaccacaactggttcgactcctggggccaaggaaccctggtcaccgtctcctca	IGHV1-69	IGHD1-26	IGHJ5	tgtgcgagatatagtgggagctaccacaactggttcgactcctgg	1	6.09923454606447e-06
caggtcaccttgaaggagtctggtcctgtgctggtgaaacccacagagaccctcacgctgacctgcaccgtctctgggttctcactcagcaatgctagaatgggtgtgagctggatccgtcagcccccagggaaggccctggagtggcttgcacacattttttcgaatgacgaaaaatcctacagcacatctctgaagagcaggctcaccatctccaaggacacctccaaaagccaggtggtccttaccatgaccaacatggaccctgtggacacagccacatattactgtgcacggatacatagcagcagctggaactggttcgactcctggggccaaggaaccctggtcaccgtctcctca	IGHV2-26	IGHD6-13	IGHJ5	tgtgcacggatacatagcagcagctggaactggttcgactcctgg	1	6.09923454606447e-06
caggtgcagctggtgcagtctggggctgaggtgaagaagcctgggtcctcggtgaaggtctcctgcaaggcttctggaggcaccttcagcagctatgctatcagctgggtgcgacaggcccctggacaagggcttgagtggatgggagggatcatccctatctttggtacagcaaactacgcacagaagttccagggcagagtcacgattaccgcggacgaatccacgagcacagcctacatggagctgagcagcctgagatctgaggacacggccgtgtattactgtgcgagagactatgatagtagtgggaactttgactactggggccaaggaaccctggtcaccgtctcctca	IGHV1-69	IGHD3-22	IGHJ4	tgtgcgagagactatgatagtagtgggaactttgactactgg	1	6.09923454606447e-06
caggtgcagctggtgcagtctggggctgaggtgaagaagcctgggtcctcggtgaaggtctcctgcaaggcttctggaggcaccttcagcagctatgctatcagctgggtgcgacaggcccctggacaagggcttgagtggatgggagggatcatccctatctttggtacagcaaactacgcacagaagttccagggcagagtcacgattaccgcggacgaatccacgagcacagcctacatggagctgagcagcctgagatctgaggacacggccgtgtattactgtgcgagagtgctacaattacgacgagactttgactactggggccaaggaaccctggtcaccgtctcctca	IGHV1-69	IGHD5-24	IGHJ4	tgtgcgagagtgctacaattacgacgagactttgactactgg	1	6.09923454606447e-06
gaggtgcagctggtggagtccgggggaggcttagttcagcctggggggtccctgagactctcctgtgcagcctctggattcaccttcagtagctactggatgcactgggtccgccaagctccagggaaggggctggtgtgggtctcacgtattaatagtgatgggagtagcacaagctacgcggactccgtgaagggccgattcaccatctccagagacaacgccaagaacacgctgtatctgcaaatgaacagtctgagagccgaggacacggctgtgtattactgtgcaagagaagggttactagtgagctttgactactggggccaaggaaccctggtcaccgtctcctca	IGHV3-74	IGHD4-17	IGHJ4	tgtgcaagagaagggttactagtgagctttgactactgg	1	6.09923454606447e-06
gaggtgcagctgttggagtctgggggaggcttggtacagcctggggggtccctgagactctcctgtgcagcctctggattcacctttagcagctatgccatgagctgggtccgccaggctccagggaaggggctggagtgggtctcagctattagtggtagtggtggtagcacatactacgcagactccgtgaagggccggttcaccatctccagagacaattccaagaacacgctgtatctgcaaatgaacagcctgagagccgaggacacggccgtatattactgtgcgaaagaggcagctgctatgccctttgactactggggccaaggaaccctggtcaccgtctcctca	IGHV3-23	IGHD2-2	IGHJ4	tgtgcgaaagaggcagctgctatgccctttgactactgg	1	6.09923454606447e-06
caggtgcagctggtgcagtctggggctgaggtgaagaagcctgggtcctcggtgaaggtctcctgcaaggcttctggaggcaccttcagcagctatgctatcagctgggtgcgacaggcccctggacaagggcttgagtggatgggagggatcatccctatctttggtacagcaaactacgcacagaagttccagggcagagtcacgattaccgcggacgaatccacgagcacagcctacatggagctgagcagcctgagatctgaggacacggccgtgtattactgtgcgagagaggggagtgggagctaccatgcttttgatgtctggggccaagggacaatggtcaccgtctcttca	IGHV1-69	IGHD1-26	IGHJ3	tgtgcgagagaggggagtgggagctaccatgcttttgatgtctgg	1	6.09923454606447e-06
caggtgcagctggtgcagtctggggctgaggtgaagaagcctggggcctcagtgaaggtctcctgcaaggcttctggatacaccttcaccggctactatatgcactgggtgcgacaggcccctggacaagggcttgagtggatgggacggatcaaccctaacagtggtggcacaaactatgcacagaagtttcagggcagggtcaccagtaccagggacacgtccatcagcacagcctacatggagctgagcaggctgagatctgacgacacggtcgtgtattactgtgcgagagatatagcagcagctggtaggagctttgactactggggccaaggaaccctggtcaccgtctcctca	IGHV1-2	IGHD6-13	IGHJ4	tgtgcgagagatatagcagcagctggtaggagctttgactactgg	1	6.09923454606447e-06
caggtgcagctacagcagtggggcgcaggactgttgaagccttcggagaccctgtccctcacctgcgctgtctatggtgggtccttcagtggttactactggagctggatccgccagcccccagggaaggggctggagtggattggggaaatcaatcatagtggaagcaccaactacaacccgtccctcaagagtcgagtcaccatatcagtagacacgtccaagaaccagttctccctgaagctgagctctgtgaccgccgcggacacggctgtgtattactgtgcgagactgggccagggggacaactggttcgactcctggggccaaggaaccctggtcaccgtctcctca	IGHV4-34	IGHD6-19	IGHJ5	tgtgcgagactgggccagggggacaactggttcgactcctgg	1	6.09923454606447e-06
caggtcaccttgagggagtctggtcctgcgctggtgaaacccacacagaccctcacactgacctgcaccttctctgggttctcactcagcactagtggaatgtgtgtgagctggatccgtcagcccccagggaaggccctggagtggcttgcactcattgattgggatgatgataaatactacagcacatctctgaagaccaggctcaccatctccaaggacacctccaaaaaccaggtggtccttacaatgaccaacatggaccctgtggacacagccacgtattactgtgcacggataatagtgggagctacccactactttgactactggggccaaggaaccctggtcaccgtctcctca	IGHV2-70	IGHD1-26	IGHJ4	tgtgcacggataatagtgggagctacccactactttgactactgg	1	6.09923454606447e-06
caggtgcagctggtgcagtctggggctgaggtgaagaagcctgggtcctcggtgaaggtctcctgcaaggcttctggaggcaccttcagcagctatgctatcagctgggtgcgacaggcccctggacaagggcttgagtggatgggagggatcatccctatctttggtacagcaaactacgcacagaagttccagggcagagtcacgattaccgcggacgaatccacgagcacagcctacatggagctgagcagcctgagatctgaggacacggccgtgtattactgtgcgagagaggtagcagcagctggttcttttgactactggggccaaggaaccctggtcaccgtctcctca	IGHV1-69	IGHD6-13	IGHJ4	tgtgcgagagaggtagcagcagctggttcttttgactactgg	1	6.09923454606447e-06
gaggtgcagctggtggagtctgggggaggcttggtaaagcctggggggtcccttagactctcctgtgcagcctctggattcactttcagtaacgcctggatgagctgggtccgccaggctccagggaaggggctggagtgggttggccgtattaaaagcaaaactgatggtgggacaacagactacgctgcacccgtgaaaggcagattcaccatctcaagagatgattcaaaaaacacgctgtatctgcaaatgaacagcctgaaaaccgaggacacagccgtgtattactgtaccacagctatagtgggagctacgtactttgactactggggccaaggaaccctggtcaccgtctcctca	IGHV3-15	IGHD1-26	IGHJ4	tgtaccacagctatagtgggagctacgtactttgactactgg	1	6.09923454606447e-06
gaggtgcagctgttggagtctgggggaggcttggtacagcctggggggtccctgagactctcctgtgcagcctctggattcacctttagcagctatgccatgagctgggtccgccaggctccagggaaggggctggagtgggtctcagctattagtggtagtggtggtagcacatactacgcagactccgtgaagggccggttcaccatctccagagacaattccaagaacacgctgtatctgcaaatgaacagcctgagagccgaggacacggccgtatattactgtgcgaaagaagagagaattgtgggggcttttgatgtctggggccaagggacaatggtcaccgtctcttca	IGHV3-23	IGHD2-8	IGHJ3	tgtgcgaaagaagagagaattgtgggggcttttgatgtctgg	1	6.09923454606447e-06
caggttcagctggtgcagtctggagctgaggtgaagaagcctggggcctcagtgaaggtctcctgcaaggcttctggttacacctttaccagctatggtatcagctgggtgcgacaggcccctggacaagggcttgagtggatgggatggatcagcgcttacaatggtaacacaaactatgcacagaagctccagggcagagtcaccatgaccacagacacatccacgagcacagcctacatggagctgaggagcctgagatctgacgacacggccgtgtattactgtgcgagaggtggtatagtgggagctgactttgactactggggccaaggaaccctggtcaccgtctcctca	IGHV1-18	IGHD1-26	IGHJ4	tgtgcgagaggtggtatagtgggagctgactttgactactgg	1	6.09923454606447e-06
gaggtgcagctggtggagtctgggggaggcttggtacagccagggcggtccctgagactctcctgtacagcttctggattcacctttggtgattatgctatgagctggttccgccaggctccagggaaggggctggagtgggtaggtttcattagaagcaaagcttatggtgggacaacagaatacaccgcgtctgtgaaaggcagattcaccatctcaagagatggttccaaaagcatcgcctatctgcaaatgaacagcctgaaaaccgaggacacagccgtgtattactgttggtatagtgggagacgtaggtactttgactactggggccaaggaaccctggtcaccgtctcctca	IGHV3-49	IGHD1-26	IGHJ4	tgttggtatagtgggagacgtaggtactttgactactgg	1	6.09923454606447e-06
caggtgcagctggtgcagtctggggctgaggtgaagaagcctgggtcctcggtgaaggtctcctgcaaggcttctggaggcaccttcagcagctatgctatcagctgggtgcgacaggcccctggacaagggcttgagtggatgggagggatcatccctatctttggtacagcaaactacgcacagaagttccagggcagagtcacgattaccgcggacgaatccacgagcacagcctacatggagctgagcagcctgagatctgaggacacggccgtgtattactgtgcgagagactatggttcggggagttattattttgactactggggccaaggaaccctggtcaccgtctcctca	IGHV1-69	IGHD3-10	IGHJ4	tgtgcgagagactatggttcggggagttattattttgactactgg	1	6.09923454606447e-06
gaggtgcagctgttggagtctgggggaggcttggtacagcctggggggtccctgagactctcctgtgcagcctctggattcacctttagcagctatgccatgagctgggtccgccaggctccagggaaggggctggagtgggtctcagctattagtggtagtggtggtagcacatactacgcagactccgtgaagggccggttcaccatctccagagacaattccaagaacacgctgtatctgcaaatgaacagcctgagagccgaggacacggccgtatattactgtgcgaaagaagtggctacgattacggtaccctttgactactggggccaaggaaccctggtcaccgtctcctca	IGHV3-23	IGHD5-12	IGHJ4	tgtgcgaaagaagtggctacgattacggtaccctttgactactgg	1	6.09923454606447e-06
gaggtgcagctggtggagtctgggggaggtgtggtacggcctggggggtccctgagactctcctgtgcagcctctggattcacctttgatgattatggcatgagctgggtccgccaagctccagggaaggggctggagtgggtctctggtattaattggaatggtggtagcacaggttatgcagactctgtgaagggccgattcaccatctccagagacaacgccaagaactccctgtatctgcaaatgaacagtctgagagccgaggacacggccttgtatcactgtgcgagagcagggttcggggagttattaaactttgactactggggccaaggaaccctggtcaccgtctcctca	IGHV3-20	IGHD3-10	IGHJ4	tgtgcgagagcagggttcggggagttattaaactttgactactgg	1	6.09923454606447e-06
gaggtgcagctgttggagtctgggggaggcttggtacagcctggggggtccctgagactctcctgtgcagcctctggattcacctttagcagctatgccatgagctgggtccgccaggctccagggaaggggctggagtgggtctcagctattagtggtagtggtggtagcacatactacgcagactccgtgaagggccggttcaccatctccagagacaattccaagaacacgctgtatctgcaaatgaacagcctgagagccgaggacacggccgtatattactgtgcgaaagaagtggctgccctatactttgactactggggccaaggaaccctggtcaccgtctcctca	IGHV3-23	IGHD6-19	IGHJ4	tgtgcgaaagaagtggctgccctatactttgactactgg	1	6.09923454606447e-06
gaggtgcagctggtggagtctgggggaggtgtggtacggcctggggggtccctgagactctcctgtgcagcctctggattcacctttgatgattatggcatgagctgggtccgccaagctccagggaaggggctggagtgggtctctggtattaattggaatggtggtagcacaggttatgcagactctgtgaagggccgattcaccatctccagagacaacgccaagaactccctgtatctgcaaatgaacagtctgagagccgaggacacggccttgtatcactgtgcgagagagagtggctgggtggactactttgactactggggccaaggaaccctggtcaccgtctcctca	IGHV3-20	IGHD6-19	IGHJ4	tgtgcgagagagagtggctgggtggactactttgactactgg	1	6.09923454606447e-06
caggtgcagctggtgcagtctggggctgaggtgaagaagcctggggcctcagtgaaggtctcctgcaaggcttctggatacaccttcaccagttatgatatcaactgggtgcgacaggccactggacaagggcttgagtggatgggatggatgaaccctaacagtggtaacacaggctatgcacagaagttccagggcagagtcaccatgaccaggaacacctccataagcacagcctacatggagctgagcagcctgagatctgaggacacggccgtgtattactgtgcaccccgatatggttcggggagttttgactactggggccaaggaaccctggtcaccgtctcctca	IGHV1-8	IGHD3-10	IGHJ4	tgtgcaccccgatatggttcggggagttttgactactgg	1	6.09923454606447e-06
gaggtgcagctgttggagtctgggggaggcttggtacagcctggggggtccctgagactctcctgtgcagcctctggattcacctttagcagctatgccatgagctgggtccgccaggctccagggaaggggctggagtgggtctcagctattagtggtagtggtggtagcacatactacgcagactccgtgaagggccggttcaccatctccagagacaattccaagaacacgctgtatctgcaaatgaacagcctgagagccgaggacacggccgtatattactgtgcgaaaggggcatatagtggctatggctactttgactactggggccaaggaaccctggtcaccgtctcctca	IGHV3-23	IGHD5-12	IGHJ4	tgtgcgaaaggggcatatagtggctatggctactttgactactgg	1	6.09923454606447e-06
gaggtgcagctggtggagtctgggggaggcttggtaaagcctggggggtcccttagactctcctgtgcagcctctggattcactttcagtaacgcctggatgagctgggtccgccaggctccagggaaggggctggagtgggttggccgtattaaaagcaaaactgatggtgggacaacagactacgctgcacccgtgaaaggcagattcaccatctcaagagatgattcaaaaaacacgctgtatctgcaaatgaacagcctgaaaaccgaggacacagccgtgtattactgtaccacagagcgtatagcaggtcactactttgactactggggccaaggaaccctggtcaccgtctcctca	IGHV3-15	IGHD6-13	IGHJ4	tgtaccacagagcgtatagcaggtcactactttgactactgg	1	6.09923454606447e-06
gaggtgcagctgttggagtctgggggaggcttggtacagcctggggggtccctgagactctcctgtgcagcctctggattcacctttagcagctatgccatgagctgggtccgccaggctccagggaaggggctggagtgggtctcagctattagtggtagtggtggtagcacatactacgcagactccgtgaagggccggttcaccatctccagagacaattccaagaacacgctgtatctgcaaatgaacagcctgagagccgaggacacggccgtatattactgtgtccctattactatgatagtagtgggaggctttgactactggggccaaggaaccctggtcaccgtctcctca	IGHV3-23	IGHD3-22	IGHJ4	tgtgtccctattactatgatagtagtgggaggctttgactactgg	1	6.09923454606447e-06
gaggtgcagctggtgcagtctggagcagaggtgaaaaagcccggggagtctctgaagatctcctgtaagggttctggatacagctttaccagctactggatcggctgggtgcgccagatgcccgggaaaggcctggagtggatggggatcatctatcctggtgactctgataccagatacagcccgtccttccaaggccaggtcaccatctcagccgacaagtccatcagcaccgcctacctgcagtggagcagcctgaaggcctcggacaccgccatgtattactgtgcgagagagtatagcagctcgtccgactactttgactactggggccaaggaaccctggtcaccgtctcctca	IGHV5-51	IGHD6-6	IGHJ4	tgtgcgagagagtatagcagctcgtccgactactttgactactgg	1	6.09923454606447e-06
gaggtgcagctggtggagtctgggggaggtgtggtacggcctggggggtccctgagactctcctgtgcagcctctggattcacctttgatgattatggcatgagctgggtccgccaagctccagggaaggggctggagtgggtctctggtattaattggaatggtggtagcacaggttatgcagactctgtgaagggccgattcaccatctccagagacaacgccaagaactccctgtatctgcaaatgaacagtctgagagccgaggacacggccttgtatcactgtgcgagagaaggtatagtgggagcttttgactactggggccaaggaaccctggtcaccgtctcctca	IGHV3-20	IGHD1-26	IGHJ4	tgtgcgagagaaggtatagtgggagcttttgactactgg	1	6.09923454606447e-06
gaggtgcagctggtgcagtctggagcagaggtgaaaaagcccggggagtctctgaagatctcctgtaagggttctggatacagctttaccagctactggatcggctgggtgcgccagatgcccgggaaaggcctggagtggatggggatcatctatcctggtgactctgataccagatacagcccgtccttccaaggccaggtcaccatctcagccgacaagtccatcagcaccgcctacctgcagtggagcagcctgaaggcctcggacaccgccatgtattactgtgcgagacgggagggcagtggctggtcttactttgactactggggccaaggaaccctggtcaccgtctcctca	IGHV5-51	IGHD6-19	IGHJ4	tgtgcgagacgggagggcagtggctggtcttactttgactactgg	1	6.09923454606447e-06
caggtgcagctggtgcagtctggggctgaggtgaagaagcctgggtcctcggtgaaggtctcctgcaaggcttctggaggcaccttcagcagctatgctatcagctgggtgcgacaggcccctggacaagggcttgagtggatgggagggatcatccctatctttggtacagcaaactacgcacagaagttccagggcagagtcacgattaccgcggacgaatccacgagcacagcctacatggagctgagcagcctgagatctgaggacacggccgtgtattactgtgcgagagtttggggggggagctacaactactttgactactggggccaaggaaccctggtcaccgtctcctca	IGHV1-69	IGHD1-26	IGHJ4	tgtgcgagagtttggggggggagctacaactactttgactactgg	1	6.09923454606447e-06
caggtgcagctggtggagtctgggggaggcttggtcaagcctggagggtccctgagactctcctgtgcagcctctggattcaccttcagtgactactacatgagctggatccgccaggctccagggaaggggctggagtgggtttcatacattagtagtagtggtagtaccatatactacgcagactctgtgaagggccgattcaccatctccagggacaacgccaagaactcactgtatctgcaaatgaacagcctgagagccgaggacacggccgtgtattactgtgcgagagacggaagcagtggctggtactactttgactactggggccaaggaaccctggtcaccgtctcctca	IGHV3-11	IGHD6-19	IGHJ4	tgtgcgagagacggaagcagtggctggtactactttgactactgg	1	6.09923454606447e-06
caggtccagctggtacagtctggggctgaggtgaagaagcctggggcctcagtgaaggtctcctgcaaggtttccggatacaccctcactgaattatccatgcactgggtgcgacaggctcctggaaaagggcttgagtggatgggaggttttgatcctgaagatggtgaaacaatctacgcacagaagttccagggcagagtcaccatgaccgaggacacatctacagacacagcctacatggagctgagcagcctgagatctgaggacacggccgtgtattactgtgcaacaaggcagctggtaccccactttgactactggggccaaggaaccctggtcaccgtctcctca	IGHV1-24	IGHD6-13	IGHJ4	tgtgcaacaaggcagctggtaccccactttgactactgg	1	6.09923454606447e-06
gaggtgcagctgttggagtctgggggaggcttggtacagcctggggggtccctgagactctcctgtgcagcctctggattcacctttagcagctatgccatgagctgggtccgccaggctccagggaaggggctggagtgggtctcagctattagtggtagtggtggtagcacatactacgcagactccgtgaagggccggttcaccatctccagagacaattccaagaacacgctgtatctgcaaatgaacagcctgagagccgaggacacggccgtatattactgtgcgaatgggatagcagctcgtccctttgactactggggccaaggaaccctggtcaccgtctcctca	IGHV3-23	IGHD6-6	IGHJ4	tgtgcgaatgggatagcagctcgtccctttgactactgg	1	6.09923454606447e-06
gaggtgcagctggtggagtctgggggaggcttggtaaagcctggggggtcccttagactctcctgtgcagcctctggattcactttcagtaacgcctggatgagctgggtccgccaggctccagggaaggggctggagtgggttggccgtattaaaagcaaaactgatggtgggacaacagactacgctgcacccgtgaaaggcagattcaccatctcaagagatgattcaaaaaacacgctgtatctgcaaatgaacagcctgaaaaccgaggacacagccgtgtattactgtaccacagggtatagcagcagctggtacgcctttgactactggggccaaggaaccctggtcaccgtctcctca	IGHV3-15	IGHD6-13	IGHJ4	tgtaccacagggtatagcagcagctggtacgcctttgactactgg	1	6.09923454606447e-06
caggtgcagctggtgcagtctggggctgaggtgaagaagcctgggtcctcggtgaaggtctcctgcaaggcttctggaggcaccttcagcagctatgctatcagctgggtgcgacaggcccctggacaagggcttgagtggatgggagggatcatccctatctttggtacagcaaactacgcacagaagttccagggcagagtcacgattaccgcggacgaatccacgagcacagcctacatggagctgagcagcctgagatctgaggacacggccgtgtattactgtgcgagagcgtggggtatagcagtggctggtactgactactggggccaaggaaccctggtcaccgtctcctca	IGHV1-69	IGHD6-19	IGHJ4	tgtgcgagagcgtggggtatagcagtggctggtactgactactgg	1	6.09923454606447e-06
gaggtgcagctggtggagtctgggggaggcttggtacagccagggcggtccctgagactctcctgtacagcttctggattcacctttggtgattatgctatgagctggttccgccaggctccagggaaggggctggagtgggtaggtttcattagaagcaaagcttatggtgggacaacagaatacaccgcgtctgtgaaaggcagattcaccatctcaagagatggttccaaaagcatcgcctatctgcaaatgaacagcctgaaaaccgaggacacagccgtgtattactgtactagagatcgagcagctcctgatgcttttgatgtctggggccaagggacaatggtcaccgtctcttca	IGHV3-49	IGHD6-6	IGHJ3	tgtactagagatcgagcagctcctgatgcttttgatgtctgg	1	6.09923454606447e-06
caggttcagctggtgcagtctggagctgaggtgaagaagcctggggcctcagtgaaggtctcctgcaaggcttctggttacacctttaccagctatggtatcagctgggtgcgacaggcccctggacaagggcttgagtggatgggatggatcagcgcttacaatggtaacacaaactatgcacagaagctccagggcagagtcaccatgaccacagacacatccacgagcacagcctacatggagctgaggagcctgagatctgacgacacggccgtgtattactgtgcgagagagatggctaccatctactttgactactggggccaaggaaccctggtcaccgtctcctca	IGHV1-18	IGHD5-24	IGHJ4	tgtgcgagagagatggctaccatctactttgactactgg	1	6.09923454606447e-06
gaggtgcagctggtgcagtctggagcagaggtgaaaaagcccggggagtctctgaagatctcctgtaagggttctggatacagctttaccagctactggatcggctgggtgcgccagatgcccgggaaaggcctggagtggatggggatcatctatcctggtgactctgataccagatacagcccgtccttccaaggccaggtcaccatctcagccgacaagtccatcagcaccgcctacctgcagtggagcagcctgaaggcctcggacaccgccatgtattactgtgcgagacgaattactatggttcgctactttgactactggggccaaggaaccctggtcaccgtctcctca	IGHV5-51	IGHD3-10	IGHJ4	tgtgcgagacgaattactatggttcgctactttgactactgg	1	6.09923454606447e-06
caggtgcagctggtgcagtctggggctgaggtgaagaagcctggggcctcagtgaaggtctcctgcaaggcttctggatacaccttcaccggctactatatgcactgggtgcgacaggcccctggacaagggcttgagtggatgggacggatcaaccctaacagtggtggcacaaactatgcacagaagtttcagggcagggtcaccagtaccagggacacgtccatcagcacagcctacatggagctgagcaggctgagatctgacgacacggtcgtgtattactgtgcgagagaggtgactacggtgactacctactttgactactggggccaaggaaccctggtcaccgtctcctca	IGHV1-2	IGHD4-17	IGHJ4	tgtgcgagagaggtgactacggtgactacctactttgactactgg	1	6.09923454606447e-06
caggtgcagctggtgcagtctggggctgaggtgaagaagcctgggtcctcggtgaaggtctcctgcaaggcttctggaggcaccttcagcagctatgctatcagctgggtgcgacaggcccctggacaagggcttgagtggatgggagggatcatccctatctttggtacagcaaactacgcacagaagttccagggcagagtcacgattaccgcggacgaatccacgagcacagcctacatggagctgagcagcctgagatctgaggacacggccgtgtattactgtgcgagagaaggatattgtagtggtggtaggtttgactactggggccaaggaaccctggtcaccgtctcctca	IGHV1-69	IGHD2-15	IGHJ4	tgtgcgagagaaggatattgtagtggtggtaggtttgactactgg	1	6.09923454606447e-06
gaggtgcagctggtggagtctggaggaggcttgatccagcctggggggtccctgagactctcctgtgcagcctctgggttcaccgtcagtagcaactacatgagctgggtccgccaggctccagggaaggggctggagtgggtctcagttatttatagcggtggtagcacatactacgcagactccgtgaagggccgattcaccatctccagagacaattccaagaacacgctgtatcttcaaatgaacagcctgagagccgaggacacggccgtgtattactgtgcgagagagactatggttcgggggtttgactactggggccaaggaaccctggtcaccgtctcctca	IGHV3-53	IGHD3-10	IGHJ4	tgtgcgagagagactatggttcgggggtttgactactgg	1	6.09923454606447e-06
gaggtgcagctggtggagtctgggggaggcttggtacagccagggcggtccctgagactctcctgtacagcttctggattcacctttggtgattatgctatgagctggttccgccaggctccagggaaggggctggagtgggtaggtttcattagaagcaaagcttatggtgggacaacagaatacaccgcgtctgtgaaaggcagattcaccatctcaagagatggttccaaaagcatcgcctatctgcaaatgaacagcctgaaaaccgaggacacagccgtgtattactgtactagacgatttttggagtggttattatttgactactggggccaaggaaccctggtcaccgtctcctca	IGHV3-49	IGHD3-3	IGHJ4	tgtactagacgatttttggagtggttattatttgactactgg	1	6.09923454606447e-06
cagatcaccttgaaggagtctggtcctacgctggtgaaacccacacagaccctcacgctgacctgcaccttctctgggttctcactcagcactagtggagtgggtgtgggctggatccgtcagcccccaggaaaggccctggagtggcttgcactcatttattggaatgatgataagcgctacagcccatctctgaagagcaggctcaccatcaccaaggacacctccaaaaaccaggtggtccttacaatgaccaacatggaccctgtggacacagccacatattactgtgcacacagtcccggatatagtgcgggggcttttgatgtctggggccaagggacaatggtcaccgtctcttca	IGHV2-5	IGHD5-12	IGHJ3	tgtgcacacagtcccggatatagtgcgggggcttttgatgtctgg	1	6.09923454606447e-06
caggtgcagctacagcagtggggcgcaggactgttgaagccttcggagaccctgtccctcacctgcgctgtctatggtgggtccttcagtggttactactggagctggatccgccagcccccagggaaggggctggagtggattggggaaatcaatcatagtggaagcaccaactacaacccgtccctcaagagtcgagtcaccatatcagtagacacgtccaagaaccagttctccctgaagctgagctctgtgaccgccgcggacacggctgtgtattactgtggggggagtatagcagctcgtccccactactttgactactggggccaaggaaccctggtcaccgtctcctca	IGHV4-34	IGHD6-6	IGHJ4	tgtggggggagtatagcagctcgtccccactactttgactactgg	1	6.09923454606447e-06
gaggtgcagctggtggagtctggaggaggcttgatccagcctggggggtccctgagactctcctgtgcagcctctgggttcaccgtcagtagcaactacatgagctgggtccgccaggctccagggaaggggctggagtgggtctcagttatttatagcggtggtagcacatactacgcagactccgtgaagggccgattcaccatctccagagacaattccaagaacacgctgtatcttcaaatgaacagcctgagagccgaggacacggccgtgtattactgtgcgagagagaacgtggctggtaccccttactttgactactggggccaaggaaccctggtcaccgtctcctca	IGHV3-53	IGHD6-19	IGHJ4	tgtgcgagagagaacgtggctggtaccccttactttgactactgg	1	6.09923454606447e-06
gaggtgcagctgttggagtctgggggaggcttggtacagcctggggggtccctgagactctcctgtgcagcctctggattcacctttagcagctatgccatgagctgggtccgccaggctccagggaaggggctggagtgggtctcagctattagtggtagtggtggtagcacatactacgcagactccgtgaagggccggttcaccatctccagagacaattccaagaacacgctgtatctgcaaatgaacagcctgagagccgaggacacggccgtatattactgtgcgaaagatcatgtagagatggctacaattacagactactggggccaaggaaccctggtcaccgtctcctca	IGHV3-23	IGHD5-24	IGHJ4	tgtgcgaaagatcatgtagagatggctacaattacagactactgg	1	6.09923454606447e-06
caggttcagctggtgcagtctggagctgaggtgaagaagcctggggcctcagtgaaggtctcctgcaaggcttctggttacacctttaccagctatggtatcagctgggtgcgacaggcccctggacaagggcttgagtggatgggatggatcagcgcttacaatggtaacacaaactatgcacagaagctccagggcagagtcaccatgaccacagacacatccacgagcacagcctacatggagctgaggagcctgagatctgacgacacggccgtgtattactgtgcgagagaaggggacataaccgactttgactactggggccaaggaaccctggtcaccgtctcctca	IGHV1-18	IGHD1-7	IGHJ4	tgtgcgagagaaggggacataaccgactttgactactgg	1	6.09923454606447e-06
gaggtgcagctgttggagtctgggggaggcttggtacagcctggggggtccctgagactctcctgtgcagcctctggattcacctttagcagctatgccatgagctgggtccgccaggctccagggaaggggctggagtgggtctcagctattagtggtagtggtggtagcacatactacgcagactccgtgaagggccggttcaccatctccagagacaattccaagaacacgctgtatctgcaaatgaacagcctgagagccgaggacacggccgtatattactgtgcgaaagatgcagtggctggtacctttgactactggggccaaggaaccctggtcaccgtctcctca	IGHV3-23	IGHD6-19	IGHJ4	tgtgcgaaagatgcagtggctggtacctttgactactgg	1	6.09923454606447e-06
caggtgcagctacagcagtggggcgcaggactgttgaagccttcggagaccctgtccctcacctgcgctgtctatggtgggtccttcagtggttactactggagctggatccgccagcccccagggaaggggctggagtggattggggaaatcaatcatagtggaagcaccaactacaacccgtccctcaagagtcgagtcaccatatcagtagacacgtccaagaaccagttctccctgaagctgagctctgtgaccgccgcggacacggctgtgtattactgtgcgagagggatgagggtaagatacgactactttgactactggggccaaggaaccctggtcaccgtctcctca	IGHV4-34	IGHD4-23	IGHJ4	tgtgcgagagggatgagggtaagatacgactactttgactactgg	1	6.09923454606447e-06
caggttcagctggtgcagtctggagctgaggtgaagaagcctggggcctcagtgaaggtctcctgcaaggcttctggttacacctttaccagctatggtatcagctgggtgcgacaggcccctggacaagggcttgagtggatgggatggatcagcgcttacaatggtaacacaaactatgcacagaagctccagggcagagtcaccatgaccacagacacatccacgagcacagcctacatggagctgaggagcctgagatctgacgacacggccgtgtattactgtgcgagagaaggactcttacacaactggttcgactcctggggccaaggaaccctggtcaccgtctcctca	IGHV1-18	IGHD4-17	IGHJ5	tgtgcgagagaaggactcttacacaactggttcgactcctgg	1	6.09923454606447e-06
caggtgcagctggtgcagtctggggctgaggtgaagaagcctggggcctcagtgaaggtttcctgcaaggcatctggatacaccttcaccagctactatatgcactgggtgcgacaggcccctggacaagggcttgagtggatgggaataatcaaccctagtggtggtagcacaagctacgcacagaagttccagggcagagtcaccatgaccagggacacgtccacgagcacagtctacatggagctgagcagcctgagatctgaggacacggccgtgtattactgtgcgagagaggatattgtagtggtggtatggtttgactactggggccaaggaaccctggtcaccgtctcctca	IGHV1-46	IGHD2-15	IGHJ4	tgtgcgagagaggatattgtagtggtggtatggtttgactactgg	1	6.09923454606447e-06
caggtgcagctggtgcagtctggggctgaggtgaagaagcctggggcctcagtgaaggtttcctgcaaggcatctggatacaccttcaccagctactatatgcactgggtgcgacaggcccctggacaagggcttgagtggatgggaataatcaaccctagtggtggtagcacaagctacgcacagaagttccagggcagagtcaccatgaccagggacacgtccacgagcacagtctacatggagctgagcagcctgagatctgaggacacggccgtgtattactgtgcgagagatcagtgggagctacaggactttgactactggggccaaggaaccctggtcaccgtctcctca	IGHV1-46	IGHD1-26	IGHJ4	tgtgcgagagatcagtgggagctacaggactttgactactgg	1	6.09923454606447e-06
caggtgcagctggtgcagtctggggctgaggtgaagaagcctggggcctcagtgaaggtctcctgcaaggcttctggatacaccttcaccagttatgatatcaactgggtgcgacaggccactggacaagggcttgagtggatgggatggatgaaccctaacagtggtaacacaggctatgcacagaagttccagggcagagtcaccatgaccaggaacacctccataagcacagcctacatggagctgagcagcctgagatctgaggacacggccgtgtattactgtgcgagagggcatatagtggctatcttctactttgactactggggccaaggaaccctggtcaccgtctcctca	IGHV1-8	IGHD5-12	IGHJ4	tgtgcgagagggcatatagtggctatcttctactttgactactgg	1	6.09923454606447e-06
gaggtgcagctggtgcagtctggagcagaggtgaaaaagcccggggagtctctgaagatctcctgtaagggttctggatacagctttaccagctactggatcggctgggtgcgccagatgcccgggaaaggcctggagtggatggggatcatctatcctggtgactctgataccagatacagcccgtccttccaaggccaggtcaccatctcagccgacaagtccatcagcaccgcctacctgcagtggagcagcctgaaggcctcggacaccgccatgtattactgtgcgagacaggggttggctggtacgggcccctttgactactggggccaaggaaccctggtcaccgtctcctca	IGHV5-51	IGHD6-19	IGHJ4	tgtgcgagacaggggttggctggtacgggcccctttgactactgg	1	6.09923454606447e-06
gaggtgcagctgttggagtctgggggaggcttggtacagcctggggggtccctgagactctcctgtgcagcctctggattcacctttagcagctatgccatgagctgggtccgccaggctccagggaaggggctggagtgggtctcagctattagtggtagtggtggtagcacatactacgcagactccgtgaagggccggttcaccatctccagagacaattccaagaacacgctgtatctgcaaatgaacagcctgagagccgaggacacggccgtatattactgtgcgaaagaagggaactggaacctgtggttcgactcctggggccaaggaaccctggtcaccgtctcctca	IGHV3-23	IGHD1-20	IGHJ5	tgtgcgaaagaagggaactggaacctgtggttcgactcctgg	1	6.09923454606447e-06
gaggtgcagctggtggagtctgggggaggcttggtacagccagggcggtccctgagactctcctgtacagcttctggattcacctttggtgattatgctatgagctggttccgccaggctccagggaaggggctggagtgggtaggtttcattagaagcaaagcttatggtgggacaacagaatacaccgcgtctgtgaaaggcagattcaccatctcaagagatggttccaaaagcatcgcctatctgcaaatgaacagcctgaaaaccgaggacacagccgtgtattactgtactagatcgctagttataacctactttgactactggggccaaggaaccctggtcaccgtctcctca	IGHV3-49	IGHD3-9	IGHJ4	tgtactagatcgctagttataacctactttgactactgg	1	6.09923454606447e-06
gaggtgcagctggtgcagtctggagcagaggtgaaaaagcccggggagtctctgaagatctcctgtaagggttctggatacagctttaccagctactggatcggctgggtgcgccagatgcccgggaaaggcctggagtggatggggatcatctatcctggtgactctgataccagatacagcccgtccttccaaggccaggtcaccatctcagccgacaagtccatcagcaccgcctacctgcagtggagcagcctgaaggcctcggacaccgccatgtattactgtgcgagatgtagagatggctacaattacggggttgactactggggccaaggaaccctggtcaccgtctcctca	IGHV5-51	IGHD5-24	IGHJ4	tgtgcgagatgtagagatggctacaattacggggttgactactgg	1	6.09923454606447e-06
caggtcaccttgaaggagtctggtcctgtgctggtgaaacccacagagaccctcacgctgacctgcaccgtctctgggttctcactcagcaatgctagaatgggtgtgagctggatccgtcagcccccagggaaggccctggagtggcttgcacacattttttcgaatgacgaaaaatcctacagcacatctctgaagagcaggctcaccatctccaaggacacctccaaaagccaggtggtccttaccatgaccaacatggaccctgtggacacagccacatattactgtgcacggataaggggggagctaggggtcgcttttgatgtctggggccaagggacaatggtcaccgtctcttca	IGHV2-26	IGHD1-26	IGHJ3	tgtgcacggataaggggggagctaggggtcgcttttgatgtctgg	1	6.09923454606447e-06
caggttcagctggtgcagtctggagctgaggtgaagaagcctggggcctcagtgaaggtctcctgcaaggcttctggttacacctttaccagctatggtatcagctgggtgcgacaggcccctggacaagggcttgagtggatgggatggatcagcgcttacaatggtaacacaaactatgcacagaagctccagggcagagtcaccatgaccacagacacatccacgagcacagcctacatggagctgaggagcctgagatctgacgacacggccgtgtattactgtgcgaggagagaggtatactactggtacttcgatctctggggccgtggcaccctggtcactgtctcctca	IGHV1-18	IGHD1-7	IGHJ2	tgtgcgaggagagaggtatactactggtacttcgatctctgg	1	6.09923454606447e-06
gaggtgcagctgttggagtctgggggaggcttggtacagcctggggggtccctgagactctcctgtgcagcctctggattcacctttagcagctatgccatgagctgggtccgccaggctccagggaaggggctggagtgggtctcagctattagtggtagtggtggtagcacatactacgcagactccgtgaagggccggttcaccatctccagagacaattccaagaacacgctgtatctgcaaatgaacagcctgagagccgaggacacggccgtatattactgtggagggggtatagcagcagctggtaccttctttgactactggggccaaggaaccctggtcaccgtctcctca	IGHV3-23	IGHD6-13	IGHJ4	tgtggagggggtatagcagcagctggtaccttctttgactactgg	1	6.09923454606447e-06
caggtgcagctggtgcagtctggggctgaggtgaagaagcctgggtcctcggtgaaggtctcctgcaaggcttctggaggcaccttcagcagctatgctatcagctgggtgcgacaggcccctggacaagggcttgagtggatgggagggatcatccctatctttggtacagcaaactacgcacagaagttccagggcagagtcacgattaccgcggacgaatccacgagcacagcctacatggagctgagcagcctgagatctgaggacacggccgtgtattactgtgcgagctccttagtgggagcctactttgactactggggccaaggaaccctggtcaccgtctcctca	IGHV1-69	IGHD1-26	IGHJ4	tgtgcgagctccttagtgggagcctactttgactactgg	1	6.09923454606447e-06
gaggtgcagctggtggagtctgggggaggcttggtaaagcctggggggtcccttagactctcctgtgcagcctctggattcactttcagtaacgcctggatgagctgggtccgccaggctccagggaaggggctggagtgggttggccgtattaaaagcaaaactgatggtgggacaacagactacgctgcacccgtgaaaggcagattcaccatctcaagagatgattcaaaaaacacgctgtatctgcaaatgaacagcctgaaaaccgaggacacagccgtgtattactgtaccacagagcggggagttattataactcctttcgatctctggggccgtggcaccctggtcactgtctcctca	IGHV3-15	IGHD3-10	IGHJ2	tgtaccacagagcggggagttattataactcctttcgatctctgg	1	6.09923454606447e-06
caggttcagctggtgcagtctggagctgaggtgaagaagcctggggcctcagtgaaggtctcctgcaaggcttctggttacacctttaccagctatggtatcagctgggtgcgacaggcccctggacaagggcttgagtggatgggatggatcagcgcttacaatggtaacacaaactatgcacagaagctccagggcagagtcaccatgaccacagacacatccacgagcacagcctacatggagctgaggagcctgagatctgacgacacggccgtgtattactgtgcgagagatcccgtagcagcagctgcttttgatgtctggggccaagggacaatggtcaccgtctcttca	IGHV1-18	IGHD6-13	IGHJ3	tgtgcgagagatcccgtagcagcagctgcttttgatgtctgg	1	6.09923454606447e-06
gaggtgcagctggtgcagtctggagcagaggtgaaaaagcccggggagtctctgaagatctcctgtaagggttctggatacagctttaccagctactggatcggctgggtgcgccagatgcccgggaaaggcctggagtggatggggatcatctatcctggtgactctgataccagatacagcccgtccttccaaggccaggtcaccatctcagccgacaagtccatcagcaccgcctacctgcagtggagcagcctgaaggcctcggacaccgccatgtattactgtgcgagacatcgatgtagtgtgtactttgactactggggccaaggaaccctggtcaccgtctcctca	IGHV5-51	IGHD2-2	IGHJ4	tgtgcgagacatcgatgtagtgtgtactttgactactgg	1	6.09923454606447e-06
caggtgcagctacagcagtggggcgcaggactgttgaagccttcggagaccctgtccctcacctgcgctgtctatggtgggtccttcagtggttactactggagctggatccgccagcccccagggaaggggctggagtggattggggaaatcaatcatagtggaagcaccaactacaacccgtccctcaagagtcgagtcaccatatcagtagacacgtccaagaaccagttctccctgaagctgagctctgtgaccgccgcggacacggctgtgtattactgtgcgagaggggagggtatagcagactttgactactggggccaaggaaccctggtcaccgtctcctca	IGHV4-34	IGHD6-19	IGHJ4	tgtgcgagaggggagggtatagcagactttgactactgg	1	6.09923454606447e-06
cagctgcagctgcaggagtcgggcccaggactggtgaagccttcggagaccctgtccctcacctgcactgtctctggtggctccatcagcagtagtagttactactggggctggatccgccagcccccagggaaggggctggagtggattgggagtatctattatagtgggagcacctactacaacccgtccctcaagagtcgagtcaccatatccgtagacacgtccaagaaccagttctccctgaagctgagctctgtgaccgccgcagacacggctgtgtattactgtgcgagacatggggggtatagcagtggccctttcgactcctggggccaaggaaccctggtcaccgtctcctca	IGHV4-39	IGHD6-19	IGHJ5	tgtgcgagacatggggggtatagcagtggccctttcgactcctgg	1	6.09923454606447e-06
caggtgcagctggtgcagtctggggctgaggtgaagaagcctggggcctcagtgaaggtctcctgcaaggcttctggatacaccttcaccagttatgatatcaactgggtgcgacaggccactggacaagggcttgagtggatgggatggatgaaccctaacagtggtaacacaggctatgcacagaagttccagggcagagtcaccatgaccaggaacacctccataagcacagcctacatggagctgagcagcctgagatctgaggacacggccgtgtattactgtgcgagaggccctatagcagcagctggtcccttcgactcctggggccaaggaaccctggtcaccgtctcctca	IGHV1-8	IGHD6-13	IGHJ5	tgtgcgagaggccctatagcagcagctggtcccttcgactcctgg	1	6.09923454606447e-06
caggtgcagctacagcagtggggcgcaggactgttgaagccttcggagaccctgtccctcacctgcgctgtctatggtgggtccttcagtggttactactggagctggatccgccagcccccagggaaggggctggagtggattggggaaatcaatcatagtggaagcaccaactacaacccgtccctcaagagtcgagtcaccatatcagtagacacgtccaagaaccagttctccctgaagctgagctctgtgaccgccgcggacacggctgtgtattactgtgcgagaggaatagcagtggtcgactactttgactactggggccaaggaaccctggtcaccgtctcctca	IGHV4-34	IGHD6-19	IGHJ4	tgtgcgagaggaatagcagtggtcgactactttgactactgg	1	6.09923454606447e-06
gaggtgcagctggtggagtctgggggaggtgtggtacggcctggggggtccctgagactctcctgtgcagcctctggattcacctttgatgattatggcatgagctgggtccgccaagctccagggaaggggctggagtgggtctctggtattaattggaatggtggtagcacaggttatgcagactctgtgaagggccgattcaccatctccagagacaacgccaagaactccctgtatctgcaaatgaacagtctgagagccgaggacacggccttgtatcactgtgcgagagagttactatggttcgcgtactttgactactggggccaaggaaccctggtcaccgtctcctca	IGHV3-20	IGHD3-10	IGHJ4	tgtgcgagagagttactatggttcgcgtactttgactactgg	1	6.09923454606447e-06
caggtgcagctggtgcagtctggggctgaggtgaagaagcctgggtcctcggtgaaggtctcctgcaaggcttctggaggcaccttcagcagctatgctatcagctgggtgcgacaggcccctggacaagggcttgagtggatgggagggatcatccctatctttggtacagcaaactacgcacagaagttccagggcagagtcacgattaccgcggacgaatccacgagcacagcctacatggagctgagcagcctgagatctgaggacacggccgtgtattactgtgcgagagagcagcagctggtacactttgactactggggccaaggaaccctggtcaccgtctcctca	IGHV1-69	IGHD6-13	IGHJ4	tgtgcgagagagcagcagctggtacactttgactactgg	1	6.09923454606447e-06
gaggtgcagctgttggagtctgggggaggcttggtacagcctggggggtccctgagactctcctgtgcagcctctggattcacctttagcagctatgccatgagctgggtccgccaggctccagggaaggggctggagtgggtctcagctattagtggtagtggtggtagcacatactacgcagactccgtgaagggccggttcaccatctccagagacaattccaagaacacgctgtatctgcaaatgaacagcctgagagccgaggacacggccgtatattactgtgcgaaagatagcagctcgtccccccactactttgactactggggccaaggaaccctggtcaccgtctcctca	IGHV3-23	IGHD6-6	IGHJ4	tgtgcgaaagatagcagctcgtccccccactactttgactactgg	1	6.09923454606447e-06
caggtgcagctggtgcagtctggggctgaggtgaagaagcctgggtcctcggtgaaggtctcctgcaaggcttctggaggcaccttcagcagctatgctatcagctgggtgcgacaggcccctggacaagggcttgagtggatgggagggatcatccctatctttggtacagcaaactacgcacagaagttccagggcagagtcacgattaccgcggacgaatccacgagcacagcctacatggagctgagcagcctgagatctgaggacacggccgtgtattactgtgcgagagacccagcagtggctggctttgactactggggccaaggaaccctggtcaccgtctcctca	IGHV1-69	IGHD6-19	IGHJ4	tgtgcgagagacccagcagtggctggctttgactactgg	1	6.09923454606447e-06
gaggtgcagctggtggagtctgggggaggcttggtaaagcctggggggtcccttagactctcctgtgcagcctctggattcactttcagtaacgcctggatgagctgggtccgccaggctccagggaaggggctggagtgggttggccgtattaaaagcaaaactgatggtgggacaacagactacgctgcacccgtgaaaggcagattcaccatctcaagagatgattcaaaaaacacgctgtatctgcaaatgaacagcctgaaaaccgaggacacagccgtgtattactgtaccacagaaagattacgatttttggagtggtttgactactggggccaaggaaccctggtcaccgtctcctca	IGHV3-15	IGHD3-3	IGHJ4	tgtaccacagaaagattacgatttttggagtggtttgactactgg	1	6.09923454606447e-06
gaggtgcagctggtgcagtctggagcagaggtgaaaaagcccggggagtctctgaagatctcctgtaagggttctggatacagctttaccagctactggatcggctgggtgcgccagatgcccgggaaaggcctggagtggatggggatcatctatcctggtgactctgataccagatacagcccgtccttccaaggccaggtcaccatctcagccgacaagtccatcagcaccgcctacctgcagtggagcagcctgaaggcctcggacaccgccatgtattactgtgcgagactgggagctactcactggttcgactcctggggccaaggaaccctggtcaccgtctcctca	IGHV5-51	IGHD1-26	IGHJ5	tgtgcgagactgggagctactcactggttcgactcctgg	1	6.09923454606447e-06
caggtgcagctggtggagtctgggggaggcttggtcaagcctggagggtccctgagactctcctgtgcagcctctggattcaccttcagtgactactacatgagctggatccgccaggctccagggaaggggctggagtgggtttcatacattagtagtagtggtagtaccatatactacgcagactctgtgaagggccgattcaccatctccagggacaacgccaagaactcactgtatctgcaaatgaacagcctgagagccgaggacacggccgtgtattactgtgcgagagattgtattactatgatattcgactcctggggccaaggaaccctggtcaccgtctcctca	IGHV3-11	IGHD3-22	IGHJ5	tgtgcgagagattgtattactatgatattcgactcctgg	1	6.09923454606447e-06
caggttcagctggtgcagtctggagctgaggtgaagaagcctggggcctcagtgaaggtctcctgcaaggcttctggttacacctttaccagctatggtatcagctgggtgcgacaggcccctggacaagggcttgagtggatgggatggatcagcgcttacaatggtaacacaaactatgcacagaagctccagggcagagtcaccatgaccacagacacatccacgagcacagcctacatggagctgaggagcctgagatctgacgacacggccgtgtattactgtgcgagagaccctactagcagcagctgggcttttgatgtctggggccaagggacaatggtcaccgtctcttca	IGHV1-18	IGHD6-13	IGHJ3	tgtgcgagagaccctactagcagcagctgggcttttgatgtctgg	1	6.09923454606447e-06
caggttcagctggtgcagtctggagctgaggtgaagaagcctggggcctcagtgaaggtctcctgcaaggcttctggttacacctttaccagctatggtatcagctgggtgcgacaggcccctggacaagggcttgagtggatgggatggatcagcgcttacaatggtaacacaaactatgcacagaagctccagggcagagtcaccatgaccacagacacatccacgagcacagcctacatggagctgaggagcctgagatctgacgacacggccgtgtattactgtgcgagagatcagtggctggtacaatttgactactggggccaaggaaccctggtcaccgtctcctca	IGHV1-18	IGHD6-19	IGHJ4	tgtgcgagagatcagtggctggtacaatttgactactgg	1	6.09923454606447e-06
caggtgcagctggtgcagtctggggctgaggtgaagaagcctggggcctcagtgaaggtctcctgcaaggcttctggatacaccttcaccggctactatatgcactgggtgcgacaggcccctggacaagggcttgagtggatgggacggatcaaccctaacagtggtggcacaaactatgcacagaagtttcagggcagggtcaccagtaccagggacacgtccatcagcacagcctacatggagctgagcaggctgagatctgacgacacggtcgtgtattactgtgcgagagaacgggggagctgggtctttgactactggggccaaggaaccctggtcaccgtctcctca	IGHV1-2	IGHD1-26	IGHJ4	tgtgcgagagaacgggggagctgggtctttgactactgg	1	6.09923454606447e-06
caggtgcagctggtgcagtctggggctgaggtgaagaagcctgggtcctcggtgaaggtctcctgcaaggcttctggaggcaccttcagcagctatgctatcagctgggtgcgacaggcccctggacaagggcttgagtggatgggagggatcatccctatctttggtacagcaaactacgcacagaagttccagggcagagtcacgattaccgcggacgaatccacgagcacagcctacatggagctgagcagcctgagatctgaggacacggccgtgtattactgtgcgagagggatcggggagttattatactactttgactactggggccaaggaaccctggtcaccgtctcctca	IGHV1-69	IGHD3-10	IGHJ4	tgtgcgagagggatcggggagttattatactactttgactactgg	1	6.09923454606447e-06
caggtgcagctggtgcagtctggggctgaggtgaagaagcctgggtcctcggtgaaggtctcctgcaaggcttctggaggcaccttcagcagctatgctatcagctgggtgcgacaggcccctggacaagggcttgagtggatgggagggatcatccctatctttggtacagcaaactacgcacagaagttccagggcagagtcacgattaccgcggacgaatccacgagcacagcctacatggagctgagcagcctgagatctgaggacacggccgtgtattactgtgcgagatggggatacggtggtaactccgtcttccagcactggggccagggcaccctggtcaccgtctcctca	IGHV1-69	IGHD4-23	IGHJ1	tgtgcgagatggggatacggtggtaactccgtcttccagcactgg	1	6.09923454606447e-06
gaggtgcagctggtggagtctgggggaggcttggtacagccagggcggtccctgagactctcctgtacagcttctggattcacctttggtgattatgctatgagctggttccgccaggctccagggaaggggctggagtgggtaggtttcattagaagcaaagcttatggtgggacaacagaatacaccgcgtctgtgaaaggcagattcaccatctcaagagatggttccaaaagcatcgcctatctgcaaatgaacagcctgaaaaccgaggacacagccgtgtattactgtactagagaaggggctacggtggagaactggttcgactcctggggccaaggaaccctggtcaccgtctcctca	IGHV3-49	IGHD4-17	IGHJ5	tgtactagagaaggggctacggtggagaactggttcgactcctgg	1	6.09923454606447e-06
caggtgcagctggtgcagtctggggctgaggtgaagaagcctgggtcctcggtgaaggtctcctgcaaggcttctggaggcaccttcagcagctatgctatcagctgggtgcgacaggcccctggacaagggcttgagtggatgggagggatcatccctatctttggtacagcaaactacgcacagaagttccagggcagagtcacgattaccgcggacgaatccacgagcacagcctacatggagctgagcagcctgagatctgaggacacggccgtgtattactgtgcgagaggagctactacgggctggttcgactcctggggccaaggaaccctggtcaccgtctcctca	IGHV1-69	IGHD1-26	IGHJ5	tgtgcgagaggagctactacgggctggttcgactcctgg	1	6.09923454606447e-06
gaagtgcagctggtggagtctgggggagtcgtggtacagcctggggggtccctgagactctcctgtgcagcctctggattcacctttgatgattataccatgcactgggtccgtcaagctccggggaagggtctggagtgggtctctcttattagttgggatggtggtagcacatactatgcagactctgtgaagggccgattcaccatctccagagacaacagcaaaaactccctgtatctgcaaatgaacagtctgagaactgaggacaccgccttgtattactgtgcaaaagatagagtggctggtacgtttgactactggggccaaggaaccctggtcaccgtctcctca	IGHV3-43	IGHD6-19	IGHJ4	tgtgcaaaagatagagtggctggtacgtttgactactgg	1	6.09923454606447e-06
gaggtgcagctggtggagtctgggggaggcttggtaaagcctggggggtcccttagactctcctgtgcagcctctggattcactttcagtaacgcctggatgagctgggtccgccaggctccagggaaggggctggagtgggttggccgtattaaaagcaaaactgatggtgggacaacagactacgctgcacccgtgaaaggcagattcaccatctcaagagatgattcaaaaaacacgctgtatctgcaaatgaacagcctgaaaaccgaggacacagccgtgtattactgtaagggtatagcagtggctggctactggtacttcgatctctggggccgtggcaccctggtcactgtctcctca	IGHV3-15	IGHD6-19	IGHJ2	tgtaagggtatagcagtggctggctactggtacttcgatctctgg	1	6.09923454606447e-06
cagctgcagctgcaggagtccggctcaggactggtgaagccttcacagaccctgtccctcacctgcgctgtctctggtggctccatcagcagtggtggttactcctggagctggatccggcagccaccagggaagggcctggagtggattgggtacatctatcatagtgggagcacctactacaacccgtccctcaagagtcgagtcaccatatcagtagacaggtccaagaaccagttctccctgaagctgagctctgtgaccgccgcggacacggccgtgtattactgtgccagagaagactacggtggttactttgactactggggccaaggaaccctggtcaccgtctcctca	IGHV4-30-2	IGHD4-23	IGHJ4	tgtgccagagaagactacggtggttactttgactactgg	1	6.09923454606447e-06
gaggtgcagctggtgcagtctggagcagaggtgaaaaagcccggggagtctctgaagatctcctgtaagggttctggatacagctttaccagctactggatcggctgggtgcgccagatgcccgggaaaggcctggagtggatggggatcatctatcctggtgactctgataccagatacagcccgtccttccaaggccaggtcaccatctcagccgacaagtccatcagcaccgcctacctgcagtggagcagcctgaaggcctcggacaccgccatgtattactgtgcgagacagggaggcagtggctcggggtttgactactggggccaaggaaccctggtcaccgtctcctca	IGHV5-51	IGHD6-19	IGHJ4	tgtgcgagacagggaggcagtggctcggggtttgactactgg	1	6.09923454606447e-06
caggtgcagctggtgcagtctggggctgaggtgaagaagcctggggcctcagtgaaggtctcctgcaaggcttctggatacaccttcaccggctactatatgcactgggtgcgacaggcccctggacaagggcttgagtggatgggacggatcaaccctaacagtggtggcacaaactatgcacagaagtttcagggcagggtcaccagtaccagggacacgtccatcagcacagcctacatggagctgagcaggctgagatctgacgacacggtcgtgtattactgtgcctcactatggttcggggagttatactttgactactggggccaaggaaccctggtcaccgtctcctca	IGHV1-2	IGHD3-10	IGHJ4	tgtgcctcactatggttcggggagttatactttgactactgg	1	6.09923454606447e-06
gaggtgcagctggtggagtccgggggaggcttagttcagcctggggggtccctgagactctcctgtgcagcctctggattcaccttcagtagctactggatgcactgggtccgccaagctccagggaaggggctggtgtgggtctcacgtattaatagtgatgggagtagcacaagctacgcggactccgtgaagggccgattcaccatctccagagacaacgccaagaacacgctgtatctgcaaatgaacagtctgagagccgaggacacggctgtgtattactgtgcaagcaatagcagcagctggtactttgactactggggccaaggaaccctggtcaccgtctcctca	IGHV3-74	IGHD6-13	IGHJ4	tgtgcaagcaatagcagcagctggtactttgactactgg	1	6.09923454606447e-06
gaggtgcagctgttggagtctgggggaggcttggtacagcctggggggtccctgagactctcctgtgcagcctctggattcacctttagcagctatgccatgagctgggtccgccaggctccagggaaggggctggagtgggtctcagctattagtggtagtggtggtagcacatactacgcagactccgtgaagggccggttcaccatctccagagacaattccaagaacacgctgtatctgcaaatgaacagcctgagagccgaggacacggccgtatattactgtgcgaaagacccggtggttgggaactactttgactactggggccaaggaaccctggtcaccgtctcctca	IGHV3-23	IGHD3-22	IGHJ4	tgtgcgaaagacccggtggttgggaactactttgactactgg	1	6.09923454606447e-06
gaggtgcagctgttggagtctgggggaggcttggtacagcctggggggtccctgagactctcctgtgcagcctctggattcacctttagcagctatgccatgagctgggtccgccaggctccagggaaggggctggagtgggtctcagctattagtggtagtggtggtagcacatactacgcagactccgtgaagggccggttcaccatctccagagacaattccaagaacacgctgtatctgcaaatgaacagcctgagagccgaggacacggccgtatattactgtgcgaaagatctcatagcagcagctgcctttgactactggggccaaggaaccctggtcaccgtctcctca	IGHV3-23	IGHD6-13	IGHJ4	tgtgcgaaagatctcatagcagcagctgcctttgactactgg	1	6.09923454606447e-06
gaagtgcagctggtggagtctgggggagtcgtggtacagcctggggggtccctgagactctcctgtgcagcctctggattcacctttgatgattataccatgcactgggtccgtcaagctccggggaagggtctggagtgggtctctcttattagttgggatggtggtagcacatactatgcagactctgtgaagggccgattcaccatctccagagacaacagcaaaaactccctgtatctgcaaatgaacagtctgagaactgaggacaccgccttgtattactgtgcaaaagatatggatagcagtggctttgactactggggccaaggaaccctggtcaccgtctcctca	IGHV3-43	IGHD6-19	IGHJ4	tgtgcaaaagatatggatagcagtggctttgactactgg	1	6.09923454606447e-06
caggtgcagctggtgcagtctggggctgaggtgaagaagcctggggcctcagtgaaggtttcctgcaaggcatctggatacaccttcaccagctactatatgcactgggtgcgacaggcccctggacaagggcttgagtggatgggaataatcaaccctagtggtggtagcacaagctacgcacagaagttccagggcagagtcaccatgaccagggacacgtccacgagcacagtctacatggagctgagcagcctgagatctgaggacacggccgtgtattactgtgcgagtgggtatagtgggagctactactttgactactggggccaaggaaccctggtcaccgtctcctca	IGHV1-46	IGHD1-26	IGHJ4	tgtgcgagtgggtatagtgggagctactactttgactactgg	1	6.09923454606447e-06
gaggtgcagctgttggagtctgggggaggcttggtacagcctggggggtccctgagactctcctgtgcagcctctggattcacctttagcagctatgccatgagctgggtccgccaggctccagggaaggggctggagtgggtctcagctattagtggtagtggtggtagcacatactacgcagactccgtgaagggccggttcaccatctccagagacaattccaagaacacgctgtatctgcaaatgaacagcctgagagccgaggacacggccgtatattactgtgcgaaagagagggcgggtcccccctactttgactactggggccaaggaaccctggtcaccgtctcctca	IGHV3-23	IGHD6-6	IGHJ4	tgtgcgaaagagagggcgggtcccccctactttgactactgg	1	6.09923454606447e-06
