sequence	v_call	d_call	j_call	junction	counts	freqs
gaggtgcagctggtggagtctggaggaggcttgatccagcctggggggtccctgagactctcctgtgcagcctctgggttcaccgtcagtagcaactacatgagctgggtccgccaggctccagggaaggggctggagtgggtctcagttatttatagcggtggtagcacatactacgcagactccgtgaagggccgattcaccatctccagagacaattccaagaacacgctgtatcttcaaatgaacagcctgagagccgaggacacggccgtgtattactgtgcgagccgtgtagtagtaccagctgctcggttcgactcctggggccaaggaaccctggtcaccgtctcctca	IGHV3-53	IGHD2-2	IGHJ5	tgtgcgagccgtgtagtagtaccagctgctcggttcgactcctgg	8000	0.398168425243878
caggtgcagctggtggagtctgggggaggcttggtcaagcctggagggtccctgagactctcctgtgcagcctctggattcaccttcagtgactactacatgagctggatccgccaggctccagggaaggggctggagtgggtttcatacattagtagtagtggtagtaccatatactacgcagactctgtgaagggccgattcaccatctccagggacaacgccaagaactcactgtatctgcaaatgaacagcctgagagccgaggacacggccgtgtattactgtgcgagagaatggttcggggagaaatttgactactggggccaaggaaccctggtcaccgtctcctca	IGHV3-11	IGHD3-10	IGHJ4	tgtgcgagagaatggttcggggagaaatttgactactgg	2828	0.140752538323711
gaggtgcagctggtggagtctgggggaggcttggtacagccagggcggtccctgagactctcctgtacagcttctggattcacctttggtgattatgctatgagctggttccgccaggctccagggaaggggctggagtgggtaggtttcattagaagcaaagcttatggtgggacaacagaatacaccgcgtctgtgaaaggcagattcaccatctcaagagatggttccaaaagcatcgcctatctgcaaatgaacagcctgaaaaccgaggacacagccgtgtattactgtacggggctggattataacgacaactggttcgactcctggggccaaggaaccctggtcaccgtctcctca	IGHV3-49	IGHD3-10	IGHJ5	tgtacggggctggattataacgacaactggttcgactcctgg	1540	0.0766474218594465
caggtgcagctggtgcagtctggggctgaggtgaagaagcctgggtcctcggtgaaggtctcctgcaaggcttctggaggcaccttcagcagctatgctatcagctgggtgcgacaggcccctggacaagggcttgagtggatgggagggatcatccctatctttggtacagcaaactacgcacagaagttccagggcagagtcacgattaccgcggacgaatccacgagcacagcctacatggagctgagcagcctgagatctgaggacacggccgtgtattactgtgcgagagatcgagcagctcgttactttgactactggggccaaggaaccctggtcaccgtctcctca	IGHV1-69	IGHD6-6	IGHJ4	tgtgcgagagatcgagcagctcgttactttgactactgg	1000	0.0497710531554848
gaggtgcagctgttggagtctgggggaggcttggtacagcctggggggtccctgagactctcctgtgcagcctctggattcacctttagcagctatgccatgagctgggtccgccaggctccagggaaggggctggagtgggtctcagctattagtggtagtggtggtagcacatactacgcagactccgtgaagggccggttcaccatctccagagacaattccaagaacacgctgtatctgcaaatgaacagcctgagagccgaggacacggccgtatattactgtgcgaaagatagcagcagctggtactactttgactactggggccaaggaaccctggtcaccgtctcctca	IGHV3-23	IGHD6-13	IGHJ4	tgtgcgaaagatagcagcagctggtactactttgactactgg	716	0.0356360740593271
gaggtgcagctggtggagtctggaggaggcttgatccagcctggggggtccctgagactctcctgtgcagcctctgggttcaccgtcagtagcaactacatgagctgggtccgccaggctccagggaaggggctggagtgggtctcagttatttatagcggtggtagcacatactacgcagactccgtgaagggccgattcaccatctccagagacaattccaagaacacgctgtatcttcaaatgaacagcctgagagccgaggacacggccgtgtattactgtgcgagagggcctgactacggtgactacaaggacgtctgggggcaagggaccacggtcaccgtctcctca	IGHV3-53	IGHD4-17	IGHJ6	tgtgcgagagggcctgactacggtgactacaaggacgtctgg	544	0.0270754529165837
gaggtgcagctggtggagtctgggggaggtgtggtacggcctggggggtccctgagactctcctgtgcagcctctggattcacctttgatgattatggcatgagctgggtccgccaagctccagggaaggggctggagtgggtctctggtattaattggaatggtggtagcacaggttatgcagactctgtgaagggccgattcaccatctccagagacaacgccaagaactccctgtatctgcaaatgaacagtctgagagccgaggacacggccttgtatcactgtgcgagatggggtacggtgactactcactactttgactactggggccaaggaaccctggtcaccgtctcctca	IGHV3-20	IGHD4-17	IGHJ4	tgtgcgagatggggtacggtgactactcactactttgactactgg	432	0.0215010949631694
cagatcaccttgaaggagtctggtcctacgctggtgaaacccacacagaccctcacgctgacctgcaccttctctgggttctcactcagcactagtggagtgggtgtgggctggatccgtcagcccccaggaaaggccctggagtggcttgcactcatttattggaatgatgataagcgctacagcccatctctgaagagcaggctcaccatcaccaaggacacctccaaaaaccaggtggtccttacaatgaccaacatggaccctgtggacacagccacatattactgtgcacacagactgggcccggtattatactttgactactggggccaaggaaccctggtcaccgtctcctca	IGHV2-5	IGHD3-22	IGHJ4	tgtgcacacagactgggcccggtattatactttgactactgg	354	0.0176189528170416
caggttcagctggtgcagtctggagctgaggtgaagaagcctggggcctcagtgaaggtctcctgcaaggcttctggttacacctttaccagctatggtatcagctgggtgcgacaggcccctggacaagggcttgagtggatgggatggatcagcgcttacaatggtaacacaaactatgcacagaagctccagggcagagtcaccatgaccacagacacatccacgagcacagcctacatggagctgaggagcctgagatctgacgacacggccgtgtattactgtgcgagagggatagtttactactactacggtatggacgtctgggggcaagggaccacggtcaccgtctcctca	IGHV1-18	IGHD3-22	IGHJ6	tgtgcgagagggatagtttactactactacggtatggacgtctgg	296	0.0147322317340235
gaggtgcagctggtggagtctgggggaggtgtggtacggcctggggggtccctgagactctcctgtgcagcctctggattcacctttgatgattatggcatgagctgggtccgccaagctccagggaaggggctggagtgggtctctggtattaattggaatggtggtagcacaggttatgcagactctgtgaagggccgattcaccatctccagagacaacgccaagaactccctgtatctgcaaatgaacagtctgagagccgaggacacggccttgtatcactgtgcgagagagggacgatttttggagtggccatttgactactggggccaaggaaccctggtcaccgtctcctca	IGHV3-20	IGHD3-3	IGHJ4	tgtgcgagagagggacgatttttggagtggccatttgactactgg	253	0.0125920764483376
gaagtgcagctggtggagtctgggggagtcgtggtacagcctggggggtccctgagactctcctgtgcagcctctggattcacctttgatgattataccatgcactgggtccgtcaagctccggggaagggtctggagtgggtctctcttattagttgggatggtggtagcacatactatgcagactctgtgaagggccgattcaccatctccagagacaacagcaaaaactccctgtatctgcaaatgaacagtctgagaactgaggacaccgccttgtattactgtgcaaaagcagctaactactactacggtatggacgtctgggggcaagggaccacggtcaccgtctcctca	IGHV3-43	IGHD1-26	IGHJ6	tgtgcaaaagcagctaactactactacggtatggacgtctgg	219	0.0108998606410512
caggtgcagctggtgcagtctggggctgaggtgaagaagcctggggcctcagtgaaggtctcctgcaaggcttctggatacaccttcaccggctactatatgcactgggtgcgacaggcccctggacaagggcttgagtggatgggacggatcaaccctaacagtggtggcacaaactatgcacagaagtttcagggcagggtcaccagtaccagggacacgtccatcagcacagcctacatggagctgagcaggctgagatctgacgacacggtcgtgtattactgtgcggggcgttactactactactacggtatggacgtctgggggcaagggaccacggtcaccgtctcctca	IGHV1-2	IGHD7-27	IGHJ6	tgtgcggggcgttactactactactacggtatggacgtctgg	192	0.00955604220585308
gaggtgcagctggtggagtctggaggaggcttgatccagcctggggggtccctgagactctcctgtgcagcctctgggttcaccgtcagtagcaactacatgagctgggtccgccaggctccagggaaggggctggagtgggtctcagttatttatagcggtggtagcacatactacgcagactccgtgaagggccgattcaccatctccagagacaattccaagaacacgctgtatcttcaaatgaacagcctgagagccgaggacacggccgtgtattactgtggtatagcagctcgctactacggtatggacgtctgggggcaagggaccacggtcaccgtctcctca	IGHV3-53	IGHD6-6	IGHJ6	tgtggtatagcagctcgctactacggtatggacgtctgg	171	0.0085108500895879
caggtgcagctacagcagtggggcgcaggactgttgaagccttcggagaccctgtccctcacctgcgctgtctatggtgggtccttcagtggttactactggagctggatccgccagcccccagggaaggggctggagtggattggggaaatcaatcatagtggaagcaccaactacaacccgtccctcaagagtcgagtcaccatatcagtagacacgtccaagaaccagttctccctgaagctgagctctgtgaccgccgcggacacggctgtgtattactgtgcgagaaagcctattgtagtagtatactttgactactggggccaaggaaccctggtcaccgtctcctca	IGHV4-34	IGHD2-2	IGHJ4	tgtgcgagaaagcctattgtagtagtatactttgactactgg	153	0.00761497113278917
gaggtgcagctgttggagtctgggggaggcttggtacagcctggggggtccctgagactctcctgtgcagcctctggattcacctttagcagctatgccatgagctgggtccgccaggctccagggaaggggctggagtgggtctcagctattagtggtagtggtggtagcacatactacgcagactccgtgaagggccggttcaccatctccagagacaattccaagaacacgctgtatctgcaaatgaacagcctgagagccgaggacacggccgtatattactgtgcgaaagactacgcttgtgatgcttttgatgtctggggccaagggacaatggtcaccgtctcttca	IGHV3-23	IGHD3-22	IGHJ3	tgtgcgaaagactacgcttgtgatgcttttgatgtctgg	138	0.0068684053354569
gaggtgcagctgttggagtctgggggaggcttggtacagcctggggggtccctgagactctcctgtgcagcctctggattcacctttagcagctatgccatgagctgggtccgccaggctccagggaaggggctggagtgggtctcagctattagtggtagtggtggtagcacatactacgcagactccgtgaagggccggttcaccatctccagagacaattccaagaacacgctgtatctgcaaatgaacagcctgagagccgaggacacggccgtatattactgtgcgaaattggatattgtagtagtaccttttgatgtctggggccaagggacaatggtcaccgtctcttca	IGHV3-23	IGHD2-2	IGHJ3	tgtgcgaaattggatattgtagtagtaccttttgatgtctgg	125	0.0062213816444356
caggtgcagctggtgcagtctggggctgaggtgaagaagcctggggcctcagtgaaggtctcctgcaaggcttctggatacaccttcaccagttatgatatcaactgggtgcgacaggccactggacaagggcttgagtggatgggatggatgaaccctaacagtggtaacacaggctatgcacagaagttccagggcagagtcaccatgaccaggaacacctccataagcacagcctacatggagctgagcagcctgagatctgaggacacggccgtgtattactgtgcgagaggtcccactatgttgtactttgactactggggccaaggaaccctggtcaccgtctcctca	IGHV1-8	IGHD3-22	IGHJ4	tgtgcgagaggtcccactatgttgtactttgactactgg	114	0.00567390005972526
gaggtgcagctgttggagtctgggggaggcttggtacagcctggggggtccctgagactctcctgtgcagcctctggattcacctttagcagctatgccatgagctgggtccgccaggctccagggaaggggctggagtgggtctcagctattagtggtagtggtggtagcacatactacgcagactccgtgaagggccggttcaccatctccagagacaattccaagaacacgctgtatctgcaaatgaacagcctgagagccgaggacacggccgtatattactgtgcgaaagaagactggttttactactacggtatggacgtctgggggcaagggaccacggtcaccgtctcctca	IGHV3-23	IGHD7-27	IGHJ6	tgtgcgaaagaagactggttttactactacggtatggacgtctgg	105	0.0052259605813259
gaggtgcagctgttggagtctgggggaggcttggtacagcctggggggtccctgagactctcctgtgcagcctctggattcacctttagcagctatgccatgagctgggtccgccaggctccagggaaggggctggagtgggtctcagctattagtggtagtggtggtagcacatactacgcagactccgtgaagggccggttcaccatctccagagacaattccaagaacacgctgtatctgcaaatgaacagcctgagagccgaggacacggccgtatattactgtgcgaaagatggttcggggagttataactactttgactactggggccaaggaaccctggtcaccgtctcctca	IGHV3-23	IGHD3-10	IGHJ4	tgtgcgaaagatggttcggggagttataactactttgactactgg	97	0.00482779215608202
gaggtgcagctggtggagtctgggggaggcttggtacagccagggcggtccctgagactctcctgtacagcttctggattcacctttggtgattatgctatgagctggttccgccaggctccagggaaggggctggagtgggtaggtttcattagaagcaaagcttatggtgggacaacagaatacaccgcgtctgtgaaaggcagattcaccatctcaagagatggttccaaaagcatcgcctatctgcaaatgaacagcctgaaaaccgaggacacagccgtgtattactgtactagagaaggtagcagcagctggtggttcgactcctggggccaaggaaccctggtcaccgtctcctca	IGHV3-49	IGHD6-13	IGHJ5	tgtactagagaaggtagcagcagctggtggttcgactcctgg	89	0.00442962373083814
caggtgcagctggtgcagtctggggctgaggtgaagaagcctggggcctcagtgaaggtctcctgcaaggcttctggatacaccttcaccggctactatatgcactgggtgcgacaggcccctggacaagggcttgagtggatgggacggatcaaccctaacagtggtggcacaaactatgcacagaagtttcagggcagggtcaccagtaccagggacacgtccatcagcacagcctacatggagctgagcaggctgagatctgacgacacggtcgtgtattactgtgcgaaagagggggttactatcaactacggtatggacgtctgggggcaagggaccacggtcaccgtctcctca	IGHV1-2	IGHD3-22	IGHJ6	tgtgcgaaagagggggttactatcaactacggtatggacgtctgg	83	0.00413099741190524
gaggtgcagctggtggagtctggaggaggcttgatccagcctggggggtccctgagactctcctgtgcagcctctgggttcaccgtcagtagcaactacatgagctgggtccgccaggctccagggaaggggctggagtgggtctcagttatttatagcggtggtagcacatactacgcagactccgtgaagggccgattcaccatctccagagacaattccaagaacacgctgtatcttcaaatgaacagcctgagagccgaggacacggccgtgtattactgtgcgaagtggtactactactactacggtatggacgtctgggggcaagggaccacggtcaccgtctcctca	IGHV3-53	IGHD3-22	IGHJ6	tgtgcgaagtggtactactactactacggtatggacgtctgg	78	0.00388214214612781
gaggtgcagctggtggagtctgggggaggtgtggtacggcctggggggtccctgagactctcctgtgcagcctctggattcacctttgatgattatggcatgagctgggtccgccaagctccagggaaggggctggagtgggtctctggtattaattggaatggtggtagcacaggttatgcagactctgtgaagggccgattcaccatctccagagacaacgccaagaactccctgtatctgcaaatgaacagtctgagagccgaggacacggccttgtatcactgtgcgagagacggggatagtggctacgtctactttgactactggggccaaggaaccctggtcaccgtctcctca	IGHV3-20	IGHD5-12	IGHJ4	tgtgcgagagacggggatagtggctacgtctactttgactactgg	73	0.00363328688035039
caggtgcagctacagcagtggggcgcaggactgttgaagccttcggagaccctgtccctcacctgcgctgtctatggtgggtccttcagtggttactactggagctggatccgccagcccccagggaaggggctggagtggattggggaaatcaatcatagtggaagcaccaactacaacccgtccctcaagagtcgagtcaccatatcagtagacacgtccaagaaccagttctccctgaagctgagctctgtgaccgccgcggacacggctgtgtattactgtgcgagagggatgggagctactagagactttgactactggggccaaggaaccctggtcaccgtctcctca	IGHV4-34	IGHD1-26	IGHJ4	tgtgcgagagggatgggagctactagagactttgactactgg	68	0.00338443161457296
caggtgcagctggtgcagtctggggctgaggtgaagaagcctggggcctcagtgaaggtctcctgcaaggcttctggatacaccttcaccagttatgatatcaactgggtgcgacaggccactggacaagggcttgagtggatgggatggatgaaccctaacagtggtaacacaggctatgcacagaagttccagggcagagtcaccatgaccaggaacacctccataagcacagcctacatggagctgagcagcctgagatctgaggacacggccgtgtattactgtgcgagagggcacgatttttggagtggctactttgactactggggccaaggaaccctggtcaccgtctcctca	IGHV1-8	IGHD3-3	IGHJ4	tgtgcgagagggcacgatttttggagtggctactttgactactgg	64	0.00318534740195103
gaggtgcagctggtggagtctggaggaggcttgatccagcctggggggtccctgagactctcctgtgcagcctctgggttcaccgtcagtagcaactacatgagctgggtccgccaggctccagggaaggggctggagtgggtctcagttatttatagcggtggtagcacatactacgcagactccgtgaagggccgattcaccatctccagagacaattccaagaacacgctgtatcttcaaatgaacagcctgagagccgaggacacggccgtgtattactgtgcgagagatatagcagcagctggtacatacttccagcactggggccagggcaccctggtcaccgtctcctca	IGHV3-53	IGHD6-13	IGHJ1	tgtgcgagagatatagcagcagctggtacatacttccagcactgg	60	0.00298626318932909
caggtgcagctggtggagtctgggggaggcttggtcaagcctggagggtccctgagactctcctgtgcagcctctggattcaccttcagtgactactacatgagctggatccgccaggctccagggaaggggctggagtgggtttcatacattagtagtagtggtagtaccatatactacgcagactctgtgaagggccgattcaccatctccagggacaacgccaagaactcactgtatctgcaaatgaacagcctgagagccgaggacacggccgtgtattactgtgcgagagagcagcagctggtaccccttgcttttgatgtctggggccaagggacaatggtcaccgtctcttca	IGHV3-11	IGHD6-13	IGHJ3	tgtgcgagagagcagcagctggtaccccttgcttttgatgtctgg	57	0.00283695002986263
gaggtgcagctggtggagtctgggggaggtgtggtacggcctggggggtccctgagactctcctgtgcagcctctggattcacctttgatgattatggcatgagctgggtccgccaagctccagggaaggggctggagtgggtctctggtattaattggaatggtggtagcacaggttatgcagactctgtgaagggccgattcaccatctccagagacaacgccaagaactccctgtatctgcaaatgaacagtctgagagccgaggacacggccttgtatcactgtgcgagagaggcagctcgtcccctctactttgactactggggccaaggaaccctggtcaccgtctcctca	IGHV3-20	IGHD6-6	IGHJ4	tgtgcgagagaggcagctcgtcccctctactttgactactgg	54	0.00268763687039618
caggtgcagctacagcagtggggcgcaggactgttgaagccttcggagaccctgtccctcacctgcgctgtctatggtgggtccttcagtggttactactggagctggatccgccagcccccagggaaggggctggagtggattggggaaatcaatcatagtggaagcaccaactacaacccgtccctcaagagtcgagtcaccatatcagtagacacgtccaagaaccagttctccctgaagctgagctctgtgaccgccgcggacacggctgtgtattactgtgcgagaggcggtggattattaagggactttgactactggggccaaggaaccctggtcaccgtctcctca	IGHV4-34	IGHD3-22	IGHJ4	tgtgcgagaggcggtggattattaagggactttgactactgg	51	0.00253832371092972
cagatcaccttgaaggagtctggtcctacgctggtgaaacccacacagaccctcacgctgacctgcaccttctctgggttctcactcagcactagtggagtgggtgtgggctggatccgtcagcccccaggaaaggccctggagtggcttgcactcatttattggaatgatgataagcgctacagcccatctctgaagagcaggctcaccatcaccaaggacacctccaaaaaccaggtggtccttacaatgaccaacatggaccctgtggacacagccacatattactgtgcttattactatggttcggggaactacggtatggacgtctgggggcaagggaccacggtcaccgtctcctca	IGHV2-5	IGHD3-10	IGHJ6	tgtgcttattactatggttcggggaactacggtatggacgtctgg	49	0.00243878160461875
gaggtgcagctgttggagtctgggggaggcttggtacagcctggggggtccctgagactctcctgtgcagcctctggattcacctttagcagctatgccatgagctgggtccgccaggctccagggaaggggctggagtgggtctcagctattagtggtagtggtggtagcacatactacgcagactccgtgaagggccggttcaccatctccagagacaattccaagaacacgctgtatctgcaaatgaacagcctgagagccgaggacacggccgtatattactgtgttagtagtggttattactaccccgtctttgactactggggccaaggaaccctggtcaccgtctcctca	IGHV3-23	IGHD3-22	IGHJ4	tgtgttagtagtggttattactaccccgtctttgactactgg	46	0.0022894684451523
gaggtgcagctgttggagtctgggggaggcttggtacagcctggggggtccctgagactctcctgtgcagcctctggattcacctttagcagctatgccatgagctgggtccgccaggctccagggaaggggctggagtgggtctcagctattagtggtagtggtggtagcacatactacgcagactccgtgaagggccggttcaccatctccagagacaattccaagaacacgctgtatctgcaaatgaacagcctgagagccgaggacacggccgtatattactgtgcgaaagagagggcagcagctggtacgtttgactactggggccaaggaaccctggtcaccgtctcctca	IGHV3-23	IGHD6-13	IGHJ4	tgtgcgaaagagagggcagcagctggtacgtttgactactgg	44	0.00218992633884133
gaggtgcagctgttggagtctgggggaggcttggtacagcctggggggtccctgagactctcctgtgcagcctctggattcacctttagcagctatgccatgagctgggtccgccaggctccagggaaggggctggagtgggtctcagctattagtggtagtggtggtagcacatactacgcagactccgtgaagggccggttcaccatctccagagacaattccaagaacacgctgtatctgcaaatgaacagcctgagagccgaggacacggccgtatattactgtgcgaaagatattactatgatagtagtggttattgactactggggccaaggaaccctggtcaccgtctcctca	IGHV3-23	IGHD3-22	IGHJ4	tgtgcgaaagatattactatgatagtagtggttattgactactgg	42	0.00209038423253036
caggtccagcttgtgcagtctggggctgaggtgaagaagcctggggcctcagtgaaggtttcctgcaaggcttctggatacaccttcactagctatgctatgcattgggtgcgccaggcccccggacaaaggcttgagtggatgggatggatcaacgctggcaatggtaacacaaaatattcacagaagttccagggcagagtcaccattaccagggacacatccgcgagcacagcctacatggagctgagcagcctgagatctgaagacacggctgtgtattactgtgcgagacggctatggttcggggtttttgatgtctggggccaagggacaatggtcaccgtctcttca	IGHV1-3	IGHD3-10	IGHJ3	tgtgcgagacggctatggttcggggtttttgatgtctgg	40	0.00199084212621939
gaggtgcagctgttggagtctgggggaggcttggtacagcctggggggtccctgagactctcctgtgcagcctctggattcacctttagcagctatgccatgagctgggtccgccaggctccagggaaggggctggagtgggtctcagctattagtggtagtggtggtagcacatactacgcagactccgtgaagggccggttcaccatctccagagacaattccaagaacacgctgtatctgcaaatgaacagcctgagagccgaggacacggccgtatattactgtgcatttttggagtggttattagtctcggactttgactactggggccaaggaaccctggtcaccgtctcctca	IGHV3-23	IGHD3-3	IGHJ4	tgtgcatttttggagtggttattagtctcggactttgactactgg	39	0.00194107107306391
caggtgcagctacagcagtggggcgcaggactgttgaagccttcggagaccctgtccctcacctgcgctgtctatggtgggtccttcagtggttactactggagctggatccgccagcccccagggaaggggctggagtggattggggaaatcaatcatagtggaagcaccaactacaacccgtccctcaagagtcgagtcaccatatcagtagacacgtccaagaaccagttctccctgaagctgagctctgtgaccgccgcggacacggctgtgtattactgtgcgagagggggactggactactacggtatggacgtctgggggcaagggaccacggtcaccgtctcctca	IGHV4-34	IGHD7-27	IGHJ6	tgtgcgagagggggactggactactacggtatggacgtctgg	37	0.00184152896675294
gaggtgcagctggtggagtccgggggaggcttagttcagcctggggggtccctgagactctcctgtgcagcctctggattcaccttcagtagctactggatgcactgggtccgccaagctccagggaaggggctggtgtgggtctcacgtattaatagtgatgggagtagcacaagctacgcggactccgtgaagggccgattcaccatctccagagacaacgccaagaacacgctgtatctgcaaatgaacagtctgagagccgaggacacggctgtgtattactgtgcaagagagctgcttggagttcctgatgcttttgatgtctggggccaagggacaatggtcaccgtctcttca	IGHV3-74	IGHD3-3	IGHJ3	tgtgcaagagagctgcttggagttcctgatgcttttgatgtctgg	36	0.00179175791359745
caggtgcagctggtgcagtctggggctgaggtgaagaagcctgggtcctcggtgaaggtctcctgcaaggcttctggaggcaccttcagcagctatgctatcagctgggtgcgacaggcccctggacaagggcttgagtggatgggagggatcatccctatctttggtacagcaaactacgcacagaagttccagggcagagtcacgattaccgcggacgaatccacgagcacagcctacatggagctgagcagcctgagatctgaggacacggccgtgtattactgtgcgagagaggtattttactactactacggtatggacgtctgggggcaagggaccacggtcaccgtctcctca	IGHV1-69	IGHD3-22	IGHJ6	tgtgcgagagaggtattttactactactacggtatggacgtctgg	34	0.00169221580728648
caggtgcagctggtgcagtctggggctgaggtgaagaagcctgggtcctcggtgaaggtctcctgcaaggcttctggaggcaccttcagcagctatgctatcagctgggtgcgacaggcccctggacaagggcttgagtggatgggagggatcatccctatctttggtacagcaaactacgcacagaagttccagggcagagtcacgattaccgcggacgaatccacgagcacagcctacatggagctgagcagcctgagatctgaggacacggccgtgtattactgtgcgggcgcttcggggagttattataactttgactactggggccaaggaaccctggtcaccgtctcctca	IGHV1-69	IGHD3-10	IGHJ4	tgtgcgggcgcttcggggagttattataactttgactactgg	33	0.001642444754131
gaggtgcagctgttggagtctgggggaggcttggtacagcctggggggtccctgagactctcctgtgcagcctctggattcacctttagcagctatgccatgagctgggtccgccaggctccagggaaggggctggagtgggtctcagctattagtggtagtggtggtagcacatactacgcagactccgtgaagggccggttcaccatctccagagacaattccaagaacacgctgtatctgcaaatgaacagcctgagagccgaggacacggccgtatattactgtgcgaaagatccctatgatagtagtggttattttgactactggggccaaggaaccctggtcaccgtctcctca	IGHV3-23	IGHD3-22	IGHJ4	tgtgcgaaagatccctatgatagtagtggttattttgactactgg	32	0.00159267370097551
caggtcaccttgagggagtctggtcctgcgctggtgaaacccacacagaccctcacactgacctgcaccttctctgggttctcactcagcactagtggaatgtgtgtgagctggatccgtcagcccccagggaaggccctggagtggcttgcactcattgattgggatgatgataaatactacagcacatctctgaagaccaggctcaccatctccaaggacacctccaaaaaccaggtggtccttacaatgaccaacatggaccctgtggacacagccacgtattactgttggaactacggctactactactacggtatggacgtctgggggcaagggaccacggtcaccgtctcctca	IGHV2-70	IGHD1-7	IGHJ6	tgttggaactacggctactactactacggtatggacgtctgg	30	0.00149313159466454
gaggtgcagctgttggagtctgggggaggcttggtacagcctggggggtccctgagactctcctgtgcagcctctggattcacctttagcagctatgccatgagctgggtccgccaggctccagggaaggggctggagtgggtctcagctattagtggtagtggtggtagcacatactacgcagactccgtgaagggccggttcaccatctccagagacaattccaagaacacgctgtatctgcaaatgaacagcctgagagccgaggacacggccgtatattactgtatggattactatggttcggggagttggttcgactcctggggccaaggaaccctggtcaccgtctcctca	IGHV3-23	IGHD3-10	IGHJ5	tgtatggattactatggttcggggagttggttcgactcctgg	29	0.00144336054150906
caggtgcagctggtgcagtctggggctgaggtgaagaagcctgggtcctcggtgaaggtctcctgcaaggcttctggaggcaccttcagcagctatgctatcagctgggtgcgacaggcccctggacaagggcttgagtggatgggagggatcatccctatctttggtacagcaaactacgcacagaagttccagggcagagtcacgattaccgcggacgaatccacgagcacagcctacatggagctgagcagcctgagatctgaggacacggccgtgtattactgtgcgagagaagttactatggttcggggagttattaagagctggggccaaggaaccctggtcaccgtctcctca	IGHV1-69	IGHD3-10	IGHJ4	tgtgcgagagaagttactatggttcggggagttattaagagctgg	28	0.00139358948835357
gaggtgcagctggtggagtctgggggaggtgtggtacggcctggggggtccctgagactctcctgtgcagcctctggattcacctttgatgattatggcatgagctgggtccgccaagctccagggaaggggctggagtgggtctctggtattaattggaatggtggtagcacaggttatgcagactctgtgaagggccgattcaccatctccagagacaacgccaagaactccctgtatctgcaaatgaacagtctgagagccgaggacacggccttgtatcactgtgcgagagatcagcagcaggggtactttgactactggggccaaggaaccctggtcaccgtctcctca	IGHV3-20	IGHD6-13	IGHJ4	tgtgcgagagatcagcagcaggggtactttgactactgg	27	0.00134381843519809
gaggtgcagctggtgcagtctggagcagaggtgaaaaagcccggggagtctctgaagatctcctgtaagggttctggatacagctttaccagctactggatcggctgggtgcgccagatgcccgggaaaggcctggagtggatggggatcatctatcctggtgactctgataccagatacagcccgtccttccaaggccaggtcaccatctcagccgacaagtccatcagcaccgcctacctgcagtggagcagcctgaaggcctcggacaccgccatgtattactgtgcgagacataggtactactactactacggtatggacgtctgggggcaagggaccacggtcaccgtctcctca	IGHV5-51	IGHD1-14	IGHJ6	tgtgcgagacataggtactactactactacggtatggacgtctgg	27	0.00134381843519809
caggtgcagctggtgcagtctggggctgaggtgaagaagcctgggtcctcggtgaaggtctcctgcaaggcttctggaggcaccttcagcagctatgctatcagctgggtgcgacaggcccctggacaagggcttgagtggatgggagggatcatccctatctttggtacagcaaactacgcacagaagttccagggcagagtcacgattaccgcggacgaatccacgagcacagcctacatggagctgagcagcctgagatctgaggacacggccgtgtattactgtgcgaatggttcggggagttattattttgactactggggccaaggaaccctggtcaccgtctcctca	IGHV1-69	IGHD3-10	IGHJ4	tgtgcgaatggttcggggagttattattttgactactgg	26	0.0012940473820426
gaggtgcagctggtgcagtctggagcagaggtgaaaaagcccggggagtctctgaagatctcctgtaagggttctggatacagctttaccagctactggatcggctgggtgcgccagatgcccgggaaaggcctggagtggatggggatcatctatcctggtgactctgataccagatacagcccgtccttccaaggccaggtcaccatctcagccgacaagtccatcagcaccgcctacctgcagtggagcagcctgaaggcctcggacaccgccatgtattactgtgcgagacagactatgatagtagtggttggctttgactactggggccaaggaaccctggtcaccgtctcctca	IGHV5-51	IGHD3-22	IGHJ4	tgtgcgagacagactatgatagtagtggttggctttgactactgg	25	0.00124427632888712
gaggtgcagctggtggagtctgggggaggtgtggtacggcctggggggtccctgagactctcctgtgcagcctctggattcacctttgatgattatggcatgagctgggtccgccaagctccagggaaggggctggagtgggtctctggtattaattggaatggtggtagcacaggttatgcagactctgtgaagggccgattcaccatctccagagacaacgccaagaactccctgtatctgcaaatgaacagtctgagagccgaggacacggccttgtatcactgtgcactggcttactactactacggtatggacgtctgggggcaagggaccacggtcaccgtctcctca	IGHV3-20	IGHD7-27	IGHJ6	tgtgcactggcttactactactacggtatggacgtctgg	24	0.00119450527573163
gaggtgcagctggtggagtctgggggaggtgtggtacggcctggggggtccctgagactctcctgtgcagcctctggattcacctttgatgattatggcatgagctgggtccgccaagctccagggaaggggctggagtgggtctctggtattaattggaatggtggtagcacaggttatgcagactctgtgaagggccgattcaccatctccagagacaacgccaagaactccctgtatctgcaaatgaacagtctgagagccgaggacacggccttgtatcactgtgcgagagagaaaaatagtagtggttattactttgactactggggccaaggaaccctggtcaccgtctcctca	IGHV3-20	IGHD3-22	IGHJ4	tgtgcgagagagaaaaatagtagtggttattactttgactactgg	23	0.00114473422257615
gaggtgcagctgttggagtctgggggaggcttggtacagcctggggggtccctgagactctcctgtgcagcctctggattcacctttagcagctatgccatgagctgggtccgccaggctccagggaaggggctggagtgggtctcagctattagtggtagtggtggtagcacatactacgcagactccgtgaagggccggttcaccatctccagagacaattccaagaacacgctgtatctgcaaatgaacagcctgagagccgaggacacggccgtatattactgtgcgaaagacgtgggagcttactggttcgactcctggggccaaggaaccctggtcaccgtctcctca	IGHV3-23	IGHD1-26	IGHJ5	tgtgcgaaagacgtgggagcttactggttcgactcctgg	23	0.00114473422257615
caggtgcagctggtgcagtctggggctgaggtgaagaagcctggggcctcagtgaaggtctcctgcaaggcttctggatacaccttcaccggctactatatgcactgggtgcgacaggcccctggacaagggcttgagtggatgggacggatcaaccctaacagtggtggcacaaactatgcacagaagtttcagggcagggtcaccagtaccagggacacgtccatcagcacagcctacatggagctgagcaggctgagatctgacgacacggtcgtgtattactgtgcgagagagagatggctacaattccactttgactactggggccaaggaaccctggtcaccgtctcctca	IGHV1-2	IGHD5-24	IGHJ4	tgtgcgagagagagatggctacaattccactttgactactgg	22	0.00109496316942067
gaggtgcagctggtggagtctgggggaggcttggtaaagcctggggggtcccttagactctcctgtgcagcctctggattcactttcagtaacgcctggatgagctgggtccgccaggctccagggaaggggctggagtgggttggccgtattaaaagcaaaactgatggtgggacaacagactacgctgcacccgtgaaaggcagattcaccatctcaagagatgattcaaaaaacacgctgtatctgcaaatgaacagcctgaaaaccgaggacacagccgtgtattactgtaatggctgttactactactactacggtatggacgtctgggggcaagggaccacggtcaccgtctcctca	IGHV3-15	IGHD5-24	IGHJ6	tgtaatggctgttactactactactacggtatggacgtctgg	21	0.00104519211626518
caggtgcagctggtgcagtctggggctgaggtgaagaagcctggggcctcagtgaaggtttcctgcaaggcatctggatacaccttcaccagctactatatgcactgggtgcgacaggcccctggacaagggcttgagtggatgggaataatcaaccctagtggtggtagcacaagctacgcacagaagttccagggcagagtcaccatgaccagggacacgtccacgagcacagtctacatggagctgagcagcctgagatctgaggacacggccgtgtattactgtgcgagatacggtctctactactactacggtatggacgtctgggggcaagggaccacggtcaccgtctcctca	IGHV1-46	IGHD4-17	IGHJ6	tgtgcgagatacggtctctactactactacggtatggacgtctgg	21	0.00104519211626518
gaggtgcagctggtggagtctgggggaggtgtggtacggcctggggggtccctgagactctcctgtgcagcctctggattcacctttgatgattatggcatgagctgggtccgccaagctccagggaaggggctggagtgggtctctggtattaattggaatggtggtagcacaggttatgcagactctgtgaagggccgattcaccatctccagagacaacgccaagaactccctgtatctgcaaatgaacagtctgagagccgaggacacggccttgtatcactgtgcgagaggggtgggagctactactgattttgatgtctggggccaagggacaatggtcaccgtctcttca	IGHV3-20	IGHD1-26	IGHJ3	tgtgcgagaggggtgggagctactactgattttgatgtctgg	20	0.000995421063109695
gaggtgcagctgttggagtctgggggaggcttggtacagcctggggggtccctgagactctcctgtgcagcctctggattcacctttagcagctatgccatgagctgggtccgccaggctccagggaaggggctggagtgggtctcagctattagtggtagtggtggtagcacatactacgcagactccgtgaagggccggttcaccatctccagagacaattccaagaacacgctgtatctgcaaatgaacagcctgagagccgaggacacggccgtatattactgtgcgaaagaaaaagggggatactactttgactactggggccaaggaaccctggtcaccgtctcctca	IGHV3-23	IGHD2-2	IGHJ4	tgtgcgaaagaaaaagggggatactactttgactactgg	20	0.000995421063109695
caggtgcagctggtgcagtctggggctgaggtgaagaagcctggggcctcagtgaaggtttcctgcaaggcatctggatacaccttcaccagctactatatgcactgggtgcgacaggcccctggacaagggcttgagtggatgggaataatcaaccctagtggtggtagcacaagctacgcacagaagttccagggcagagtcaccatgaccagggacacgtccacgagcacagtctacatggagctgagcagcctgagatctgaggacacggccgtgtattactgtgcgagagataatgatagtccctactacggtatggacgtctgggggcaagggaccacggtcaccgtctcctca	IGHV1-46	IGHD3-22	IGHJ6	tgtgcgagagataatgatagtccctactacggtatggacgtctgg	19	0.000945650009954211
gaggtgcagctggtgcagtctggagcagaggtgaaaaagcccggggagtctctgaagatctcctgtaagggttctggatacagctttaccagctactggatcggctgggtgcgccagatgcccgggaaaggcctggagtggatggggatcatctatcctggtgactctgataccagatacagcccgtccttccaaggccaggtcaccatctcagccgacaagtccatcagcaccgcctacctgcagtggagcagcctgaaggcctcggacaccgccatgtattactgtgcgagacactccctggcctactactacggtatggacgtctgggggcaagggaccacggtcaccgtctcctca	IGHV5-51	IGHD6-19	IGHJ6	tgtgcgagacactccctggcctactactacggtatggacgtctgg	19	0.000945650009954211
caggttcagctggtgcagtctggagctgaggtgaagaagcctggggcctcagtgaaggtctcctgcaaggcttctggttacacctttaccagctatggtatcagctgggtgcgacaggcccctggacaagggcttgagtggatgggatggatcagcgcttacaatggtaacacaaactatgcacagaagctccagggcagagtcaccatgaccacagacacatccacgagcacagcctacatggagctgaggagcctgagatctgacgacacggccgtgtattactgtgcgagagaactatggttcggggagttattcgactcctggggccaaggaaccctggtcaccgtctcctca	IGHV1-18	IGHD3-10	IGHJ5	tgtgcgagagaactatggttcggggagttattcgactcctgg	18	0.000895878956798726
cagatcaccttgaaggagtctggtcctacgctggtgaaacccacacagaccctcacgctgacctgcaccttctctgggttctcactcagcactagtggagtgggtgtgggctggatccgtcagcccccaggaaaggccctggagtggcttgcactcatttattggaatgatgataagcgctacagcccatctctgaagagcaggctcaccatcaccaaggacacctccaaaaaccaggtggtccttacaatgaccaacatggaccctgtggacacagccacatattactgtgcacacattgtagtatctgatgcttttgatgtctggggccaagggacaatggtcaccgtctcttca	IGHV2-5	IGHD2-2	IGHJ3	tgtgcacacattgtagtatctgatgcttttgatgtctgg	18	0.000895878956798726
gaggtgcagctgttggagtctgggggaggcttggtacagcctggggggtccctgagactctcctgtgcagcctctggattcacctttagcagctatgccatgagctgggtccgccaggctccagggaaggggctggagtgggtctcagctattagtggtagtggtggtagcacatactacgcagactccgtgaagggccggttcaccatctccagagacaattccaagaacacgctgtatctgcaaatgaacagcctgagagccgaggacacggccgtatattactgtgcgaaagagggggggactatgatagtagtggttgactactggggccaaggaaccctggtcaccgtctcctca	IGHV3-23	IGHD3-22	IGHJ4	tgtgcgaaagagggggggactatgatagtagtggttgactactgg	17	0.000846107903643241
gaggtgcagctggtggagtctgggggaggcttggtacagccagggcggtccctgagactctcctgtacagcttctggattcacctttggtgattatgctatgagctggttccgccaggctccagggaaggggctggagtgggtaggtttcattagaagcaaagcttatggtgggacaacagaatacaccgcgtctgtgaaaggcagattcaccatctcaagagatggttccaaaagcatcgcctatctgcaaatgaacagcctgaaaaccgaggacacagccgtgtattactgtactagagagatagtagtggttaccgatgcttttgatgtctggggccaagggacaatggtcaccgtctcttca	IGHV3-49	IGHD3-22	IGHJ3	tgtactagagagatagtagtggttaccgatgcttttgatgtctgg	17	0.000846107903643241
caggtgcagctacagcagtggggcgcaggactgttgaagccttcggagaccctgtccctcacctgcgctgtctatggtgggtccttcagtggttactactggagctggatccgccagcccccagggaaggggctggagtggattggggaaatcaatcatagtggaagcaccaactacaacccgtccctcaagagtcgagtcaccatatcagtagacacgtccaagaaccagttctccctgaagctgagctctgtgaccgccgcggacacggctgtgtattactgtgcgagaggcggggtagcctactacggtatggacgtctgggggcaagggaccacggtcaccgtctcctca	IGHV4-34	IGHD6-19	IGHJ6	tgtgcgagaggcggggtagcctactacggtatggacgtctgg	16	0.000796336850487756
caggtacagctgcagcagtcaggtccaggactggtgaagccctcgcagaccctctcactcacctgtgccatctccggggacagtgtctctagcaacagtgctgcttggaactggatcaggcagtccccatcgagaggccttgagtggctgggaaggacatactacaggtccaagtggtataatgattatgcagtatctgtgaaaagtcgaataaccatcaacccagacacatccaagaaccagttctccctgcagctgaactctgtgactcccgaggacacggctgtgtattactgtgcaagtattactatggttcggggagttattataacgtgggggcaagggaccacggtcaccgtctcctca	IGHV6-1	IGHD3-10	IGHJ6	tgtgcaagtattactatggttcggggagttattataacgtgg	16	0.000796336850487756
gaggtgcagctggtggagtctgggggaggcttggtaaagcctggggggtcccttagactctcctgtgcagcctctggattcactttcagtaacgcctggatgagctgggtccgccaggctccagggaaggggctggagtgggttggccgtattaaaagcaaaactgatggtgggacaacagactacgctgcacccgtgaaaggcagattcaccatctcaagagatgattcaaaaaacacgctgtatctgcaaatgaacagcctgaaaaccgaggacacagccgtgtattactgtaccacagaggtgactacggtggcctggttcgactcctggggccaaggaaccctggtcaccgtctcctca	IGHV3-15	IGHD4-23	IGHJ5	tgtaccacagaggtgactacggtggcctggttcgactcctgg	16	0.000796336850487756
caggtgcagctggtgcagtctggggctgaggtgaagaagcctggggcctcagtgaaggtctcctgcaaggcttctggatacaccttcaccggctactatatgcactgggtgcgacaggcccctggacaagggcttgagtggatgggacggatcaaccctaacagtggtggcacaaactatgcacagaagtttcagggcagggtcaccagtaccagggacacgtccatcagcacagcctacatggagctgagcaggctgagatctgacgacacggtcgtgtattactgtgcgagagaggggatggttcggggagttaagttcgactcctggggccaaggaaccctggtcaccgtctcctca	IGHV1-2	IGHD3-10	IGHJ5	tgtgcgagagaggggatggttcggggagttaagttcgactcctgg	15	0.000746565797332272
gaggtgcagctgttggagtctgggggaggcttggtacagcctggggggtccctgagactctcctgtgcagcctctggattcacctttagcagctatgccatgagctgggtccgccaggctccagggaaggggctggagtgggtctcagctattagtggtagtggtggtagcacatactacgcagactccgtgaagggccggttcaccatctccagagacaattccaagaacacgctgtatctgcaaatgaacagcctgagagccgaggacacggccgtatattactgtattatgattacgtttgggggagttattttcgactcctggggccaaggaaccctggtcaccgtctcctca	IGHV3-23	IGHD3-16	IGHJ5	tgtattatgattacgtttgggggagttattttcgactcctgg	15	0.000746565797332272
gaggtgcagctgttggagtctgggggaggcttggtacagcctggggggtccctgagactctcctgtgcagcctctggattcacctttagcagctatgccatgagctgggtccgccaggctccagggaaggggctggagtgggtctcagctattagtggtagtggtggtagcacatactacgcagactccgtgaagggccggttcaccatctccagagacaattccaagaacacgctgtatctgcaaatgaacagcctgagagccgaggacacggccgtatattactgtgcgaaactaactggggacctctactacggtatggacgtctgggggcaagggaccacggtcaccgtctcctca	IGHV3-23	IGHD7-27	IGHJ6	tgtgcgaaactaactggggacctctactacggtatggacgtctgg	15	0.000746565797332272
gaggtgcagctggtggagtctgggggaggcttggtaaagcctggggggtcccttagactctcctgtgcagcctctggattcactttcagtaacgcctggatgagctgggtccgccaggctccagggaaggggctggagtgggttggccgtattaaaagcaaaactgatggtgggacaacagactacgctgcacccgtgaaaggcagattcaccatctcaagagatgattcaaaaaacacgctgtatctgcaaatgaacagcctgaaaaccgaggacacagccgtgtattactgtaccacagatcggaatagtaccagctgctatgccagggactggggccaaggaaccctggtcaccgtctcctca	IGHV3-15	IGHD2-2	IGHJ4	tgtaccacagatcggaatagtaccagctgctatgccagggactgg	14	0.000696794744176787
caggtgcagctggtgcagtctggggctgaggtgaagaagcctggggcctcagtgaaggtctcctgcaaggcttctggatacaccttcaccggctactatatgcactgggtgcgacaggcccctggacaagggcttgagtggatgggacggatcaaccctaacagtggtggcacaaactatgcacagaagtttcagggcagggtcaccagtaccagggacacgtccatcagcacagcctacatggagctgagcaggctgagatctgacgacacggtcgtgtattactgtgcgagagggtcccactatgatagtagtggcgactactggggccaaggaaccctggtcaccgtctcctca	IGHV1-2	IGHD3-22	IGHJ4	tgtgcgagagggtcccactatgatagtagtggcgactactgg	14	0.000696794744176787
caggtgcagctggtgcagtctggggctgaggtgaagaagcctggggcctcagtgaaggtctcctgcaaggcttctggatacaccttcaccggctactatatgcactgggtgcgacaggcccctggacaagggcttgagtggatgggacggatcaaccctaacagtggtggcacaaactatgcacagaagtttcagggcagggtcaccagtaccagggacacgtccatcagcacagcctacatggagctgagcaggctgagatctgacgacacggtcgtgtattactgtgcgagagagtattactatgatagtactgatgtctggggccaagggacaatggtcaccgtctcttca	IGHV1-2	IGHD3-22	IGHJ3	tgtgcgagagagtattactatgatagtactgatgtctgg	14	0.000696794744176787
gaggtgcagctggtggagtctggaggaggcttgatccagcctggggggtccctgagactctcctgtgcagcctctgggttcaccgtcagtagcaactacatgagctgggtccgccaggctccagggaaggggctggagtgggtctcagttatttatagcggtggtagcacatactacgcagactccgtgaagggccgattcaccatctccagagacaattccaagaacacgctgtatcttcaaatgaacagcctgagagccgaggacacggccgtgtattactgtgcgagagagatgagctaccactactttgactactggggccaaggaaccctggtcaccgtctcctca	IGHV3-53	IGHD1-26	IGHJ4	tgtgcgagagagatgagctaccactactttgactactgg	13	0.000647023691021302
gaggtgcagctgttggagtctgggggaggcttggtacagcctggggggtccctgagactctcctgtgcagcctctggattcacctttagcagctatgccatgagctgggtccgccaggctccagggaaggggctggagtgggtctcagctattagtggtagtggtggtagcacatactacgcagactccgtgaagggccggttcaccatctccagagacaattccaagaacacgctgtatctgcaaatgaacagcctgagagccgaggacacggccgtatattactgtgcgaaatccgtagagatggctacccactttgactactggggccaaggaaccctggtcaccgtctcctca	IGHV3-23	IGHD5-24	IGHJ4	tgtgcgaaatccgtagagatggctacccactttgactactgg	13	0.000647023691021302
gaggtgcagctgttggagtctgggggaggcttggtacagcctggggggtccctgagactctcctgtgcagcctctggattcacctttagcagctatgccatgagctgggtccgccaggctccagggaaggggctggagtgggtctcagctattagtggtagtggtggtagcacatactacgcagactccgtgaagggccggttcaccatctccagagacaattccaagaacacgctgtatctgcaaatgaacagcctgagagccgaggacacggccgtatattactgtgcgacaattaattactactactactacggtatggacgtctgggggcaagggaccacggtcaccgtctcctca	IGHV3-23	IGHD5-24	IGHJ6	tgtgcgacaattaattactactactactacggtatggacgtctgg	13	0.000647023691021302
caggtgcagctggtgcagtctggggctgaggtgaagaagcctggggcctcagtgaaggtctcctgcaaggcttctggatacaccttcaccggctactatatgcactgggtgcgacaggcccctggacaagggcttgagtggatgggacggatcaaccctaacagtggtggcacaaactatgcacagaagtttcagggcagggtcaccagtaccagggacacgtccatcagcacagcctacatggagctgagcaggctgagatctgacgacacggtcgtgtattactgtgcgactatgatagtagtggttattaactttgactactggggccaaggaaccctggtcaccgtctcctca	IGHV1-2	IGHD3-22	IGHJ4	tgtgcgactatgatagtagtggttattaactttgactactgg	13	0.000647023691021302
caggtgcagctggtggagtctgggggaggcttggtcaagcctggagggtccctgagactctcctgtgcagcctctggattcaccttcagtgactactacatgagctggatccgccaggctccagggaaggggctggagtgggtttcatacattagtagtagtggtagtaccatatactacgcagactctgtgaagggccgattcaccatctccagggacaacgccaagaactcactgtatctgcaaatgaacagcctgagagccgaggacacggccgtgtattactgtggagctacatactactactactacggtatggacgtctgggggcaagggaccacggtcaccgtctcctca	IGHV3-11	IGHD1-26	IGHJ6	tgtggagctacatactactactactacggtatggacgtctgg	12	0.000597252637865817
gaggtgcagctgttggagtctgggggaggcttggtacagcctggggggtccctgagactctcctgtgcagcctctggattcacctttagcagctatgccatgagctgggtccgccaggctccagggaaggggctggagtgggtctcagctattagtggtagtggtggtagcacatactacgcagactccgtgaagggccggttcaccatctccagagacaattccaagaacacgctgtatctgcaaatgaacagcctgagagccgaggacacggccgtatattactgtgcgaaagattactatgatagtagtggttatgactactggggccaaggaaccctggtcaccgtctcctca	IGHV3-23	IGHD3-22	IGHJ4	tgtgcgaaagattactatgatagtagtggttatgactactgg	12	0.000597252637865817
gaggtgcagctggtggagtctgggggaggcttggtacagccagggcggtccctgagactctcctgtacagcttctggattcacctttggtgattatgctatgagctggttccgccaggctccagggaaggggctggagtgggtaggtttcattagaagcaaagcttatggtgggacaacagaatacaccgcgtctgtgaaaggcagattcaccatctcaagagatggttccaaaagcatcgcctatctgcaaatgaacagcctgaaaaccgaggacacagccgtgtattactgttttactatgatagtagtggttattatcccctttgactactggggccaaggaaccctggtcaccgtctcctca	IGHV3-49	IGHD3-22	IGHJ4	tgttttactatgatagtagtggttattatcccctttgactactgg	12	0.000597252637865817
gaggtgcagctggtggagtctggaggaggcttgatccagcctggggggtccctgagactctcctgtgcagcctctgggttcaccgtcagtagcaactacatgagctgggtccgccaggctccagggaaggggctggagtgggtctcagttatttatagcggtggtagcacatactacgcagactccgtgaagggccgattcaccatctccagagacaattccaagaacacgctgtatcttcaaatgaacagcctgagagccgaggacacggccgtgtattactgtgggagagacagtatagcaagctactacggtatggacgtctgggggcaagggaccacggtcaccgtctcctca	IGHV3-53	IGHD6-6	IGHJ6	tgtgggagagacagtatagcaagctactacggtatggacgtctgg	12	0.000597252637865817
gaggtgcagctggtgcagtctggagcagaggtgaaaaagcccggggagtctctgaagatctcctgtaagggttctggatacagctttaccagctactggatcggctgggtgcgccagatgcccgggaaaggcctggagtggatggggatcatctatcctggtgactctgataccagatacagcccgtccttccaaggccaggtcaccatctcagccgacaagtccatcagcaccgcctacctgcagtggagcagcctgaaggcctcggacaccgccatgtattactgtgcgagacacccctggctttactactacggtatggacgtctgggggcaagggaccacggtcaccgtctcctca	IGHV5-51	IGHD5-24	IGHJ6	tgtgcgagacacccctggctttactactacggtatggacgtctgg	11	0.000547481584710333
gaggtgcagctggtggagtctgggggaggcttggtacagccagggcggtccctgagactctcctgtacagcttctggattcacctttggtgattatgctatgagctggttccgccaggctccagggaaggggctggagtgggtaggtttcattagaagcaaagcttatggtgggacaacagaatacaccgcgtctgtgaaaggcagattcaccatctcaagagatggttccaaaagcatcgcctatctgcaaatgaacagcctgaaaaccgaggacacagccgtgtattactgtactagagattactatgatagtagtggttattatgactactggggccaaggaaccctggtcaccgtctcctca	IGHV3-49	IGHD3-22	IGHJ4	tgtactagagattactatgatagtagtggttattatgactactgg	11	0.000547481584710333
gaggtgcagctggtggagtctgggggaggcttggtaaagcctggggggtcccttagactctcctgtgcagcctctggattcactttcagtaacgcctggatgagctgggtccgccaggctccagggaaggggctggagtgggttggccgtattaaaagcaaaactgatggtgggacaacagactacgctgcacccgtgaaaggcagattcaccatctcaagagatgattcaaaaaacacgctgtatctgcaaatgaacagcctgaaaaccgaggacacagccgtgtattactgtaccacagtaccgagctacaactggttcgactcctggggccaaggaaccctggtcaccgtctcctca	IGHV3-15	IGHD1-26	IGHJ5	tgtaccacagtaccgagctacaactggttcgactcctgg	11	0.000547481584710333
gaggtgcagctggtggagtccgggggaggcttagttcagcctggggggtccctgagactctcctgtgcagcctctggattcaccttcagtagctactggatgcactgggtccgccaagctccagggaaggggctggtgtgggtctcacgtattaatagtgatgggagtagcacaagctacgcggactccgtgaagggccgattcaccatctccagagacaacgccaagaacacgctgtatctgcaaatgaacagtctgagagccgaggacacggctgtgtattactgtgaagagagaaggaatgatggctggttcgactcctggggccaaggaaccctggtcaccgtctcctca	IGHV3-74	IGHD3-22	IGHJ5	tgtgaagagagaaggaatgatggctggttcgactcctgg	11	0.000547481584710333
caggtgcagctggtgcagtctggggctgaggtgaagaagcctggggcctcagtgaaggtctcctgcaaggcttctggatacaccttcaccggctactatatgcactgggtgcgacaggcccctggacaagggcttgagtggatgggacggatcaaccctaacagtggtggcacaaactatgcacagaagtttcagggcagggtcaccagtaccagggacacgtccatcagcacagcctacatggagctgagcaggctgagatctgacgacacggtcgtgtattactgtgcgagagatatagtggctacgattgactttgactactggggccaaggaaccctggtcaccgtctcctca	IGHV1-2	IGHD5-12	IGHJ4	tgtgcgagagatatagtggctacgattgactttgactactgg	11	0.000547481584710333
gaggtgcagctggtggagtctggaggaggcttgatccagcctggggggtccctgagactctcctgtgcagcctctgggttcaccgtcagtagcaactacatgagctgggtccgccaggctccagggaaggggctggagtgggtctcagttatttatagcggtggtagcacatactacgcagactccgtgaagggccgattcaccatctccagagacaattccaagaacacgctgtatcttcaaatgaacagcctgagagccgaggacacggccgtgtattactgtgttactatgatagtagtggttattacagactttgactactggggccaaggaaccctggtcaccgtctcctca	IGHV3-53	IGHD3-22	IGHJ4	tgtgttactatgatagtagtggttattacagactttgactactgg	10	0.000497710531554848
caggtgcagctggtgcagtctggggctgaggtgaagaagcctgggtcctcggtgaaggtctcctgcaaggcttctggaggcaccttcagcagctatgctatcagctgggtgcgacaggcccctggacaagggcttgagtggatgggagggatcatccctatctttggtacagcaaactacgcacagaagttccagggcagagtcacgattaccgcggacgaatccacgagcacagcctacatggagctgagcagcctgagatctgaggacacggccgtgtattactgtgcgagagagtattgtagtagtaccagctgctttgactactggggccaaggaaccctggtcaccgtctcctca	IGHV1-69	IGHD2-2	IGHJ4	tgtgcgagagagtattgtagtagtaccagctgctttgactactgg	10	0.000497710531554848
gaggtgcagctgttggagtctgggggaggcttggtacagcctggggggtccctgagactctcctgtgcagcctctggattcacctttagcagctatgccatgagctgggtccgccaggctccagggaaggggctggagtgggtctcagctattagtggtagtggtggtagcacatactacgcagactccgtgaagggccggttcaccatctccagagacaattccaagaacacgctgtatctgcaaatgaacagcctgagagccgaggacacggccgtatattactgtgcgaaagaatactatgatagtagtggttattactactactggggccaaggaaccctggtcaccgtctcctca	IGHV3-23	IGHD3-22	IGHJ4	tgtgcgaaagaatactatgatagtagtggttattactactactgg	10	0.000497710531554848
caggtgcagctggtgcagtctggggctgaggtgaagaagcctggggcctcagtgaaggtctcctgcaaggcttctggatacaccttcaccggctactatatgcactgggtgcgacaggcccctggacaagggcttgagtggatgggacggatcaaccctaacagtggtggcacaaactatgcacagaagtttcagggcagggtcaccagtaccagggacacgtccatcagcacagcctacatggagctgagcaggctgagatctgacgacacggtcgtgtattactgtgcgagagacattactatggttcggggaggagactactggggccaaggaaccctggtcaccgtctcctca	IGHV1-2	IGHD3-10	IGHJ4	tgtgcgagagacattactatggttcggggaggagactactgg	10	0.000497710531554848
gaggtgcagctgttggagtctgggggaggcttggtacagcctggggggtccctgagactctcctgtgcagcctctggattcacctttagcagctatgccatgagctgggtccgccaggctccagggaaggggctggagtgggtctcagctattagtggtagtggtggtagcacatactacgcagactccgtgaagggccggttcaccatctccagagacaattccaagaacacgctgtatctgcaaatgaacagcctgagagccgaggacacggccgtatattactgtgcgaaagagggagagcatattgtggtgggctttgactactggggccaaggaaccctggtcaccgtctcctca	IGHV3-23	IGHD2-21	IGHJ4	tgtgcgaaagagggagagcatattgtggtgggctttgactactgg	10	0.000497710531554848
caggtgcagctacagcagtggggcgcaggactgttgaagccttcggagaccctgtccctcacctgcgctgtctatggtgggtccttcagtggttactactggagctggatccgccagcccccagggaaggggctggagtggattggggaaatcaatcatagtggaagcaccaactacaacccgtccctcaagagtcgagtcaccatatcagtagacacgtccaagaaccagttctccctgaagctgagctctgtgaccgccgcggacacggctgtgtattactgtgcgagaggagggtatagcagcagctggacctttgactactggggccaaggaaccctggtcaccgtctcctca	IGHV4-34	IGHD6-13	IGHJ4	tgtgcgagaggagggtatagcagcagctggacctttgactactgg	10	0.000497710531554848
gaggtgcagctgttggagtctgggggaggcttggtacagcctggggggtccctgagactctcctgtgcagcctctggattcacctttagcagctatgccatgagctgggtccgccaggctccagggaaggggctggagtgggtctcagctattagtggtagtggtggtagcacatactacgcagactccgtgaagggccggttcaccatctccagagacaattccaagaacacgctgtatctgcaaatgaacagcctgagagccgaggacacggccgtatattactgtgcgaaagatagaggggataccgatgcttttgatgtctggggccaagggacaatggtcaccgtctcttca	IGHV3-23	IGHD3-3	IGHJ3	tgtgcgaaagatagaggggataccgatgcttttgatgtctgg	9	0.000447939478399363
caggtgcagctacagcagtggggcgcaggactgttgaagccttcggagaccctgtccctcacctgcgctgtctatggtgggtccttcagtggttactactggagctggatccgccagcccccagggaaggggctggagtggattggggaaatcaatcatagtggaagcaccaactacaacccgtccctcaagagtcgagtcaccatatcagtagacacgtccaagaaccagttctccctgaagctgagctctgtgaccgccgcggacacggctgtgtattactgtgcgggggattacgtttgggggagttatgcttttgactactggggccaaggaaccctggtcaccgtctcctca	IGHV4-34	IGHD3-16	IGHJ4	tgtgcgggggattacgtttgggggagttatgcttttgactactgg	9	0.000447939478399363
cagatcaccttgaaggagtctggtcctacgctggtgaaacccacacagaccctcacgctgacctgcaccttctctgggttctcactcagcactagtggagtgggtgtgggctggatccgtcagcccccaggaaaggccctggagtggcttgcactcatttattggaatgatgataagcgctacagcccatctctgaagagcaggctcaccatcaccaaggacacctccaaaaaccaggtggtccttacaatgaccaacatggaccctgtggacacagccacatattactgtgcacacagcagggggtatgactactacggtatggacgtctgggggcaagggaccacggtcaccgtctcctca	IGHV2-5	IGHD1-26	IGHJ6	tgtgcacacagcagggggtatgactactacggtatggacgtctgg	9	0.000447939478399363
gaggtgcagctgttggagtctgggggaggcttggtacagcctggggggtccctgagactctcctgtgcagcctctggattcacctttagcagctatgccatgagctgggtccgccaggctccagggaaggggctggagtgggtctcagctattagtggtagtggtggtagcacatactacgcagactccgtgaagggccggttcaccatctccagagacaattccaagaacacgctgtatctgcaaatgaacagcctgagagccgaggacacggccgtatattactgtgaagggttattactatactactacggtatggacgtctgggggcaagggaccacggtcaccgtctcctca	IGHV3-23	IGHD3-22	IGHJ6	tgtgaagggttattactatactactacggtatggacgtctgg	9	0.000447939478399363
caggtgcagctggtgcagtctggggctgaggtgaagaagcctggggcctcagtgaaggtctcctgcaaggcttctggatacaccttcaccggctactatatgcactgggtgcgacaggcccctggacaagggcttgagtggatgggacggatcaaccctaacagtggtggcacaaactatgcacagaagtttcagggcagggtcaccagtaccagggacacgtccatcagcacagcctacatggagctgagcaggctgagatctgacgacacggtcgtgtattactgtgcgagagaaaaggttattataacgtttgactactggggccaaggaaccctggtcaccgtctcctca	IGHV1-2	IGHD3-9	IGHJ4	tgtgcgagagaaaaggttattataacgtttgactactgg	9	0.000447939478399363
cagctgcagctgcaggagtccggctcaggactggtgaagccttcacagaccctgtccctcacctgcgctgtctctggtggctccatcagcagtggtggttactcctggagctggatccggcagccaccagggaagggcctggagtggattgggtacatctatcatagtgggagcacctactacaacccgtccctcaagagtcgagtcaccatatcagtagacaggtccaagaaccagttctccctgaagctgagctctgtgaccgccgcggacacggccgtgtattactgtgccagataccttgtagtagtaccctttgactactggggccaaggaaccctggtcaccgtctcctca	IGHV4-30-2	IGHD2-2	IGHJ4	tgtgccagataccttgtagtagtaccctttgactactgg	9	0.000447939478399363
gaggtgcagctggtggagtctgggggaggcttggtccagcctggggggtccctgaaactctcctgtgcagcctctgggttcaccttcagtggctctgctatgcactgggtccgccaggcttccgggaaagggctggagtgggttggccgtattagaagcaaagctaacagttacgcgacagcatatgctgcgtcggtgaaaggcaggttcaccatctccagagatgattcaaagaacacggcgtatctgcaaatgaacagcctgaaaaccgaggacacggccgtgtattactgtactagacaagtagtagtaccagctgcctactttgactactggggccaaggaaccctggtcaccgtctcctca	IGHV3-73	IGHD2-2	IGHJ4	tgtactagacaagtagtagtaccagctgcctactttgactactgg	9	0.000447939478399363
gaggtgcagctgttggagtctgggggaggcttggtacagcctggggggtccctgagactctcctgtgcagcctctggattcacctttagcagctatgccatgagctgggtccgccaggctccagggaaggggctggagtgggtctcagctattagtggtagtggtggtagcacatactacgcagactccgtgaagggccggttcaccatctccagagacaattccaagaacacgctgtatctgcaaatgaacagcctgagagccgaggacacggccgtatattactgtgcgaaagatgctacggtgactaccgtctactttgactactggggccaaggaaccctggtcaccgtctcctca	IGHV3-23	IGHD4-17	IGHJ4	tgtgcgaaagatgctacggtgactaccgtctactttgactactgg	8	0.000398168425243878
caggttcagctggtgcagtctggagctgaggtgaagaagcctggggcctcagtgaaggtctcctgcaaggcttctggttacacctttaccagctatggtatcagctgggtgcgacaggcccctggacaagggcttgagtggatgggatggatcagcgcttacaatggtaacacaaactatgcacagaagctccagggcagagtcaccatgaccacagacacatccacgagcacagcctacatggagctgaggagcctgagatctgacgacacggccgtgtattactgtgcgagagactatgccccggaatacttccagcactggggccagggcaccctggtcaccgtctcctca	IGHV1-18	IGHD3-22	IGHJ1	tgtgcgagagactatgccccggaatacttccagcactgg	8	0.000398168425243878
gaggtgcagctggtggagtctggaggaggcttgatccagcctggggggtccctgagactctcctgtgcagcctctgggttcaccgtcagtagcaactacatgagctgggtccgccaggctccagggaaggggctggagtgggtctcagttatttatagcggtggtagcacatactacgcagactccgtgaagggccgattcaccatctccagagacaattccaagaacacgctgtatcttcaaatgaacagcctgagagccgaggacacggccgtgtattactgtgcgagagtaccctacggtgactcatactttgactactggggccaaggaaccctggtcaccgtctcctca	IGHV3-53	IGHD4-17	IGHJ4	tgtgcgagagtaccctacggtgactcatactttgactactgg	8	0.000398168425243878
gaggtgcagctgttggagtctgggggaggcttggtacagcctggggggtccctgagactctcctgtgcagcctctggattcacctttagcagctatgccatgagctgggtccgccaggctccagggaaggggctggagtgggtctcagctattagtggtagtggtggtagcacatactacgcagactccgtgaagggccggttcaccatctccagagacaattccaagaacacgctgtatctgcaaatgaacagcctgagagccgaggacacggccgtatattactgtgcgagggtattgtactactactactacggtatggacgtctgggggcaagggaccacggtcaccgtctcctca	IGHV3-23	IGHD3-9	IGHJ6	tgtgcgagggtattgtactactactactacggtatggacgtctgg	8	0.000398168425243878
gaggtgcagctggtggagtctggaggaggcttgatccagcctggggggtccctgagactctcctgtgcagcctctgggttcaccgtcagtagcaactacatgagctgggtccgccaggctccagggaaggggctggagtgggtctcagttatttatagcggtggtagcacatactacgcagactccgtgaagggccgattcaccatctccagagacaattccaagaacacgctgtatcttcaaatgaacagcctgagagccgaggacacggccgtgtattactgtgcgagttacgatattttgactggttatttcttccagcactggggccagggcaccctggtcaccgtctcctca	IGHV3-53	IGHD3-9	IGHJ1	tgtgcgagttacgatattttgactggttatttcttccagcactgg	8	0.000398168425243878
gaggtgcagctggtggagtctggaggaggcttgatccagcctggggggtccctgagactctcctgtgcagcctctgggttcaccgtcagtagcaactacatgagctgggtccgccaggctccagggaaggggctggagtgggtctcagttatttatagcggtggtagcacatactacgcagactccgtgaagggccgattcaccatctccagagacaattccaagaacacgctgtatcttcaaatgaacagcctgagagccgaggacacggccgtgtattactgtgcgagagattcccattatggttcggtttactttgactactggggccaaggaaccctggtcaccgtctcctca	IGHV3-53	IGHD3-10	IGHJ4	tgtgcgagagattcccattatggttcggtttactttgactactgg	8	0.000398168425243878
gaggtgcagctggtggagtctgggggaggcttggtccagcctggggggtccctgaaactctcctgtgcagcctctgggttcaccttcagtggctctgctatgcactgggtccgccaggcttccgggaaagggctggagtgggttggccgtattagaagcaaagctaacagttacgcgacagcatatgctgcgtcggtgaaaggcaggttcaccatctccagagatgattcaaagaacacggcgtatctgcaaatgaacagcctgaaaaccgaggacacggccgtgtattactgtactagacaagtgggagactactactacggtatggacgtctgggggcaagggaccacggtcaccgtctcctca	IGHV3-73	IGHD1-26	IGHJ6	tgtactagacaagtgggagactactactacggtatggacgtctgg	8	0.000398168425243878
caggttcagctggtgcagtctggagctgaggtgaagaagcctggggcctcagtgaaggtctcctgcaaggcttctggttacacctttaccagctatggtatcagctgggtgcgacaggcccctggacaagggcttgagtggatgggatggatcagcgcttacaatggtaacacaaactatgcacagaagctccagggcagagtcaccatgaccacagacacatccacgagcacagcctacatggagctgaggagcctgagatctgacgacacggccgtgtattactgtgatattgtagtagtaccagctgactactttgactactggggccaaggaaccctggtcaccgtctcctca	IGHV1-18	IGHD2-2	IGHJ4	tgtgatattgtagtagtaccagctgactactttgactactgg	8	0.000398168425243878
caggtgcagctggtgcagtctggggctgaggtgaagaagcctggggcctcagtgaaggtctcctgcaaggcttctggatacaccttcaccggctactatatgcactgggtgcgacaggcccctggacaagggcttgagtggatgggacggatcaaccctaacagtggtggcacaaactatgcacagaagtttcagggcagggtcaccagtaccagggacacgtccatcagcacagcctacatggagctgagcaggctgagatctgacgacacggtcgtgtattactgtgcgagagaatattgtagtagtaccagctactttgactactggggccaaggaaccctggtcaccgtctcctca	IGHV1-2	IGHD2-2	IGHJ4	tgtgcgagagaatattgtagtagtaccagctactttgactactgg	7	0.000348397372088393
gaggtgcagctgttggagtctgggggaggcttggtacagcctggggggtccctgagactctcctgtgcagcctctggattcacctttagcagctatgccatgagctgggtccgccaggctccagggaaggggctggagtgggtctcagctattagtggtagtggtggtagcacatactacgcagactccgtgaagggccggttcaccatctccagagacaattccaagaacacgctgtatctgcaaatgaacagcctgagagccgaggacacggccgtatattactgtgcgaaagagaggcgtggctacgagtcctactttgactactggggccaaggaaccctggtcaccgtctcctca	IGHV3-23	IGHD5-12	IGHJ4	tgtgcgaaagagaggcgtggctacgagtcctactttgactactgg	7	0.000348397372088393
gaggtgcagctggtggagtctggaggaggcttgatccagcctggggggtccctgagactctcctgtgcagcctctgggttcaccgtcagtagcaactacatgagctgggtccgccaggctccagggaaggggctggagtgggtctcagttatttatagcggtggtagcacatactacgcagactccgtgaagggccgattcaccatctccagagacaattccaagaacacgctgtatcttcaaatgaacagcctgagagccgaggacacggccgtgtattactgtgcgtcacggtattactactactactacggtatggacgtctgggggcaagggaccacggtcaccgtctcctca	IGHV3-53	IGHD3-22	IGHJ6	tgtgcgtcacggtattactactactactacggtatggacgtctgg	7	0.000348397372088393
gaggtgcagctgttggagtctgggggaggcttggtacagcctggggggtccctgagactctcctgtgcagcctctggattcacctttagcagctatgccatgagctgggtccgccaggctccagggaaggggctggagtgggtctcagctattagtggtagtggtggtagcacatactacgcagactccgtgaagggccggttcaccatctccagagacaattccaagaacacgctgtatctgcaaatgaacagcctgagagccgaggacacggccgtatattactgtgcgaaaggagttccctactactactacggtatggacgtctgggggcaagggaccacggtcaccgtctcctca	IGHV3-23	IGHD3-10	IGHJ6	tgtgcgaaaggagttccctactactactacggtatggacgtctgg	7	0.000348397372088393
caggtgcagctggtgcagtctggggctgaggtgaagaagcctggggcctcagtgaaggtttcctgcaaggcatctggatacaccttcaccagctactatatgcactgggtgcgacaggcccctggacaagggcttgagtggatgggaataatcaaccctagtggtggtagcacaagctacgcacagaagttccagggcagagtcaccatgaccagggacacgtccacgagcacagtctacatggagctgagcagcctgagatctgaggacacggccgtgtattactgtgcgagagttataagctactactacggtatggacgtctgggggcaagggaccacggtcaccgtctcctca	IGHV1-46	IGHD3-10	IGHJ6	tgtgcgagagttataagctactactacggtatggacgtctgg	7	0.000348397372088393
caggtcaccttgagggagtctggtcctgcgctggtgaaacccacacagaccctcacactgacctgcaccttctctgggttctcactcagcactagtggaatgtgtgtgagctggatccgtcagcccccagggaaggccctggagtggcttgcactcattgattgggatgatgataaatactacagcacatctctgaagaccaggctcaccatctccaaggacacctccaaaaaccaggtggtccttacaatgaccaacatggaccctgtggacacagccacgtattactgtgcacggatacggagtagtggttattactactttgactactggggccaaggaaccctggtcaccgtctcctca	IGHV2-70	IGHD3-22	IGHJ4	tgtgcacggatacggagtagtggttattactactttgactactgg	7	0.000348397372088393
gaggtgcagctgttggagtctgggggaggcttggtacagcctggggggtccctgagactctcctgtgcagcctctggattcacctttagcagctatgccatgagctgggtccgccaggctccagggaaggggctggagtgggtctcagctattagtggtagtggtggtagcacatactacgcagactccgtgaagggccggttcaccatctccagagacaattccaagaacacgctgtatctgcaaatgaacagcctgagagccgaggacacggccgtatattactgtgcgaaagagagggggagtgggagctactactttgactactggggccaaggaaccctggtcaccgtctcctca	IGHV3-23	IGHD1-26	IGHJ4	tgtgcgaaagagagggggagtgggagctactactttgactactgg	7	0.000348397372088393
cagatcaccttgaaggagtctggtcctacgctggtgaaacccacacagaccctcacgctgacctgcaccttctctgggttctcactcagcactagtggagtgggtgtgggctggatccgtcagcccccaggaaaggccctggagtggcttgcactcatttattggaatgatgataagcgctacagcccatctctgaagagcaggctcaccatcaccaaggacacctccaaaaaccaggtggtccttacaatgaccaacatggaccctgtggacacagccacatattactgtgcacacagacgggggtattactactttgactactggggccaaggaaccctggtcaccgtctcctca	IGHV2-5	IGHD3-22	IGHJ4	tgtgcacacagacgggggtattactactttgactactgg	7	0.000348397372088393
caggtgcagctggtggagtctgggggaggcttggtcaagcctggagggtccctgagactctcctgtgcagcctctggattcaccttcagtgactactacatgagctggatccgccaggctccagggaaggggctggagtgggtttcatacattagtagtagtggtagtaccatatactacgcagactctgtgaagggccgattcaccatctccagggacaacgccaagaactcactgtatctgcaaatgaacagcctgagagccgaggacacggccgtgtattactgtgcgaggattataacttactactacggtatggacgtctgggggcaagggaccacggtcaccgtctcctca	IGHV3-11	IGHD3-10	IGHJ6	tgtgcgaggattataacttactactacggtatggacgtctgg	7	0.000348397372088393
gaggtgcagctgttggagtctgggggaggcttggtacagcctggggggtccctgagactctcctgtgcagcctctggattcacctttagcagctatgccatgagctgggtccgccaggctccagggaaggggctggagtgggtctcagctattagtggtagtggtggtagcacatactacgcagactccgtgaagggccggttcaccatctccagagacaattccaagaacacgctgtatctgcaaatgaacagcctgagagccgaggacacggccgtatattactgtgcgaacggggagcagcagctggcttttgatgtctggggccaagggacaatggtcaccgtctcttca	IGHV3-23	IGHD6-13	IGHJ3	tgtgcgaacggggagcagcagctggcttttgatgtctgg	7	0.000348397372088393
caggtgcagctggtgcagtctggggctgaggtgaagaagcctgggtcctcggtgaaggtctcctgcaaggcttctggaggcaccttcagcagctatgctatcagctgggtgcgacaggcccctggacaagggcttgagtggatgggagggatcatccctatctttggtacagcaaactacgcacagaagttccagggcagagtcacgattaccgcggacgaatccacgagcacagcctacatggagctgagcagcctgagatctgaggacacggccgtgtattactgtgcgagagagggggtgggagctacttttgactactggggccaaggaaccctggtcaccgtctcctca	IGHV1-69	IGHD1-26	IGHJ4	tgtgcgagagagggggtgggagctacttttgactactgg	6	0.000298626318932909
cagatcaccttgaaggagtctggtcctacgctggtgaaacccacacagaccctcacgctgacctgcaccttctctgggttctcactcagcactagtggagtgggtgtgggctggatccgtcagcccccaggaaaggccctggagtggcttgcactcatttattggaatgatgataagcgctacagcccatctctgaagagcaggctcaccatcaccaaggacacctccaaaaaccaggtggtccttacaatgaccaacatggaccctgtggacacagccacatattactgtgcacacagacggggtactatcccctttgactactggggccaaggaaccctggtcaccgtctcctca	IGHV2-5	IGHD3-10	IGHJ4	tgtgcacacagacggggtactatcccctttgactactgg	6	0.000298626318932909
cagatcaccttgaaggagtctggtcctacgctggtgaaacccacacagaccctcacgctgacctgcaccttctctgggttctcactcagcactagtggagtgggtgtgggctggatccgtcagcccccaggaaaggccctggagtggcttgcactcatttattggaatgatgataagcgctacagcccatctctgaagagcaggctcaccatcaccaaggacacctccaaaaaccaggtggtccttacaatgaccaacatggaccctgtggacacagccacatattactgtgcacaaggctactatgatagtagtggtatggacgtctgggggcaagggaccacggtcaccgtctcctca	IGHV2-5	IGHD3-22	IGHJ6	tgtgcacaaggctactatgatagtagtggtatggacgtctgg	6	0.000298626318932909
caggtgcagctacagcagtggggcgcaggactgttgaagccttcggagaccctgtccctcacctgcgctgtctatggtgggtccttcagtggttactactggagctggatccgccagcccccagggaaggggctggagtggattggggaaatcaatcatagtggaagcaccaactacaacccgtccctcaagagtcgagtcaccatatcagtagacacgtccaagaaccagttctccctgaagctgagctctgtgaccgccgcggacacggctgtgtattactgtgtcgcagtagtttactactactactacggtatggacgtctgggggcaagggaccacggtcaccgtctcctca	IGHV4-34	IGHD3-22	IGHJ6	tgtgtcgcagtagtttactactactactacggtatggacgtctgg	6	0.000298626318932909
caggtgcagctggtgcagtctggggctgaggtgaagaagcctggggcctcagtgaaggtctcctgcaaggcttctggatacaccttcaccggctactatatgcactgggtgcgacaggcccctggacaagggcttgagtggatgggacggatcaaccctaacagtggtggcacaaactatgcacagaagtttcagggcagggtcaccagtaccagggacacgtccatcagcacagcctacatggagctgagcaggctgagatctgacgacacggtcgtgtattactgtgcgagagacctcggatggctacaattacacttcgatctctggggccgtggcaccctggtcactgtctcctca	IGHV1-2	IGHD5-24	IGHJ2	tgtgcgagagacctcggatggctacaattacacttcgatctctgg	6	0.000298626318932909
caggttcagctggtgcagtctggagctgaggtgaagaagcctggggcctcagtgaaggtctcctgcaaggcttctggttacacctttaccagctatggtatcagctgggtgcgacaggcccctggacaagggcttgagtggatgggatggatcagcgcttacaatggtaacacaaactatgcacagaagctccagggcagagtcaccatgaccacagacacatccacgagcacagcctacatggagctgaggagcctgagatctgacgacacggccgtgtattactgtggagttatgattacgttctactggtacttcgatctctggggccgtggcaccctggtcactgtctcctca	IGHV1-18	IGHD3-16	IGHJ2	tgtggagttatgattacgttctactggtacttcgatctctgg	6	0.000298626318932909
gaggtgcagctggtggagtctgggggaggcttggtacagccagggcggtccctgagactctcctgtacagcttctggattcacctttggtgattatgctatgagctggttccgccaggctccagggaaggggctggagtgggtaggtttcattagaagcaaagcttatggtgggacaacagaatacaccgcgtctgtgaaaggcagattcaccatctcaagagatggttccaaaagcatcgcctatctgcaaatgaacagcctgaaaaccgaggacacagccgtgtattactgtactagagatctgagtgggagctactatgcttttgatgtctggggccaagggacaatggtcaccgtctcttca	IGHV3-49	IGHD1-26	IGHJ3	tgtactagagatctgagtgggagctactatgcttttgatgtctgg	6	0.000298626318932909
gaggtgcagctggtggagtccgggggaggcttagttcagcctggggggtccctgagactctcctgtgcagcctctggattcaccttcagtagctactggatgcactgggtccgccaagctccagggaaggggctggtgtgggtctcacgtattaatagtgatgggagtagcacaagctacgcggactccgtgaagggccgattcaccatctccagagacaacgccaagaacacgctgtatctgcaaatgaacagtctgagagccgaggacacggctgtgtattactgtgcaagaatgatagtctactactactacggtatggacgtctgggggcaagggaccacggtcaccgtctcctca	IGHV3-74	IGHD3-22	IGHJ6	tgtgcaagaatgatagtctactactactacggtatggacgtctgg	6	0.000298626318932909
caggtgcagctggtgcagtctggggctgaggtgaagaagcctggggcctcagtgaaggtctcctgcaaggcttctggatacaccttcaccagttatgatatcaactgggtgcgacaggccactggacaagggcttgagtggatgggatggatgaaccctaacagtggtaacacaggctatgcacagaagttccagggcagagtcaccatgaccaggaacacctccataagcacagcctacatggagctgagcagcctgagatctgaggacacggccgtgtattactgtgcgagaggcccctcggtgactgtgaactttgactactggggccaaggaaccctggtcaccgtctcctca	IGHV1-8	IGHD4-17	IGHJ4	tgtgcgagaggcccctcggtgactgtgaactttgactactgg	6	0.000298626318932909
gaggtgcagctgttggagtctgggggaggcttggtacagcctggggggtccctgagactctcctgtgcagcctctggattcacctttagcagctatgccatgagctgggtccgccaggctccagggaaggggctggagtgggtctcagctattagtggtagtggtggtagcacatactacgcagactccgtgaagggccggttcaccatctccagagacaattccaagaacacgctgtatctgcaaatgaacagcctgagagccgaggacacggccgtatattactgtgcgaaggccgattgctactactactacggtatggacgtctgggggcaagggaccacggtcaccgtctcctca	IGHV3-23	IGHD3-3	IGHJ6	tgtgcgaaggccgattgctactactactacggtatggacgtctgg	6	0.000298626318932909
caggtgcagctggtgcagtctggggctgaggtgaagaagcctggggcctcagtgaaggtctcctgcaaggcttctggatacaccttcaccggctactatatgcactgggtgcgacaggcccctggacaagggcttgagtggatgggacggatcaaccctaacagtggtggcacaaactatgcacagaagtttcagggcagggtcaccagtaccagggacacgtccatcagcacagcctacatggagctgagcaggctgagatctgacgacacggtcgtgtattactgtgcgagagtattacgatttttccactttgactactggggccaaggaaccctggtcaccgtctcctca	IGHV1-2	IGHD3-3	IGHJ4	tgtgcgagagtattacgatttttccactttgactactgg	6	0.000298626318932909
caggtgcagctggtgcagtctggggctgaggtgaagaagcctgggtcctcggtgaaggtctcctgcaaggcttctggaggcaccttcagcagctatgctatcagctgggtgcgacaggcccctggacaagggcttgagtggatgggagggatcatccctatctttggtacagcaaactacgcacagaagttccagggcagagtcacgattaccgcggacgaatccacgagcacagcctacatggagctgagcagcctgagatctgaggacacggccgtgtattactgtgcgagagaggatattgtagtagtaccagactttgactactggggccaaggaaccctggtcaccgtctcctca	IGHV1-69	IGHD2-2	IGHJ4	tgtgcgagagaggatattgtagtagtaccagactttgactactgg	6	0.000298626318932909
caggtgcagctggtgcagtctggggctgaggtgaagaagcctggggcctcagtgaaggtctcctgcaaggcttctggatacaccttcaccggctactatatgcactgggtgcgacaggcccctggacaagggcttgagtggatgggacggatcaaccctaacagtggtggcacaaactatgcacagaagtttcagggcagggtcaccagtaccagggacacgtccatcagcacagcctacatggagctgagcaggctgagatctgacgacacggtcgtgtattactgtattactatgatagtagtggttattagggggtttgactactggggccaaggaaccctggtcaccgtctcctca	IGHV1-2	IGHD3-22	IGHJ4	tgtattactatgatagtagtggttattagggggtttgactactgg	6	0.000298626318932909
cagctgcagctgcaggagtccggctcaggactggtgaagccttcacagaccctgtccctcacctgcgctgtctctggtggctccatcagcagtggtggttactcctggagctggatccggcagccaccagggaagggcctggagtggattgggtacatctatcatagtgggagcacctactacaacccgtccctcaagagtcgagtcaccatatcagtagacaggtccaagaaccagttctccctgaagctgagctctgtgaccgccgcggacacggccgtgtattactgtggtattactatgatagtagtggttaaatacttccagcactggggccagggcaccctggtcaccgtctcctca	IGHV4-30-2	IGHD3-22	IGHJ1	tgtggtattactatgatagtagtggttaaatacttccagcactgg	6	0.000298626318932909
gaggtgcagctggtggagtctggaggaggcttgatccagcctggggggtccctgagactctcctgtgcagcctctgggttcaccgtcagtagcaactacatgagctgggtccgccaggctccagggaaggggctggagtgggtctcagttatttatagcggtggtagcacatactacgcagactccgtgaagggccgattcaccatctccagagacaattccaagaacacgctgtatcttcaaatgaacagcctgagagccgaggacacggccgtgtattactgtgcgagagctatggcccactactactacggtatggacgtctgggggcaagggaccacggtcaccgtctcctca	IGHV3-53	IGHD3-10	IGHJ6	tgtgcgagagctatggcccactactactacggtatggacgtctgg	5	0.000248855265777424
cagatcaccttgaaggagtctggtcctacgctggtgaaacccacacagaccctcacgctgacctgcaccttctctgggttctcactcagcactagtggagtgggtgtgggctggatccgtcagcccccaggaaaggccctggagtggcttgcactcatttattggaatgatgataagcgctacagcccatctctgaagagcaggctcaccatcaccaaggacacctccaaaaaccaggtggtccttacaatgaccaacatggaccctgtggacacagccacatattactgtgcacacagacatggttcggggagttattataaggggtggggccaagggacaatggtcaccgtctcttca	IGHV2-5	IGHD3-10	IGHJ3	tgtgcacacagacatggttcggggagttattataaggggtgg	5	0.000248855265777424
gaggtgcagctgttggagtctgggggaggcttggtacagcctggggggtccctgagactctcctgtgcagcctctggattcacctttagcagctatgccatgagctgggtccgccaggctccagggaaggggctggagtgggtctcagctattagtggtagtggtggtagcacatactacgcagactccgtgaagggccggttcaccatctccagagacaattccaagaacacgctgtatctgcaaatgaacagcctgagagccgaggacacggccgtatattactgtgcgaaaggatattttgactggttattctactttgactactggggccaaggaaccctggtcaccgtctcctca	IGHV3-23	IGHD3-9	IGHJ4	tgtgcgaaaggatattttgactggttattctactttgactactgg	5	0.000248855265777424
gaggtgcagctggtggagtctggaggaggcttgatccagcctggggggtccctgagactctcctgtgcagcctctgggttcaccgtcagtagcaactacatgagctgggtccgccaggctccagggaaggggctggagtgggtctcagttatttatagcggtggtagcacatactacgcagactccgtgaagggccgattcaccatctccagagacaattccaagaacacgctgtatcttcaaatgaacagcctgagagccgaggacacggccgtgtattactgtgcgagagaacggtatcactacggtatggacgtctgggggcaagggaccacggtcaccgtctcctca	IGHV3-53	IGHD1-14	IGHJ6	tgtgcgagagaacggtatcactacggtatggacgtctgg	5	0.000248855265777424
gaggtgcagctggtggagtctgggggaggcttggtacagccagggcggtccctgagactctcctgtacagcttctggattcacctttggtgattatgctatgagctggttccgccaggctccagggaaggggctggagtgggtaggtttcattagaagcaaagcttatggtgggacaacagaatacaccgcgtctgtgaaaggcagattcaccatctcaagagatggttccaaaagcatcgcctatctgcaaatgaacagcctgaaaaccgaggacacagccgtgtattactgtactagagatagtagtaccagctactactttgactactggggccaaggaaccctggtcaccgtctcctca	IGHV3-49	IGHD2-2	IGHJ4	tgtactagagatagtagtaccagctactactttgactactgg	5	0.000248855265777424
caggtccagcttgtgcagtctggggctgaggtgaagaagcctggggcctcagtgaaggtttcctgcaaggcttctggatacaccttcactagctatgctatgcattgggtgcgccaggcccccggacaaaggcttgagtggatgggatggatcaacgctggcaatggtaacacaaaatattcacagaagttccagggcagagtcaccattaccagggacacatccgcgagcacagcctacatggagctgagcagcctgagatctgaagacacggctgtgtattactgtgcgagagatatggttcggggagttattgactactggggccaaggaaccctggtcaccgtctcctca	IGHV1-3	IGHD3-10	IGHJ4	tgtgcgagagatatggttcggggagttattgactactgg	5	0.000248855265777424
gaggtgcagctggtggagtccgggggaggcttagttcagcctggggggtccctgagactctcctgtgcagcctctggattcaccttcagtagctactggatgcactgggtccgccaagctccagggaaggggctggtgtgggtctcacgtattaatagtgatgggagtagcacaagctacgcggactccgtgaagggccgattcaccatctccagagacaacgccaagaacacgctgtatctgcaaatgaacagtctgagagccgaggacacggctgtgtattactgtgcaagagatagtagtggttattactactttgactactggggccaaggaaccctggtcaccgtctcctca	IGHV3-74	IGHD3-22	IGHJ4	tgtgcaagagatagtagtggttattactactttgactactgg	5	0.000248855265777424
caggtgcagctggtgcagtctggggctgaggtgaagaagcctgggtcctcggtgaaggtctcctgcaaggcttctggaggcaccttcagcagctatgctatcagctgggtgcgacaggcccctggacaagggcttgagtggatgggagggatcatccctatctttggtacagcaaactacgcacagaagttccagggcagagtcacgattaccgcggacgaatccacgagcacagcctacatggagctgagcagcctgagatctgaggacacggccgtgtattactgtgcatacgatttttggagtggttattactactttgactactggggccaaggaaccctggtcaccgtctcctca	IGHV1-69	IGHD3-3	IGHJ4	tgtgcatacgatttttggagtggttattactactttgactactgg	5	0.000248855265777424
gaggtgcagctggtggagtctgggggaggtgtggtacggcctggggggtccctgagactctcctgtgcagcctctggattcacctttgatgattatggcatgagctgggtccgccaagctccagggaaggggctggagtgggtctctggtattaattggaatggtggtagcacaggttatgcagactctgtgaagggccgattcaccatctccagagacaacgccaagaactccctgtatctgcaaatgaacagtctgagagccgaggacacggccttgtatcactgtgcgagaagagagatagtgggagtggggtactttgactactggggccaaggaaccctggtcaccgtctcctca	IGHV3-20	IGHD1-26	IGHJ4	tgtgcgagaagagagatagtgggagtggggtactttgactactgg	5	0.000248855265777424
caggtgcagctggtgcagtctggggctgaggtgaagaagcctggggcctcagtgaaggtctcctgcaaggcttctggatacaccttcaccggctactatatgcactgggtgcgacaggcccctggacaagggcttgagtggatgggacggatcaaccctaacagtggtggcacaaactatgcacagaagtttcagggcagggtcaccagtaccagggacacgtccatcagcacagcctacatggagctgagcaggctgagatctgacgacacggtcgtgtattactgtgaaggctattcttactactactactacggtatggacgtctgggggcaagggaccacggtcaccgtctcctca	IGHV1-2	IGHD3-10	IGHJ6	tgtgaaggctattcttactactactactacggtatggacgtctgg	5	0.000248855265777424
caggtgcagctggtgcagtctggggctgaggtgaagaagcctgggtcctcggtgaaggtctcctgcaaggcttctggaggcaccttcagcagctatgctatcagctgggtgcgacaggcccctggacaagggcttgagtggatgggagggatcatccctatctttggtacagcaaactacgcacagaagttccagggcagagtcacgattaccgcggacgaatccacgagcacagcctacatggagctgagcagcctgagatctgaggacacggccgtgtattactgtgcgagagaaggtattacgatttttggacgagactggggccaaggaaccctggtcaccgtctcctca	IGHV1-69	IGHD3-3	IGHJ4	tgtgcgagagaaggtattacgatttttggacgagactgg	5	0.000248855265777424
gaggtgcagctggtgcagtctggagcagaggtgaaaaagcccggggagtctctgaagatctcctgtaagggttctggatacagctttaccagctactggatcggctgggtgcgccagatgcccgggaaaggcctggagtggatggggatcatctatcctggtgactctgataccagatacagcccgtccttccaaggccaggtcaccatctcagccgacaagtccatcagcaccgcctacctgcagtggagcagcctgaaggcctcggacaccgccatgtattactgtgcgagatatggttcggggagttattactactttgactactggggccaaggaaccctggtcaccgtctcctca	IGHV5-51	IGHD3-10	IGHJ4	tgtgcgagatatggttcggggagttattactactttgactactgg	5	0.000248855265777424
gaggtgcagctggtgcagtctggagcagaggtgaaaaagcccggggagtctctgaagatctcctgtaagggttctggatacagctttaccagctactggatcggctgggtgcgccagatgcccgggaaaggcctggagtggatggggatcatctatcctggtgactctgataccagatacagcccgtccttccaaggccaggtcaccatctcagccgacaagtccatcagcaccgcctacctgcagtggagcagcctgaaggcctcggacaccgccatgtattactgtgccagtagtaccagctgcgggggtgcttttgatgtctggggccaagggacaatggtcaccgtctcttca	IGHV5-51	IGHD2-2	IGHJ3	tgtgccagtagtaccagctgcgggggtgcttttgatgtctgg	5	0.000248855265777424
caggtgcagctggtgcagtctggggctgaggtgaagaagcctggggcctcagtgaaggtctcctgcaaggcttctggatacaccttcaccggctactatatgcactgggtgcgacaggcccctggacaagggcttgagtggatgggacggatcaaccctaacagtggtggcacaaactatgcacagaagtttcagggcagggtcaccagtaccagggacacgtccatcagcacagcctacatggagctgagcaggctgagatctgacgacacggtcgtgtattactgtgcgaggtattttttctactactacggtatggacgtctgggggcaagggaccacggtcaccgtctcctca	IGHV1-2	IGHD3-22	IGHJ6	tgtgcgaggtattttttctactactacggtatggacgtctgg	5	0.000248855265777424
gaggtgcagctggtgcagtctggagcagaggtgaaaaagcccggggagtctctgaagatctcctgtaagggttctggatacagctttaccagctactggatcggctgggtgcgccagatgcccgggaaaggcctggagtggatggggatcatctatcctggtgactctgataccagatacagcccgtccttccaaggccaggtcaccatctcagccgacaagtccatcagcaccgcctacctgcagtggagcagcctgaaggcctcggacaccgccatgtattactgtgcgagatccactatgatagtagtggttatctactggggccaaggaaccctggtcaccgtctcctca	IGHV5-51	IGHD3-22	IGHJ4	tgtgcgagatccactatgatagtagtggttatctactgg	5	0.000248855265777424
gaggtgcagctgttggagtctgggggaggcttggtacagcctggggggtccctgagactctcctgtgcagcctctggattcacctttagcagctatgccatgagctgggtccgccaggctccagggaaggggctggagtgggtctcagctattagtggtagtggtggtagcacatactacgcagactccgtgaagggccggttcaccatctccagagacaattccaagaacacgctgtatctgcaaatgaacagcctgagagccgaggacacggccgtatattactgtgcgaaagacctatggttcggggagttagcttttgatgtctggggccaagggacaatggtcaccgtctcttca	IGHV3-23	IGHD3-10	IGHJ3	tgtgcgaaagacctatggttcggggagttagcttttgatgtctgg	5	0.000248855265777424
caggtgcagctggtgcagtctggggctgaggtgaagaagcctggggcctcagtgaaggtctcctgcaaggcttctggatacaccttcaccagttatgatatcaactgggtgcgacaggccactggacaagggcttgagtggatgggatggatgaaccctaacagtggtaacacaggctatgcacagaagttccagggcagagtcaccatgaccaggaacacctccataagcacagcctacatggagctgagcagcctgagatctgaggacacggccgtgtattactgtgcgagaggcagtggctggtacacggggttcgactcctggggccaaggaaccctggtcaccgtctcctca	IGHV1-8	IGHD6-19	IGHJ5	tgtgcgagaggcagtggctggtacacggggttcgactcctgg	5	0.000248855265777424
gaggtgcagctgttggagtctgggggaggcttggtacagcctggggggtccctgagactctcctgtgcagcctctggattcacctttagcagctatgccatgagctgggtccgccaggctccagggaaggggctggagtgggtctcagctattagtggtagtggtggtagcacatactacgcagactccgtgaagggccggttcaccatctccagagacaattccaagaacacgctgtatctgcaaatgaacagcctgagagccgaggacacggccgtatattactgtgcgaaagaggtggctggtacctggtacttcgatctctggggccgtggcaccctggtcactgtctcctca	IGHV3-23	IGHD6-19	IGHJ2	tgtgcgaaagaggtggctggtacctggtacttcgatctctgg	5	0.000248855265777424
gaggtgcagctggtggagtctgggggaggtgtggtacggcctggggggtccctgagactctcctgtgcagcctctggattcacctttgatgattatggcatgagctgggtccgccaagctccagggaaggggctggagtgggtctctggtattaattggaatggtggtagcacaggttatgcagactctgtgaagggccgattcaccatctccagagacaacgccaagaactccctgtatctgcaaatgaacagtctgagagccgaggacacggccttgtatcactgtgcgagagacggtagtggttattactaccactttgactactggggccaaggaaccctggtcaccgtctcctca	IGHV3-20	IGHD3-22	IGHJ4	tgtgcgagagacggtagtggttattactaccactttgactactgg	4	0.000199084212621939
gaggtgcagctggtggagtctgggggaggcttggtacagccagggcggtccctgagactctcctgtacagcttctggattcacctttggtgattatgctatgagctggttccgccaggctccagggaaggggctggagtgggtaggtttcattagaagcaaagcttatggtgggacaacagaatacaccgcgtctgtgaaaggcagattcaccatctcaagagatggttccaaaagcatcgcctatctgcaaatgaacagcctgaaaaccgaggacacagccgtgtattactgtactagaccgaactatgatagtagtggggactttgactactggggccaaggaaccctggtcaccgtctcctca	IGHV3-49	IGHD3-22	IGHJ4	tgtactagaccgaactatgatagtagtggggactttgactactgg	4	0.000199084212621939
caggtgcagctggtgcagtctggggctgaggtgaagaagcctggggcctcagtgaaggtctcctgcaaggcttctggatacaccttcaccggctactatatgcactgggtgcgacaggcccctggacaagggcttgagtggatgggacggatcaaccctaacagtggtggcacaaactatgcacagaagtttcagggcagggtcaccagtaccagggacacgtccatcagcacagcctacatggagctgagcaggctgagatctgacgacacggtcgtgtattactgtgcgagatatagcagtggggactactttgactactggggccaaggaaccctggtcaccgtctcctca	IGHV1-2	IGHD6-19	IGHJ4	tgtgcgagatatagcagtggggactactttgactactgg	4	0.000199084212621939
cagatcaccttgaaggagtctggtcctacgctggtgaaacccacacagaccctcacgctgacctgcaccttctctgggttctcactcagcactagtggagtgggtgtgggctggatccgtcagcccccaggaaaggccctggagtggcttgcactcatttattggaatgatgataagcgctacagcccatctctgaagagcaggctcaccatcaccaaggacacctccaaaaaccaggtggtccttacaatgaccaacatggaccctgtggacacagccacatattactgtgcacacatggttcggggagttattattagctttgactactggggccaaggaaccctggtcaccgtctcctca	IGHV2-5	IGHD3-10	IGHJ4	tgtgcacacatggttcggggagttattattagctttgactactgg	4	0.000199084212621939
cagatcaccttgaaggagtctggtcctacgctggtgaaacccacacagaccctcacgctgacctgcaccttctctgggttctcactcagcactagtggagtgggtgtgggctggatccgtcagcccccaggaaaggccctggagtggcttgcactcatttattggaatgatgataagcgctacagcccatctctgaagagcaggctcaccatcaccaaggacacctccaaaaaccaggtggtccttacaatgaccaacatggaccctgtggacacagccacatattactgtgcacacaggatgcggggtattgtaccttttgactactggggccaaggaaccctggtcaccgtctcctca	IGHV2-5	IGHD2-15	IGHJ4	tgtgcacacaggatgcggggtattgtaccttttgactactgg	4	0.000199084212621939
gaggtgcagctggtgcagtctggagcagaggtgaaaaagcccggggagtctctgaagatctcctgtaagggttctggatacagctttaccagctactggatcggctgggtgcgccagatgcccgggaaaggcctggagtggatggggatcatctatcctggtgactctgataccagatacagcccgtccttccaaggccaggtcaccatctcagccgacaagtccatcagcaccgcctacctgcagtggagcagcctgaaggcctcggacaccgccatgtattactgtgcgagatactatgatagtagtgggagaggagactcctggggccaaggaaccctggtcaccgtctcctca	IGHV5-51	IGHD3-22	IGHJ5	tgtgcgagatactatgatagtagtgggagaggagactcctgg	4	0.000199084212621939
gaggtgcagctggtggagtctgggggaggcttggtccagcctggggggtccctgaaactctcctgtgcagcctctgggttcaccttcagtggctctgctatgcactgggtccgccaggcttccgggaaagggctggagtgggttggccgtattagaagcaaagctaacagttacgcgacagcatatgctgcgtcggtgaaaggcaggttcaccatctccagagatgattcaaagaacacggcgtatctgcaaatgaacagcctgaaaaccgaggacacggccgtgtattactgtactagacagagtcctacggtgactacctttgactactggggccaaggaaccctggtcaccgtctcctca	IGHV3-73	IGHD4-17	IGHJ4	tgtactagacagagtcctacggtgactacctttgactactgg	4	0.000199084212621939
gaggtgcagctggtggagtctggaggaggcttgatccagcctggggggtccctgagactctcctgtgcagcctctgggttcaccgtcagtagcaactacatgagctgggtccgccaggctccagggaaggggctggagtgggtctcagttatttatagcggtggtagcacatactacgcagactccgtgaagggccgattcaccatctccagagacaattccaagaacacgctgtatcttcaaatgaacagcctgagagccgaggacacggccgtgtattactgtgcgatactatactactactactacggtatggacgtctgggggcaagggaccacggtcaccgtctcctca	IGHV3-53	IGHD3-22	IGHJ6	tgtgcgatactatactactactactacggtatggacgtctgg	4	0.000199084212621939
caggtgcagctggtgcagtctggggctgaggtgaagaagcctgggtcctcggtgaaggtctcctgcaaggcttctggaggcaccttcagcagctatgctatcagctgggtgcgacaggcccctggacaagggcttgagtggatgggagggatcatccctatctttggtacagcaaactacgcacagaagttccagggcagagtcacgattaccgcggacgaatccacgagcacagcctacatggagctgagcagcctgagatctgaggacacggccgtgtattactgtgcgagaggtatgagatactactactacggtatggacgtctgggggcaagggaccacggtcaccgtctcctca	IGHV1-69	IGHD3-22	IGHJ6	tgtgcgagaggtatgagatactactactacggtatggacgtctgg	4	0.000199084212621939
caggtgcagctggtgcagtctggggctgaggtgaagaagcctgggtcctcggtgaaggtctcctgcaaggcttctggaggcaccttcagcagctatgctatcagctgggtgcgacaggcccctggacaagggcttgagtggatgggagggatcatccctatctttggtacagcaaactacgcacagaagttccagggcagagtcacgattaccgcggacgaatccacgagcacagcctacatggagctgagcagcctgagatctgaggacacggccgtgtattactgtgcgagagaggcagtggctggtacgtttgactactggggccaaggaaccctggtcaccgtctcctca	IGHV1-69	IGHD6-19	IGHJ4	tgtgcgagagaggcagtggctggtacgtttgactactgg	4	0.000199084212621939
gaggtgcagctggtggagtctgggggaggcttggtaaagcctggggggtcccttagactctcctgtgcagcctctggattcactttcagtaacgcctggatgagctgggtccgccaggctccagggaaggggctggagtgggttggccgtattaaaagcaaaactgatggtgggacaacagactacgctgcacccgtgaaaggcagattcaccatctcaagagatgattcaaaaaacacgctgtatctgcaaatgaacagcctgaaaaccgaggacacagccgtgtattactgtaccacagtacgatttttggagtgctttgactactggggccaaggaaccctggtcaccgtctcctca	IGHV3-15	IGHD3-3	IGHJ4	tgtaccacagtacgatttttggagtgctttgactactgg	4	0.000199084212621939
gaggtgcagctgttggagtctgggggaggcttggtacagcctggggggtccctgagactctcctgtgcagcctctggattcacctttagcagctatgccatgagctgggtccgccaggctccagggaaggggctggagtgggtctcagctattagtggtagtggtggtagcacatactacgcagactccgtgaagggccggttcaccatctccagagacaattccaagaacacgctgtatctgcaaatgaacagcctgagagccgaggacacggccgtatattactgtgcgaaaggggtattggactactactacggtatggacgtctgggggcaagggaccacggtcaccgtctcctca	IGHV3-23	IGHD3-22	IGHJ6	tgtgcgaaaggggtattggactactactacggtatggacgtctgg	4	0.000199084212621939
caggtgcagctggtgcagtctggggctgaggtgaagaagcctggggcctcagtgaaggtttcctgcaaggcatctggatacaccttcaccagctactatatgcactgggtgcgacaggcccctggacaagggcttgagtggatgggaataatcaaccctagtggtggtagcacaagctacgcacagaagttccagggcagagtcaccatgaccagggacacgtccacgagcacagtctacatggagctgagcagcctgagatctgaggacacggccgtgtattactgtgcgcatagtagtaccagctactactttgactactggggccaaggaaccctggtcaccgtctcctca	IGHV1-46	IGHD2-2	IGHJ4	tgtgcgcatagtagtaccagctactactttgactactgg	4	0.000199084212621939
gaggtgcagctggtggagtctgggggaggtgtggtacggcctggggggtccctgagactctcctgtgcagcctctggattcacctttgatgattatggcatgagctgggtccgccaagctccagggaaggggctggagtgggtctctggtattaattggaatggtggtagcacaggttatgcagactctgtgaagggccgattcaccatctccagagacaacgccaagaactccctgtatctgcaaatgaacagtctgagagccgaggacacggccttgtatcactgtgcggccatagtgggagctacaggggactactttgactactggggccaaggaaccctggtcaccgtctcctca	IGHV3-20	IGHD1-26	IGHJ4	tgtgcggccatagtgggagctacaggggactactttgactactgg	4	0.000199084212621939
gaggtgcagctgttggagtctgggggaggcttggtacagcctggggggtccctgagactctcctgtgcagcctctggattcacctttagcagctatgccatgagctgggtccgccaggctccagggaaggggctggagtgggtctcagctattagtggtagtggtggtagcacatactacgcagactccgtgaagggccggttcaccatctccagagacaattccaagaacacgctgtatctgcaaatgaacagcctgagagccgaggacacggccgtatattactgtgcgaaagaccagctgctatgccccgaatacttccagcactggggccagggcaccctggtcaccgtctcctca	IGHV3-23	IGHD2-2	IGHJ1	tgtgcgaaagaccagctgctatgccccgaatacttccagcactgg	4	0.000199084212621939
cagctgcagctgcaggagtccggctcaggactggtgaagccttcacagaccctgtccctcacctgcgctgtctctggtggctccatcagcagtggtggttactcctggagctggatccggcagccaccagggaagggcctggagtggattgggtacatctatcatagtgggagcacctactacaacccgtccctcaagagtcgagtcaccatatcagtagacaggtccaagaaccagttctccctgaagctgagctctgtgaccgccgcggacacggccgtgtattactgtgccagtgggtacgatattttgactggttctgactactggggccaaggaaccctggtcaccgtctcctca	IGHV4-30-2	IGHD3-9	IGHJ4	tgtgccagtgggtacgatattttgactggttctgactactgg	4	0.000199084212621939
gaggtgcagctgttggagtctgggggaggcttggtacagcctggggggtccctgagactctcctgtgcagcctctggattcacctttagcagctatgccatgagctgggtccgccaggctccagggaaggggctggagtgggtctcagctattagtggtagtggtggtagcacatactacgcagactccgtgaagggccggttcaccatctccagagacaattccaagaacacgctgtatctgcaaatgaacagcctgagagccgaggacacggccgtatattactgtgcgaaagagatggagctattttactttgactactggggccaaggaaccctggtcaccgtctcctca	IGHV3-23	IGHD1-26	IGHJ4	tgtgcgaaagagatggagctattttactttgactactgg	4	0.000199084212621939
caggtgcagctggtgcagtctggggctgaggtgaagaagcctggggcctcagtgaaggtttcctgcaaggcatctggatacaccttcaccagctactatatgcactgggtgcgacaggcccctggacaagggcttgagtggatgggaataatcaaccctagtggtggtagcacaagctacgcacagaagttccagggcagagtcaccatgaccagggacacgtccacgagcacagtctacatggagctgagcagcctgagatctgaggacacggccgtgtattactgtgcgagagtcctagtagactactacggtatggacgtctgggggcaagggaccacggtcaccgtctcctca	IGHV1-46	IGHD2-2	IGHJ6	tgtgcgagagtcctagtagactactacggtatggacgtctgg	4	0.000199084212621939
gaggtgcagctgttggagtctgggggaggcttggtacagcctggggggtccctgagactctcctgtgcagcctctggattcacctttagcagctatgccatgagctgggtccgccaggctccagggaaggggctggagtgggtctcagctattagtggtagtggtggtagcacatactacgcagactccgtgaagggccggttcaccatctccagagacaattccaagaacacgctgtatctgcaaatgaacagcctgagagccgaggacacggccgtatattactgtgcgacgtggaggtattcctactactacggtatggacgtctgggggcaagggaccacggtcaccgtctcctca	IGHV3-23	IGHD3-10	IGHJ6	tgtgcgacgtggaggtattcctactactacggtatggacgtctgg	4	0.000199084212621939
caggtgcagctggtgcagtctggggctgaggtgaagaagcctggggcctcagtgaaggtctcctgcaaggcttctggatacaccttcaccagttatgatatcaactgggtgcgacaggccactggacaagggcttgagtggatgggatggatgaaccctaacagtggtaacacaggctatgcacagaagttccagggcagagtcaccatgaccaggaacacctccataagcacagcctacatggagctgagcagcctgagatctgaggacacggccgtgtattactgtgcgagaccttcggggagttattataactttgactactggggccaaggaaccctggtcaccgtctcctca	IGHV1-8	IGHD3-10	IGHJ4	tgtgcgagaccttcggggagttattataactttgactactgg	4	0.000199084212621939
caggtgcagctggtgcagtctggggctgaggtgaagaagcctgggtcctcggtgaaggtctcctgcaaggcttctggaggcaccttcagcagctatgctatcagctgggtgcgacaggcccctggacaagggcttgagtggatgggagggatcatccctatctttggtacagcaaactacgcacagaagttccagggcagagtcacgattaccgcggacgaatccacgagcacagcctacatggagctgagcagcctgagatctgaggacacggccgtgtattactgtgcgagagagcccggatattgtagtagtccctttgactactggggccaaggaaccctggtcaccgtctcctca	IGHV1-69	IGHD2-2	IGHJ4	tgtgcgagagagcccggatattgtagtagtccctttgactactgg	4	0.000199084212621939
caggtgcagctggtgcagtctggggctgaggtgaagaagcctggggcctcagtgaaggtctcctgcaaggcttctggatacaccttcaccggctactatatgcactgggtgcgacaggcccctggacaagggcttgagtggatgggacggatcaaccctaacagtggtggcacaaactatgcacagaagtttcagggcagggtcaccagtaccagggacacgtccatcagcacagcctacatggagctgagcaggctgagatctgacgacacggtcgtgtattactgtgcgaggaggtgggagctacgtgatgcttttgatgtctggggccaagggacaatggtcaccgtctcttca	IGHV1-2	IGHD1-26	IGHJ3	tgtgcgaggaggtgggagctacgtgatgcttttgatgtctgg	4	0.000199084212621939
gaggtgcagctggtggagtctgggggaggtgtggtacggcctggggggtccctgagactctcctgtgcagcctctggattcacctttgatgattatggcatgagctgggtccgccaagctccagggaaggggctggagtgggtctctggtattaattggaatggtggtagcacaggttatgcagactctgtgaagggccgattcaccatctccagagacaacgccaagaactccctgtatctgcaaatgaacagtctgagagccgaggacacggccttgtatcactgtgcgagagatatgatagtagtggttattactacgggtgtctggggccaagggacaatggtcaccgtctcttca	IGHV3-20	IGHD3-22	IGHJ3	tgtgcgagagatatgatagtagtggttattactacgggtgtctgg	4	0.000199084212621939
gaggtgcagctggtggagtctgggggaggtgtggtacggcctggggggtccctgagactctcctgtgcagcctctggattcacctttgatgattatggcatgagctgggtccgccaagctccagggaaggggctggagtgggtctctggtattaattggaatggtggtagcacaggttatgcagactctgtgaagggccgattcaccatctccagagacaacgccaagaactccctgtatctgcaaatgaacagtctgagagccgaggacacggccttgtatcactgtgcgagagagaaaggaattactatgatagtagactactggggccaaggaaccctggtcaccgtctcctca	IGHV3-20	IGHD3-22	IGHJ4	tgtgcgagagagaaaggaattactatgatagtagactactgg	4	0.000199084212621939
caggtgcagctggtgcagtctggggctgaggtgaagaagcctggggcctcagtgaaggtctcctgcaaggcttctggatacaccttcaccagttatgatatcaactgggtgcgacaggccactggacaagggcttgagtggatgggatggatgaaccctaacagtggtaacacaggctatgcacagaagttccagggcagagtcaccatgaccaggaacacctccataagcacagcctacatggagctgagcagcctgagatctgaggacacggccgtgtattactgtgcgagaggagtagtggttattactacctactttgactactggggccaaggaaccctggtcaccgtctcctca	IGHV1-8	IGHD3-22	IGHJ4	tgtgcgagaggagtagtggttattactacctactttgactactgg	4	0.000199084212621939
gaggtgcagctggtggagtctgggggaggtgtggtacggcctggggggtccctgagactctcctgtgcagcctctggattcacctttgatgattatggcatgagctgggtccgccaagctccagggaaggggctggagtgggtctctggtattaattggaatggtggtagcacaggttatgcagactctgtgaagggccgattcaccatctccagagacaacgccaagaactccctgtatctgcaaatgaacagtctgagagccgaggacacggccttgtatcactgtgcgaggttatgcgagtactactacggtatggacgtctgggggcaagggaccacggtcaccgtctcctca	IGHV3-20	IGHD3-10	IGHJ6	tgtgcgaggttatgcgagtactactacggtatggacgtctgg	4	0.000199084212621939
caggtgcagctacagcagtggggcgcaggactgttgaagccttcggagaccctgtccctcacctgcgctgtctatggtgggtccttcagtggttactactggagctggatccgccagcccccagggaaggggctggagtggattggggaaatcaatcatagtggaagcaccaactacaacccgtccctcaagagtcgagtcaccatatcagtagacacgtccaagaaccagttctccctgaagctgagctctgtgaccgccgcggacacggctgtgtattactgtgcgagatcagcagtggctgactactacggtatggacgtctgggggcaagggaccacggtcaccgtctcctca	IGHV4-34	IGHD6-19	IGHJ6	tgtgcgagatcagcagtggctgactactacggtatggacgtctgg	4	0.000199084212621939
caggtgcagctggtggagtctgggggaggcttggtcaagcctggagggtccctgagactctcctgtgcagcctctggattcaccttcagtgactactacatgagctggatccgccaggctccagggaaggggctggagtgggtttcatacattagtagtagtggtagtaccatatactacgcagactctgtgaagggccgattcaccatctccagggacaacgccaagaactcactgtatctgcaaatgaacagcctgagagccgaggacacggccgtgtattactgtgcgagagattcggtagcagcagctgactactttgactactggggccaaggaaccctggtcaccgtctcctca	IGHV3-11	IGHD6-13	IGHJ4	tgtgcgagagattcggtagcagcagctgactactttgactactgg	3	0.000149313159466454
caggtgcagctggtgcagtctggggctgaggtgaagaagcctggggcctcagtgaaggtctcctgcaaggcttctggatacaccttcaccagttatgatatcaactgggtgcgacaggccactggacaagggcttgagtggatgggatggatgaaccctaacagtggtaacacaggctatgcacagaagttccagggcagagtcaccatgaccaggaacacctccataagcacagcctacatggagctgagcagcctgagatctgaggacacggccgtgtattactgtgcgagagaggagtatagcagcagctgggattttgactactggggccaaggaaccctggtcaccgtctcctca	IGHV1-8	IGHD6-13	IGHJ4	tgtgcgagagaggagtatagcagcagctgggattttgactactgg	3	0.000149313159466454
gaggtgcagctggtggagtctggaggaggcttgatccagcctggggggtccctgagactctcctgtgcagcctctgggttcaccgtcagtagcaactacatgagctgggtccgccaggctccagggaaggggctggagtgggtctcagttatttatagcggtggtagcacatactacgcagactccgtgaagggccgattcaccatctccagagacaattccaagaacacgctgtatcttcaaatgaacagcctgagagccgaggacacggccgtgtattactgtgcgagggggggttattataccgtgcactactttgactactggggccaaggaaccctggtcaccgtctcctca	IGHV3-53	IGHD3-3	IGHJ4	tgtgcgagggggggttattataccgtgcactactttgactactgg	3	0.000149313159466454
gaggtgcagctgttggagtctgggggaggcttggtacagcctggggggtccctgagactctcctgtgcagcctctggattcacctttagcagctatgccatgagctgggtccgccaggctccagggaaggggctggagtgggtctcagctattagtggtagtggtggtagcacatactacgcagactccgtgaagggccggttcaccatctccagagacaattccaagaacacgctgtatctgcaaatgaacagcctgagagccgaggacacggccgtatattactgtgcgaaagaggatagtagtggttattactactttgactactggggccaaggaaccctggtcaccgtctcctca	IGHV3-23	IGHD3-22	IGHJ4	tgtgcgaaagaggatagtagtggttattactactttgactactgg	3	0.000149313159466454
gaggtgcagctgttggagtctgggggaggcttggtacagcctggggggtccctgagactctcctgtgcagcctctggattcacctttagcagctatgccatgagctgggtccgccaggctccagggaaggggctggagtgggtctcagctattagtggtagtggtggtagcacatactacgcagactccgtgaagggccggttcaccatctccagagacaattccaagaacacgctgtatctgcaaatgaacagcctgagagccgaggacacggccgtatattactgtgcgaaagaggggcggtatagcatctttgactactggggccaaggaaccctggtcaccgtctcctca	IGHV3-23	IGHD6-19	IGHJ4	tgtgcgaaagaggggcggtatagcatctttgactactgg	3	0.000149313159466454
gaggtgcagctggtgcagtctggagcagaggtgaaaaagcccggggagtctctgaagatctcctgtaagggttctggatacagctttaccagctactggatcggctgggtgcgccagatgcccgggaaaggcctggagtggatggggatcatctatcctggtgactctgataccagatacagcccgtccttccaaggccaggtcaccatctcagccgacaagtccatcagcaccgcctacctgcagtggagcagcctgaaggcctcggacaccgccatgtattactgtgcgagacaggatagcaggtactactacggtatggacgtctgggggcaagggaccacggtcaccgtctcctca	IGHV5-51	IGHD3-22	IGHJ6	tgtgcgagacaggatagcaggtactactacggtatggacgtctgg	3	0.000149313159466454
gaagtgcagctggtggagtctgggggagtcgtggtacagcctggggggtccctgagactctcctgtgcagcctctggattcacctttgatgattataccatgcactgggtccgtcaagctccggggaagggtctggagtgggtctctcttattagttgggatggtggtagcacatactatgcagactctgtgaagggccgattcaccatctccagagacaacagcaaaaactccctgtatctgcaaatgaacagtctgagaactgaggacaccgccttgtattactgtgcaaaagatattgtagtagtaccagctgcttttgatgtctggggccaagggacaatggtcaccgtctcttca	IGHV3-43	IGHD2-2	IGHJ3	tgtgcaaaagatattgtagtagtaccagctgcttttgatgtctgg	3	0.000149313159466454
gaggtgcagctgttggagtctgggggaggcttggtacagcctggggggtccctgagactctcctgtgcagcctctggattcacctttagcagctatgccatgagctgggtccgccaggctccagggaaggggctggagtgggtctcagctattagtggtagtggtggtagcacatactacgcagactccgtgaagggccggttcaccatctccagagacaattccaagaacacgctgtatctgcaaatgaacagcctgagagccgaggacacggccgtatattactgtgcgaaagatatgaactactactacggtatggacgtctgggggcaagggaccacggtcaccgtctcctca	IGHV3-23	IGHD3-22	IGHJ6	tgtgcgaaagatatgaactactactacggtatggacgtctgg	3	0.000149313159466454
caggtccagcttgtgcagtctggggctgaggtgaagaagcctggggcctcagtgaaggtttcctgcaaggcttctggatacaccttcactagctatgctatgcattgggtgcgccaggcccccggacaaaggcttgagtggatgggatggatcaacgctggcaatggtaacacaaaatattcacagaagttccagggcagagtcaccattaccagggacacatccgcgagcacagcctacatggagctgagcagcctgagatctgaagacacggctgtgtattactgtgcgagttggagtggttattatacccactactttgactactggggccaaggaaccctggtcaccgtctcctca	IGHV1-3	IGHD3-3	IGHJ4	tgtgcgagttggagtggttattatacccactactttgactactgg	3	0.000149313159466454
gaggtgcagctgttggagtctgggggaggcttggtacagcctggggggtccctgagactctcctgtgcagcctctggattcacctttagcagctatgccatgagctgggtccgccaggctccagggaaggggctggagtgggtctcagctattagtggtagtggtggtagcacatactacgcagactccgtgaagggccggttcaccatctccagagacaattccaagaacacgctgtatctgcaaatgaacagcctgagagccgaggacacggccgtatattactgtgcgaaagattggtatagcagcagttactactttgactactggggccaaggaaccctggtcaccgtctcctca	IGHV3-23	IGHD6-13	IGHJ4	tgtgcgaaagattggtatagcagcagttactactttgactactgg	3	0.000149313159466454
gaggtgcagctgttggagtctgggggaggcttggtacagcctggggggtccctgagactctcctgtgcagcctctggattcacctttagcagctatgccatgagctgggtccgccaggctccagggaaggggctggagtgggtctcagctattagtggtagtggtggtagcacatactacgcagactccgtgaagggccggttcaccatctccagagacaattccaagaacacgctgtatctgcaaatgaacagcctgagagccgaggacacggccgtatattactgtgcgaaagaggcggtggtaactcgcaactttgactactggggccaaggaaccctggtcaccgtctcctca	IGHV3-23	IGHD4-23	IGHJ4	tgtgcgaaagaggcggtggtaactcgcaactttgactactgg	3	0.000149313159466454
gaggtgcagctgttggagtctgggggaggcttggtacagcctggggggtccctgagactctcctgtgcagcctctggattcacctttagcagctatgccatgagctgggtccgccaggctccagggaaggggctggagtgggtctcagctattagtggtagtggtggtagcacatactacgcagactccgtgaagggccggttcaccatctccagagacaattccaagaacacgctgtatctgcaaatgaacagcctgagagccgaggacacggccgtatattactgtgctgtattgagaggctactactacggtatggacgtctgggggcaagggaccacggtcaccgtctcctca	IGHV3-23	IGHD3-22	IGHJ6	tgtgctgtattgagaggctactactacggtatggacgtctgg	3	0.000149313159466454
gaggtgcagctggtggagtctgggggaggtgtggtacggcctggggggtccctgagactctcctgtgcagcctctggattcacctttgatgattatggcatgagctgggtccgccaagctccagggaaggggctggagtgggtctctggtattaattggaatggtggtagcacaggttatgcagactctgtgaagggccgattcaccatctccagagacaacgccaagaactccctgtatctgcaaatgaacagtctgagagccgaggacacggccttgtatcactgtgtctggggagttatgcttataccgttcgactcctggggccaaggaaccctggtcaccgtctcctca	IGHV3-20	IGHD3-16	IGHJ5	tgtgtctggggagttatgcttataccgttcgactcctgg	3	0.000149313159466454
gaggtgcagctggtggagtctgggggaggtgtggtacggcctggggggtccctgagactctcctgtgcagcctctggattcacctttgatgattatggcatgagctgggtccgccaagctccagggaaggggctggagtgggtctctggtattaattggaatggtggtagcacaggttatgcagactctgtgaagggccgattcaccatctccagagacaacgccaagaactccctgtatctgcaaatgaacagtctgagagccgaggacacggccttgtatcactgtgcgagagatttttgccactactactacggtatggacgtctgggggcaagggaccacggtcaccgtctcctca	IGHV3-20	IGHD3-3	IGHJ6	tgtgcgagagatttttgccactactactacggtatggacgtctgg	3	0.000149313159466454
caggtgcagctggtgcagtctggggctgaggtgaagaagcctgggtcctcggtgaaggtctcctgcaaggcttctggaggcaccttcagcagctatgctatcagctgggtgcgacaggcccctggacaagggcttgagtggatgggagggatcatccctatctttggtacagcaaactacgcacagaagttccagggcagagtcacgattaccgcggacgaatccacgagcacagcctacatggagctgagcagcctgagatctgaggacacggccgtgtattactgtgcgagagaagtggggtactactactacggtatggacgtctgggggcaagggaccacggtcaccgtctcctca	IGHV1-69	IGHD1-26	IGHJ6	tgtgcgagagaagtggggtactactactacggtatggacgtctgg	3	0.000149313159466454
caggtgcagctggtgcagtctggggctgaggtgaagaagcctgggtcctcggtgaaggtctcctgcaaggcttctggaggcaccttcagcagctatgctatcagctgggtgcgacaggcccctggacaagggcttgagtggatgggagggatcatccctatctttggtacagcaaactacgcacagaagttccagggcagagtcacgattaccgcggacgaatccacgagcacagcctacatggagctgagcagcctgagatctgaggacacggccgtgtattactgtgcgagaaccgtgatagtagtggtgccgttctactggggccaaggaaccctggtcaccgtctcctca	IGHV1-69	IGHD3-22	IGHJ4	tgtgcgagaaccgtgatagtagtggtgccgttctactgg	3	0.000149313159466454
caggtgcagctggtgcagtctggggctgaggtgaagaagcctgggtcctcggtgaaggtctcctgcaaggcttctggaggcaccttcagcagctatgctatcagctgggtgcgacaggcccctggacaagggcttgagtggatgggagggatcatccctatctttggtacagcaaactacgcacagaagttccagggcagagtcacgattaccgcggacgaatccacgagcacagcctacatggagctgagcagcctgagatctgaggacacggccgtgtattactgtgcgagagatgactacggtgactactcttactttgactactggggccaaggaaccctggtcaccgtctcctca	IGHV1-69	IGHD4-17	IGHJ4	tgtgcgagagatgactacggtgactactcttactttgactactgg	3	0.000149313159466454
gaggtgcagctggtggagtctgggggaggtgtggtacggcctggggggtccctgagactctcctgtgcagcctctggattcacctttgatgattatggcatgagctgggtccgccaagctccagggaaggggctggagtgggtctctggtattaattggaatggtggtagcacaggttatgcagactctgtgaagggccgattcaccatctccagagacaacgccaagaactccctgtatctgcaaatgaacagtctgagagccgaggacacggccttgtatcactgtgcgagaaggcatggtgtatgcacctacggtatggacgtctgggggcaagggaccacggtcaccgtctcctca	IGHV3-20	IGHD2-8	IGHJ6	tgtgcgagaaggcatggtgtatgcacctacggtatggacgtctgg	3	0.000149313159466454
caggtgcagctggtggagtctgggggaggcttggtcaagcctggagggtccctgagactctcctgtgcagcctctggattcaccttcagtgactactacatgagctggatccgccaggctccagggaaggggctggagtgggtttcatacattagtagtagtggtagtaccatatactacgcagactctgtgaagggccgattcaccatctccagggacaacgccaagaactcactgtatctgcaaatgaacagcctgagagccgaggacacggccgtgtattactgtgcgaatagcacggtctactactacggtatggacgtctgggggcaagggaccacggtcaccgtctcctca	IGHV3-11	IGHD6-6	IGHJ6	tgtgcgaatagcacggtctactactacggtatggacgtctgg	3	0.000149313159466454
gaggtgcagctggtggagtctgggggaggtgtggtacggcctggggggtccctgagactctcctgtgcagcctctggattcacctttgatgattatggcatgagctgggtccgccaagctccagggaaggggctggagtgggtctctggtattaattggaatggtggtagcacaggttatgcagactctgtgaagggccgattcaccatctccagagacaacgccaagaactccctgtatctgcaaatgaacagtctgagagccgaggacacggccttgtatcactgtgcgagagtgaagtgggaggactacggtatggacgtctgggggcaagggaccacggtcaccgtctcctca	IGHV3-20	IGHD1-26	IGHJ6	tgtgcgagagtgaagtgggaggactacggtatggacgtctgg	3	0.000149313159466454
caggtgcagctggtgcagtctggggctgaggtgaagaagcctgggtcctcggtgaaggtctcctgcaaggcttctggaggcaccttcagcagctatgctatcagctgggtgcgacaggcccctggacaagggcttgagtggatgggagggatcatccctatctttggtacagcaaactacgcacagaagttccagggcagagtcacgattaccgcggacgaatccacgagcacagcctacatggagctgagcagcctgagatctgaggacacggccgtgtattactgtgcgagagaggcatggttcggggagccctcgtttgactactggggccaaggaaccctggtcaccgtctcctca	IGHV1-69	IGHD3-10	IGHJ4	tgtgcgagagaggcatggttcggggagccctcgtttgactactgg	3	0.000149313159466454
caggtgcagctggtgcagtctggggctgaggtgaagaagcctggggcctcagtgaaggtctcctgcaaggcttctggatacaccttcaccggctactatatgcactgggtgcgacaggcccctggacaagggcttgagtggatgggacggatcaaccctaacagtggtggcacaaactatgcacagaagtttcagggcagggtcaccagtaccagggacacgtccatcagcacagcctacatggagctgagcaggctgagatctgacgacacggtcgtgtattactgtgcgacgcccctatgctactactacggtatggacgtctgggggcaagggaccacggtcaccgtctcctca	IGHV1-2	IGHD3-22	IGHJ6	tgtgcgacgcccctatgctactactacggtatggacgtctgg	3	0.000149313159466454
gaggtgcagctggtgcagtctggagcagaggtgaaaaagcccggggagtctctgaagatctcctgtaagggttctggatacagctttaccagctactggatcggctgggtgcgccagatgcccgggaaaggcctggagtggatggggatcatctatcctggtgactctgataccagatacagcccgtccttccaaggccaggtcaccatctcagccgacaagtccatcagcaccgcctacctgcagtggagcagcctgaaggcctcggacaccgccatgtattactgtgcgagacggtattacgacccctctgcttttgatgtctggggccaagggacaatggtcaccgtctcttca	IGHV5-51	IGHD3-9	IGHJ3	tgtgcgagacggtattacgacccctctgcttttgatgtctgg	3	0.000149313159466454
gaggtgcagctggtggagtctgggggaggcttggtaaagcctggggggtcccttagactctcctgtgcagcctctggattcactttcagtaacgcctggatgagctgggtccgccaggctccagggaaggggctggagtgggttggccgtattaaaagcaaaactgatggtgggacaacagactacgctgcacccgtgaaaggcagattcaccatctcaagagatgattcaaaaaacacgctgtatctgcaaatgaacagcctgaaaaccgaggacacagccgtgtattactgtaccacagatcgggtagtgggagctactgtctttgactactggggccaaggaaccctggtcaccgtctcctca	IGHV3-15	IGHD1-26	IGHJ4	tgtaccacagatcgggtagtgggagctactgtctttgactactgg	3	0.000149313159466454
gaggtgcagctgttggagtctgggggaggcttggtacagcctggggggtccctgagactctcctgtgcagcctctggattcacctttagcagctatgccatgagctgggtccgccaggctccagggaaggggctggagtgggtctcagctattagtggtagtggtggtagcacatactacgcagactccgtgaagggccggttcaccatctccagagacaattccaagaacacgctgtatctgcaaatgaacagcctgagagccgaggacacggccgtatattactgtgcgaaatattttgactggttattagactactttgactactggggccaaggaaccctggtcaccgtctcctca	IGHV3-23	IGHD3-9	IGHJ4	tgtgcgaaatattttgactggttattagactactttgactactgg	3	0.000149313159466454
gaggtgcagctgttggagtctgggggaggcttggtacagcctggggggtccctgagactctcctgtgcagcctctggattcacctttagcagctatgccatgagctgggtccgccaggctccagggaaggggctggagtgggtctcagctattagtggtagtggtggtagcacatactacgcagactccgtgaagggccggttcaccatctccagagacaattccaagaacacgctgtatctgcaaatgaacagcctgagagccgaggacacggccgtatattactgtgcgaaagaccttgacggtgactacaactggttcgactcctggggccaaggaaccctggtcaccgtctcctca	IGHV3-23	IGHD4-17	IGHJ5	tgtgcgaaagaccttgacggtgactacaactggttcgactcctgg	3	0.000149313159466454
gaggtgcagctggtgcagtctggagcagaggtgaaaaagcccggggagtctctgaagatctcctgtaagggttctggatacagctttaccagctactggatcggctgggtgcgccagatgcccgggaaaggcctggagtggatggggatcatctatcctggtgactctgataccagatacagcccgtccttccaaggccaggtcaccatctcagccgacaagtccatcagcaccgcctacctgcagtggagcagcctgaaggcctcggacaccgccatgtattactgtgcgagacatatgatagtagtggttatcgactttgactactggggccaaggaaccctggtcaccgtctcctca	IGHV5-51	IGHD3-22	IGHJ4	tgtgcgagacatatgatagtagtggttatcgactttgactactgg	3	0.000149313159466454
caggtgcagctggtgcagtctggggctgaggtgaagaagcctgggtcctcggtgaaggtctcctgcaaggcttctggaggcaccttcagcagctatgctatcagctgggtgcgacaggcccctggacaagggcttgagtggatgggagggatcatccctatctttggtacagcaaactacgcacagaagttccagggcagagtcacgattaccgcggacgaatccacgagcacagcctacatggagctgagcagcctgagatctgaggacacggccgtgtattactgtgcgagagaagcagtggctggtaccccagatgtctggggccaagggacaatggtcaccgtctcttca	IGHV1-69	IGHD6-19	IGHJ3	tgtgcgagagaagcagtggctggtaccccagatgtctgg	3	0.000149313159466454
caggtgcagctggtgcagtctggggctgaggtgaagaagcctgggtcctcggtgaaggtctcctgcaaggcttctggaggcaccttcagcagctatgctatcagctgggtgcgacaggcccctggacaagggcttgagtggatgggagggatcatccctatctttggtacagcaaactacgcacagaagttccagggcagagtcacgattaccgcggacgaatccacgagcacagcctacatggagctgagcagcctgagatctgaggacacggccgtgtattactgtgcgagagaaggggtggtaactccaccctactttgactactggggccaaggaaccctggtcaccgtctcctca	IGHV1-69	IGHD4-23	IGHJ4	tgtgcgagagaaggggtggtaactccaccctactttgactactgg	3	0.000149313159466454
caggtgcagctggtgcagtctggggctgaggtgaagaagcctgggtcctcggtgaaggtctcctgcaaggcttctggaggcaccttcagcagctatgctatcagctgggtgcgacaggcccctggacaagggcttgagtggatgggagggatcatccctatctttggtacagcaaactacgcacagaagttccagggcagagtcacgattaccgcggacgaatccacgagcacagcctacatggagctgagcagcctgagatctgaggacacggccgtgtattactgtgcgagagagggggtagcagctcgggactttgactactggggccaaggaaccctggtcaccgtctcctca	IGHV1-69	IGHD6-6	IGHJ4	tgtgcgagagagggggtagcagctcgggactttgactactgg	3	0.000149313159466454
gaggtgcagctgttggagtctgggggaggcttggtacagcctggggggtccctgagactctcctgtgcagcctctggattcacctttagcagctatgccatgagctgggtccgccaggctccagggaaggggctggagtgggtctcagctattagtggtagtggtggtagcacatactacgcagactccgtgaagggccggttcaccatctccagagacaattccaagaacacgctgtatctgcaaatgaacagcctgagagccgaggacacggccgtatattactgtgcgaaagatcggacaactggaacgaccccctttgactactggggccaaggaaccctggtcaccgtctcctca	IGHV3-23	IGHD1-1	IGHJ4	tgtgcgaaagatcggacaactggaacgaccccctttgactactgg	3	0.000149313159466454
caggtgcagctggtgcagtctggggctgaggtgaagaagcctgggtcctcggtgaaggtctcctgcaaggcttctggaggcaccttcagcagctatgctatcagctgggtgcgacaggcccctggacaagggcttgagtggatgggagggatcatccctatctttggtacagcaaactacgcacagaagttccagggcagagtcacgattaccgcggacgaatccacgagcacagcctacatggagctgagcagcctgagatctgaggacacggccgtgtattactgtgcgagaggtatagcagctcgtcctggggactttgactactggggccaaggaaccctggtcaccgtctcctca	IGHV1-69	IGHD6-6	IGHJ4	tgtgcgagaggtatagcagctcgtcctggggactttgactactgg	3	0.000149313159466454
gaggtgcagctggtggagtccgggggaggcttagttcagcctggggggtccctgagactctcctgtgcagcctctggattcaccttcagtagctactggatgcactgggtccgccaagctccagggaaggggctggtgtgggtctcacgtattaatagtgatgggagtagcacaagctacgcggactccgtgaagggccgattcaccatctccagagacaacgccaagaacacgctgtatctgcaaatgaacagtctgagagccgaggacacggctgtgtattactgtgcaagagaggagtactatgtctactttgactactggggccaaggaaccctggtcaccgtctcctca	IGHV3-74	IGHD3-10	IGHJ4	tgtgcaagagaggagtactatgtctactttgactactgg	3	0.000149313159466454
caggtgcagctggtgcagtctggggctgaggtgaagaagcctggggcctcagtgaaggtctcctgcaaggcttctggatacaccttcaccagttatgatatcaactgggtgcgacaggccactggacaagggcttgagtggatgggatggatgaaccctaacagtggtaacacaggctatgcacagaagttccagggcagagtcaccatgaccaggaacacctccataagcacagcctacatggagctgagcagcctgagatctgaggacacggccgtgtattactgtgcgagaggggtattggctgaatacttccagcactggggccagggcaccctggtcaccgtctcctca	IGHV1-8	IGHD3-3	IGHJ1	tgtgcgagaggggtattggctgaatacttccagcactgg	3	0.000149313159466454
caggtgcagctggtgcagtctggggctgaggtgaagaagcctggggcctcagtgaaggtttcctgcaaggcatctggatacaccttcaccagctactatatgcactgggtgcgacaggcccctggacaagggcttgagtggatgggaataatcaaccctagtggtggtagcacaagctacgcacagaagttccagggcagagtcaccatgaccagggacacgtccacgagcacagtctacatggagctgagcagcctgagatctgaggacacggccgtgtattactgtgcgagagcggggggaacggaggacaactggttcgactcctggggccaaggaaccctggtcaccgtctcctca	IGHV1-46	IGHD1-1	IGHJ5	tgtgcgagagcggggggaacggaggacaactggttcgactcctgg	3	0.000149313159466454
gaggtgcagctgttggagtctgggggaggcttggtacagcctggggggtccctgagactctcctgtgcagcctctggattcacctttagcagctatgccatgagctgggtccgccaggctccagggaaggggctggagtgggtctcagctattagtggtagtggtggtagcacatactacgcagactccgtgaagggccggttcaccatctccagagacaattccaagaacacgctgtatctgcaaatgaacagcctgagagccgaggacacggccgtatattactgtgcgaaaggtatagtgggagctactacctttgactactggggccaaggaaccctggtcaccgtctcctca	IGHV3-23	IGHD1-26	IGHJ4	tgtgcgaaaggtatagtgggagctactacctttgactactgg	3	0.000149313159466454
caggtgcagctggtgcagtctggggctgaggtgaagaagcctggggcctcagtgaaggtctcctgcaaggcttctggatacaccttcaccagttatgatatcaactgggtgcgacaggccactggacaagggcttgagtggatgggatggatgaaccctaacagtggtaacacaggctatgcacagaagttccagggcagagtcaccatgaccaggaacacctccataagcacagcctacatggagctgagcagcctgagatctgaggacacggccgtgtattactgtgcgagaggggggaaggcagctggtacgaactttgactactggggccaaggaaccctggtcaccgtctcctca	IGHV1-8	IGHD6-13	IGHJ4	tgtgcgagaggggggaaggcagctggtacgaactttgactactgg	3	0.000149313159466454
caggtgcagctggtgcagtctggggctgaggtgaagaagcctgggtcctcggtgaaggtctcctgcaaggcttctggaggcaccttcagcagctatgctatcagctgggtgcgacaggcccctggacaagggcttgagtggatgggagggatcatccctatctttggtacagcaaactacgcacagaagttccagggcagagtcacgattaccgcggacgaatccacgagcacagcctacatggagctgagcagcctgagatctgaggacacggccgtgtattactgtgcgagagagaggggtatagcaggcgatgcttttgatgtctggggccaagggacaatggtcaccgtctcttca	IGHV1-69	IGHD6-6	IGHJ3	tgtgcgagagagaggggtatagcaggcgatgcttttgatgtctgg	3	0.000149313159466454
caggtgcagctggtgcagtctggggctgaggtgaagaagcctgggtcctcggtgaaggtctcctgcaaggcttctggaggcaccttcagcagctatgctatcagctgggtgcgacaggcccctggacaagggcttgagtggatgggagggatcatccctatctttggtacagcaaactacgcacagaagttccagggcagagtcacgattaccgcggacgaatccacgagcacagcctacatggagctgagcagcctgagatctgaggacacggccgtgtattactgtgcgagagggggtatagcagtggctggtaagggtgactactggggccaaggaaccctggtcaccgtctcctca	IGHV1-69	IGHD6-19	IGHJ4	tgtgcgagagggggtatagcagtggctggtaagggtgactactgg	3	0.000149313159466454
caggttcagctggtgcagtctggagctgaggtgaagaagcctggggcctcagtgaaggtctcctgcaaggcttctggttacacctttaccagctatggtatcagctgggtgcgacaggcccctggacaagggcttgagtggatgggatggatcagcgcttacaatggtaacacaaactatgcacagaagctccagggcagagtcaccatgaccacagacacatccacgagcacagcctacatggagctgaggagcctgagatctgacgacacggccgtgtattactgtgcgagagatcgggagcagcaggggtttgactactggggccaaggaaccctggtcaccgtctcctca	IGHV1-18	IGHD6-13	IGHJ4	tgtgcgagagatcgggagcagcaggggtttgactactgg	3	0.000149313159466454
caggtgcagctggtggagtctgggggaggcttggtcaagcctggagggtccctgagactctcctgtgcagcctctggattcaccttcagtgactactacatgagctggatccgccaggctccagggaaggggctggagtgggtttcatacattagtagtagtggtagtaccatatactacgcagactctgtgaagggccgattcaccatctccagggacaacgccaagaactcactgtatctgcaaatgaacagcctgagagccgaggacacggccgtgtattactgtgcgagagcgggggacggtgactcctactttgactactggggccaaggaaccctggtcaccgtctcctca	IGHV3-11	IGHD4-17	IGHJ4	tgtgcgagagcgggggacggtgactcctactttgactactgg	3	0.000149313159466454
gaggtgcagctggtggagtctgggggaggcttggtccagcctggagggtccctgagactctcctgtgcagcctctggattcaccttcagtgaccactacatggactgggtccgccaggctccagggaaggggctggagtgggttggccgtactagaaacaaagctaacagttacaccacagaatacgccgcgtctgtgaaaggcagattcaccatctcaagagatgattcaaagaactcactgtatctgcaaatgaacagcctgaaaaccgaggacacggccgtgtattactgtgctagagaggatgggagctacttctggttcgactcctggggccaaggaaccctggtcaccgtctcctca	IGHV3-72	IGHD1-26	IGHJ5	tgtgctagagaggatgggagctacttctggttcgactcctgg	3	0.000149313159466454
caggtgcagctggtgcagtctggggctgaggtgaagaagcctgggtcctcggtgaaggtctcctgcaaggcttctggaggcaccttcagcagctatgctatcagctgggtgcgacaggcccctggacaagggcttgagtggatgggagggatcatccctatctttggtacagcaaactacgcacagaagttccagggcagagtcacgattaccgcggacgaatccacgagcacagcctacatggagctgagcagcctgagatctgaggacacggccgtgtattactgtgcgagagggagaccagctcgtcactactttgactactggggccaaggaaccctggtcaccgtctcctca	IGHV1-69	IGHD6-6	IGHJ4	tgtgcgagagggagaccagctcgtcactactttgactactgg	3	0.000149313159466454
gaggtgcagctggtggagtctgggggaggcttggtaaagcctggggggtcccttagactctcctgtgcagcctctggattcactttcagtaacgcctggatgagctgggtccgccaggctccagggaaggggctggagtgggttggccgtattaaaagcaaaactgatggtgggacaacagactacgctgcacccgtgaaaggcagattcaccatctcaagagatgattcaaaaaacacgctgtatctgcaaatgaacagcctgaaaaccgaggacacagccgtgtattactgtaccacagagctagtagtggttattactctctttgactactggggccaaggaaccctggtcaccgtctcctca	IGHV3-15	IGHD3-22	IGHJ4	tgtaccacagagctagtagtggttattactctctttgactactgg	3	0.000149313159466454
gaggtgcagctgttggagtctgggggaggcttggtacagcctggggggtccctgagactctcctgtgcagcctctggattcacctttagcagctatgccatgagctgggtccgccaggctccagggaaggggctggagtgggtctcagctattagtggtagtggtggtagcacatactacgcagactccgtgaagggccggttcaccatctccagagacaattccaagaacacgctgtatctgcaaatgaacagcctgagagccgaggacacggccgtatattactgtgcgaatccagatggctacaattactactttgactactggggccaaggaaccctggtcaccgtctcctca	IGHV3-23	IGHD5-24	IGHJ4	tgtgcgaatccagatggctacaattactactttgactactgg	2	9.95421063109695e-05
caggtgcagctggtgcagtctggggctgaggtgaagaagcctgggtcctcggtgaaggtctcctgcaaggcttctggaggcaccttcagcagctatgctatcagctgggtgcgacaggcccctggacaagggcttgagtggatgggagggatcatccctatctttggtacagcaaactacgcacagaagttccagggcagagtcacgattaccgcggacgaatccacgagcacagcctacatggagctgagcagcctgagatctgaggacacggccgtgtattactgtgcgagagaggggcagcagctgtactttgactactggggccaaggaaccctggtcaccgtctcctca	IGHV1-69	IGHD6-13	IGHJ4	tgtgcgagagaggggcagcagctgtactttgactactgg	2	9.95421063109695e-05
gaggtgcagctggtggagtctgggggaggcttggtacagccagggcggtccctgagactctcctgtacagcttctggattcacctttggtgattatgctatgagctggttccgccaggctccagggaaggggctggagtgggtaggtttcattagaagcaaagcttatggtgggacaacagaatacaccgcgtctgtgaaaggcagattcaccatctcaagagatggttccaaaagcatcgcctatctgcaaatgaacagcctgaaaaccgaggacacagccgtgtattactgtactagaagatggctacaattctactttgactactggggccaaggaaccctggtcaccgtctcctca	IGHV3-49	IGHD5-24	IGHJ4	tgtactagaagatggctacaattctactttgactactgg	2	9.95421063109695e-05
caggtgcagctggtgcagtctggggctgaggtgaagaagcctgggtcctcggtgaaggtctcctgcaaggcttctggaggcaccttcagcagctatgctatcagctgggtgcgacaggcccctggacaagggcttgagtggatgggagggatcatccctatctttggtacagcaaactacgcacagaagttccagggcagagtcacgattaccgcggacgaatccacgagcacagcctacatggagctgagcagcctgagatctgaggacacggccgtgtattactgtgcgagagagcagctcgtccagcccccctttgactactggggccaaggaaccctggtcaccgtctcctca	IGHV1-69	IGHD6-6	IGHJ4	tgtgcgagagagcagctcgtccagcccccctttgactactgg	2	9.95421063109695e-05
caggtccagctggtacagtctggggctgaggtgaagaagcctggggcctcagtgaaggtctcctgcaaggtttccggatacaccctcactgaattatccatgcactgggtgcgacaggctcctggaaaagggcttgagtggatgggaggttttgatcctgaagatggtgaaacaatctacgcacagaagttccagggcagagtcaccatgaccgaggacacatctacagacacagcctacatggagctgagcagcctgagatctgaggacacggccgtgtattactgtgcaatcactacggcctactactactacggtatggacgtctgggggcaagggaccacggtcaccgtctcctca	IGHV1-24	IGHD4-17	IGHJ6	tgtgcaatcactacggcctactactactacggtatggacgtctgg	2	9.95421063109695e-05
gaggtgcagctggtggagtctgggggaggcttggtaaagcctggggggtcccttagactctcctgtgcagcctctggattcactttcagtaacgcctggatgagctgggtccgccaggctccagggaaggggctggagtgggttggccgtattaaaagcaaaactgatggtgggacaacagactacgctgcacccgtgaaaggcagattcaccatctcaagagatgattcaaaaaacacgctgtatctgcaaatgaacagcctgaaaaccgaggacacagccgtgtattactgtaccacagaagcagtggctgggtggttcgactcctggggccaaggaaccctggtcaccgtctcctca	IGHV3-15	IGHD6-19	IGHJ5	tgtaccacagaagcagtggctgggtggttcgactcctgg	2	9.95421063109695e-05
caggtgcagctggtgcagtctggggctgaggtgaagaagcctgggtcctcggtgaaggtctcctgcaaggcttctggaggcaccttcagcagctatgctatcagctgggtgcgacaggcccctggacaagggcttgagtggatgggagggatcatccctatctttggtacagcaaactacgcacagaagttccagggcagagtcacgattaccgcggacgaatccacgagcacagcctacatggagctgagcagcctgagatctgaggacacggccgtgtattactgtgcgagagactctatagtggctacctactttgactactggggccaaggaaccctggtcaccgtctcctca	IGHV1-69	IGHD5-12	IGHJ4	tgtgcgagagactctatagtggctacctactttgactactgg	2	9.95421063109695e-05
gaggtgcagctggtggagtctgggggaggcttggtaaagcctggggggtcccttagactctcctgtgcagcctctggattcactttcagtaacgcctggatgagctgggtccgccaggctccagggaaggggctggagtgggttggccgtattaaaagcaaaactgatggtgggacaacagactacgctgcacccgtgaaaggcagattcaccatctcaagagatgattcaaaaaacacgctgtatctgcaaatgaacagcctgaaaaccgaggacacagccgtgtattactgtaccacaaaggagcagcagcaggggtactttgactactggggccaaggaaccctggtcaccgtctcctca	IGHV3-15	IGHD6-13	IGHJ4	tgtaccacaaaggagcagcagcaggggtactttgactactgg	2	9.95421063109695e-05
gaggtgcagctggtgcagtctggagcagaggtgaaaaagcccggggagtctctgaagatctcctgtaagggttctggatacagctttaccagctactggatcggctgggtgcgccagatgcccgggaaaggcctggagtggatggggatcatctatcctggtgactctgataccagatacagcccgtccttccaaggccaggtcaccatctcagccgacaagtccatcagcaccgcctacctgcagtggagcagcctgaaggcctcggacaccgccatgtattactgtgcgagacaagcgggagctactaggttccactttgactactggggccaaggaaccctggtcaccgtctcctca	IGHV5-51	IGHD1-26	IGHJ4	tgtgcgagacaagcgggagctactaggttccactttgactactgg	2	9.95421063109695e-05
caggtgcagctggtgcagtctggggctgaggtgaagaagcctggggcctcagtgaaggtctcctgcaaggcttctggatacaccttcaccggctactatatgcactgggtgcgacaggcccctggacaagggcttgagtggatgggacggatcaaccctaacagtggtggcacaaactatgcacagaagtttcagggcagggtcaccagtaccagggacacgtccatcagcacagcctacatggagctgagcaggctgagatctgacgacacggtcgtgtattactgtgcgagagacgatagcagtggctggtcctttgactactggggccaaggaaccctggtcaccgtctcctca	IGHV1-2	IGHD6-19	IGHJ4	tgtgcgagagacgatagcagtggctggtcctttgactactgg	2	9.95421063109695e-05
gaggtgcagctggtgcagtctggagcagaggtgaaaaagcccggggagtctctgaagatctcctgtaagggttctggatacagctttaccagctactggatcggctgggtgcgccagatgcccgggaaaggcctggagtggatggggatcatctatcctggtgactctgataccagatacagcccgtccttccaaggccaggtcaccatctcagccgacaagtccatcagcaccgcctacctgcagtggagcagcctgaaggcctcggacaccgccatgtattactgtgcgagacatcttatagcagtggctggttggttcgactcctggggccaaggaaccctggtcaccgtctcctca	IGHV5-51	IGHD6-19	IGHJ5	tgtgcgagacatcttatagcagtggctggttggttcgactcctgg	2	9.95421063109695e-05
gaggtgcagctggtggagtctgggggaggcttggtaaagcctggggggtcccttagactctcctgtgcagcctctggattcactttcagtaacgcctggatgagctgggtccgccaggctccagggaaggggctggagtgggttggccgtattaaaagcaaaactgatggtgggacaacagactacgctgcacccgtgaaaggcagattcaccatctcaagagatgattcaaaaaacacgctgtatctgcaaatgaacagcctgaaaaccgaggacacagccgtgtattactgtaccacagggaagaactgggagggctttgactactggggccaaggaaccctggtcaccgtctcctca	IGHV3-15	IGHD1-7	IGHJ4	tgtaccacagggaagaactgggagggctttgactactgg	2	9.95421063109695e-05
gaggtgcagctggtggagtctgggggaggcttggtaaagcctggggggtcccttagactctcctgtgcagcctctggattcactttcagtaacgcctggatgagctgggtccgccaggctccagggaaggggctggagtgggttggccgtattaaaagcaaaactgatggtgggacaacagactacgctgcacccgtgaaaggcagattcaccatctcaagagatgattcaaaaaacacgctgtatctgcaaatgaacagcctgaaaaccgaggacacagccgtgtattactgtaccacagtttttggagtggttatggactttgactactggggccaaggaaccctggtcaccgtctcctca	IGHV3-15	IGHD3-3	IGHJ4	tgtaccacagtttttggagtggttatggactttgactactgg	2	9.95421063109695e-05
caggtgcagctggtgcagtctggggctgaggtgaagaagcctggggcctcagtgaaggtttcctgcaaggcatctggatacaccttcaccagctactatatgcactgggtgcgacaggcccctggacaagggcttgagtggatgggaataatcaaccctagtggtggtagcacaagctacgcacagaagttccagggcagagtcaccatgaccagggacacgtccacgagcacagtctacatggagctgagcagcctgagatctgaggacacggccgtgtattactgtgcgagagtttcttctagtgggtctgtctttgactactggggccaaggaaccctggtcaccgtctcctca	IGHV1-46	IGHD4-17	IGHJ4	tgtgcgagagtttcttctagtgggtctgtctttgactactgg	2	9.95421063109695e-05
caggtgcagctggtgcagtctggggctgaggtgaagaagcctgggtcctcggtgaaggtctcctgcaaggcttctggaggcaccttcagcagctatgctatcagctgggtgcgacaggcccctggacaagggcttgagtggatgggagggatcatccctatctttggtacagcaaactacgcacagaagttccagggcagagtcacgattaccgcggacgaatccacgagcacagcctacatggagctgagcagcctgagatctgaggacacggccgtgtattactgtgcgagagatcccctacggacgacggggtttgactactggggccaaggaaccctggtcaccgtctcctca	IGHV1-69	IGHD4-17	IGHJ4	tgtgcgagagatcccctacggacgacggggtttgactactgg	2	9.95421063109695e-05
gaggtgcagctgttggagtctgggggaggcttggtacagcctggggggtccctgagactctcctgtgcagcctctggattcacctttagcagctatgccatgagctgggtccgccaggctccagggaaggggctggagtgggtctcagctattagtggtagtggtggtagcacatactacgcagactccgtgaagggccggttcaccatctccagagacaattccaagaacacgctgtatctgcaaatgaacagcctgagagccgaggacacggccgtatattactgtgcgaatatagtggctacgattacttactactttgactactggggccaaggaaccctggtcaccgtctcctca	IGHV3-23	IGHD5-12	IGHJ4	tgtgcgaatatagtggctacgattacttactactttgactactgg	2	9.95421063109695e-05
caggttcagctggtgcagtctggagctgaggtgaagaagcctggggcctcagtgaaggtctcctgcaaggcttctggttacacctttaccagctatggtatcagctgggtgcgacaggcccctggacaagggcttgagtggatgggatggatcagcgcttacaatggtaacacaaactatgcacagaagctccagggcagagtcaccatgaccacagacacatccacgagcacagcctacatggagctgaggagcctgagatctgacgacacggccgtgtattactgtgcgagagaatacggtggtaactccggggactactggggccaaggaaccctggtcaccgtctcctca	IGHV1-18	IGHD4-23	IGHJ4	tgtgcgagagaatacggtggtaactccggggactactgg	2	9.95421063109695e-05
gaggtgcagctggtgcagtctggagcagaggtgaaaaagcccggggagtctctgaagatctcctgtaagggttctggatacagctttaccagctactggatcggctgggtgcgccagatgcccgggaaaggcctggagtggatggggatcatctatcctggtgactctgataccagatacagcccgtccttccaaggccaggtcaccatctcagccgacaagtccatcagcaccgcctacctgcagtggagcagcctgaaggcctcggacaccgccatgtattactgtgcgagacagatagcagcagctggtacttactttgactactggggccaaggaaccctggtcaccgtctcctca	IGHV5-51	IGHD6-13	IGHJ4	tgtgcgagacagatagcagcagctggtacttactttgactactgg	2	9.95421063109695e-05
gaggtgcagctggtggagtctgggggaggcttggtaaagcctggggggtcccttagactctcctgtgcagcctctggattcactttcagtaacgcctggatgagctgggtccgccaggctccagggaaggggctggagtgggttggccgtattaaaagcaaaactgatggtgggacaacagactacgctgcacccgtgaaaggcagattcaccatctcaagagatgattcaaaaaacacgctgtatctgcaaatgaacagcctgaaaaccgaggacacagccgtgtattactgtcagtatagtgggagctactacccggatgcttttgatgtctggggccaagggacaatggtcaccgtctcttca	IGHV3-15	IGHD1-26	IGHJ3	tgtcagtatagtgggagctactacccggatgcttttgatgtctgg	2	9.95421063109695e-05
cagatcaccttgaaggagtctggtcctacgctggtgaaacccacacagaccctcacgctgacctgcaccttctctgggttctcactcagcactagtggagtgggtgtgggctggatccgtcagcccccaggaaaggccctggagtggcttgcactcatttattggaatgatgataagcgctacagcccatctctgaagagcaggctcaccatcaccaaggacacctccaaaaaccaggtggtccttacaatgaccaacatggaccctgtggacacagccacatattactgtgcacacagacaagagtatagtggctacgaggactactggggccaaggaaccctggtcaccgtctcctca	IGHV2-5	IGHD5-12	IGHJ4	tgtgcacacagacaagagtatagtggctacgaggactactgg	2	9.95421063109695e-05
gaggtgcagctggtgcagtctggagcagaggtgaaaaagcccggggagtctctgaagatctcctgtaagggttctggatacagctttaccagctactggatcggctgggtgcgccagatgcccgggaaaggcctggagtggatggggatcatctatcctggtgactctgataccagatacagcccgtccttccaaggccaggtcaccatctcagccgacaagtccatcagcaccgcctacctgcagtggagcagcctgaaggcctcggacaccgccatgtattactgtgcgagaagatatgcttatagcgggagctggttcgactcctggggccaaggaaccctggtcaccgtctcctca	IGHV5-51	IGHD3-16	IGHJ5	tgtgcgagaagatatgcttatagcgggagctggttcgactcctgg	2	9.95421063109695e-05
gaggtgcagctggtggagtctgggggaggcttggtacagccagggcggtccctgagactctcctgtacagcttctggattcacctttggtgattatgctatgagctggttccgccaggctccagggaaggggctggagtgggtaggtttcattagaagcaaagcttatggtgggacaacagaatacaccgcgtctgtgaaaggcagattcaccatctcaagagatggttccaaaagcatcgcctatctgcaaatgaacagcctgaaaaccgaggacacagccgtgtattactgtactagtcgggctacaattaacaactggttcgactcctggggccaaggaaccctggtcaccgtctcctca	IGHV3-49	IGHD5-24	IGHJ5	tgtactagtcgggctacaattaacaactggttcgactcctgg	2	9.95421063109695e-05
caggttcagctggtgcagtctggagctgaggtgaagaagcctggggcctcagtgaaggtctcctgcaaggcttctggttacacctttaccagctatggtatcagctgggtgcgacaggcccctggacaagggcttgagtggatgggatggatcagcgcttacaatggtaacacaaactatgcacagaagctccagggcagagtcaccatgaccacagacacatccacgagcacagcctacatggagctgaggagcctgagatctgacgacacggccgtgtattactgtgcgagagatcggctacaattacgttttgactactggggccaaggaaccctggtcaccgtctcctca	IGHV1-18	IGHD5-24	IGHJ4	tgtgcgagagatcggctacaattacgttttgactactgg	2	9.95421063109695e-05
cagatcaccttgaaggagtctggtcctacgctggtgaaacccacacagaccctcacgctgacctgcaccttctctgggttctcactcagcactagtggagtgggtgtgggctggatccgtcagcccccaggaaaggccctggagtggcttgcactcatttattggaatgatgataagcgctacagcccatctctgaagagcaggctcaccatcaccaaggacacctccaaaaaccaggtggtccttacaatgaccaacatggaccctgtggacacagccacatattactgtgcacacagacggggggcgcagtggctctactttgactactggggccaaggaaccctggtcaccgtctcctca	IGHV2-5	IGHD6-19	IGHJ4	tgtgcacacagacggggggcgcagtggctctactttgactactgg	2	9.95421063109695e-05
caggtgcagctggtgcagtctggggctgaggtgaagaagcctgggtcctcggtgaaggtctcctgcaaggcttctggaggcaccttcagcagctatgctatcagctgggtgcgacaggcccctggacaagggcttgagtggatgggagggatcatccctatctttggtacagcaaactacgcacagaagttccagggcagagtcacgattaccgcggacgaatccacgagcacagcctacatggagctgagcagcctgagatctgaggacacggccgtgtattactgtgcgagagagaccccagtggctggtacctactttgactactggggccaaggaaccctggtcaccgtctcctca	IGHV1-69	IGHD6-19	IGHJ4	tgtgcgagagagaccccagtggctggtacctactttgactactgg	2	9.95421063109695e-05
caggttcagctggtgcagtctggagctgaggtgaagaagcctggggcctcagtgaaggtctcctgcaaggcttctggttacacctttaccagctatggtatcagctgggtgcgacaggcccctggacaagggcttgagtggatgggatggatcagcgcttacaatggtaacacaaactatgcacagaagctccagggcagagtcaccatgaccacagacacatccacgagcacagcctacatggagctgaggagcctgagatctgacgacacggccgtgtattactgtgcgagacccccggtggtaactcactactttgactactggggccaaggaaccctggtcaccgtctcctca	IGHV1-18	IGHD4-23	IGHJ4	tgtgcgagacccccggtggtaactcactactttgactactgg	2	9.95421063109695e-05
caggtgcagctggtgcagtctggggctgaggtgaagaagcctgggtcctcggtgaaggtctcctgcaaggcttctggaggcaccttcagcagctatgctatcagctgggtgcgacaggcccctggacaagggcttgagtggatgggagggatcatccctatctttggtacagcaaactacgcacagaagttccagggcagagtcacgattaccgcggacgaatccacgagcacagcctacatggagctgagcagcctgagatctgaggacacggccgtgtattactgtgcgagagatatcaaaatccctcctatagcattcgactactggggccaaggaaccctggtcaccgtctcctca	IGHV1-69	IGHD6-19	IGHJ4	tgtgcgagagatatcaaaatccctcctatagcattcgactactgg	2	9.95421063109695e-05
caggtcaccttgaaggagtctggtcctgtgctggtgaaacccacagagaccctcacgctgacctgcaccgtctctgggttctcactcagcaatgctagaatgggtgtgagctggatccgtcagcccccagggaaggccctggagtggcttgcacacattttttcgaatgacgaaaaatcctacagcacatctctgaagagcaggctcaccatctccaaggacacctccaaaagccaggtggtccttaccatgaccaacatggaccctgtggacacagccacatattactgtgcacgggtagtagtaccagctgctatgccttttgactactggggccaaggaaccctggtcaccgtctcctca	IGHV2-26	IGHD2-2	IGHJ4	tgtgcacgggtagtagtaccagctgctatgccttttgactactgg	2	9.95421063109695e-05
caggtgcagctggtgcagtctggggctgaggtgaagaagcctggggcctcagtgaaggtttcctgcaaggcatctggatacaccttcaccagctactatatgcactgggtgcgacaggcccctggacaagggcttgagtggatgggaataatcaaccctagtggtggtagcacaagctacgcacagaagttccagggcagagtcaccatgaccagggacacgtccacgagcacagtctacatggagctgagcagcctgagatctgaggacacggccgtgtattactgtgcgagagagaggaagggatatagtggctttgactactggggccaaggaaccctggtcaccgtctcctca	IGHV1-46	IGHD5-12	IGHJ4	tgtgcgagagagaggaagggatatagtggctttgactactgg	2	9.95421063109695e-05
gaggtgcagctgttggagtctgggggaggcttggtacagcctggggggtccctgagactctcctgtgcagcctctggattcacctttagcagctatgccatgagctgggtccgccaggctccagggaaggggctggagtgggtctcagctattagtggtagtggtggtagcacatactacgcagactccgtgaagggccggttcaccatctccagagacaattccaagaacacgctgtatctgcaaatgaacagcctgagagccgaggacacggccgtatattactgtgcgaaagatcggtgtagtggtggtagctgccttgactactggggccaaggaaccctggtcaccgtctcctca	IGHV3-23	IGHD2-15	IGHJ4	tgtgcgaaagatcggtgtagtggtggtagctgccttgactactgg	2	9.95421063109695e-05
caggtgcagctggtgcagtctggggctgaggtgaagaagcctgggtcctcggtgaaggtctcctgcaaggcttctggaggcaccttcagcagctatgctatcagctgggtgcgacaggcccctggacaagggcttgagtggatgggagggatcatccctatctttggtacagcaaactacgcacagaagttccagggcagagtcacgattaccgcggacgaatccacgagcacagcctacatggagctgagcagcctgagatctgaggacacggccgtgtattactgtgcgagagattacgatttttggagtggcttttttgatgtctggggccaagggacaatggtcaccgtctcttca	IGHV1-69	IGHD3-3	IGHJ3	tgtgcgagagattacgatttttggagtggcttttttgatgtctgg	2	9.95421063109695e-05
gaggtgcagctggtggagtctgggggaggcttggtaaagcctggggggtcccttagactctcctgtgcagcctctggattcactttcagtaacgcctggatgagctgggtccgccaggctccagggaaggggctggagtgggttggccgtattaaaagcaaaactgatggtgggacaacagactacgctgcacccgtgaaaggcagattcaccatctcaagagatgattcaaaaaacacgctgtatctgcaaatgaacagcctgaaaaccgaggacacagccgtgtattactgtaccattggccagcagtggctggcctggttcgactcctggggccaaggaaccctggtcaccgtctcctca	IGHV3-15	IGHD6-19	IGHJ5	tgtaccattggccagcagtggctggcctggttcgactcctgg	2	9.95421063109695e-05
caggtgcagctggtgcagtctggggctgaggtgaagaagcctgggtcctcggtgaaggtctcctgcaaggcttctggaggcaccttcagcagctatgctatcagctgggtgcgacaggcccctggacaagggcttgagtggatgggagggatcatccctatctttggtacagcaaactacgcacagaagttccagggcagagtcacgattaccgcggacgaatccacgagcacagcctacatggagctgagcagcctgagatctgaggacacggccgtgtattactgtgcgagagatcagcagctcgtccgtgatgcttttgatgtctggggccaagggacaatggtcaccgtctcttca	IGHV1-69	IGHD6-6	IGHJ3	tgtgcgagagatcagcagctcgtccgtgatgcttttgatgtctgg	2	9.95421063109695e-05
gaggtgcagctggtggagtctgggggaggcttggtaaagcctggggggtcccttagactctcctgtgcagcctctggattcactttcagtaacgcctggatgagctgggtccgccaggctccagggaaggggctggagtgggttggccgtattaaaagcaaaactgatggtgggacaacagactacgctgcacccgtgaaaggcagattcaccatctcaagagatgattcaaaaaacacgctgtatctgcaaatgaacagcctgaaaaccgaggacacagccgtgtattactgtaccacaggatgtatagcagcagctggtacatttgactactggggccaaggaaccctggtcaccgtctcctca	IGHV3-15	IGHD6-13	IGHJ4	tgtaccacaggatgtatagcagcagctggtacatttgactactgg	2	9.95421063109695e-05
caggttcagctggtgcagtctggagctgaggtgaagaagcctggggcctcagtgaaggtctcctgcaaggcttctggttacacctttaccagctatggtatcagctgggtgcgacaggcccctggacaagggcttgagtggatgggatggatcagcgcttacaatggtaacacaaactatgcacagaagctccagggcagagtcaccatgaccacagacacatccacgagcacagcctacatggagctgaggagcctgagatctgacgacacggccgtgtattactgtgcgagacaggcggatattgtagtggactttgactactggggccaaggaaccctggtcaccgtctcctca	IGHV1-18	IGHD2-15	IGHJ4	tgtgcgagacaggcggatattgtagtggactttgactactgg	2	9.95421063109695e-05
caggtgcagctggtgcagtctggggctgaggtgaagaagcctggggcctcagtgaaggtttcctgcaaggcatctggatacaccttcaccagctactatatgcactgggtgcgacaggcccctggacaagggcttgagtggatgggaataatcaaccctagtggtggtagcacaagctacgcacagaagttccagggcagagtcaccatgaccagggacacgtccacgagcacagtctacatggagctgagcagcctgagatctgaggacacggccgtgtattactgtgcgagagagggtatagcagtggctggtttctttgactactggggccaaggaaccctggtcaccgtctcctca	IGHV1-46	IGHD6-19	IGHJ4	tgtgcgagagagggtatagcagtggctggtttctttgactactgg	2	9.95421063109695e-05
caggttcagctggtgcagtctggagctgaggtgaagaagcctggggcctcagtgaaggtctcctgcaaggcttctggttacacctttaccagctatggtatcagctgggtgcgacaggcccctggacaagggcttgagtggatgggatggatcagcgcttacaatggtaacacaaactatgcacagaagctccagggcagagtcaccatgaccacagacacatccacgagcacagcctacatggagctgaggagcctgagatctgacgacacggccgtgtattactgtgcgagagaagcagctcgtccttggttcgactcctggggccaaggaaccctggtcaccgtctcctca	IGHV1-18	IGHD6-6	IGHJ5	tgtgcgagagaagcagctcgtccttggttcgactcctgg	2	9.95421063109695e-05
gaggtgcagctggtgcagtctggagcagaggtgaaaaagcccggggagtctctgaagatctcctgtaagggttctggatacagctttaccagctactggatcggctgggtgcgccagatgcccgggaaaggcctggagtggatggggatcatctatcctggtgactctgataccagatacagcccgtccttccaaggccaggtcaccatctcagccgacaagtccatcagcaccgcctacctgcagtggagcagcctgaaggcctcggacaccgccatgtattactgtgcgagacacgcggggtatagcaccccctttgactactggggccaaggaaccctggtcaccgtctcctca	IGHV5-51	IGHD6-13	IGHJ4	tgtgcgagacacgcggggtatagcaccccctttgactactgg	2	9.95421063109695e-05
caggttcagctggtgcagtctggagctgaggtgaagaagcctggggcctcagtgaaggtctcctgcaaggcttctggttacacctttaccagctatggtatcagctgggtgcgacaggcccctggacaagggcttgagtggatgggatggatcagcgcttacaatggtaacacaaactatgcacagaagctccagggcagagtcaccatgaccacagacacatccacgagcacagcctacatggagctgaggagcctgagatctgacgacacggccgtgtattactgtgcgagagagggtagcagtggtgctaactggttcgactcctggggccaaggaaccctggtcaccgtctcctca	IGHV1-18	IGHD6-19	IGHJ5	tgtgcgagagagggtagcagtggtgctaactggttcgactcctgg	2	9.95421063109695e-05
caggtgcagctggtgcagtctggggctgaggtgaagaagcctgggtcctcggtgaaggtctcctgcaaggcttctggaggcaccttcagcagctatgctatcagctgggtgcgacaggcccctggacaagggcttgagtggatgggagggatcatccctatctttggtacagcaaactacgcacagaagttccagggcagagtcacgattaccgcggacgaatccacgagcacagcctacatggagctgagcagcctgagatctgaggacacggccgtgtattactgtgcgagagacctcatatggttgtacttcgatctctggggccgtggcaccctggtcactgtctcctca	IGHV1-69	IGHD3-10	IGHJ2	tgtgcgagagacctcatatggttgtacttcgatctctgg	2	9.95421063109695e-05
gaggtgcagctgttggagtctgggggaggcttggtacagcctggggggtccctgagactctcctgtgcagcctctggattcacctttagcagctatgccatgagctgggtccgccaggctccagggaaggggctggagtgggtctcagctattagtggtagtggtggtagcacatactacgcagactccgtgaagggccggttcaccatctccagagacaattccaagaacacgctgtatctgcaaatgaacagcctgagagccgaggacacggccgtatattactgtgcgaaagggaatagcagcagctggtactactttgactactggggccaaggaaccctggtcaccgtctcctca	IGHV3-23	IGHD6-13	IGHJ4	tgtgcgaaagggaatagcagcagctggtactactttgactactgg	2	9.95421063109695e-05
caggtgcagctggtgcagtctggggctgaggtgaagaagcctggggcctcagtgaaggtctcctgcaaggcttctggatacaccttcaccggctactatatgcactgggtgcgacaggcccctggacaagggcttgagtggatgggacggatcaaccctaacagtggtggcacaaactatgcacagaagtttcagggcagggtcaccagtaccagggacacgtccatcagcacagcctacatggagctgagcaggctgagatctgacgacacggtcgtgtattactgtgcgagagacactaactggggacacaactggttcgactcctggggccaaggaaccctggtcaccgtctcctca	IGHV1-2	IGHD7-27	IGHJ5	tgtgcgagagacactaactggggacacaactggttcgactcctgg	2	9.95421063109695e-05
caggtcaccttgagggagtctggtcctgcgctggtgaaacccacacagaccctcacactgacctgcaccttctctgggttctcactcagcactagtggaatgtgtgtgagctggatccgtcagcccccagggaaggccctggagtggcttgcactcattgattgggatgatgataaatactacagcacatctctgaagaccaggctcaccatctccaaggacacctccaaaaaccaggtggtccttacaatgaccaacatggaccctgtggacacagccacgtattactgtgcacggatacgaatgggagctacggggtactttgactactggggccaaggaaccctggtcaccgtctcctca	IGHV2-70	IGHD1-26	IGHJ4	tgtgcacggatacgaatgggagctacggggtactttgactactgg	2	9.95421063109695e-05
gaggtgcagctggtgcagtctggagcagaggtgaaaaagcccggggagtctctgaagatctcctgtaagggttctggatacagctttaccagctactggatcggctgggtgcgccagatgcccgggaaaggcctggagtggatggggatcatctatcctggtgactctgataccagatacagcccgtccttccaaggccaggtcaccatctcagccgacaagtccatcagcaccgcctacctgcagtggagcagcctgaaggcctcggacaccgccatgtattactgtgcgagacatcggagacagggacggtactactttgactactggggccaaggaaccctggtcaccgtctcctca	IGHV5-51	IGHD1-1	IGHJ4	tgtgcgagacatcggagacagggacggtactactttgactactgg	2	9.95421063109695e-05
caggtgcagctggtgcagtctggggctgaggtgaagaagcctgggtcctcggtgaaggtctcctgcaaggcttctggaggcaccttcagcagctatgctatcagctgggtgcgacaggcccctggacaagggcttgagtggatgggagggatcatccctatctttggtacagcaaactacgcacagaagttccagggcagagtcacgattaccgcggacgaatccacgagcacagcctacatggagctgagcagcctgagatctgaggacacggccgtgtattactgtgcgagagagcggcgtatagcagctcgtccctactggggccaaggaaccctggtcaccgtctcctca	IGHV1-69	IGHD6-6	IGHJ4	tgtgcgagagagcggcgtatagcagctcgtccctactgg	2	9.95421063109695e-05
caggtgcagctggtgcagtctggggctgaggtgaagaagcctgggtcctcggtgaaggtctcctgcaaggcttctggaggcaccttcagcagctatgctatcagctgggtgcgacaggcccctggacaagggcttgagtggatgggagggatcatccctatctttggtacagcaaactacgcacagaagttccagggcagagtcacgattaccgcggacgaatccacgagcacagcctacatggagctgagcagcctgagatctgaggacacggccgtgtattactgtgcgagagatcggagtgggagctactgggcttttgatgtctggggccaagggacaatggtcaccgtctcttca	IGHV1-69	IGHD1-26	IGHJ3	tgtgcgagagatcggagtgggagctactgggcttttgatgtctgg	2	9.95421063109695e-05
caggttcagctggtgcagtctggagctgaggtgaagaagcctggggcctcagtgaaggtctcctgcaaggcttctggttacacctttaccagctatggtatcagctgggtgcgacaggcccctggacaagggcttgagtggatgggatggatcagcgcttacaatggtaacacaaactatgcacagaagctccagggcagagtcaccatgaccacagacacatccacgagcacagcctacatggagctgaggagcctgagatctgacgacacggccgtgtattactgtgcgagagaaggggtggctggtacctactttgactactggggccaaggaaccctggtcaccgtctcctca	IGHV1-18	IGHD6-19	IGHJ4	tgtgcgagagaaggggtggctggtacctactttgactactgg	2	9.95421063109695e-05
caggttcagctggtgcagtctggagctgaggtgaagaagcctggggcctcagtgaaggtctcctgcaaggcttctggttacacctttaccagctatggtatcagctgggtgcgacaggcccctggacaagggcttgagtggatgggatggatcagcgcttacaatggtaacacaaactatgcacagaagctccagggcagagtcaccatgaccacagacacatccacgagcacagcctacatggagctgaggagcctgagatctgacgacacggccgtgtattactgtgcgagggggtatagcagtgtctactttgactactggggccaaggaaccctggtcaccgtctcctca	IGHV1-18	IGHD6-19	IGHJ4	tgtgcgagggggtatagcagtgtctactttgactactgg	2	9.95421063109695e-05
gaggtgcagctggtggagtctgggggaggcttggtaaagcctggggggtcccttagactctcctgtgcagcctctggattcactttcagtaacgcctggatgagctgggtccgccaggctccagggaaggggctggagtgggttggccgtattaaaagcaaaactgatggtgggacaacagactacgctgcacccgtgaaaggcagattcaccatctcaagagatgattcaaaaaacacgctgtatctgcaaatgaacagcctgaaaaccgaggacacagccgtgtattactgtaccacagatgagacgtactactactacggtatggacgtctgggggcaagggaccacggtcaccgtctcctca	IGHV3-15	IGHD4-17	IGHJ6	tgtaccacagatgagacgtactactactacggtatggacgtctgg	2	9.95421063109695e-05
caggtgcagctggtgcagtctggggctgaggtgaagaagcctggggcctcagtgaaggtctcctgcaaggcttctggatacaccttcaccagttatgatatcaactgggtgcgacaggccactggacaagggcttgagtggatgggatggatgaaccctaacagtggtaacacaggctatgcacagaagttccagggcagagtcaccatgaccaggaacacctccataagcacagcctacatggagctgagcagcctgagatctgaggacacggccgtgtattactgtgcgagagtatggttcggggagcactactttgactactggggccaaggaaccctggtcaccgtctcctca	IGHV1-8	IGHD3-10	IGHJ4	tgtgcgagagtatggttcggggagcactactttgactactgg	2	9.95421063109695e-05
caggtgcagctacagcagtggggcgcaggactgttgaagccttcggagaccctgtccctcacctgcgctgtctatggtgggtccttcagtggttactactggagctggatccgccagcccccagggaaggggctggagtggattggggaaatcaatcatagtggaagcaccaactacaacccgtccctcaagagtcgagtcaccatatcagtagacacgtccaagaaccagttctccctgaagctgagctctgtgaccgccgcggacacggctgtgtattactgtgcgggagcagtggctggtactcactttgactactggggccaaggaaccctggtcaccgtctcctca	IGHV4-34	IGHD6-19	IGHJ4	tgtgcgggagcagtggctggtactcactttgactactgg	2	9.95421063109695e-05
gaggtgcagctgttggagtctgggggaggcttggtacagcctggggggtccctgagactctcctgtgcagcctctggattcacctttagcagctatgccatgagctgggtccgccaggctccagggaaggggctggagtgggtctcagctattagtggtagtggtggtagcacatactacgcagactccgtgaagggccggttcaccatctccagagacaattccaagaacacgctgtatctgcaaatgaacagcctgagagccgaggacacggccgtatattactgtgcgaaccgcaactggaagtactactttgactactggggccaaggaaccctggtcaccgtctcctca	IGHV3-23	IGHD1-1	IGHJ4	tgtgcgaaccgcaactggaagtactactttgactactgg	2	9.95421063109695e-05
caggtgcagctggtggagtctgggggaggcttggtcaagcctggagggtccctgagactctcctgtgcagcctctggattcaccttcagtgactactacatgagctggatccgccaggctccagggaaggggctggagtgggtttcatacattagtagtagtggtagtaccatatactacgcagactctgtgaagggccgattcaccatctccagggacaacgccaagaactcactgtatctgcaaatgaacagcctgagagccgaggacacggccgtgtattactgtgcgagagagaagcagtggctggggtgctttgactactggggccaaggaaccctggtcaccgtctcctca	IGHV3-11	IGHD6-19	IGHJ4	tgtgcgagagagaagcagtggctggggtgctttgactactgg	2	9.95421063109695e-05
caggttcagctggtgcagtctggagctgaggtgaagaagcctggggcctcagtgaaggtctcctgcaaggcttctggttacacctttaccagctatggtatcagctgggtgcgacaggcccctggacaagggcttgagtggatgggatggatcagcgcttacaatggtaacacaaactatgcacagaagctccagggcagagtcaccatgaccacagacacatccacgagcacagcctacatggagctgaggagcctgagatctgacgacacggccgtgtattactgtgcgagagagaagcagctcgactactttgactactggggccaaggaaccctggtcaccgtctcctca	IGHV1-18	IGHD6-6	IGHJ4	tgtgcgagagagaagcagctcgactactttgactactgg	2	9.95421063109695e-05
gaggtgcagctggtggagtccgggggaggcttagttcagcctggggggtccctgagactctcctgtgcagcctctggattcaccttcagtagctactggatgcactgggtccgccaagctccagggaaggggctggtgtgggtctcacgtattaatagtgatgggagtagcacaagctacgcggactccgtgaagggccgattcaccatctccagagacaacgccaagaacacgctgtatctgcaaatgaacagtctgagagccgaggacacggctgtgtattactgtgcaacggacgatattttgactggttattatagggatgtctggggccaagggacaatggtcaccgtctcttca	IGHV3-74	IGHD3-9	IGHJ3	tgtgcaacggacgatattttgactggttattatagggatgtctgg	2	9.95421063109695e-05
gaggtgcagctggtggagtctgggggaggcttggtccagcctggggggtccctgaaactctcctgtgcagcctctgggttcaccttcagtggctctgctatgcactgggtccgccaggcttccgggaaagggctggagtgggttggccgtattagaagcaaagctaacagttacgcgacagcatatgctgcgtcggtgaaaggcaggttcaccatctccagagatgattcaaagaacacggcgtatctgcaaatgaacagcctgaaaaccgaggacacggccgtgtattactgtactagacaggtggtaactcccgtctggtacttcgatctctggggccgtggcaccctggtcactgtctcctca	IGHV3-73	IGHD4-23	IGHJ2	tgtactagacaggtggtaactcccgtctggtacttcgatctctgg	2	9.95421063109695e-05
caggtgcagctacagcagtggggcgcaggactgttgaagccttcggagaccctgtccctcacctgcgctgtctatggtgggtccttcagtggttactactggagctggatccgccagcccccagggaaggggctggagtggattggggaaatcaatcatagtggaagcaccaactacaacccgtccctcaagagtcgagtcaccatatcagtagacacgtccaagaaccagttctccctgaagctgagctctgtgaccgccgcggacacggctgtgtattactgtgcgagaggggggctaactggggaaagtgactactggggccaaggaaccctggtcaccgtctcctca	IGHV4-34	IGHD7-27	IGHJ4	tgtgcgagaggggggctaactggggaaagtgactactgg	2	9.95421063109695e-05
gaggtgcagctggtggagtccgggggaggcttagttcagcctggggggtccctgagactctcctgtgcagcctctggattcaccttcagtagctactggatgcactgggtccgccaagctccagggaaggggctggtgtgggtctcacgtattaatagtgatgggagtagcacaagctacgcggactccgtgaagggccgattcaccatctccagagacaacgccaagaacacgctgtatctgcaaatgaacagtctgagagccgaggacacggctgtgtattactgtgcaagagatggggagtggctggtaccctttgactactggggccaaggaaccctggtcaccgtctcctca	IGHV3-74	IGHD6-19	IGHJ4	tgtgcaagagatggggagtggctggtaccctttgactactgg	2	9.95421063109695e-05
gaggtgcagctggtgcagtctggagcagaggtgaaaaagcccggggagtctctgaagatctcctgtaagggttctggatacagctttaccagctactggatcggctgggtgcgccagatgcccgggaaaggcctggagtggatggggatcatctatcctggtgactctgataccagatacagcccgtccttccaaggccaggtcaccatctcagccgacaagtccatcagcaccgcctacctgcagtggagcagcctgaaggcctcggacaccgccatgtattactgtgaggatattgtagtagtaccagctggtgactactggggccaaggaaccctggtcaccgtctcctca	IGHV5-51	IGHD2-2	IGHJ4	tgtgaggatattgtagtagtaccagctggtgactactgg	2	9.95421063109695e-05
caggtgcagctggtgcagtctggggctgaggtgaagaagcctgggtcctcggtgaaggtctcctgcaaggcttctggaggcaccttcagcagctatgctatcagctgggtgcgacaggcccctggacaagggcttgagtggatgggagggatcatccctatctttggtacagcaaactacgcacagaagttccagggcagagtcacgattaccgcggacgaatccacgagcacagcctacatggagctgagcagcctgagatctgaggacacggccgtgtattactgtgcgagaatcgcagtggctggtaactactttgactactggggccaaggaaccctggtcaccgtctcctca	IGHV1-69	IGHD6-19	IGHJ4	tgtgcgagaatcgcagtggctggtaactactttgactactgg	2	9.95421063109695e-05
caggttcagctggtgcagtctggagctgaggtgaagaagcctggggcctcagtgaaggtctcctgcaaggcttctggttacacctttaccagctatggtatcagctgggtgcgacaggcccctggacaagggcttgagtggatgggatggatcagcgcttacaatggtaacacaaactatgcacagaagctccagggcagagtcaccatgaccacagacacatccacgagcacagcctacatggagctgaggagcctgagatctgacgacacggccgtgtattactgtgcgagagacgtggatatagtggctaactactttgactactggggccaaggaaccctggtcaccgtctcctca	IGHV1-18	IGHD5-12	IGHJ4	tgtgcgagagacgtggatatagtggctaactactttgactactgg	2	9.95421063109695e-05
caggtcaccttgaaggagtctggtcctgtgctggtgaaacccacagagaccctcacgctgacctgcaccgtctctgggttctcactcagcaatgctagaatgggtgtgagctggatccgtcagcccccagggaaggccctggagtggcttgcacacattttttcgaatgacgaaaaatcctacagcacatctctgaagagcaggctcaccatctccaaggacacctccaaaagccaggtggtccttaccatgaccaacatggaccctgtggacacagccacatattactgtgcacggattggcatttttgatgcttttgatgtctggggccaagggacaatggtcaccgtctcttca	IGHV2-26	IGHD6-19	IGHJ3	tgtgcacggattggcatttttgatgcttttgatgtctgg	2	9.95421063109695e-05
cagatcaccttgaaggagtctggtcctacgctggtgaaacccacacagaccctcacgctgacctgcaccttctctgggttctcactcagcactagtggagtgggtgtgggctggatccgtcagcccccaggaaaggccctggagtggcttgcactcatttattggaatgatgataagcgctacagcccatctctgaagagcaggctcaccatcaccaaggacacctccaaaaaccaggtggtccttacaatgaccaacatggaccctgtggacacagccacatattactgtgcacacagacgcgagctggtccactttgactactggggccaaggaaccctggtcaccgtctcctca	IGHV2-5	IGHD6-19	IGHJ4	tgtgcacacagacgcgagctggtccactttgactactgg	2	9.95421063109695e-05
caggtgcagctggtggagtctgggggaggcttggtcaagcctggagggtccctgagactctcctgtgcagcctctggattcaccttcagtgactactacatgagctggatccgccaggctccagggaaggggctggagtgggtttcatacattagtagtagtggtagtaccatatactacgcagactctgtgaagggccgattcaccatctccagggacaacgccaagaactcactgtatctgcaaatgaacagcctgagagccgaggacacggccgtgtattactgtgcgagagatgttcggggagttattatattatttgactactggggccaaggaaccctggtcaccgtctcctca	IGHV3-11	IGHD3-10	IGHJ4	tgtgcgagagatgttcggggagttattatattatttgactactgg	2	9.95421063109695e-05
caggttcagctggtgcagtctggagctgaggtgaagaagcctggggcctcagtgaaggtctcctgcaaggcttctggttacacctttaccagctatggtatcagctgggtgcgacaggcccctggacaagggcttgagtggatgggatggatcagcgcttacaatggtaacacaaactatgcacagaagctccagggcagagtcaccatgaccacagacacatccacgagcacagcctacatggagctgaggagcctgagatctgacgacacggccgtgtattactgtgcgagagaggtggctgatgggtactttgactactggggccaaggaaccctggtcaccgtctcctca	IGHV1-18	IGHD6-19	IGHJ4	tgtgcgagagaggtggctgatgggtactttgactactgg	2	9.95421063109695e-05
caggtgcagctggtgcagtctggggctgaggtgaagaagcctggggcctcagtgaaggtctcctgcaaggcttctggatacaccttcaccggctactatatgcactgggtgcgacaggcccctggacaagggcttgagtggatgggacggatcaaccctaacagtggtggcacaaactatgcacagaagtttcagggcagggtcaccagtaccagggacacgtccatcagcacagcctacatggagctgagcaggctgagatctgacgacacggtcgtgtattactgtgcgagagaacaggatagcagcagctggtgctttgactactggggccaaggaaccctggtcaccgtctcctca	IGHV1-2	IGHD6-13	IGHJ4	tgtgcgagagaacaggatagcagcagctggtgctttgactactgg	2	9.95421063109695e-05
caggtgcagctggtgcagtctggggctgaggtgaagaagcctggggcctcagtgaaggtttcctgcaaggcatctggatacaccttcaccagctactatatgcactgggtgcgacaggcccctggacaagggcttgagtggatgggaataatcaaccctagtggtggtagcacaagctacgcacagaagttccagggcagagtcaccatgaccagggacacgtccacgagcacagtctacatggagctgagcagcctgagatctgaggacacggccgtgtattactgtgcgagagatacggttgtagtagtaccctttgactactggggccaaggaaccctggtcaccgtctcctca	IGHV1-46	IGHD2-2	IGHJ4	tgtgcgagagatacggttgtagtagtaccctttgactactgg	2	9.95421063109695e-05
gaggtgcagctggtggagtctgggggaggcttggtaaagcctggggggtcccttagactctcctgtgcagcctctggattcactttcagtaacgcctggatgagctgggtccgccaggctccagggaaggggctggagtgggttggccgtattaaaagcaaaactgatggtgggacaacagactacgctgcacccgtgaaaggcagattcaccatctcaagagatgattcaaaaaacacgctgtatctgcaaatgaacagcctgaaaaccgaggacacagccgtgtattactgtaccacagagggatatagtggctacgattactttgactactggggccaaggaaccctggtcaccgtctcctca	IGHV3-15	IGHD5-12	IGHJ4	tgtaccacagagggatatagtggctacgattactttgactactgg	2	9.95421063109695e-05
gaggtgcagctggtgcagtctggagcagaggtgaaaaagcccggggagtctctgaagatctcctgtaagggttctggatacagctttaccagctactggatcggctgggtgcgccagatgcccgggaaaggcctggagtggatggggatcatctatcctggtgactctgataccagatacagcccgtccttccaaggccaggtcaccatctcagccgacaagtccatcagcaccgcctacctgcagtggagcagcctgaaggcctcggacaccgccatgtattactgtgcgagacaacagcagctggtcctctactactttgactactggggccaaggaaccctggtcaccgtctcctca	IGHV5-51	IGHD6-13	IGHJ4	tgtgcgagacaacagcagctggtcctctactactttgactactgg	2	9.95421063109695e-05
gaggtgcagctgttggagtctgggggaggcttggtacagcctggggggtccctgagactctcctgtgcagcctctggattcacctttagcagctatgccatgagctgggtccgccaggctccagggaaggggctggagtgggtctcagctattagtggtagtggtggtagcacatactacgcagactccgtgaagggccggttcaccatctccagagacaattccaagaacacgctgtatctgcaaatgaacagcctgagagccgaggacacggccgtatattactgtgcgataaagagggaggctacaattgcttttgatgtctggggccaagggacaatggtcaccgtctcttca	IGHV3-23	IGHD5-24	IGHJ3	tgtgcgataaagagggaggctacaattgcttttgatgtctgg	2	9.95421063109695e-05
gaggtgcagctgttggagtctgggggaggcttggtacagcctggggggtccctgagactctcctgtgcagcctctggattcacctttagcagctatgccatgagctgggtccgccaggctccagggaaggggctggagtgggtctcagctattagtggtagtggtggtagcacatactacgcagactccgtgaagggccggttcaccatctccagagacaattccaagaacacgctgtatctgcaaatgaacagcctgagagccgaggacacggccgtatattactgtgcgaatctgatagcagcagctggtacctttgactactggggccaaggaaccctggtcaccgtctcctca	IGHV3-23	IGHD6-13	IGHJ4	tgtgcgaatctgatagcagcagctggtacctttgactactgg	2	9.95421063109695e-05
gaagtgcagctggtggagtctgggggagtcgtggtacagcctggggggtccctgagactctcctgtgcagcctctggattcacctttgatgattataccatgcactgggtccgtcaagctccggggaagggtctggagtgggtctctcttattagttgggatggtggtagcacatactatgcagactctgtgaagggccgattcaccatctccagagacaacagcaaaaactccctgtatctgcaaatgaacagtctgagaactgaggacaccgccttgtattactgtgcaaaagagaggggatggctggtacgggactttgactactggggccaaggaaccctggtcaccgtctcctca	IGHV3-43	IGHD6-19	IGHJ4	tgtgcaaaagagaggggatggctggtacgggactttgactactgg	2	9.95421063109695e-05
caggtccagctggtacagtctggggctgaggtgaagaagcctggggcctcagtgaaggtctcctgcaaggtttccggatacaccctcactgaattatccatgcactgggtgcgacaggctcctggaaaagggcttgagtggatgggaggttttgatcctgaagatggtgaaacaatctacgcacagaagttccagggcagagtcaccatgaccgaggacacatctacagacacagcctacatggagctgagcagcctgagatctgaggacacggccgtgtattactgtgtatacggctacgattactcctactttgactactggggccaaggaaccctggtcaccgtctcctca	IGHV1-24	IGHD5-12	IGHJ4	tgtgtatacggctacgattactcctactttgactactgg	2	9.95421063109695e-05
gaggtgcagctggtggagtctgggggaggcttggtaaagcctggggggtcccttagactctcctgtgcagcctctggattcactttcagtaacgcctggatgagctgggtccgccaggctccagggaaggggctggagtgggttggccgtattaaaagcaaaactgatggtgggacaacagactacgctgcacccgtgaaaggcagattcaccatctcaagagatgattcaaaaaacacgctgtatctgcaaatgaacagcctgaaaaccgaggacacagccgtgtattactgtaccacagaggagggagctaccaaagttccctttgactactggggccaaggaaccctggtcaccgtctcctca	IGHV3-15	IGHD1-26	IGHJ4	tgtaccacagaggagggagctaccaaagttccctttgactactgg	2	9.95421063109695e-05
gaggtgcagctgttggagtctgggggaggcttggtacagcctggggggtccctgagactctcctgtgcagcctctggattcacctttagcagctatgccatgagctgggtccgccaggctccagggaaggggctggagtgggtctcagctattagtggtagtggtggtagcacatactacgcagactccgtgaagggccggttcaccatctccagagacaattccaagaacacgctgtatctgcaaatgaacagcctgagagccgaggacacggccgtatattactgtgcgaaagagattctaactggggagggctttgactactggggccaaggaaccctggtcaccgtctcctca	IGHV3-23	IGHD7-27	IGHJ4	tgtgcgaaagagattctaactggggagggctttgactactgg	2	9.95421063109695e-05
caggtccagcttgtgcagtctggggctgaggtgaagaagcctggggcctcagtgaaggtttcctgcaaggcttctggatacaccttcactagctatgctatgcattgggtgcgccaggcccccggacaaaggcttgagtggatgggatggatcaacgctggcaatggtaacacaaaatattcacagaagttccagggcagagtcaccattaccagggacacatccgcgagcacagcctacatggagctgagcagcctgagatctgaagacacggctgtgtattactgtgcgagagatattactgtcatctactttgactactggggccaaggaaccctggtcaccgtctcctca	IGHV1-3	IGHD3-10	IGHJ4	tgtgcgagagatattactgtcatctactttgactactgg	2	9.95421063109695e-05
caggtcaccttgagggagtctggtcctgcgctggtgaaacccacacagaccctcacactgacctgcaccttctctgggttctcactcagcactagtggaatgtgtgtgagctggatccgtcagcccccagggaaggccctggagtggcttgcactcattgattgggatgatgataaatactacagcacatctctgaagaccaggctcaccatctccaaggacacctccaaaaaccaggtggtccttacaatgaccaacatggaccctgtggacacagccacgtattactgtgcacggataccaatgccccttgatgcttttgatgtctggggccaagggacaatggtcaccgtctcttca	IGHV2-70	IGHD2-2	IGHJ3	tgtgcacggataccaatgccccttgatgcttttgatgtctgg	2	9.95421063109695e-05
caggtgcagctacagcagtggggcgcaggactgttgaagccttcggagaccctgtccctcacctgcgctgtctatggtgggtccttcagtggttactactggagctggatccgccagcccccagggaaggggctggagtggattggggaaatcaatcatagtggaagcaccaactacaacccgtccctcaagagtcgagtcaccatatcagtagacacgtccaagaaccagttctccctgaagctgagctctgtgaccgccgcggacacggctgtgtattactgtgcgagaggtgatagcagcagctggtactactttgactactggggccaaggaaccctggtcaccgtctcctca	IGHV4-34	IGHD6-13	IGHJ4	tgtgcgagaggtgatagcagcagctggtactactttgactactgg	2	9.95421063109695e-05
caggttcagctggtgcagtctggagctgaggtgaagaagcctggggcctcagtgaaggtctcctgcaaggcttctggttacacctttaccagctatggtatcagctgggtgcgacaggcccctggacaagggcttgagtggatgggatggatcagcgcttacaatggtaacacaaactatgcacagaagctccagggcagagtcaccatgaccacagacacatccacgagcacagcctacatggagctgaggagcctgagatctgacgacacggccgtgtattactgtgcgagggggggagctacccactggttcgactcctggggccaaggaaccctggtcaccgtctcctca	IGHV1-18	IGHD1-26	IGHJ5	tgtgcgagggggggagctacccactggttcgactcctgg	2	9.95421063109695e-05
gaggtgcagctgttggagtctgggggaggcttggtacagcctggggggtccctgagactctcctgtgcagcctctggattcacctttagcagctatgccatgagctgggtccgccaggctccagggaaggggctggagtgggtctcagctattagtggtagtggtggtagcacatactacgcagactccgtgaagggccggttcaccatctccagagacaattccaagaacacgctgtatctgcaaatgaacagcctgagagccgaggacacggccgtatattactgtgcgaaagatcgtggtgattgctattcctttgactactggggccaaggaaccctggtcaccgtctcctca	IGHV3-23	IGHD2-21	IGHJ4	tgtgcgaaagatcgtggtgattgctattcctttgactactgg	2	9.95421063109695e-05
caggtccagctggtacagtctggggctgaggtgaagaagcctggggcctcagtgaaggtctcctgcaaggtttccggatacaccctcactgaattatccatgcactgggtgcgacaggctcctggaaaagggcttgagtggatgggaggttttgatcctgaagatggtgaaacaatctacgcacagaagttccagggcagagtcaccatgaccgaggacacatctacagacacagcctacatggagctgagcagcctgagatctgaggacacggccgtgtattactgtgcaacagattgggtggctggttactttgactactggggccaaggaaccctggtcaccgtctcctca	IGHV1-24	IGHD6-19	IGHJ4	tgtgcaacagattgggtggctggttactttgactactgg	2	9.95421063109695e-05
caggtgcagctggtgcagtctggggctgaggtgaagaagcctgggtcctcggtgaaggtctcctgcaaggcttctggaggcaccttcagcagctatgctatcagctgggtgcgacaggcccctggacaagggcttgagtggatgggagggatcatccctatctttggtacagcaaactacgcacagaagttccagggcagagtcacgattaccgcggacgaatccacgagcacagcctacatggagctgagcagcctgagatctgaggacacggccgtgtattactgtgcgagttgcggctaccttgactactttgactactggggccaaggaaccctggtcaccgtctcctca	IGHV1-69	IGHD6-25	IGHJ4	tgtgcgagttgcggctaccttgactactttgactactgg	2	9.95421063109695e-05
gaggtgcagctggtggagtccgggggaggcttagttcagcctggggggtccctgagactctcctgtgcagcctctggattcaccttcagtagctactggatgcactgggtccgccaagctccagggaaggggctggtgtgggtctcacgtattaatagtgatgggagtagcacaagctacgcggactccgtgaagggccgattcaccatctccagagacaacgccaagaacacgctgtatctgcaaatgaacagtctgagagccgaggacacggctgtgtattactgtgcaagagaggatttttggagtggttattattttgactactggggccaaggaaccctggtcaccgtctcctca	IGHV3-74	IGHD3-3	IGHJ4	tgtgcaagagaggatttttggagtggttattattttgactactgg	2	9.95421063109695e-05
gaggtgcagctggtgcagtctggagcagaggtgaaaaagcccggggagtctctgaagatctcctgtaagggttctggatacagctttaccagctactggatcggctgggtgcgccagatgcccgggaaaggcctggagtggatggggatcatctatcctggtgactctgataccagatacagcccgtccttccaaggccaggtcaccatctcagccgacaagtccatcagcaccgcctacctgcagtggagcagcctgaaggcctcggacaccgccatgtattactgtgcgagacagaggtcccagcagcagctggactttgactactggggccaaggaaccctggtcaccgtctcctca	IGHV5-51	IGHD6-13	IGHJ4	tgtgcgagacagaggtcccagcagcagctggactttgactactgg	2	9.95421063109695e-05
gaggtgcagctggtggagtctgggggaggcttggtaaagcctggggggtcccttagactctcctgtgcagcctctggattcactttcagtaacgcctggatgagctgggtccgccaggctccagggaaggggctggagtgggttggccgtattaaaagcaaaactgatggtgggacaacagactacgctgcacccgtgaaaggcagattcaccatctcaagagatgattcaaaaaacacgctgtatctgcaaatgaacagcctgaaaaccgaggacacagccgtgtattactgtaccacagagagggactacggtgactactactttgactactggggccaaggaaccctggtcaccgtctcctca	IGHV3-15	IGHD4-17	IGHJ4	tgtaccacagagagggactacggtgactactactttgactactgg	2	9.95421063109695e-05
gaggtgcagctgttggagtctgggggaggcttggtacagcctggggggtccctgagactctcctgtgcagcctctggattcacctttagcagctatgccatgagctgggtccgccaggctccagggaaggggctggagtgggtctcagctattagtggtagtggtggtagcacatactacgcagactccgtgaagggccggttcaccatctccagagacaattccaagaacacgctgtatctgcaaatgaacagcctgagagccgaggacacggccgtatattactgtgcgaaagagtctgggagctactgctttgactactggggccaaggaaccctggtcaccgtctcctca	IGHV3-23	IGHD1-26	IGHJ4	tgtgcgaaagagtctgggagctactgctttgactactgg	2	9.95421063109695e-05
caggttcagctggtgcagtctggagctgaggtgaagaagcctggggcctcagtgaaggtctcctgcaaggcttctggttacacctttaccagctatggtatcagctgggtgcgacaggcccctggacaagggcttgagtggatgggatggatcagcgcttacaatggtaacacaaactatgcacagaagctccagggcagagtcaccatgaccacagacacatccacgagcacagcctacatggagctgaggagcctgagatctgacgacacggccgtgtattactgtgcgagagaatatagcagccctctctactttgactactggggccaaggaaccctggtcaccgtctcctca	IGHV1-18	IGHD6-13	IGHJ4	tgtgcgagagaatatagcagccctctctactttgactactgg	2	9.95421063109695e-05
gaggtgcagctggtggagtccgggggaggcttagttcagcctggggggtccctgagactctcctgtgcagcctctggattcaccttcagtagctactggatgcactgggtccgccaagctccagggaaggggctggtgtgggtctcacgtattaatagtgatgggagtagcacaagctacgcggactccgtgaagggccgattcaccatctccagagacaacgccaagaacacgctgtatctgcaaatgaacagtctgagagccgaggacacggctgtgtattactgtgcaagagaggaagcagcagctggtacgtttgactactggggccaaggaaccctggtcaccgtctcctca	IGHV3-74	IGHD6-13	IGHJ4	tgtgcaagagaggaagcagcagctggtacgtttgactactgg	2	9.95421063109695e-05
gaggtgcagctggtggagtctgggggaggcttggtacagccagggcggtccctgagactctcctgtacagcttctggattcacctttggtgattatgctatgagctggttccgccaggctccagggaaggggctggagtgggtaggtttcattagaagcaaagcttatggtgggacaacagaatacaccgcgtctgtgaaaggcagattcaccatctcaagagatggttccaaaagcatcgcctatctgcaaatgaacagcctgaaaaccgaggacacagccgtgtattactgtactagagactacggtggtaactcctcctttgactactggggccaaggaaccctggtcaccgtctcctca	IGHV3-49	IGHD4-23	IGHJ4	tgtactagagactacggtggtaactcctcctttgactactgg	1	4.97710531554848e-05
gaggtgcagctggtggagtccgggggaggcttagttcagcctggggggtccctgagactctcctgtgcagcctctggattcaccttcagtagctactggatgcactgggtccgccaagctccagggaaggggctggtgtgggtctcacgtattaatagtgatgggagtagcacaagctacgcggactccgtgaagggccgattcaccatctccagagacaacgccaagaacacgctgtatctgcaaatgaacagtctgagagccgaggacacggctgtgtattactgtgcaaggggggagatagtgggagctactagctttgactactggggccaaggaaccctggtcaccgtctcctca	IGHV3-74	IGHD1-26	IGHJ4	tgtgcaaggggggagatagtgggagctactagctttgactactgg	1	4.97710531554848e-05
gaggtgcagctggtgcagtctggagcagaggtgaaaaagcccggggagtctctgaagatctcctgtaagggttctggatacagctttaccagctactggatcggctgggtgcgccagatgcccgggaaaggcctggagtggatggggatcatctatcctggtgactctgataccagatacagcccgtccttccaaggccaggtcaccatctcagccgacaagtccatcagcaccgcctacctgcagtggagcagcctgaaggcctcggacaccgccatgtattactgtgcgagtcgccccctacaactggaacgtgatgtctggggccaagggacaatggtcaccgtctcttca	IGHV5-51	IGHD1-1	IGHJ3	tgtgcgagtcgccccctacaactggaacgtgatgtctgg	1	4.97710531554848e-05
gaggtgcagctgttggagtctgggggaggcttggtacagcctggggggtccctgagactctcctgtgcagcctctggattcacctttagcagctatgccatgagctgggtccgccaggctccagggaaggggctggagtgggtctcagctattagtggtagtggtggtagcacatactacgcagactccgtgaagggccggttcaccatctccagagacaattccaagaacacgctgtatctgcaaatgaacagcctgagagccgaggacacggccgtatattactgtgcgatccgggtcgagactacgtactactttgactactggggccaaggaaccctggtcaccgtctcctca	IGHV3-23	IGHD4-17	IGHJ4	tgtgcgatccgggtcgagactacgtactactttgactactgg	1	4.97710531554848e-05
caggtgcagctggtgcagtctggggctgaggtgaagaagcctgggtcctcggtgaaggtctcctgcaaggcttctggaggcaccttcagcagctatgctatcagctgggtgcgacaggcccctggacaagggcttgagtggatgggagggatcatccctatctttggtacagcaaactacgcacagaagttccagggcagagtcacgattaccgcggacgaatccacgagcacagcctacatggagctgagcagcctgagatctgaggacacggccgtgtattactgtgcgagagagtatagcagctcgtccttcgactcctggggccaaggaaccctggtcaccgtctcctca	IGHV1-69	IGHD6-6	IGHJ5	tgtgcgagagagtatagcagctcgtccttcgactcctgg	1	4.97710531554848e-05
caggtgcagctggtgcagtctggggctgaggtgaagaagcctgggtcctcggtgaaggtctcctgcaaggcttctggaggcaccttcagcagctatgctatcagctgggtgcgacaggcccctggacaagggcttgagtggatgggagggatcatccctatctttggtacagcaaactacgcacagaagttccagggcagagtcacgattaccgcggacgaatccacgagcacagcctacatggagctgagcagcctgagatctgaggacacggccgtgtattactgtgcgagagaaagcagcagctggtaccggtacttcgatctctggggccgtggcaccctggtcactgtctcctca	IGHV1-69	IGHD6-13	IGHJ2	tgtgcgagagaaagcagcagctggtaccggtacttcgatctctgg	1	4.97710531554848e-05
caggtgcagctggtgcagtctggggctgaggtgaagaagcctgggtcctcggtgaaggtctcctgcaaggcttctggaggcaccttcagcagctatgctatcagctgggtgcgacaggcccctggacaagggcttgagtggatgggagggatcatccctatctttggtacagcaaactacgcacagaagttccagggcagagtcacgattaccgcggacgaatccacgagcacagcctacatggagctgagcagcctgagatctgaggacacggccgtgtattactgtgcgagagggatccccgaagacaactggttcgactcctggggccaaggaaccctggtcaccgtctcctca	IGHV1-69	IGHD4-17	IGHJ5	tgtgcgagagggatccccgaagacaactggttcgactcctgg	1	4.97710531554848e-05
gaggtgcagctggtgcagtctggagcagaggtgaaaaagcccggggagtctctgaagatctcctgtaagggttctggatacagctttaccagctactggatcggctgggtgcgccagatgcccgggaaaggcctggagtggatggggatcatctatcctggtgactctgataccagatacagcccgtccttccaaggccaggtcaccatctcagccgacaagtccatcagcaccgcctacctgcagtggagcagcctgaaggcctcggacaccgccatgtattactgtgcgagacatgagcagcgtggagatgcttttgatgtctggggccaagggacaatggtcaccgtctcttca	IGHV5-51	IGHD6-25	IGHJ3	tgtgcgagacatgagcagcgtggagatgcttttgatgtctgg	1	4.97710531554848e-05
gaggtgcagctgttggagtctgggggaggcttggtacagcctggggggtccctgagactctcctgtgcagcctctggattcacctttagcagctatgccatgagctgggtccgccaggctccagggaaggggctggagtgggtctcagctattagtggtagtggtggtagcacatactacgcagactccgtgaagggccggttcaccatctccagagacaattccaagaacacgctgtatctgcaaatgaacagcctgagagccgaggacacggccgtatattactgtgcgagtgggagctactacaactactttgactactggggccaaggaaccctggtcaccgtctcctca	IGHV3-23	IGHD1-26	IGHJ4	tgtgcgagtgggagctactacaactactttgactactgg	1	4.97710531554848e-05
gaggtgcagctggtggagtctgggggaggtgtggtacggcctggggggtccctgagactctcctgtgcagcctctggattcacctttgatgattatggcatgagctgggtccgccaagctccagggaaggggctggagtgggtctctggtattaattggaatggtggtagcacaggttatgcagactctgtgaagggccgattcaccatctccagagacaacgccaagaactccctgtatctgcaaatgaacagtctgagagccgaggacacggccttgtatcactgtgcgagagagaactggaactaccccgactactttgactactggggccaaggaaccctggtcaccgtctcctca	IGHV3-20	IGHD1-7	IGHJ4	tgtgcgagagagaactggaactaccccgactactttgactactgg	1	4.97710531554848e-05
caggttcagctggtgcagtctggagctgaggtgaagaagcctggggcctcagtgaaggtctcctgcaaggcttctggttacacctttaccagctatggtatcagctgggtgcgacaggcccctggacaagggcttgagtggatgggatggatcagcgcttacaatggtaacacaaactatgcacagaagctccagggcagagtcaccatgaccacagacacatccacgagcacagcctacatggagctgaggagcctgagatctgacgacacggccgtgtattactgtgcgagacagtggctggtacccctttttgactactggggccaaggaaccctggtcaccgtctcctca	IGHV1-18	IGHD6-19	IGHJ4	tgtgcgagacagtggctggtacccctttttgactactgg	1	4.97710531554848e-05
gaggtgcagctggtgcagtctggagcagaggtgaaaaagcccggggagtctctgaagatctcctgtaagggttctggatacagctttaccagctactggatcggctgggtgcgccagatgcccgggaaaggcctggagtggatggggatcatctatcctggtgactctgataccagatacagcccgtccttccaaggccaggtcaccatctcagccgacaagtccatcagcaccgcctacctgcagtggagcagcctgaaggcctcggacaccgccatgtattactgtgcgagacatggacgatttttggagtgggtctttgactactggggccaaggaaccctggtcaccgtctcctca	IGHV5-51	IGHD3-3	IGHJ4	tgtgcgagacatggacgatttttggagtgggtctttgactactgg	1	4.97710531554848e-05
caggttcagctggtgcagtctggagctgaggtgaagaagcctggggcctcagtgaaggtctcctgcaaggcttctggttacacctttaccagctatggtatcagctgggtgcgacaggcccctggacaagggcttgagtggatgggatggatcagcgcttacaatggtaacacaaactatgcacagaagctccagggcagagtcaccatgaccacagacacatccacgagcacagcctacatggagctgaggagcctgagatctgacgacacggccgtgtattactgtgcgagagggcccggagggggctcggtgacctttgactactggggccaaggaaccctggtcaccgtctcctca	IGHV1-18	IGHD4-17	IGHJ4	tgtgcgagagggcccggagggggctcggtgacctttgactactgg	1	4.97710531554848e-05
gaggtgcagctggtgcagtctggagcagaggtgaaaaagcccggggagtctctgaagatctcctgtaagggttctggatacagctttaccagctactggatcggctgggtgcgccagatgcccgggaaaggcctggagtggatggggatcatctatcctggtgactctgataccagatacagcccgtccttccaaggccaggtcaccatctcagccgacaagtccatcagcaccgcctacctgcagtggagcagcctgaaggcctcggacaccgccatgtattactgtgcgagacaggggatagcagctcgtgcctttgactactggggccaaggaaccctggtcaccgtctcctca	IGHV5-51	IGHD6-6	IGHJ4	tgtgcgagacaggggatagcagctcgtgcctttgactactgg	1	4.97710531554848e-05
gaggtgcagctgttggagtctgggggaggcttggtacagcctggggggtccctgagactctcctgtgcagcctctggattcacctttagcagctatgccatgagctgggtccgccaggctccagggaaggggctggagtgggtctcagctattagtggtagtggtggtagcacatactacgcagactccgtgaagggccggttcaccatctccagagacaattccaagaacacgctgtatctgcaaatgaacagcctgagagccgaggacacggccgtatattactgtgcgaaagaggtagtgggagtctactttgactactggggccaaggaaccctggtcaccgtctcctca	IGHV3-23	IGHD1-26	IGHJ4	tgtgcgaaagaggtagtgggagtctactttgactactgg	1	4.97710531554848e-05
caggtgcagctacagcagtggggcgcaggactgttgaagccttcggagaccctgtccctcacctgcgctgtctatggtgggtccttcagtggttactactggagctggatccgccagcccccagggaaggggctggagtggattggggaaatcaatcatagtggaagcaccaactacaacccgtccctcaagagtcgagtcaccatatcagtagacacgtccaagaaccagttctccctgaagctgagctctgtgaccgccgcggacacggctgtgtattactgtgactacagtggctggtaccactactttgactactggggccaaggaaccctggtcaccgtctcctca	IGHV4-34	IGHD6-19	IGHJ4	tgtgactacagtggctggtaccactactttgactactgg	1	4.97710531554848e-05
gaagtgcagctggtggagtctgggggagtcgtggtacagcctggggggtccctgagactctcctgtgcagcctctggattcacctttgatgattataccatgcactgggtccgtcaagctccggggaagggtctggagtgggtctctcttattagttgggatggtggtagcacatactatgcagactctgtgaagggccgattcaccatctccagagacaacagcaaaaactccctgtatctgcaaatgaacagtctgagaactgaggacaccgccttgtattactgtgcaaaagacggtgactacggctactactttgactactggggccaaggaaccctggtcaccgtctcctca	IGHV3-43	IGHD4-17	IGHJ4	tgtgcaaaagacggtgactacggctactactttgactactgg	1	4.97710531554848e-05
gaggtgcagctggtgcagtctggagcagaggtgaaaaagcccggggagtctctgaagatctcctgtaagggttctggatacagctttaccagctactggatcggctgggtgcgccagatgcccgggaaaggcctggagtggatggggatcatctatcctggtgactctgataccagatacagcccgtccttccaaggccaggtcaccatctcagccgacaagtccatcagcaccgcctacctgcagtggagcagcctgaaggcctcggacaccgccatgtattactgtgcgagacatatcggagttatgcttaactactttgactactggggccaaggaaccctggtcaccgtctcctca	IGHV5-51	IGHD3-16	IGHJ4	tgtgcgagacatatcggagttatgcttaactactttgactactgg	1	4.97710531554848e-05
caggttcagctggtgcagtctggagctgaggtgaagaagcctggggcctcagtgaaggtctcctgcaaggcttctggttacacctttaccagctatggtatcagctgggtgcgacaggcccctggacaagggcttgagtggatgggatggatcagcgcttacaatggtaacacaaactatgcacagaagctccagggcagagtcaccatgaccacagacacatccacgagcacagcctacatggagctgaggagcctgagatctgacgacacggccgtgtattactgtgcgagagaaattgtggtggtgattgctattccggactactggggccaaggaaccctggtcaccgtctcctca	IGHV1-18	IGHD2-21	IGHJ4	tgtgcgagagaaattgtggtggtgattgctattccggactactgg	1	4.97710531554848e-05
caggttcagctggtgcagtctggagctgaggtgaagaagcctggggcctcagtgaaggtctcctgcaaggcttctggttacacctttaccagctatggtatcagctgggtgcgacaggcccctggacaagggcttgagtggatgggatggatcagcgcttacaatggtaacacaaactatgcacagaagctccagggcagagtcaccatgaccacagacacatccacgagcacagcctacatggagctgaggagcctgagatctgacgacacggccgtgtattactgtgcgagagagggtggatatagtggctacgattaccccgtctgggggcaagggaccacggtcaccgtctcctca	IGHV1-18	IGHD5-12	IGHJ6	tgtgcgagagagggtggatatagtggctacgattaccccgtctgg	1	4.97710531554848e-05
cagctgcagctgcaggagtcgggcccaggactggtgaagccttcggagaccctgtccctcacctgcactgtctctggtggctccatcagcagtagtagttactactggggctggatccgccagcccccagggaaggggctggagtggattgggagtatctattatagtgggagcacctactacaacccgtccctcaagagtcgagtcaccatatccgtagacacgtccaagaaccagttctccctgaagctgagctctgtgaccgccgcagacacggctgtgtattactgtgcgagattatatgagctagggtatgttgactactggggccaaggaaccctggtcaccgtctcctca	IGHV4-39	IGHD1-26	IGHJ4	tgtgcgagattatatgagctagggtatgttgactactgg	1	4.97710531554848e-05
gaagtgcagctggtggagtctgggggagtcgtggtacagcctggggggtccctgagactctcctgtgcagcctctggattcacctttgatgattataccatgcactgggtccgtcaagctccggggaagggtctggagtgggtctctcttattagttgggatggtggtagcacatactatgcagactctgtgaagggccgattcaccatctccagagacaacagcaaaaactccctgtatctgcaaatgaacagtctgagaactgaggacaccgccttgtattactgtgcaaaagatagagcagctggtcactactttgactactggggccaaggaaccctggtcaccgtctcctca	IGHV3-43	IGHD6-13	IGHJ4	tgtgcaaaagatagagcagctggtcactactttgactactgg	1	4.97710531554848e-05
caggttcagctggtgcagtctggagctgaggtgaagaagcctggggcctcagtgaaggtctcctgcaaggcttctggttacacctttaccagctatggtatcagctgggtgcgacaggcccctggacaagggcttgagtggatgggatggatcagcgcttacaatggtaacacaaactatgcacagaagctccagggcagagtcaccatgaccacagacacatccacgagcacagcctacatggagctgaggagcctgagatctgacgacacggccgtgtattactgtgcgagagagggtggtaactccttctactttgactactggggccaaggaaccctggtcaccgtctcctca	IGHV1-18	IGHD4-23	IGHJ4	tgtgcgagagagggtggtaactccttctactttgactactgg	1	4.97710531554848e-05
caggtgcagctggtgcagtctggggctgaggtgaagaagcctggggcctcagtgaaggtctcctgcaaggcttctggatacaccttcaccggctactatatgcactgggtgcgacaggcccctggacaagggcttgagtggatgggacggatcaaccctaacagtggtggcacaaactatgcacagaagtttcagggcagggtcaccagtaccagggacacgtccatcagcacagcctacatggagctgagcaggctgagatctgacgacacggtcgtgtattactgtgcgagtagaaggggaggagctactcactactttgactactggggccaaggaaccctggtcaccgtctcctca	IGHV1-2	IGHD1-26	IGHJ4	tgtgcgagtagaaggggaggagctactcactactttgactactgg	1	4.97710531554848e-05
caggtgcagctacagcagtggggcgcaggactgttgaagccttcggagaccctgtccctcacctgcgctgtctatggtgggtccttcagtggttactactggagctggatccgccagcccccagggaaggggctggagtggattggggaaatcaatcatagtggaagcaccaactacaacccgtccctcaagagtcgagtcaccatatcagtagacacgtccaagaaccagttctccctgaagctgagctctgtgaccgccgcggacacggctgtgtattactgtgcgagaggggcagtggctccctactttgactactggggccaaggaaccctggtcaccgtctcctca	IGHV4-34	IGHD6-19	IGHJ4	tgtgcgagaggggcagtggctccctactttgactactgg	1	4.97710531554848e-05
gaggtgcagctgttggagtctgggggaggcttggtacagcctggggggtccctgagactctcctgtgcagcctctggattcacctttagcagctatgccatgagctgggtccgccaggctccagggaaggggctggagtgggtctcagctattagtggtagtggtggtagcacatactacgcagactccgtgaagggccggttcaccatctccagagacaattccaagaacacgctgtatctgcaaatgaacagcctgagagccgaggacacggccgtatattactgtgcgtcggagtgggagctggacaactggttcgactcctggggccaaggaaccctggtcaccgtctcctca	IGHV3-23	IGHD1-26	IGHJ5	tgtgcgtcggagtgggagctggacaactggttcgactcctgg	1	4.97710531554848e-05
cagatcaccttgaaggagtctggtcctacgctggtgaaacccacacagaccctcacgctgacctgcaccttctctgggttctcactcagcactagtggagtgggtgtgggctggatccgtcagcccccaggaaaggccctggagtggcttgcactcatttattggaatgatgataagcgctacagcccatctctgaagagcaggctcaccatcaccaaggacacctccaaaaaccaggtggtccttacaatgaccaacatggaccctgtggacacagccacatattactgtgcacacagacgggctactaccgggtactactttgactactggggccaaggaaccctggtcaccgtctcctca	IGHV2-5	IGHD1-26	IGHJ4	tgtgcacacagacgggctactaccgggtactactttgactactgg	1	4.97710531554848e-05
caggtcaccttgagggagtctggtcctgcgctggtgaaacccacacagaccctcacactgacctgcaccttctctgggttctcactcagcactagtggaatgtgtgtgagctggatccgtcagcccccagggaaggccctggagtggcttgcactcattgattgggatgatgataaatactacagcacatctctgaagaccaggctcaccatctccaaggacacctccaaaaaccaggtggtccttacaatgaccaacatggaccctgtggacacagccacgtattactgtgcacggatagatgcgagtataactgcctttgactactggggccaaggaaccctggtcaccgtctcctca	IGHV2-70	IGHD1-7	IGHJ4	tgtgcacggatagatgcgagtataactgcctttgactactgg	1	4.97710531554848e-05
gaggtgcagctggtggagtccgggggaggcttagttcagcctggggggtccctgagactctcctgtgcagcctctggattcaccttcagtagctactggatgcactgggtccgccaagctccagggaaggggctggtgtgggtctcacgtattaatagtgatgggagtagcacaagctacgcggactccgtgaagggccgattcaccatctccagagacaacgccaagaacacgctgtatctgcaaatgaacagtctgagagccgaggacacggctgtgtattactgtgcaaggacggggactacggtgagtagctactttgactactggggccaaggaaccctggtcaccgtctcctca	IGHV3-74	IGHD4-17	IGHJ4	tgtgcaaggacggggactacggtgagtagctactttgactactgg	1	4.97710531554848e-05
caggtccagcttgtgcagtctggggctgaggtgaagaagcctggggcctcagtgaaggtttcctgcaaggcttctggatacaccttcactagctatgctatgcattgggtgcgccaggcccccggacaaaggcttgagtggatgggatggatcaacgctggcaatggtaacacaaaatattcacagaagttccagggcagagtcaccattaccagggacacatccgcgagcacagcctacatggagctgagcagcctgagatctgaagacacggctgtgtattactgtgcgagagaccctgggtatgagagggactactttgactactggggccaaggaaccctggtcaccgtctcctca	IGHV1-3	IGHD6-19	IGHJ4	tgtgcgagagaccctgggtatgagagggactactttgactactgg	1	4.97710531554848e-05
caggtgcagctggtgcagtctggggctgaggtgaagaagcctgggtcctcggtgaaggtctcctgcaaggcttctggaggcaccttcagcagctatgctatcagctgggtgcgacaggcccctggacaagggcttgagtggatgggagggatcatccctatctttggtacagcaaactacgcacagaagttccagggcagagtcacgattaccgcggacgaatccacgagcacagcctacatggagctgagcagcctgagatctgaggacacggccgtgtattactgtgcgagagcctattacgatattttgactggtgactactggggccaaggaaccctggtcaccgtctcctca	IGHV1-69	IGHD3-9	IGHJ4	tgtgcgagagcctattacgatattttgactggtgactactgg	1	4.97710531554848e-05
caggtgcagctacagcagtggggcgcaggactgttgaagccttcggagaccctgtccctcacctgcgctgtctatggtgggtccttcagtggttactactggagctggatccgccagcccccagggaaggggctggagtggattggggaaatcaatcatagtggaagcaccaactacaacccgtccctcaagagtcgagtcaccatatcagtagacacgtccaagaaccagttctccctgaagctgagctctgtgaccgccgcggacacggctgtgtattactgtgcgagaaagtatagcagcagtcactttgactactggggccaaggaaccctggtcaccgtctcctca	IGHV4-34	IGHD6-13	IGHJ4	tgtgcgagaaagtatagcagcagtcactttgactactgg	1	4.97710531554848e-05
gaggtgcagctggtggagtctgggggaggcttggtccagcctggagggtccctgagactctcctgtgcagcctctggattcaccttcagtgaccactacatggactgggtccgccaggctccagggaaggggctggagtgggttggccgtactagaaacaaagctaacagttacaccacagaatacgccgcgtctgtgaaaggcagattcaccatctcaagagatgattcaaagaactcactgtatctgcaaatgaacagcctgaaaaccgaggacacggccgtgtattactgtgctagagatttagactggcactggttcgactcctggggccaaggaaccctggtcaccgtctcctca	IGHV3-72	IGHD1-7	IGHJ5	tgtgctagagatttagactggcactggttcgactcctgg	1	4.97710531554848e-05
gaggtgcagctgttggagtctgggggaggcttggtacagcctggggggtccctgagactctcctgtgcagcctctggattcacctttagcagctatgccatgagctgggtccgccaggctccagggaaggggctggagtgggtctcagctattagtggtagtggtggtagcacatactacgcagactccgtgaagggccggttcaccatctccagagacaattccaagaacacgctgtatctgcaaatgaacagcctgagagccgaggacacggccgtatattactgtgcgaaagaggacccagcagaaacctactttgactactggggccaaggaaccctggtcaccgtctcctca	IGHV3-23	IGHD6-13	IGHJ4	tgtgcgaaagaggacccagcagaaacctactttgactactgg	1	4.97710531554848e-05
gaggtgcagctggtgcagtctggagcagaggtgaaaaagcccggggagtctctgaagatctcctgtaagggttctggatacagctttaccagctactggatcggctgggtgcgccagatgcccgggaaaggcctggagtggatggggatcatctatcctggtgactctgataccagatacagcccgtccttccaaggccaggtcaccatctcagccgacaagtccatcagcaccgcctacctgcagtggagcagcctgaaggcctcggacaccgccatgtattactgtgcgagggggggcagcagctggtacgcttttgatgtctggggccaagggacaatggtcaccgtctcttca	IGHV5-51	IGHD6-13	IGHJ3	tgtgcgagggggggcagcagctggtacgcttttgatgtctgg	1	4.97710531554848e-05
gaggtgcagctgttggagtctgggggaggcttggtacagcctggggggtccctgagactctcctgtgcagcctctggattcacctttagcagctatgccatgagctgggtccgccaggctccagggaaggggctggagtgggtctcagctattagtggtagtggtggtagcacatactacgcagactccgtgaagggccggttcaccatctccagagacaattccaagaacacgctgtatctgcaaatgaacagcctgagagccgaggacacggccgtatattactgtgcgaaagatatagcagcaggcaactggttcgactcctggggccaaggaaccctggtcaccgtctcctca	IGHV3-23	IGHD6-13	IGHJ5	tgtgcgaaagatatagcagcaggcaactggttcgactcctgg	1	4.97710531554848e-05
gaggtgcagctggtggagtctgggggaggcttggtaaagcctggggggtcccttagactctcctgtgcagcctctggattcactttcagtaacgcctggatgagctgggtccgccaggctccagggaaggggctggagtgggttggccgtattaaaagcaaaactgatggtgggacaacagactacgctgcacccgtgaaaggcagattcaccatctcaagagatgattcaaaaaacacgctgtatctgcaaatgaacagcctgaaaaccgaggacacagccgtgtattactgtaccacagaagggggggctggtacgtactttgactactggggccaaggaaccctggtcaccgtctcctca	IGHV3-15	IGHD6-13	IGHJ4	tgtaccacagaagggggggctggtacgtactttgactactgg	1	4.97710531554848e-05
caggttcagctggtgcagtctggagctgaggtgaagaagcctggggcctcagtgaaggtctcctgcaaggcttctggttacacctttaccagctatggtatcagctgggtgcgacaggcccctggacaagggcttgagtggatgggatggatcagcgcttacaatggtaacacaaactatgcacagaagctccagggcagagtcaccatgaccacagacacatccacgagcacagcctacatggagctgaggagcctgagatctgacgacacggccgtgtattactgtgcgagagaaaacttagtggtaaactactttgactactggggccaaggaaccctggtcaccgtctcctca	IGHV1-18	IGHD1-26	IGHJ4	tgtgcgagagaaaacttagtggtaaactactttgactactgg	1	4.97710531554848e-05
caggtgcagctggtgcagtctggggctgaggtgaagaagcctggggcctcagtgaaggtttcctgcaaggcatctggatacaccttcaccagctactatatgcactgggtgcgacaggcccctggacaagggcttgagtggatgggaataatcaaccctagtggtggtagcacaagctacgcacagaagttccagggcagagtcaccatgaccagggacacgtccacgagcacagtctacatggagctgagcagcctgagatctgaggacacggccgtgtattactgtgcgagagatactatggttcggggagttatctttgactactggggccaaggaaccctggtcaccgtctcctca	IGHV1-46	IGHD3-10	IGHJ4	tgtgcgagagatactatggttcggggagttatctttgactactgg	1	4.97710531554848e-05
gaggtgcagctggtggagtctgggggaggcttggtacagccagggcggtccctgagactctcctgtacagcttctggattcacctttggtgattatgctatgagctggttccgccaggctccagggaaggggctggagtgggtaggtttcattagaagcaaagcttatggtgggacaacagaatacaccgcgtctgtgaaaggcagattcaccatctcaagagatggttccaaaagcatcgcctatctgcaaatgaacagcctgaaaaccgaggacacagccgtgtattactgtactagagagtcagctggtacgtggttcgactcctggggccaaggaaccctggtcaccgtctcctca	IGHV3-49	IGHD6-13	IGHJ5	tgtactagagagtcagctggtacgtggttcgactcctgg	1	4.97710531554848e-05
caggtgcagctggtgcagtctggggctgaggtgaagaagcctggggcctcagtgaaggtctcctgcaaggcttctggatacaccttcaccagttatgatatcaactgggtgcgacaggccactggacaagggcttgagtggatgggatggatgaaccctaacagtggtaacacaggctatgcacagaagttccagggcagagtcaccatgaccaggaacacctccataagcacagcctacatggagctgagcagcctgagatctgaggacacggccgtgtattactgtgcgagaggtcccccacagtggctggtacactttgactactggggccaaggaaccctggtcaccgtctcctca	IGHV1-8	IGHD6-19	IGHJ4	tgtgcgagaggtcccccacagtggctggtacactttgactactgg	1	4.97710531554848e-05
gaggtgcagctgttggagtctgggggaggcttggtacagcctggggggtccctgagactctcctgtgcagcctctggattcacctttagcagctatgccatgagctgggtccgccaggctccagggaaggggctggagtgggtctcagctattagtggtagtggtggtagcacatactacgcagactccgtgaagggccggttcaccatctccagagacaattccaagaacacgctgtatctgcaaatgaacagcctgagagccgaggacacggccgtatattactgtgcgaaagactggtacaactggaacgactcgtttgactactggggccaaggaaccctggtcaccgtctcctca	IGHV3-23	IGHD1-1	IGHJ4	tgtgcgaaagactggtacaactggaacgactcgtttgactactgg	1	4.97710531554848e-05
gaagtgcagctggtggagtctgggggagtcgtggtacagcctggggggtccctgagactctcctgtgcagcctctggattcacctttgatgattataccatgcactgggtccgtcaagctccggggaagggtctggagtgggtctctcttattagttgggatggtggtagcacatactatgcagactctgtgaagggccgattcaccatctccagagacaacagcaaaaactccctgtatctgcaaatgaacagtctgagaactgaggacaccgccttgtattactgtgcaaaagatatgggctacaattacaactggttcgactcctggggccaaggaaccctggtcaccgtctcctca	IGHV3-43	IGHD5-24	IGHJ5	tgtgcaaaagatatgggctacaattacaactggttcgactcctgg	1	4.97710531554848e-05
gaggtgcagctggtggagtccgggggaggcttagttcagcctggggggtccctgagactctcctgtgcagcctctggattcaccttcagtagctactggatgcactgggtccgccaagctccagggaaggggctggtgtgggtctcacgtattaatagtgatgggagtagcacaagctacgcggactccgtgaagggccgattcaccatctccagagacaacgccaagaacacgctgtatctgcaaatgaacagtctgagagccgaggacacggctgtgtattactgtgcaagagggagatatagtggctactttgactactggggccaaggaaccctggtcaccgtctcctca	IGHV3-74	IGHD5-12	IGHJ4	tgtgcaagagggagatatagtggctactttgactactgg	1	4.97710531554848e-05
caggttcagctggtgcagtctggagctgaggtgaagaagcctggggcctcagtgaaggtctcctgcaaggcttctggttacacctttaccagctatggtatcagctgggtgcgacaggcccctggacaagggcttgagtggatgggatggatcagcgcttacaatggtaacacaaactatgcacagaagctccagggcagagtcaccatgaccacagacacatccacgagcacagcctacatggagctgaggagcctgagatctgacgacacggccgtgtattactgtgcgagagaggggtatagcgaacttttttttgactactggggccaaggaaccctggtcaccgtctcctca	IGHV1-18	IGHD6-19	IGHJ4	tgtgcgagagaggggtatagcgaacttttttttgactactgg	1	4.97710531554848e-05
caggtcaccttgaaggagtctggtcctgtgctggtgaaacccacagagaccctcacgctgacctgcaccgtctctgggttctcactcagcaatgctagaatgggtgtgagctggatccgtcagcccccagggaaggccctggagtggcttgcacacattttttcgaatgacgaaaaatcctacagcacatctctgaagagcaggctcaccatctccaaggacacctccaaaagccaggtggtccttaccatgaccaacatggaccctgtggacacagccacatattactgtgcacggatacgtagtgggagctattttgactactggggccaaggaaccctggtcaccgtctcctca	IGHV2-26	IGHD1-26	IGHJ4	tgtgcacggatacgtagtgggagctattttgactactgg	1	4.97710531554848e-05
cagatcaccttgaaggagtctggtcctacgctggtgaaacccacacagaccctcacgctgacctgcaccttctctgggttctcactcagcactagtggagtgggtgtgggctggatccgtcagcccccaggaaaggccctggagtggcttgcactcatttattggaatgatgataagcgctacagcccatctctgaagagcaggctcaccatcaccaaggacacctccaaaaaccaggtggtccttacaatgaccaacatggaccctgtggacacagccacatattactgtgcacacagaaagggtggcgtgtactttgactactggggccaaggaaccctggtcaccgtctcctca	IGHV2-5	IGHD6-19	IGHJ4	tgtgcacacagaaagggtggcgtgtactttgactactgg	1	4.97710531554848e-05
gaggtgcagctggtgcagtctggagcagaggtgaaaaagcccggggagtctctgaagatctcctgtaagggttctggatacagctttaccagctactggatcggctgggtgcgccagatgcccgggaaaggcctggagtggatggggatcatctatcctggtgactctgataccagatacagcccgtccttccaaggccaggtcaccatctcagccgacaagtccatcagcaccgcctacctgcagtggagcagcctgaaggcctcggacaccgccatgtattactgtgcgagcgcggatattgtagtagtaccagtctttgactactggggccaaggaaccctggtcaccgtctcctca	IGHV5-51	IGHD2-2	IGHJ4	tgtgcgagcgcggatattgtagtagtaccagtctttgactactgg	1	4.97710531554848e-05
caggttcagctggtgcagtctggagctgaggtgaagaagcctggggcctcagtgaaggtctcctgcaaggcttctggttacacctttaccagctatggtatcagctgggtgcgacaggcccctggacaagggcttgagtggatgggatggatcagcgcttacaatggtaacacaaactatgcacagaagctccagggcagagtcaccatgaccacagacacatccacgagcacagcctacatggagctgaggagcctgagatctgacgacacggccgtgtattactgtgcgaggtatagtagtggttattactactggttcgactcctggggccaaggaaccctggtcaccgtctcctca	IGHV1-18	IGHD3-22	IGHJ5	tgtgcgaggtatagtagtggttattactactggttcgactcctgg	1	4.97710531554848e-05
caggtgcagctggtgcagtctggggctgaggtgaagaagcctgggtcctcggtgaaggtctcctgcaaggcttctggaggcaccttcagcagctatgctatcagctgggtgcgacaggcccctggacaagggcttgagtggatgggagggatcatccctatctttggtacagcaaactacgcacagaagttccagggcagagtcacgattaccgcggacgaatccacgagcacagcctacatggagctgagcagcctgagatctgaggacacggccgtgtattactgtgcgagacaagtggctacgattacgaactactttgactactggggccaaggaaccctggtcaccgtctcctca	IGHV1-69	IGHD5-12	IGHJ4	tgtgcgagacaagtggctacgattacgaactactttgactactgg	1	4.97710531554848e-05
caggtgcagctggtgcagtctggggctgaggtgaagaagcctgggtcctcggtgaaggtctcctgcaaggcttctggaggcaccttcagcagctatgctatcagctgggtgcgacaggcccctggacaagggcttgagtggatgggagggatcatccctatctttggtacagcaaactacgcacagaagttccagggcagagtcacgattaccgcggacgaatccacgagcacagcctacatggagctgagcagcctgagatctgaggacacggccgtgtattactgtgcgagagattggggggagagatgggactactttgactactggggccaaggaaccctggtcaccgtctcctca	IGHV1-69	IGHD5-24	IGHJ4	tgtgcgagagattggggggagagatgggactactttgactactgg	1	4.97710531554848e-05
caggttcagctggtgcagtctggagctgaggtgaagaagcctggggcctcagtgaaggtctcctgcaaggcttctggttacacctttaccagctatggtatcagctgggtgcgacaggcccctggacaagggcttgagtggatgggatggatcagcgcttacaatggtaacacaaactatgcacagaagctccagggcagagtcaccatgaccacagacacatccacgagcacagcctacatggagctgaggagcctgagatctgacgacacggccgtgtattactgtgcgagagagaggggggttttaggggattttgactactggggccaaggaaccctggtcaccgtctcctca	IGHV1-18	IGHD7-27	IGHJ4	tgtgcgagagagaggggggttttaggggattttgactactgg	1	4.97710531554848e-05
caggttcagctggtgcagtctggagctgaggtgaagaagcctggggcctcagtgaaggtctcctgcaaggcttctggttacacctttaccagctatggtatcagctgggtgcgacaggcccctggacaagggcttgagtggatgggatggatcagcgcttacaatggtaacacaaactatgcacagaagctccagggcagagtcaccatgaccacagacacatccacgagcacagcctacatggagctgaggagcctgagatctgacgacacggccgtgtattactgtgcgagagacagggtagcagtggcctactttgactactggggccaaggaaccctggtcaccgtctcctca	IGHV1-18	IGHD6-19	IGHJ4	tgtgcgagagacagggtagcagtggcctactttgactactgg	1	4.97710531554848e-05
gaggtgcagctggtgcagtctggagcagaggtgaaaaagcccggggagtctctgaagatctcctgtaagggttctggatacagctttaccagctactggatcggctgggtgcgccagatgcccgggaaaggcctggagtggatggggatcatctatcctggtgactctgataccagatacagcccgtccttccaaggccaggtcaccatctcagccgacaagtccatcagcaccgcctacctgcagtggagcagcctgaaggcctcggacaccgccatgtattactgtgcgagacaggtggttcggggagttattatctttgactactggggccaaggaaccctggtcaccgtctcctca	IGHV5-51	IGHD3-10	IGHJ4	tgtgcgagacaggtggttcggggagttattatctttgactactgg	1	4.97710531554848e-05
caggtcaccttgagggagtctggtcctgcgctggtgaaacccacacagaccctcacactgacctgcaccttctctgggttctcactcagcactagtggaatgtgtgtgagctggatccgtcagcccccagggaaggccctggagtggcttgcactcattgattgggatgatgataaatactacagcacatctctgaagaccaggctcaccatctccaaggacacctccaaaaaccaggtggtccttacaatgaccaacatggaccctgtggacacagccacgtattactgtgcacggatacgagctactacgccctttgactactggggccaaggaaccctggtcaccgtctcctca	IGHV2-70	IGHD1-26	IGHJ4	tgtgcacggatacgagctactacgccctttgactactgg	1	4.97710531554848e-05
caggtccagcttgtgcagtctggggctgaggtgaagaagcctggggcctcagtgaaggtttcctgcaaggcttctggatacaccttcactagctatgctatgcattgggtgcgccaggcccccggacaaaggcttgagtggatgggatggatcaacgctggcaatggtaacacaaaatattcacagaagttccagggcagagtcaccattaccagggacacatccgcgagcacagcctacatggagctgagcagcctgagatctgaagacacggctgtgtattactgtgcgagagagatgggggaagcctactggtacttcgatctctggggccgtggcaccctggtcactgtctcctca	IGHV1-3	IGHD6-13	IGHJ2	tgtgcgagagagatgggggaagcctactggtacttcgatctctgg	1	4.97710531554848e-05
caggtgcagctggtgcagtctggggctgaggtgaagaagcctgggtcctcggtgaaggtctcctgcaaggcttctggaggcaccttcagcagctatgctatcagctgggtgcgacaggcccctggacaagggcttgagtggatgggagggatcatccctatctttggtacagcaaactacgcacagaagttccagggcagagtcacgattaccgcggacgaatccacgagcacagcctacatggagctgagcagcctgagatctgaggacacggccgtgtattactgtgcgagagatcagcagtggctggtcctatactttgactactggggccaaggaaccctggtcaccgtctcctca	IGHV1-69	IGHD6-19	IGHJ4	tgtgcgagagatcagcagtggctggtcctatactttgactactgg	1	4.97710531554848e-05
gaggtgcagctggtgcagtctggagcagaggtgaaaaagcccggggagtctctgaagatctcctgtaagggttctggatacagctttaccagctactggatcggctgggtgcgccagatgcccgggaaaggcctggagtggatggggatcatctatcctggtgactctgataccagatacagcccgtccttccaaggccaggtcaccatctcagccgacaagtccatcagcaccgcctacctgcagtggagcagcctgaaggcctcggacaccgccatgtattactgtgcgaggtatagtgggagctacggtgatgcttttgatgtctggggccaagggacaatggtcaccgtctcttca	IGHV5-51	IGHD1-26	IGHJ3	tgtgcgaggtatagtgggagctacggtgatgcttttgatgtctgg	1	4.97710531554848e-05
gaagtgcagctggtggagtctgggggagtcgtggtacagcctggggggtccctgagactctcctgtgcagcctctggattcacctttgatgattataccatgcactgggtccgtcaagctccggggaagggtctggagtgggtctctcttattagttgggatggtggtagcacatactatgcagactctgtgaagggccgattcaccatctccagagacaacagcaaaaactccctgtatctgcaaatgaacagtctgagaactgaggacaccgccttgtattactgtgcaaaagataaacgatttttggagtggcctgactactggggccaaggaaccctggtcaccgtctcctca	IGHV3-43	IGHD3-3	IGHJ4	tgtgcaaaagataaacgatttttggagtggcctgactactgg	1	4.97710531554848e-05
gaggtgcagctggtggagtctgggggaggcttggtaaagcctggggggtcccttagactctcctgtgcagcctctggattcactttcagtaacgcctggatgagctgggtccgccaggctccagggaaggggctggagtgggttggccgtattaaaagcaaaactgatggtgggacaacagactacgctgcacccgtgaaaggcagattcaccatctcaagagatgattcaaaaaacacgctgtatctgcaaatgaacagcctgaaaaccgaggacacagccgtgtattactgtaccacagatagcagcagctggtacttatttgactactggggccaaggaaccctggtcaccgtctcctca	IGHV3-15	IGHD6-13	IGHJ4	tgtaccacagatagcagcagctggtacttatttgactactgg	1	4.97710531554848e-05
caggtgcagctggtgcagtctggggctgaggtgaagaagcctggggcctcagtgaaggtctcctgcaaggcttctggatacaccttcaccggctactatatgcactgggtgcgacaggcccctggacaagggcttgagtggatgggacggatcaaccctaacagtggtggcacaaactatgcacagaagtttcagggcagggtcaccagtaccagggacacgtccatcagcacagcctacatggagctgagcaggctgagatctgacgacacggtcgtgtattactgtgcgagagaggggcagctggtactttttgactactggggccaaggaaccctggtcaccgtctcctca	IGHV1-2	IGHD6-13	IGHJ4	tgtgcgagagaggggcagctggtactttttgactactgg	1	4.97710531554848e-05
cagatcaccttgaaggagtctggtcctacgctggtgaaacccacacagaccctcacgctgacctgcaccttctctgggttctcactcagcactagtggagtgggtgtgggctggatccgtcagcccccaggaaaggccctggagtggcttgcactcatttattggaatgatgataagcgctacagcccatctctgaagagcaggctcaccatcaccaaggacacctccaaaaaccaggtggtccttacaatgaccaacatggaccctgtggacacagccacatattactgtgcacacagggtagtgggagctaccgactactttgactactggggccaaggaaccctggtcaccgtctcctca	IGHV2-5	IGHD1-26	IGHJ4	tgtgcacacagggtagtgggagctaccgactactttgactactgg	1	4.97710531554848e-05
gaggtgcagctgttggagtctgggggaggcttggtacagcctggggggtccctgagactctcctgtgcagcctctggattcacctttagcagctatgccatgagctgggtccgccaggctccagggaaggggctggagtgggtctcagctattagtggtagtggtggtagcacatactacgcagactccgtgaagggccggttcaccatctccagagacaattccaagaacacgctgtatctgcaaatgaacagcctgagagccgaggacacggccgtatattactgtgcgaaagaggggactacggtgactctttttgatgtctggggccaagggacaatggtcaccgtctcttca	IGHV3-23	IGHD4-17	IGHJ3	tgtgcgaaagaggggactacggtgactctttttgatgtctgg	1	4.97710531554848e-05
caggtgcagctggtggagtctgggggaggcgtggtccagcctgggaggtccctgagactctcctgtgcagcgtctggattcaccttcagtagctatggcatgcactgggtccgccaggctccaggcaaggggctggagtgggtggcagttatatggtatgatggaagtaataaatactatgcagactccgtgaagggccgattcaccatctccagagacaattccaagaacacgctgtatctgcaaatgaacagcctgagagccgaggacacggctgtgtattactgtgcgagagatattgtggtggtgagctactttgactactggggccaaggaaccctggtcaccgtctcctca	IGHV3-33	IGHD2-21	IGHJ4	tgtgcgagagatattgtggtggtgagctactttgactactgg	1	4.97710531554848e-05
caggtgcagctggtggagtctgggggaggcttggtcaagcctggagggtccctgagactctcctgtgcagcctctggattcaccttcagtgactactacatgagctggatccgccaggctccagggaaggggctggagtgggtttcatacattagtagtagtggtagtaccatatactacgcagactctgtgaagggccgattcaccatctccagggacaacgccaagaactcactgtatctgcaaatgaacagcctgagagccgaggacacggccgtgtattactgtgcgattggggaggctacgattcggggctttgactactggggccaaggaaccctggtcaccgtctcctca	IGHV3-11	IGHD5-12	IGHJ4	tgtgcgattggggaggctacgattcggggctttgactactgg	1	4.97710531554848e-05
caggtgcagctggtgcagtctggggctgaggtgaagaagcctggggcctcagtgaaggtttcctgcaaggcatctggatacaccttcaccagctactatatgcactgggtgcgacaggcccctggacaagggcttgagtggatgggaataatcaaccctagtggtggtagcacaagctacgcacagaagttccagggcagagtcaccatgaccagggacacgtccacgagcacagtctacatggagctgagcagcctgagatctgaggacacggccgtgtattactgtgcgagagaacacggtggtaacaactggttcgactcctggggccaaggaaccctggtcaccgtctcctca	IGHV1-46	IGHD4-23	IGHJ5	tgtgcgagagaacacggtggtaacaactggttcgactcctgg	1	4.97710531554848e-05
gaggtgcagctgttggagtctgggggaggcttggtacagcctggggggtccctgagactctcctgtgcagcctctggattcacctttagcagctatgccatgagctgggtccgccaggctccagggaaggggctggagtgggtctcagctattagtggtagtggtggtagcacatactacgcagactccgtgaagggccggttcaccatctccagagacaattccaagaacacgctgtatctgcaaatgaacagcctgagagccgaggacacggccgtatattactgtgcgaattctacggtgactggagactactttgactactggggccaaggaaccctggtcaccgtctcctca	IGHV3-23	IGHD4-17	IGHJ4	tgtgcgaattctacggtgactggagactactttgactactgg	1	4.97710531554848e-05
caggttcagctggtgcagtctggagctgaggtgaagaagcctggggcctcagtgaaggtctcctgcaaggcttctggttacacctttaccagctatggtatcagctgggtgcgacaggcccctggacaagggcttgagtggatgggatggatcagcgcttacaatggtaacacaaactatgcacagaagctccagggcagagtcaccatgaccacagacacatccacgagcacagcctacatggagctgaggagcctgagatctgacgacacggccgtgtattactgtgcgagagatggggtgagtgacgattcctactttgactactggggccaaggaaccctggtcaccgtctcctca	IGHV1-18	IGHD4-17	IGHJ4	tgtgcgagagatggggtgagtgacgattcctactttgactactgg	1	4.97710531554848e-05
gaggtgcagctggtgcagtctggagcagaggtgaaaaagcccggggagtctctgaagatctcctgtaagggttctggatacagctttaccagctactggatcggctgggtgcgccagatgcccgggaaaggcctggagtggatggggatcatctatcctggtgactctgataccagatacagcccgtccttccaaggccaggtcaccatctcagccgacaagtccatcagcaccgcctacctgcagtggagcagcctgaaggcctcggacaccgccatgtattactgtgcgagacaggagagaagcagctggttcgactcctggggccaaggaaccctggtcaccgtctcctca	IGHV5-51	IGHD6-13	IGHJ5	tgtgcgagacaggagagaagcagctggttcgactcctgg	1	4.97710531554848e-05
cagatcaccttgaaggagtctggtcctacgctggtgaaacccacacagaccctcacgctgacctgcaccttctctgggttctcactcagcactagtggagtgggtgtgggctggatccgtcagcccccaggaaaggccctggagtggcttgcactcatttattggaatgatgataagcgctacagcccatctctgaagagcaggctcaccatcaccaaggacacctccaaaaaccaggtggtccttacaatgaccaacatggaccctgtggacacagccacatattactgtgcacacagacctaacagtggctggagcttccagcactggggccagggcaccctggtcaccgtctcctca	IGHV2-5	IGHD6-19	IGHJ1	tgtgcacacagacctaacagtggctggagcttccagcactgg	1	4.97710531554848e-05
gaggtgcagctgttggagtctgggggaggcttggtacagcctggggggtccctgagactctcctgtgcagcctctggattcacctttagcagctatgccatgagctgggtccgccaggctccagggaaggggctggagtgggtctcagctattagtggtagtggtggtagcacatactacgcagactccgtgaagggccggttcaccatctccagagacaattccaagaacacgctgtatctgcaaatgaacagcctgagagccgaggacacggccgtatattactgtgcgaaagatcggggtatagcagcagctgtctttgactactggggccaaggaaccctggtcaccgtctcctca	IGHV3-23	IGHD6-13	IGHJ4	tgtgcgaaagatcggggtatagcagcagctgtctttgactactgg	1	4.97710531554848e-05
caggtgcagctggtgcagtctggggctgaggtgaagaagcctggggcctcagtgaaggtctcctgcaaggcttctggatacaccttcaccggctactatatgcactgggtgcgacaggcccctggacaagggcttgagtggatgggacggatcaaccctaacagtggtggcacaaactatgcacagaagtttcagggcagggtcaccagtaccagggacacgtccatcagcacagcctacatggagctgagcaggctgagatctgacgacacggtcgtgtattactgtgcgagagtacagtggctggtacgctggtacttcgatctctggggccgtggcaccctggtcactgtctcctca	IGHV1-2	IGHD6-19	IGHJ2	tgtgcgagagtacagtggctggtacgctggtacttcgatctctgg	1	4.97710531554848e-05
gaggtgcagctggtgcagtctggagcagaggtgaaaaagcccggggagtctctgaagatctcctgtaagggttctggatacagctttaccagctactggatcggctgggtgcgccagatgcccgggaaaggcctggagtggatggggatcatctatcctggtgactctgataccagatacagcccgtccttccaaggccaggtcaccatctcagccgacaagtccatcagcaccgcctacctgcagtggagcagcctgaaggcctcggacaccgccatgtattactgtgcgagatccagcagctggtaccagaggtttgactactggggccaaggaaccctggtcaccgtctcctca	IGHV5-51	IGHD6-13	IGHJ4	tgtgcgagatccagcagctggtaccagaggtttgactactgg	1	4.97710531554848e-05
gaggtgcagctggtggagtccgggggaggcttagttcagcctggggggtccctgagactctcctgtgcagcctctggattcaccttcagtagctactggatgcactgggtccgccaagctccagggaaggggctggtgtgggtctcacgtattaatagtgatgggagtagcacaagctacgcggactccgtgaagggccgattcaccatctccagagacaacgccaagaacacgctgtatctgcaaatgaacagtctgagagccgaggacacggctgtgtattactgtgcaagagacaggggtagtaagaactggttcgactcctggggccaaggaaccctggtcaccgtctcctca	IGHV3-74	IGHD2-2	IGHJ5	tgtgcaagagacaggggtagtaagaactggttcgactcctgg	1	4.97710531554848e-05
caggtgcagctggtgcagtctggggctgaggtgaagaagcctgggtcctcggtgaaggtctcctgcaaggcttctggaggcaccttcagcagctatgctatcagctgggtgcgacaggcccctggacaagggcttgagtggatgggagggatcatccctatctttggtacagcaaactacgcacagaagttccagggcagagtcacgattaccgcggacgaatccacgagcacagcctacatggagctgagcagcctgagatctgaggacacggccgtgtattactgtgcgagtctacgatattttgactggttcggggactactggggccaaggaaccctggtcaccgtctcctca	IGHV1-69	IGHD3-9	IGHJ4	tgtgcgagtctacgatattttgactggttcggggactactgg	1	4.97710531554848e-05
gaggtgcagctggtggagtctgggggaggcttggtacagccagggcggtccctgagactctcctgtacagcttctggattcacctttggtgattatgctatgagctggttccgccaggctccagggaaggggctggagtgggtaggtttcattagaagcaaagcttatggtgggacaacagaatacaccgcgtctgtgaaaggcagattcaccatctcaagagatggttccaaaagcatcgcctatctgcaaatgaacagcctgaaaaccgaggacacagccgtgtattactgtggggcgaactatagcagtccttcctactttgactactggggccaaggaaccctggtcaccgtctcctca	IGHV3-49	IGHD6-19	IGHJ4	tgtggggcgaactatagcagtccttcctactttgactactgg	1	4.97710531554848e-05
gaggtgcagctggtggagtctgggggaggcttggtacagccagggcggtccctgagactctcctgtacagcttctggattcacctttggtgattatgctatgagctggttccgccaggctccagggaaggggctggagtgggtaggtttcattagaagcaaagcttatggtgggacaacagaatacaccgcgtctgtgaaaggcagattcaccatctcaagagatggttccaaaagcatcgcctatctgcaaatgaacagcctgaaaaccgaggacacagccgtgtattactgtactacgagcagtgggaggggctggttcgactcctggggccaaggaaccctggtcaccgtctcctca	IGHV3-49	IGHD6-19	IGHJ5	tgtactacgagcagtgggaggggctggttcgactcctgg	1	4.97710531554848e-05
caggtgcagctggtgcagtctggggctgaggtgaagaagcctggggcctcagtgaaggtctcctgcaaggcttctggatacaccttcaccggctactatatgcactgggtgcgacaggcccctggacaagggcttgagtggatgggacggatcaaccctaacagtggtggcacaaactatgcacagaagtttcagggcagggtcaccagtaccagggacacgtccatcagcacagcctacatggagctgagcaggctgagatctgacgacacggtcgtgtattactgtgcgagagatcgcagtggctggcattactttgactactggggccaaggaaccctggtcaccgtctcctca	IGHV1-2	IGHD6-19	IGHJ4	tgtgcgagagatcgcagtggctggcattactttgactactgg	1	4.97710531554848e-05
gaggtgcagctggtggagtctggaggaggcttgatccagcctggggggtccctgagactctcctgtgcagcctctgggttcaccgtcagtagcaactacatgagctgggtccgccaggctccagggaaggggctggagtgggtctcagttatttatagcggtggtagcacatactacgcagactccgtgaagggccgattcaccatctccagagacaattccaagaacacgctgtatcttcaaatgaacagcctgagagccgaggacacggccgtgtattactgtgcgagagaggatagcagtggctggtacgactttgatgtctggggccaagggacaatggtcaccgtctcttca	IGHV3-53	IGHD6-19	IGHJ3	tgtgcgagagaggatagcagtggctggtacgactttgatgtctgg	1	4.97710531554848e-05
gaggtgcagctggtgcagtctggagcagaggtgaaaaagcccggggagtctctgaagatctcctgtaagggttctggatacagctttaccagctactggatcggctgggtgcgccagatgcccgggaaaggcctggagtggatggggatcatctatcctggtgactctgataccagatacagcccgtccttccaaggccaggtcaccatctcagccgacaagtccatcagcaccgcctacctgcagtggagcagcctgaaggcctcggacaccgccatgtattactgtgcgagactctataactgcttcgattggttcgactcctggggccaaggaaccctggtcaccgtctcctca	IGHV5-51	IGHD1-7	IGHJ5	tgtgcgagactctataactgcttcgattggttcgactcctgg	1	4.97710531554848e-05
caggtgcagctggtgcagtctggggctgaggtgaagaagcctgggtcctcggtgaaggtctcctgcaaggcttctggaggcaccttcagcagctatgctatcagctgggtgcgacaggcccctggacaagggcttgagtggatgggagggatcatccctatctttggtacagcaaactacgcacagaagttccagggcagagtcacgattaccgcggacgaatccacgagcacagcctacatggagctgagcagcctgagatctgaggacacggccgtgtattactgtgcgagatatagcagcagctggtcctactttgactactggggccaaggaaccctggtcaccgtctcctca	IGHV1-69	IGHD6-13	IGHJ4	tgtgcgagatatagcagcagctggtcctactttgactactgg	1	4.97710531554848e-05
caggtgcagctggtgcagtctggggctgaggtgaagaagcctggggcctcagtgaaggtctcctgcaaggcttctggatacaccttcaccggctactatatgcactgggtgcgacaggcccctggacaagggcttgagtggatgggacggatcaaccctaacagtggtggcacaaactatgcacagaagtttcagggcagggtcaccagtaccagggacacgtccatcagcacagcctacatggagctgagcaggctgagatctgacgacacggtcgtgtattactgtgcgacgggagggagctactgccactactttgactactggggccaaggaaccctggtcaccgtctcctca	IGHV1-2	IGHD1-26	IGHJ4	tgtgcgacgggagggagctactgccactactttgactactgg	1	4.97710531554848e-05
gaggtgcagctgttggagtctgggggaggcttggtacagcctggggggtccctgagactctcctgtgcagcctctggattcacctttagcagctatgccatgagctgggtccgccaggctccagggaaggggctggagtgggtctcagctattagtggtagtggtggtagcacatactacgcagactccgtgaagggccggttcaccatctccagagacaattccaagaacacgctgtatctgcaaatgaacagcctgagagccgaggacacggccgtatattactgtgcgaaagattgggggacggtgcactactttgactactggggccaaggaaccctggtcaccgtctcctca	IGHV3-23	IGHD4-17	IGHJ4	tgtgcgaaagattgggggacggtgcactactttgactactgg	1	4.97710531554848e-05
gaggtgcagctggtggagtccgggggaggcttagttcagcctggggggtccctgagactctcctgtgcagcctctggattcaccttcagtagctactggatgcactgggtccgccaagctccagggaaggggctggtgtgggtctcacgtattaatagtgatgggagtagcacaagctacgcggactccgtgaagggccgattcaccatctccagagacaacgccaagaacacgctgtatctgcaaatgaacagtctgagagccgaggacacggctgtgtattactgtgcaccgcctatagcagtggctggtacgaactttgactactggggccaaggaaccctggtcaccgtctcctca	IGHV3-74	IGHD6-19	IGHJ4	tgtgcaccgcctatagcagtggctggtacgaactttgactactgg	1	4.97710531554848e-05
cagatcaccttgaaggagtctggtcctacgctggtgaaacccacacagaccctcacgctgacctgcaccttctctgggttctcactcagcactagtggagtgggtgtgggctggatccgtcagcccccaggaaaggccctggagtggcttgcactcatttattggaatgatgataagcgctacagcccatctctgaagagcaggctcaccatcaccaaggacacctccaaaaaccaggtggtccttacaatgaccaacatggaccctgtggacacagccacatattactgtgcacggagttatcccgactactggttcgactcctggggccaaggaaccctggtcaccgtctcctca	IGHV2-5	IGHD3-10	IGHJ5	tgtgcacggagttatcccgactactggttcgactcctgg	1	4.97710531554848e-05
caggttcagctggtgcagtctggagctgaggtgaagaagcctggggcctcagtgaaggtctcctgcaaggcttctggttacacctttaccagctatggtatcagctgggtgcgacaggcccctggacaagggcttgagtggatgggatggatcagcgcttacaatggtaacacaaactatgcacagaagctccagggcagagtcaccatgaccacagacacatccacgagcacagcctacatggagctgaggagcctgagatctgacgacacggccgtgtattactgtgcgagacttcccactactcgctactttgactactggggccaaggaaccctggtcaccgtctcctca	IGHV1-18	IGHD2-15	IGHJ4	tgtgcgagacttcccactactcgctactttgactactgg	1	4.97710531554848e-05
gaggtgcagctggtggagtctgggggaggcttggtaaagcctggggggtcccttagactctcctgtgcagcctctggattcactttcagtaacgcctggatgagctgggtccgccaggctccagggaaggggctggagtgggttggccgtattaaaagcaaaactgatggtgggacaacagactacgctgcacccgtgaaaggcagattcaccatctcaagagatgattcaaaaaacacgctgtatctgcaaatgaacagcctgaaaaccgaggacacagccgtgtattactgtaccacagaggggagcagtggcccctctggctttgactactggggccaaggaaccctggtcaccgtctcctca	IGHV3-15	IGHD6-19	IGHJ4	tgtaccacagaggggagcagtggcccctctggctttgactactgg	1	4.97710531554848e-05
caggtacagctgcagcagtcaggtccaggactggtgaagccctcgcagaccctctcactcacctgtgccatctccggggacagtgtctctagcaacagtgctgcttggaactggatcaggcagtccccatcgagaggccttgagtggctgggaaggacatactacaggtccaagtggtataatgattatgcagtatctgtgaaaagtcgaataaccatcaacccagacacatccaagaaccagttctccctgcagctgaactctgtgactcccgaggacacggctgtgtattactgtgcaagagaagtgggagctaactctcactactttgactactggggccaaggaaccctggtcaccgtctcctca	IGHV6-1	IGHD1-26	IGHJ4	tgtgcaagagaagtgggagctaactctcactactttgactactgg	1	4.97710531554848e-05
caggtgcagctggtgcagtctggggctgaggtgaagaagcctggggcctcagtgaaggtttcctgcaaggcatctggatacaccttcaccagctactatatgcactgggtgcgacaggcccctggacaagggcttgagtggatgggaataatcaaccctagtggtggtagcacaagctacgcacagaagttccagggcagagtcaccatgaccagggacacgtccacgagcacagtctacatggagctgagcagcctgagatctgaggacacggccgtgtattactgtgcgagagatggttcggggagttattataactttgactactggggccaaggaaccctggtcaccgtctcctca	IGHV1-46	IGHD3-10	IGHJ4	tgtgcgagagatggttcggggagttattataactttgactactgg	1	4.97710531554848e-05
caggttcagctggtgcagtctggagctgaggtgaagaagcctggggcctcagtgaaggtctcctgcaaggcttctggttacacctttaccagctatggtatcagctgggtgcgacaggcccctggacaagggcttgagtggatgggatggatcagcgcttacaatggtaacacaaactatgcacagaagctccagggcagagtcaccatgaccacagacacatccacgagcacagcctacatggagctgaggagcctgagatctgacgacacggccgtgtattactgtgcgagagatagtggctacgattaccgctactttgactactggggccaaggaaccctggtcaccgtctcctca	IGHV1-18	IGHD5-12	IGHJ4	tgtgcgagagatagtggctacgattaccgctactttgactactgg	1	4.97710531554848e-05
caggttcagctggtgcagtctggagctgaggtgaagaagcctggggcctcagtgaaggtctcctgcaaggcttctggttacacctttaccagctatggtatcagctgggtgcgacaggcccctggacaagggcttgagtggatgggatggatcagcgcttacaatggtaacacaaactatgcacagaagctccagggcagagtcaccatgaccacagacacatccacgagcacagcctacatggagctgaggagcctgagatctgacgacacggccgtgtattactgtgcgagagaaggggggagttattataaccggttcgactcctggggccaaggaaccctggtcaccgtctcctca	IGHV1-18	IGHD3-10	IGHJ5	tgtgcgagagaaggggggagttattataaccggttcgactcctgg	1	4.97710531554848e-05
gaggtgcagctgttggagtctgggggaggcttggtacagcctggggggtccctgagactctcctgtgcagcctctggattcacctttagcagctatgccatgagctgggtccgccaggctccagggaaggggctggagtgggtctcagctattagtggtagtggtggtagcacatactacgcagactccgtgaagggccggttcaccatctccagagacaattccaagaacacgctgtatctgcaaatgaacagcctgagagccgaggacacggccgtatattactgtgcgaaagattcgctggtacgtgatgcttttgatgtctggggccaagggacaatggtcaccgtctcttca	IGHV3-23	IGHD6-13	IGHJ3	tgtgcgaaagattcgctggtacgtgatgcttttgatgtctgg	1	4.97710531554848e-05
gaggtgcagctgttggagtctgggggaggcttggtacagcctggggggtccctgagactctcctgtgcagcctctggattcacctttagcagctatgccatgagctgggtccgccaggctccagggaaggggctggagtgggtctcagctattagtggtagtggtggtagcacatactacgcagactccgtgaagggccggttcaccatctccagagacaattccaagaacacgctgtatctgcaaatgaacagcctgagagccgaggacacggccgtatattactgtgcgaaagatgggggcagcggctactttgactactggggccaaggaaccctggtcaccgtctcctca	IGHV3-23	IGHD6-25	IGHJ4	tgtgcgaaagatgggggcagcggctactttgactactgg	1	4.97710531554848e-05
gaggtgcagctggtggagtctgggggaggtgtggtacggcctggggggtccctgagactctcctgtgcagcctctggattcacctttgatgattatggcatgagctgggtccgccaagctccagggaaggggctggagtgggtctctggtattaattggaatggtggtagcacaggttatgcagactctgtgaagggccgattcaccatctccagagacaacgccaagaactccctgtatctgcaaatgaacagtctgagagccgaggacacggccttgtatcactgtgcgagaggtatagcagtggctggtaccgactactggggccaaggaaccctggtcaccgtctcctca	IGHV3-20	IGHD6-19	IGHJ4	tgtgcgagaggtatagcagtggctggtaccgactactgg	1	4.97710531554848e-05
caggttcagctggtgcagtctggagctgaggtgaagaagcctggggcctcagtgaaggtctcctgcaaggcttctggttacacctttaccagctatggtatcagctgggtgcgacaggcccctggacaagggcttgagtggatgggatggatcagcgcttacaatggtaacacaaactatgcacagaagctccagggcagagtcaccatgaccacagacacatccacgagcacagcctacatggagctgaggagcctgagatctgacgacacggccgtgtattactgtggggggggtaacggtgactactactttgactactggggccaaggaaccctggtcaccgtctcctca	IGHV1-18	IGHD4-17	IGHJ4	tgtggggggggtaacggtgactactactttgactactgg	1	4.97710531554848e-05
