sequence	v_call	d_call	j_call	junction	counts	freqs
gaggtgcagctggtgcagtctggagcagaggtgaaaaagcccggggagtctctgaagatctcctgtaagggttctggatacagctttaccagctactggatcggctgggtgcgccagatgcccgggaaaggcctggagtggatggggatcatctatcctggtgactctgataccagatacagcccgtccttccaaggccaggtcaccatctcagccgacaagtccatcagcaccgcctacctgcagtggagcagcctgaaggcctcggacaccgccatgtattactgttattctacaaattactactactactacggtatggacgtctgggggcaagggaccacggtcaccgtctcctca	IGHV5-51	IGHD2-15	IGHJ6	tgttattctacaaattactactactactacggtatggacgtctgg	22627	0.393588338638696
caggttcagctggtgcagtctggagctgaggtgaagaagcctggggcctcagtgaaggtctcctgcaaggcttctggttacacctttaccagctatggtatcagctgggtgcgacaggcccctggacaagggcttgagtggatgggatggatcagcgcttacaatggtaacacaaactatgcacagaagctccagggcagagtcaccatgaccacagacacatccacgagcacagcctacatggagctgaggagcctgagatctgacgacacggccgtgtattactgtgagctatggttcggggagttattagactttgactactggggccaaggaaccctggtcaccgtctcctca	IGHV1-18	IGHD3-10	IGHJ4	tgtgagctatggttcggggagttattagactttgactactgg	8000	0.139157056132478
caggtcaccttgaaggagtctggtcctgtgctggtgaaacccacagagaccctcacgctgacctgcaccgtctctgggttctcactcagcaatgctagaatgggtgtgagctggatccgtcagcccccagggaaggccctggagtggcttgcacacattttttcgaatgacgaaaaatcctacagcacatctctgaagagcaggctcaccatctccaaggacacctccaaaagccaggtggtccttaccatgaccaacatggaccctgtggacacagccacatattactgtgcacggatagactacggtgactacgtagactttgactactggggccaaggaaccctggtcaccgtctcctca	IGHV2-26	IGHD4-17	IGHJ4	tgtgcacggatagactacggtgactacgtagactttgactactgg	4355	0.0757536224321174
caggttcagctggtgcagtctggagctgaggtgaagaagcctggggcctcagtgaaggtctcctgcaaggcttctggttacacctttaccagctatggtatcagctgggtgcgacaggcccctggacaagggcttgagtggatgggatggatcagcgcttacaatggtaacacaaactatgcacagaagctccagggcagagtcaccatgaccacagacacatccacgagcacagcctacatggagctgaggagcctgagatctgacgacacggccgtgtattactgtgcgagagacgggagagtagtagtaccagctgccctctactggggccaaggaaccctggtcaccgtctcctca	IGHV1-18	IGHD2-2	IGHJ4	tgtgcgagagacgggagagtagtagtaccagctgccctctactgg	2828	0.0491920193428308
caggtgcagctggtgcagtctggggctgaggtgaagaagcctgggtcctcggtgaaggtctcctgcaaggcttctggaggcaccttcagcagctatgctatcagctgggtgcgacaggcccctggacaagggcttgagtggatgggagggatcatccctatctttggtacagcaaactacgcacagaagttccagggcagagtcacgattaccgcggacgaatccacgagcacagcctacatggagctgagcagcctgagatctgaggacacggccgtgtattactgtgcgagagaatttttggagtggttattatactttgactactggggccaaggaaccctggtcaccgtctcctca	IGHV1-69	IGHD3-3	IGHJ4	tgtgcgagagaatttttggagtggttattatactttgactactgg	2024	0.0352067352015168
gaggtgcagctggtggagtctgggggaggcttggtccagcctggggggtccctgaaactctcctgtgcagcctctgggttcaccttcagtggctctgctatgcactgggtccgccaggcttccgggaaagggctggagtgggttggccgtattagaagcaaagctaacagttacgcgacagcatatgctgcgtcggtgaaaggcaggttcaccatctccagagatgattcaaagaacacggcgtatctgcaaatgaacagcctgaaaaccgaggacacggccgtgtattactgtactagagggtggttccactactactacggtatggacgtctgggggcaagggaccacggtcaccgtctcctca	IGHV3-73	IGHD3-10	IGHJ6	tgtactagagggtggttccactactactacggtatggacgtctgg	1540	0.0267877333055019
caggtgcagctggtgcagtctggggctgaggtgaagaagcctggggcctcagtgaaggtctcctgcaaggcttctggatacaccttcaccggctactatatgcactgggtgcgacaggcccctggacaagggcttgagtggatgggacggatcaaccctaacagtggtggcacaaactatgcacagaagtttcagggcagggtcaccagtaccagggacacgtccatcagcacagcctacatggagctgagcaggctgagatctgacgacacggtcgtgtattactgtgcgagagtagtaccagctgctatgccggactttgactactggggccaaggaaccctggtcaccgtctcctca	IGHV1-2	IGHD2-2	IGHJ4	tgtgcgagagtagtaccagctgctatgccggactttgactactgg	1222	0.0212562403242359
caggtgcagctggtgcagtctggggctgaggtgaagaagcctgggtcctcggtgaaggtctcctgcaaggcttctggaggcaccttcagcagctatgctatcagctgggtgcgacaggcccctggacaagggcttgagtggatgggagggatcatccctatctttggtacagcaaactacgcacagaagttccagggcagagtcacgattaccgcggacgaatccacgagcacagcctacatggagctgagcagcctgagatctgaggacacggccgtgtattactgtgcgagagattgggggtggctggtacgagactttgactactggggccaaggaaccctggtcaccgtctcctca	IGHV1-69	IGHD6-19	IGHJ4	tgtgcgagagattgggggtggctggtacgagactttgactactgg	1000	0.0173946320165597
caggtgcagctggtgcagtctggggctgaggtgaagaagcctggggcctcagtgaaggtctcctgcaaggcttctggatacaccttcaccggctactatatgcactgggtgcgacaggcccctggacaagggcttgagtggatgggacggatcaaccctaacagtggtggcacaaactatgcacagaagtttcagggcagggtcaccagtaccagggacacgtccatcagcacagcctacatggagctgagcaggctgagatctgacgacacggtcgtgtattactgtgcgagagattttggattttactactttgactactggggccaaggaaccctggtcaccgtctcctca	IGHV1-2	IGHD3-3	IGHJ4	tgtgcgagagattttggattttactactttgactactgg	838	0.014576701629877
gaggtgcagctggtggagtccgggggaggcttagttcagcctggggggtccctgagactctcctgtgcagcctctggattcaccttcagtagctactggatgcactgggtccgccaagctccagggaaggggctggtgtgggtctcacgtattaatagtgatgggagtagcacaagctacgcggactccgtgaagggccgattcaccatctccagagacaacgccaagaacacgctgtatctgcaaatgaacagtctgagagccgaggacacggctgtgtattactgtgcaagagatagtggtggtagctgctactcctttgactactggggccaaggaaccctggtcaccgtctcctca	IGHV3-74	IGHD2-15	IGHJ4	tgtgcaagagatagtggtggtagctgctactcctttgactactgg	716	0.0124545565238567
caggtgcagctggtgcagtctggggctgaggtgaagaagcctgggtcctcggtgaaggtctcctgcaaggcttctggaggcaccttcagcagctatgctatcagctgggtgcgacaggcccctggacaagggcttgagtggatgggagggatcatccctatctttggtacagcaaactacgcacagaagttccagggcagagtcacgattaccgcggacgaatccacgagcacagcctacatggagctgagcagcctgagatctgaggacacggccgtgtattactgtgcgagagatatagcagtggactactttgactactggggccaaggaaccctggtcaccgtctcctca	IGHV1-69	IGHD6-19	IGHJ4	tgtgcgagagatatagcagtggactactttgactactgg	620	0.010784671850267
gaggtgcagctggtgcagtctggagcagaggtgaaaaagcccggggagtctctgaagatctcctgtaagggttctggatacagctttaccagctactggatcggctgggtgcgccagatgcccgggaaaggcctggagtggatggggatcatctatcctggtgactctgataccagatacagcccgtccttccaaggccaggtcaccatctcagccgacaagtccatcagcaccgcctacctgcagtggagcagcctgaaggcctcggacaccgccatgtattactgttctaatggttcggggagttattatagaggctttgactactggggccaaggaaccctggtcaccgtctcctca	IGHV5-51	IGHD3-10	IGHJ4	tgttctaatggttcggggagttattatagaggctttgactactgg	544	0.00946267981700847
gaggtgcagctgttggagtctgggggaggcttggtacagcctggggggtccctgagactctcctgtgcagcctctggattcacctttagcagctatgccatgagctgggtccgccaggctccagggaaggggctggagtgggtctcagctattagtggtagtggtggtagcacatactacgcagactccgtgaagggccggttcaccatctccagagacaattccaagaacacgctgtatctgcaaatgaacagcctgagagccgaggacacggccgtatattactgtgcgagggcactggtagactactactacggtatggacgtctgggggcaagggaccacggtcaccgtctcctca	IGHV3-23	IGHD2-15	IGHJ6	tgtgcgagggcactggtagactactactacggtatggacgtctgg	483	0.00840160726399833
caggttcagctggtgcagtctggagctgaggtgaagaagcctggggcctcagtgaaggtctcctgcaaggcttctggttacacctttaccagctatggtatcagctgggtgcgacaggcccctggacaagggcttgagtggatgggatggatcagcgcttacaatggtaacacaaactatgcacagaagctccagggcagagtcaccatgaccacagacacatccacgagcacagcctacatggagctgaggagcctgagatctgacgacacggccgtgtattactgtgcgagaatagtggctacgattaactttgactactggggccaaggaaccctggtcaccgtctcctca	IGHV1-18	IGHD5-12	IGHJ4	tgtgcgagaatagtggctacgattaactttgactactgg	432	0.00751448103115379
gaggtgcagctggtggagtctgggggaggcttggtaaagcctggggggtcccttagactctcctgtgcagcctctggattcactttcagtaacgcctggatgagctgggtccgccaggctccagggaaggggctggagtgggttggccgtattaaaagcaaaactgatggtgggacaacagactacgctgcacccgtgaaaggcagattcaccatctcaagagatgattcaaaaaacacgctgtatctgcaaatgaacagcctgaaaaccgaggacacagccgtgtattactgtaccactagcagcagctggtaccctgcttttgatgtctggggccaagggacaatggtcaccgtctcttca	IGHV3-15	IGHD6-13	IGHJ3	tgtaccactagcagcagctggtaccctgcttttgatgtctgg	389	0.00676651185444172
caggtgcagctggtgcagtctggggctgaggtgaagaagcctgggtcctcggtgaaggtctcctgcaaggcttctggaggcaccttcagcagctatgctatcagctgggtgcgacaggcccctggacaagggcttgagtggatgggagggatcatccctatctttggtacagcaaactacgcacagaagttccagggcagagtcacgattaccgcggacgaatccacgagcacagcctacatggagctgagcagcctgagatctgaggacacggccgtgtattactgtgcgagagacggtatagcagcccactactttgactactggggccaaggaaccctggtcaccgtctcctca	IGHV1-69	IGHD6-19	IGHJ4	tgtgcgagagacggtatagcagcccactactttgactactgg	354	0.00615769973386213
caggtccagcttgtgcagtctggggctgaggtgaagaagcctggggcctcagtgaaggtttcctgcaaggcttctggatacaccttcactagctatgctatgcattgggtgcgccaggcccccggacaaaggcttgagtggatgggatggatcaacgctggcaatggtaacacaaaatattcacagaagttccagggcagagtcaccattaccagggacacatccgcgagcacagcctacatggagctgagcagcctgagatctgaagacacggctgtgtattactgtggggtggtagctgctacccactactttgactactggggccaaggaaccctggtcaccgtctcctca	IGHV1-3	IGHD2-15	IGHJ4	tgtggggtggtagctgctacccactactttgactactgg	323	0.00561846614134878
gaggtgcagctgttggagtctgggggaggcttggtacagcctggggggtccctgagactctcctgtgcagcctctggattcacctttagcagctatgccatgagctgggtccgccaggctccagggaaggggctggagtgggtctcagctattagtggtagtggtggtagcacatactacgcagactccgtgaagggccggttcaccatctccagagacaattccaagaacacgctgtatctgcaaatgaacagcctgagagccgaggacacggccgtatattactgtaaggtgccaggatattgtagtggtggtagctttgactactggggccaaggaaccctggtcaccgtctcctca	IGHV3-23	IGHD2-15	IGHJ4	tgtaaggtgccaggatattgtagtggtggtagctttgactactgg	296	0.00514881107690167
gaggtgcagctggtgcagtctggagcagaggtgaaaaagcccggggagtctctgaagatctcctgtaagggttctggatacagctttaccagctactggatcggctgggtgcgccagatgcccgggaaaggcctggagtggatggggatcatctatcctggtgactctgataccagatacagcccgtccttccaaggccaggtcaccatctcagccgacaagtccatcagcaccgcctacctgcagtggagcagcctgaaggcctcggacaccgccatgtattactgtgcgagacaagggcagcagctggggaactggttcgactcctggggccaaggaaccctggtcaccgtctcctca	IGHV5-51	IGHD6-13	IGHJ5	tgtgcgagacaagggcagcagctggggaactggttcgactcctgg	273	0.00474873454052079
caggtgcagctggtgcagtctggggctgaggtgaagaagcctgggtcctcggtgaaggtctcctgcaaggcttctggaggcaccttcagcagctatgctatcagctgggtgcgacaggcccctggacaagggcttgagtggatgggagggatcatccctatctttggtacagcaaactacgcacagaagttccagggcagagtcacgattaccgcggacgaatccacgagcacagcctacatggagctgagcagcctgagatctgaggacacggccgtgtattactgtgcgagagagaacgcatattgtggtggtgacttccagcactggggccagggcaccctggtcaccgtctcctca	IGHV1-69	IGHD2-21	IGHJ1	tgtgcgagagagaacgcatattgtggtggtgacttccagcactgg	253	0.0044008419001896
gaggtgcagctgttggagtctgggggaggcttggtacagcctggggggtccctgagactctcctgtgcagcctctggattcacctttagcagctatgccatgagctgggtccgccaggctccagggaaggggctggagtgggtctcagctattagtggtagtggtggtagcacatactacgcagactccgtgaagggccggttcaccatctccagagacaattccaagaacacgctgtatctgcaaatgaacagcctgagagccgaggacacggccgtatattactgtgcgaaagagtatagcagctcgtggtggttcgactcctggggccaaggaaccctggtcaccgtctcctca	IGHV3-23	IGHD6-6	IGHJ5	tgtgcgaaagagtatagcagctcgtggtggttcgactcctgg	235	0.00408773852389153
gaggtgcagctgttggagtctgggggaggcttggtacagcctggggggtccctgagactctcctgtgcagcctctggattcacctttagcagctatgccatgagctgggtccgccaggctccagggaaggggctggagtgggtctcagctattagtggtagtggtggtagcacatactacgcagactccgtgaagggccggttcaccatctccagagacaattccaagaacacgctgtatctgcaaatgaacagcctgagagccgaggacacggccgtatattactgtgcatattgtggtggtgacttacggaggtactttgactactggggccaaggaaccctggtcaccgtctcctca	IGHV3-23	IGHD2-21	IGHJ4	tgtgcatattgtggtggtgacttacggaggtactttgactactgg	219	0.00380942441162657
caggtgcagctggtgcagtctggggctgaggtgaagaagcctggggcctcagtgaaggtctcctgcaaggcttctggatacaccttcaccggctactatatgcactgggtgcgacaggcccctggacaagggcttgagtggatgggacggatcaaccctaacagtggtggcacaaactatgcacagaagtttcagggcagggtcaccagtaccagggacacgtccatcagcacagcctacatggagctgagcaggctgagatctgacgacacggtcgtgtattactgtgcgagagatagcagcagctggtacgactactttgactactggggccaaggaaccctggtcaccgtctcctca	IGHV1-2	IGHD6-13	IGHJ4	tgtgcgagagatagcagcagctggtacgactactttgactactgg	205	0.00356589956339474
caggtgcagctggtgcagtctggggctgaggtgaagaagcctgggtcctcggtgaaggtctcctgcaaggcttctggaggcaccttcagcagctatgctatcagctgggtgcgacaggcccctggacaagggcttgagtggatgggagggatcatccctatctttggtacagcaaactacgcacagaagttccagggcagagtcacgattaccgcggacgaatccacgagcacagcctacatggagctgagcagcctgagatctgaggacacggccgtgtattactgtgcgagagaaggacctactcttgaatacttccagcactggggccagggcaccctggtcaccgtctcctca	IGHV1-69	IGHD2-15	IGHJ1	tgtgcgagagaaggacctactcttgaatacttccagcactgg	192	0.00333976934717946
caggtccagcttgtgcagtctggggctgaggtgaagaagcctggggcctcagtgaaggtttcctgcaaggcttctggatacaccttcactagctatgctatgcattgggtgcgccaggcccccggacaaaggcttgagtggatgggatggatcaacgctggcaatggtaacacaaaatattcacagaagttccagggcagagtcaccattaccagggacacatccgcgagcacagcctacatggagctgagcagcctgagatctgaagacacggctgtgtattactgtgcgagatcgggaaaactatggttcggggaggagggggactggggccaaggaaccctggtcaccgtctcctca	IGHV1-3	IGHD3-10	IGHJ4	tgtgcgagatcgggaaaactatggttcggggaggagggggactgg	181	0.0031484283949973
caggtgcagctggtgcagtctggggctgaggtgaagaagcctgggtcctcggtgaaggtctcctgcaaggcttctggaggcaccttcagcagctatgctatcagctgggtgcgacaggcccctggacaagggcttgagtggatgggagggatcatccctatctttggtacagcaaactacgcacagaagttccagggcagagtcacgattaccgcggacgaatccacgagcacagcctacatggagctgagcagcctgagatctgaggacacggccgtgtattactgtgcgagagagtatagcagcagctggtactttgactactggggccaaggaaccctggtcaccgtctcctca	IGHV1-69	IGHD6-13	IGHJ4	tgtgcgagagagtatagcagcagctggtactttgactactgg	171	0.00297448207483171
caggtgcagctggtgcagtctggggctgaggtgaagaagcctgggtcctcggtgaaggtctcctgcaaggcttctggaggcaccttcagcagctatgctatcagctgggtgcgacaggcccctggacaagggcttgagtggatgggagggatcatccctatctttggtacagcaaactacgcacagaagttccagggcagagtcacgattaccgcggacgaatccacgagcacagcctacatggagctgagcagcctgagatctgaggacacggccgtgtattactgtgcgagtcgggtcactggttactactacggtatggacgtctgggggcaagggaccacggtcaccgtctcctca	IGHV1-69	IGHD7-27	IGHJ6	tgtgcgagtcgggtcactggttactactacggtatggacgtctgg	161	0.00280053575466611
gaagtgcagctggtggagtctgggggagtcgtggtacagcctggggggtccctgagactctcctgtgcagcctctggattcacctttgatgattataccatgcactgggtccgtcaagctccggggaagggtctggagtgggtctctcttattagttgggatggtggtagcacatactatgcagactctgtgaagggccgattcaccatctccagagacaacagcaaaaactccctgtatctgcaaatgaacagtctgagaactgaggacaccgccttgtattactgtgcaaaagatacgatttttggagtagagtactttgactactggggccaaggaaccctggtcaccgtctcctca	IGHV3-43	IGHD3-3	IGHJ4	tgtgcaaaagatacgatttttggagtagagtactttgactactgg	153	0.00266137869853363
gaggtgcagctggtggagtctgggggaggcttggtacagccagggcggtccctgagactctcctgtacagcttctggattcacctttggtgattatgctatgagctggttccgccaggctccagggaaggggctggagtgggtaggtttcattagaagcaaagcttatggtgggacaacagaatacaccgcgtctgtgaaaggcagattcaccatctcaagagatggttccaaaagcatcgcctatctgcaaatgaacagcctgaaaaccgaggacacagccgtgtattactgtactagaagttgtagtagtaccagctttgactactggggccaaggaaccctggtcaccgtctcctca	IGHV3-49	IGHD2-2	IGHJ4	tgtactagaagttgtagtagtaccagctttgactactgg	145	0.00252222164240116
caggtgcagctggtgcagtctggggctgaggtgaagaagcctggggcctcagtgaaggtttcctgcaaggcatctggatacaccttcaccagctactatatgcactgggtgcgacaggcccctggacaagggcttgagtggatgggaataatcaaccctagtggtggtagcacaagctacgcacagaagttccagggcagagtcaccatgaccagggacacgtccacgagcacagtctacatggagctgagcagcctgagatctgaggacacggccgtgtattactgtgcgagagaactatggttcggggagttatactttgactactggggccaaggaaccctggtcaccgtctcctca	IGHV1-46	IGHD3-10	IGHJ4	tgtgcgagagaactatggttcggggagttatactttgactactgg	138	0.00240045921828524
caggttcagctggtgcagtctggagctgaggtgaagaagcctggggcctcagtgaaggtctcctgcaaggcttctggttacacctttaccagctatggtatcagctgggtgcgacaggcccctggacaagggcttgagtggatgggatggatcagcgcttacaatggtaacacaaactatgcacagaagctccagggcagagtcaccatgaccacagacacatccacgagcacagcctacatggagctgaggagcctgagatctgacgacacggccgtgtattactgtgcgagagatatggtgtatgctataccgttctttgactactggggccaaggaaccctggtcaccgtctcctca	IGHV1-18	IGHD2-8	IGHJ4	tgtgcgagagatatggtgtatgctataccgttctttgactactgg	131	0.00227869679416932
gaggtgcagctgttggagtctgggggaggcttggtacagcctggggggtccctgagactctcctgtgcagcctctggattcacctttagcagctatgccatgagctgggtccgccaggctccagggaaggggctggagtgggtctcagctattagtggtagtggtggtagcacatactacgcagactccgtgaagggccggttcaccatctccagagacaattccaagaacacgctgtatctgcaaatgaacagcctgagagccgaggacacggccgtatattactgtgcgaaagacgtagtagtaccaaggtttgactactggggccaaggaaccctggtcaccgtctcctca	IGHV3-23	IGHD2-2	IGHJ4	tgtgcgaaagacgtagtagtaccaaggtttgactactgg	125	0.00217432900206996
gaagtgcagctggtggagtctgggggagtcgtggtacagcctggggggtccctgagactctcctgtgcagcctctggattcacctttgatgattataccatgcactgggtccgtcaagctccggggaagggtctggagtgggtctctcttattagttgggatggtggtagcacatactatgcagactctgtgaagggccgattcaccatctccagagacaacagcaaaaactccctgtatctgcaaatgaacagtctgagaactgaggacaccgccttgtattactgtgcaaaagataggatagtgagcagctactactttgactactggggccaaggaaccctggtcaccgtctcctca	IGHV3-43	IGHD6-13	IGHJ4	tgtgcaaaagataggatagtgagcagctactactttgactactgg	119	0.0020699612099706
gaggtgcagctggtggagtctgggggaggcttggtaaagcctggggggtcccttagactctcctgtgcagcctctggattcactttcagtaacgcctggatgagctgggtccgccaggctccagggaaggggctggagtgggttggccgtattaaaagcaaaactgatggtgggacaacagactacgctgcacccgtgaaaggcagattcaccatctcaagagatgattcaaaaaacacgctgtatctgcaaatgaacagcctgaaaaccgaggacacagccgtgtattactgtaccacagagagtgggttgtactacggtatggacgtctgggggcaagggaccacggtcaccgtctcctca	IGHV3-15	IGHD3-22	IGHJ6	tgtaccacagagagtgggttgtactacggtatggacgtctgg	114	0.0019829880498878
gaggtgcagctggtggagtctgggggaggtgtggtacggcctggggggtccctgagactctcctgtgcagcctctggattcacctttgatgattatggcatgagctgggtccgccaagctccagggaaggggctggagtgggtctctggtattaattggaatggtggtagcacaggttatgcagactctgtgaagggccgattcaccatctccagagacaacgccaagaactccctgtatctgcaaatgaacagtctgagagccgaggacacggccttgtatcactgtgcgagagatcggtataactggaactgcccttttgactactggggccaaggaaccctggtcaccgtctcctca	IGHV3-20	IGHD1-7	IGHJ4	tgtgcgagagatcggtataactggaactgcccttttgactactgg	109	0.00189601488980501
caggtgcagctggtgcagtctggggctgaggtgaagaagcctggggcctcagtgaaggtttcctgcaaggcatctggatacaccttcaccagctactatatgcactgggtgcgacaggcccctggacaagggcttgagtggatgggaataatcaaccctagtggtggtagcacaagctacgcacagaagttccagggcagagtcaccatgaccagggacacgtccacgagcacagtctacatggagctgagcagcctgagatctgaggacacggccgtgtattactgtgcgagagtagtgggagcttacggtatggacgtctgggggcaagggaccacggtcaccgtctcctca	IGHV1-46	IGHD1-26	IGHJ6	tgtgcgagagtagtgggagcttacggtatggacgtctgg	105	0.00182643636173877
cagatcaccttgaaggagtctggtcctacgctggtgaaacccacacagaccctcacgctgacctgcaccttctctgggttctcactcagcactagtggagtgggtgtgggctggatccgtcagcccccaggaaaggccctggagtggcttgcactcatttattggaatgatgataagcgctacagcccatctctgaagagcaggctcaccatcaccaaggacacctccaaaaaccaggtggtccttacaatgaccaacatggaccctgtggacacagccacatattactgtgcacacgaaggtattatgattgggtttgactactggggccaaggaaccctggtcaccgtctcctca	IGHV2-5	IGHD3-16	IGHJ4	tgtgcacacgaaggtattatgattgggtttgactactgg	101	0.00175685783367253
caggtccagcttgtgcagtctggggctgaggtgaagaagcctggggcctcagtgaaggtttcctgcaaggcttctggatacaccttcactagctatgctatgcattgggtgcgccaggcccccggacaaaggcttgagtggatgggatggatcaacgctggcaatggtaacacaaaatattcacagaagttccagggcagagtcaccattaccagggacacatccgcgagcacagcctacatggagctgagcagcctgagatctgaagacacggctgtgtattactgtgcgagagatgtactctactactactacggtatggacgtctgggggcaagggaccacggtcaccgtctcctca	IGHV1-3	IGHD1-26	IGHJ6	tgtgcgagagatgtactctactactactacggtatggacgtctgg	97	0.00168727930560629
caggttcagctggtgcagtctggagctgaggtgaagaagcctggggcctcagtgaaggtctcctgcaaggcttctggttacacctttaccagctatggtatcagctgggtgcgacaggcccctggacaagggcttgagtggatgggatggatcagcgcttacaatggtaacacaaactatgcacagaagctccagggcagagtcaccatgaccacagacacatccacgagcacagcctacatggagctgaggagcctgagatctgacgacacggccgtgtattactgtgcgacttattactactactactactacggtatggacgtctgggggcaagggaccacggtcaccgtctcctca	IGHV1-18	IGHD3-3	IGHJ6	tgtgcgacttattactactactactactacggtatggacgtctgg	93	0.00161770077754005
gaggtgcagctgttggagtctgggggaggcttggtacagcctggggggtccctgagactctcctgtgcagcctctggattcacctttagcagctatgccatgagctgggtccgccaggctccagggaaggggctggagtgggtctcagctattagtggtagtggtggtagcacatactacgcagactccgtgaagggccggttcaccatctccagagacaattccaagaacacgctgtatctgcaaatgaacagcctgagagccgaggacacggccgtatattactgtgctggggcggggagttattataactggtacttcgatctctggggccgtggcaccctggtcactgtctcctca	IGHV3-23	IGHD3-10	IGHJ2	tgtgctggggcggggagttattataactggtacttcgatctctgg	89	0.00154812224947381
gaggtgcagctggtgcagtctggagcagaggtgaaaaagcccggggagtctctgaagatctcctgtaagggttctggatacagctttaccagctactggatcggctgggtgcgccagatgcccgggaaaggcctggagtggatggggatcatctatcctggtgactctgataccagatacagcccgtccttccaaggccaggtcaccatctcagccgacaagtccatcagcaccgcctacctgcagtggagcagcctgaaggcctcggacaccgccatgtattactgtgcgagacattattacgtttgggggagttatgcggactactggggccaaggaaccctggtcaccgtctcctca	IGHV5-51	IGHD3-16	IGHJ4	tgtgcgagacattattacgtttgggggagttatgcggactactgg	86	0.00149593835342413
caggtgcagctggtgcagtctggggctgaggtgaagaagcctggggcctcagtgaaggtctcctgcaaggcttctggatacaccttcaccggctactatatgcactgggtgcgacaggcccctggacaagggcttgagtggatgggacggatcaaccctaacagtggtggcacaaactatgcacagaagtttcagggcagggtcaccagtaccagggacacgtccatcagcacagcctacatggagctgagcaggctgagatctgacgacacggtcgtgtattactgtgcgagcccacgatttttggagtggttatggttcgactcctggggccaaggaaccctggtcaccgtctcctca	IGHV1-2	IGHD3-3	IGHJ5	tgtgcgagcccacgatttttggagtggttatggttcgactcctgg	83	0.00144375445737445
caggtgcagctggtgcagtctggggctgaggtgaagaagcctgggtcctcggtgaaggtctcctgcaaggcttctggaggcaccttcagcagctatgctatcagctgggtgcgacaggcccctggacaagggcttgagtggatgggagggatcatccctatctttggtacagcaaactacgcacagaagttccagggcagagtcacgattaccgcggacgaatccacgagcacagcctacatggagctgagcagcctgagatctgaggacacggccgtgtattactgtgcgagagatggagctgctatgcggtttgactactggggccaaggaaccctggtcaccgtctcctca	IGHV1-69	IGHD2-2	IGHJ4	tgtgcgagagatggagctgctatgcggtttgactactgg	80	0.00139157056132478
gaggtgcagctggtgcagtctggagcagaggtgaaaaagcccggggagtctctgaagatctcctgtaagggttctggatacagctttaccagctactggatcggctgggtgcgccagatgcccgggaaaggcctggagtggatggggatcatctatcctggtgactctgataccagatacagcccgtccttccaaggccaggtcaccatctcagccgacaagtccatcagcaccgcctacctgcagtggagcagcctgaaggcctcggacaccgccatgtattactgtgcgagacgacgtagtaccagctgctatgcctttgactactggggccaaggaaccctggtcaccgtctcctca	IGHV5-51	IGHD2-2	IGHJ4	tgtgcgagacgacgtagtaccagctgctatgcctttgactactgg	78	0.00135678129729166
gaggtgcagctgttggagtctgggggaggcttggtacagcctggggggtccctgagactctcctgtgcagcctctggattcacctttagcagctatgccatgagctgggtccgccaggctccagggaaggggctggagtgggtctcagctattagtggtagtggtggtagcacatactacgcagactccgtgaagggccggttcaccatctccagagacaattccaagaacacgctgtatctgcaaatgaacagcctgagagccgaggacacggccgtatattactgtgcgaaagacctagcagtggctggtacctcctttgactactggggccaaggaaccctggtcaccgtctcctca	IGHV3-23	IGHD6-19	IGHJ4	tgtgcgaaagacctagcagtggctggtacctcctttgactactgg	75	0.00130459740124198
caggtgcagctggtgcagtctggggctgaggtgaagaagcctgggtcctcggtgaaggtctcctgcaaggcttctggaggcaccttcagcagctatgctatcagctgggtgcgacaggcccctggacaagggcttgagtggatgggagggatcatccctatctttggtacagcaaactacgcacagaagttccagggcagagtcacgattaccgcggacgaatccacgagcacagcctacatggagctgagcagcctgagatctgaggacacggccgtgtattactgtgcgagagtcggatatagcagtggctggtacttcgactcctggggccaaggaaccctggtcaccgtctcctca	IGHV1-69	IGHD6-19	IGHJ5	tgtgcgagagtcggatatagcagtggctggtacttcgactcctgg	73	0.00126980813720886
gaggtgcagctggtggagtctgggggaggcttggtaaagcctggggggtcccttagactctcctgtgcagcctctggattcactttcagtaacgcctggatgagctgggtccgccaggctccagggaaggggctggagtgggttggccgtattaaaagcaaaactgatggtgggacaacagactacgctgcacccgtgaaaggcagattcaccatctcaagagatgattcaaaaaacacgctgtatctgcaaatgaacagcctgaaaaccgaggacacagccgtgtattactgtaccacagagagtggagtggttattataccgtttgatgtctggggccaagggacaatggtcaccgtctcttca	IGHV3-15	IGHD3-3	IGHJ3	tgtaccacagagagtggagtggttattataccgtttgatgtctgg	70	0.00121762424115918
caggttcagctggtgcagtctggagctgaggtgaagaagcctggggcctcagtgaaggtctcctgcaaggcttctggttacacctttaccagctatggtatcagctgggtgcgacaggcccctggacaagggcttgagtggatgggatggatcagcgcttacaatggtaacacaaactatgcacagaagctccagggcagagtcaccatgaccacagacacatccacgagcacagcctacatggagctgaggagcctgagatctgacgacacggccgtgtattactgtgcgagagggggatttttggagtgggatgcttttgatgtctggggccaagggacaatggtcaccgtctcttca	IGHV1-18	IGHD3-3	IGHJ3	tgtgcgagagggggatttttggagtgggatgcttttgatgtctgg	68	0.00118283497712606
gaggtgcagctggtggagtctgggggaggcttggtaaagcctggggggtcccttagactctcctgtgcagcctctggattcactttcagtaacgcctggatgagctgggtccgccaggctccagggaaggggctggagtgggttggccgtattaaaagcaaaactgatggtgggacaacagactacgctgcacccgtgaaaggcagattcaccatctcaagagatgattcaaaaaacacgctgtatctgcaaatgaacagcctgaaaaccgaggacacagccgtgtattactgtaccacagaaagtgggagctacatctactttgactactggggccaaggaaccctggtcaccgtctcctca	IGHV3-15	IGHD1-26	IGHJ4	tgtaccacagaaagtgggagctacatctactttgactactgg	66	0.00114804571309294
caggtgcagctggtgcagtctggggctgaggtgaagaagcctgggtcctcggtgaaggtctcctgcaaggcttctggaggcaccttcagcagctatgctatcagctgggtgcgacaggcccctggacaagggcttgagtggatgggagggatcatccctatctttggtacagcaaactacgcacagaagttccagggcagagtcacgattaccgcggacgaatccacgagcacagcctacatggagctgagcagcctgagatctgaggacacggccgtgtattactgtgcgagaggtagtagtaccagctgctatggctactggggccaaggaaccctggtcaccgtctcctca	IGHV1-69	IGHD2-2	IGHJ4	tgtgcgagaggtagtagtaccagctgctatggctactgg	64	0.00111325644905982
caggtgcagctacagcagtggggcgcaggactgttgaagccttcggagaccctgtccctcacctgcgctgtctatggtgggtccttcagtggttactactggagctggatccgccagcccccagggaaggggctggagtggattggggaaatcaatcatagtggaagcaccaactacaacccgtccctcaagagtcgagtcaccatatcagtagacacgtccaagaaccagttctccctgaagctgagctctgtgaccgccgcggacacggctgtgtattactgtgactttttggagtggttggactggttcgactcctggggccaaggaaccctggtcaccgtctcctca	IGHV4-34	IGHD3-3	IGHJ5	tgtgactttttggagtggttggactggttcgactcctgg	62	0.0010784671850267
gaggtgcagctggtgcagtctggagcagaggtgaaaaagcccggggagtctctgaagatctcctgtaagggttctggatacagctttaccagctactggatcggctgggtgcgccagatgcccgggaaaggcctggagtggatggggatcatctatcctggtgactctgataccagatacagcccgtccttccaaggccaggtcaccatctcagccgacaagtccatcagcaccgcctacctgcagtggagcagcctgaaggcctcggacaccgccatgtattactgtgtgggatattgtagtagtaccagctggtttgactactggggccaaggaaccctggtcaccgtctcctca	IGHV5-51	IGHD2-2	IGHJ4	tgtgtgggatattgtagtagtaccagctggtttgactactgg	60	0.00104367792099358
caggttcagctggtgcagtctggagctgaggtgaagaagcctggggcctcagtgaaggtctcctgcaaggcttctggttacacctttaccagctatggtatcagctgggtgcgacaggcccctggacaagggcttgagtggatgggatggatcagcgcttacaatggtaacacaaactatgcacagaagctccagggcagagtcaccatgaccacagacacatccacgagcacagcctacatggagctgaggagcctgagatctgacgacacggccgtgtattactgtgcgagagttactatggttcggggagttaggttccagcactggggccagggcaccctggtcaccgtctcctca	IGHV1-18	IGHD3-10	IGHJ1	tgtgcgagagttactatggttcggggagttaggttccagcactgg	59	0.00102628328897702
caggtccagcttgtgcagtctggggctgaggtgaagaagcctggggcctcagtgaaggtttcctgcaaggcttctggatacaccttcactagctatgctatgcattgggtgcgccaggcccccggacaaaggcttgagtggatgggatggatcaacgctggcaatggtaacacaaaatattcacagaagttccagggcagagtcaccattaccagggacacatccgcgagcacagcctacatggagctgagcagcctgagatctgaagacacggctgtgtattactgtgcgagagttttcttttggaacaactggttcgactcctggggccaaggaaccctggtcaccgtctcctca	IGHV1-3	IGHD3-3	IGHJ5	tgtgcgagagttttcttttggaacaactggttcgactcctgg	57	0.000991494024943902
caggtgcagctacagcagtggggcgcaggactgttgaagccttcggagaccctgtccctcacctgcgctgtctatggtgggtccttcagtggttactactggagctggatccgccagcccccagggaaggggctggagtggattggggaaatcaatcatagtggaagcaccaactacaacccgtccctcaagagtcgagtcaccatatcagtagacacgtccaagaaccagttctccctgaagctgagctctgtgaccgccgcggacacggctgtgtattactgtgcgagaggggggcagctggtacttgatgcttttgatgtctggggccaagggacaatggtcaccgtctcttca	IGHV4-34	IGHD6-13	IGHJ3	tgtgcgagaggggggcagctggtacttgatgcttttgatgtctgg	55	0.000956704760910783
caggtgcagctggtgcagtctggggctgaggtgaagaagcctgggtcctcggtgaaggtctcctgcaaggcttctggaggcaccttcagcagctatgctatcagctgggtgcgacaggcccctggacaagggcttgagtggatgggagggatcatccctatctttggtacagcaaactacgcacagaagttccagggcagagtcacgattaccgcggacgaatccacgagcacagcctacatggagctgagcagcctgagatctgaggacacggccgtgtattactgtgcgagaggggggctacgacgctactacggtatggacgtctgggggcaagggaccacggtcaccgtctcctca	IGHV1-69	IGHD5-12	IGHJ6	tgtgcgagaggggggctacgacgctactacggtatggacgtctgg	54	0.000939310128894223
caggtgcagctggtgcagtctggggctgaggtgaagaagcctgggtcctcggtgaaggtctcctgcaaggcttctggaggcaccttcagcagctatgctatcagctgggtgcgacaggcccctggacaagggcttgagtggatgggagggatcatccctatctttggtacagcaaactacgcacagaagttccagggcagagtcacgattaccgcggacgaatccacgagcacagcctacatggagctgagcagcctgagatctgaggacacggccgtgtattactgtgcgagagtgtttgtatactacggtatggacgtctgggggcaagggaccacggtcaccgtctcctca	IGHV1-69	IGHD2-2	IGHJ6	tgtgcgagagtgtttgtatactacggtatggacgtctgg	53	0.000921915496877664
caggtgcagctggtgcagtctggggctgaggtgaagaagcctgggtcctcggtgaaggtctcctgcaaggcttctggaggcaccttcagcagctatgctatcagctgggtgcgacaggcccctggacaagggcttgagtggatgggagggatcatccctatctttggtacagcaaactacgcacagaagttccagggcagagtcacgattaccgcggacgaatccacgagcacagcctacatggagctgagcagcctgagatctgaggacacggccgtgtattactgtgcgagagattattactatggttacggtatggacgtctgggggcaagggaccacggtcaccgtctcctca	IGHV1-69	IGHD3-10	IGHJ6	tgtgcgagagattattactatggttacggtatggacgtctgg	51	0.000887126232844544
gaggtgcagctggtggagtctgggggaggcttggtccagcctggggggtccctgaaactctcctgtgcagcctctgggttcaccttcagtggctctgctatgcactgggtccgccaggcttccgggaaagggctggagtgggttggccgtattagaagcaaagctaacagttacgcgacagcatatgctgcgtcggtgaaaggcaggttcaccatctccagagatgattcaaagaacacggcgtatctgcaaatgaacagcctgaaaaccgaggacacggccgtgtattactgtaagactatgatagtagtggttattacgaggtttgactactggggccaaggaaccctggtcaccgtctcctca	IGHV3-73	IGHD3-22	IGHJ4	tgtaagactatgatagtagtggttattacgaggtttgactactgg	50	0.000869731600827984
gaggtgcagctggtggagtccgggggaggcttagttcagcctggggggtccctgagactctcctgtgcagcctctggattcaccttcagtagctactggatgcactgggtccgccaagctccagggaaggggctggtgtgggtctcacgtattaatagtgatgggagtagcacaagctacgcggactccgtgaagggccgattcaccatctccagagacaacgccaagaacacgctgtatctgcaaatgaacagtctgagagccgaggacacggctgtgtattactgtgcaagagatttttggagtggttactggttcgactcctggggccaaggaaccctggtcaccgtctcctca	IGHV3-74	IGHD3-3	IGHJ5	tgtgcaagagatttttggagtggttactggttcgactcctgg	49	0.000852336968811425
gaggtgcagctggtggagtctgggggaggcttggtaaagcctggggggtcccttagactctcctgtgcagcctctggattcactttcagtaacgcctggatgagctgggtccgccaggctccagggaaggggctggagtgggttggccgtattaaaagcaaaactgatggtgggacaacagactacgctgcacccgtgaaaggcagattcaccatctcaagagatgattcaaaaaacacgctgtatctgcaaatgaacagcctgaaaaccgaggacacagccgtgtattactgtaccacagatatgccctactactactacggtatggacgtctgggggcaagggaccacggtcaccgtctcctca	IGHV3-15	IGHD6-6	IGHJ6	tgtaccacagatatgccctactactactacggtatggacgtctgg	47	0.000817547704778305
gaggtgcagctggtggagtctgggggaggcttggtaaagcctggggggtcccttagactctcctgtgcagcctctggattcactttcagtaacgcctggatgagctgggtccgccaggctccagggaaggggctggagtgggttggccgtattaaaagcaaaactgatggtgggacaacagactacgctgcacccgtgaaaggcagattcaccatctcaagagatgattcaaaaaacacgctgtatctgcaaatgaacagcctgaaaaccgaggacacagccgtgtattactgtaccacagatagtggtggtagctgctggagggttgatgtctggggccaagggacaatggtcaccgtctcttca	IGHV3-15	IGHD2-15	IGHJ3	tgtaccacagatagtggtggtagctgctggagggttgatgtctgg	46	0.000800153072761746
caggttcagctggtgcagtctggagctgaggtgaagaagcctggggcctcagtgaaggtctcctgcaaggcttctggttacacctttaccagctatggtatcagctgggtgcgacaggcccctggacaagggcttgagtggatgggatggatcagcgcttacaatggtaacacaaactatgcacagaagctccagggcagagtcaccatgaccacagacacatccacgagcacagcctacatggagctgaggagcctgagatctgacgacacggccgtgtattactgtgcgagagatagtagtggttattacccttttgatgtctggggccaagggacaatggtcaccgtctcttca	IGHV1-18	IGHD3-22	IGHJ3	tgtgcgagagatagtagtggttattacccttttgatgtctgg	45	0.000782758440745186
caggtcaccttgagggagtctggtcctgcgctggtgaaacccacacagaccctcacactgacctgcaccttctctgggttctcactcagcactagtggaatgtgtgtgagctggatccgtcagcccccagggaaggccctggagtggcttgcactcattgattgggatgatgataaatactacagcacatctctgaagaccaggctcaccatctccaaggacacctccaaaaaccaggtggtccttacaatgaccaacatggaccctgtggacacagccacgtattactgtgcacggatacactacggtggttactacggtatggacgtctgggggcaagggaccacggtcaccgtctcctca	IGHV2-70	IGHD4-23	IGHJ6	tgtgcacggatacactacggtggttactacggtatggacgtctgg	44	0.000765363808728626
caggtgcagctggtgcagtctggggctgaggtgaagaagcctggggcctcagtgaaggtttcctgcaaggcatctggatacaccttcaccagctactatatgcactgggtgcgacaggcccctggacaagggcttgagtggatgggaataatcaaccctagtggtggtagcacaagctacgcacagaagttccagggcagagtcaccatgaccagggacacgtccacgagcacagtctacatggagctgagcagcctgagatctgaggacacggccgtgtattactgtgcgccgagtatagcagctcgtccatggttcgactcctggggccaaggaaccctggtcaccgtctcctca	IGHV1-46	IGHD6-6	IGHJ5	tgtgcgccgagtatagcagctcgtccatggttcgactcctgg	43	0.000747969176712067
gaggtgcagctgttggagtctgggggaggcttggtacagcctggggggtccctgagactctcctgtgcagcctctggattcacctttagcagctatgccatgagctgggtccgccaggctccagggaaggggctggagtgggtctcagctattagtggtagtggtggtagcacatactacgcagactccgtgaagggccggttcaccatctccagagacaattccaagaacacgctgtatctgcaaatgaacagcctgagagccgaggacacggccgtatattactgtgcgaaatatcgatattgtagtagtacccctgactactggggccaaggaaccctggtcaccgtctcctca	IGHV3-23	IGHD2-2	IGHJ4	tgtgcgaaatatcgatattgtagtagtacccctgactactgg	42	0.000730574544695507
gaggtgcagctggtggagtctgggggaggcttggtaaagcctggggggtcccttagactctcctgtgcagcctctggattcactttcagtaacgcctggatgagctgggtccgccaggctccagggaaggggctggagtgggttggccgtattaaaagcaaaactgatggtgggacaacagactacgctgcacccgtgaaaggcagattcaccatctcaagagatgattcaaaaaacacgctgtatctgcaaatgaacagcctgaaaaccgaggacacagccgtgtattactgtaccacagatggtatagcagccgactactttgactactggggccaaggaaccctggtcaccgtctcctca	IGHV3-15	IGHD6-13	IGHJ4	tgtaccacagatggtatagcagccgactactttgactactgg	41	0.000713179912678947
caggtgcagctggtgcagtctggggctgaggtgaagaagcctgggtcctcggtgaaggtctcctgcaaggcttctggaggcaccttcagcagctatgctatcagctgggtgcgacaggcccctggacaagggcttgagtggatgggagggatcatccctatctttggtacagcaaactacgcacagaagttccagggcagagtcacgattaccgcggacgaatccacgagcacagcctacatggagctgagcagcctgagatctgaggacacggccgtgtattactgtgcgagaggtggatatagtggctacgattttgactactggggccaaggaaccctggtcaccgtctcctca	IGHV1-69	IGHD5-12	IGHJ4	tgtgcgagaggtggatatagtggctacgattttgactactgg	40	0.000695785280662388
gaggtgcagctggtgcagtctggagcagaggtgaaaaagcccggggagtctctgaagatctcctgtaagggttctggatacagctttaccagctactggatcggctgggtgcgccagatgcccgggaaaggcctggagtggatggggatcatctatcctggtgactctgataccagatacagcccgtccttccaaggccaggtcaccatctcagccgacaagtccatcagcaccgcctacctgcagtggagcagcctgaaggcctcggacaccgccatgtattactgtgcgagactcgggtggttcgttggctactttgactactggggccaaggaaccctggtcaccgtctcctca	IGHV5-51	IGHD3-10	IGHJ4	tgtgcgagactcgggtggttcgttggctactttgactactgg	39	0.000678390648645828
gaggtgcagctggtggagtctgggggaggtgtggtacggcctggggggtccctgagactctcctgtgcagcctctggattcacctttgatgattatggcatgagctgggtccgccaagctccagggaaggggctggagtgggtctctggtattaattggaatggtggtagcacaggttatgcagactctgtgaagggccgattcaccatctccagagacaacgccaagaactccctgtatctgcaaatgaacagtctgagagccgaggacacggccttgtatcactgtgcgagagaattacgtttgggggagttatgctttgactactggggccaaggaaccctggtcaccgtctcctca	IGHV3-20	IGHD3-16	IGHJ4	tgtgcgagagaattacgtttgggggagttatgctttgactactgg	39	0.000678390648645828
caggtgcagctggtgcagtctggggctgaggtgaagaagcctgggtcctcggtgaaggtctcctgcaaggcttctggaggcaccttcagcagctatgctatcagctgggtgcgacaggcccctggacaagggcttgagtggatgggagggatcatccctatctttggtacagcaaactacgcacagaagttccagggcagagtcacgattaccgcggacgaatccacgagcacagcctacatggagctgagcagcctgagatctgaggacacggccgtgtattactgtgcgagagagcctcatattgtggtggactactttgactactggggccaaggaaccctggtcaccgtctcctca	IGHV1-69	IGHD2-21	IGHJ4	tgtgcgagagagcctcatattgtggtggactactttgactactgg	38	0.000660996016629268
caggttcagctggtgcagtctggagctgaggtgaagaagcctggggcctcagtgaaggtctcctgcaaggcttctggttacacctttaccagctatggtatcagctgggtgcgacaggcccctggacaagggcttgagtggatgggatggatcagcgcttacaatggtaacacaaactatgcacagaagctccagggcagagtcaccatgaccacagacacatccacgagcacagcctacatggagctgaggagcctgagatctgacgacacggccgtgtattactgtgcgagagagaaggttactatgaccttcgactcctggggccaaggaaccctggtcaccgtctcctca	IGHV1-18	IGHD3-22	IGHJ5	tgtgcgagagagaaggttactatgaccttcgactcctgg	37	0.000643601384612708
gaggtgcagctggtggagtctgggggaggcttggtccagcctggggggtccctgaaactctcctgtgcagcctctgggttcaccttcagtggctctgctatgcactgggtccgccaggcttccgggaaagggctggagtgggttggccgtattagaagcaaagctaacagttacgcgacagcatatgctgcgtcggtgaaaggcaggttcaccatctccagagatgattcaaagaacacggcgtatctgcaaatgaacagcctgaaaaccgaggacacggccgtgtattactgtactagacacgactacggtgactactcttttgatgtctggggccaagggacaatggtcaccgtctcttca	IGHV3-73	IGHD4-17	IGHJ3	tgtactagacacgactacggtgactactcttttgatgtctgg	36	0.000626206752596149
gaggtgcagctgttggagtctgggggaggcttggtacagcctggggggtccctgagactctcctgtgcagcctctggattcacctttagcagctatgccatgagctgggtccgccaggctccagggaaggggctggagtgggtctcagctattagtggtagtggtggtagcacatactacgcagactccgtgaagggccggttcaccatctccagagacaattccaagaacacgctgtatctgcaaatgaacagcctgagagccgaggacacggccgtatattactgtgcgaaagagcccttattactaccgggtgactactggggccaaggaaccctggtcaccgtctcctca	IGHV3-23	IGHD3-22	IGHJ4	tgtgcgaaagagcccttattactaccgggtgactactgg	36	0.000626206752596149
gaagtgcagctggtggagtctgggggagtcgtggtacagcctggggggtccctgagactctcctgtgcagcctctggattcacctttgatgattataccatgcactgggtccgtcaagctccggggaagggtctggagtgggtctctcttattagttgggatggtggtagcacatactatgcagactctgtgaagggccgattcaccatctccagagacaacagcaaaaactccctgtatctgcaaatgaacagtctgagaactgaggacaccgccttgtattactgtgcaaaaagtgggagctacggagactttgactactggggccaaggaaccctggtcaccgtctcctca	IGHV3-43	IGHD1-26	IGHJ4	tgtgcaaaaagtgggagctacggagactttgactactgg	35	0.000608812120579589
gaggtgcagctggtgcagtctggagcagaggtgaaaaagcccggggagtctctgaagatctcctgtaagggttctggatacagctttaccagctactggatcggctgggtgcgccagatgcccgggaaaggcctggagtggatggggatcatctatcctggtgactctgataccagatacagcccgtccttccaaggccaggtcaccatctcagccgacaagtccatcagcaccgcctacctgcagtggagcagcctgaaggcctcggacaccgccatgtattactgtgatctagcagctctctactactacggtatggacgtctgggggcaagggaccacggtcaccgtctcctca	IGHV5-51	IGHD6-13	IGHJ6	tgtgatctagcagctctctactactacggtatggacgtctgg	34	0.000591417488563029
caggtgcagctggtgcagtctggggctgaggtgaagaagcctggggcctcagtgaaggtctcctgcaaggcttctggatacaccttcaccggctactatatgcactgggtgcgacaggcccctggacaagggcttgagtggatgggacggatcaaccctaacagtggtggcacaaactatgcacagaagtttcagggcagggtcaccagtaccagggacacgtccatcagcacagcctacatggagctgagcaggctgagatctgacgacacggtcgtgtattactgtgcgagagcggttacgatttttggagtggttattgactactggggccaaggaaccctggtcaccgtctcctca	IGHV1-2	IGHD3-3	IGHJ4	tgtgcgagagcggttacgatttttggagtggttattgactactgg	33	0.00057402285654647
gaggtgcagctggtggagtctgggggaggcttggtccagcctggggggtccctgaaactctcctgtgcagcctctgggttcaccttcagtggctctgctatgcactgggtccgccaggcttccgggaaagggctggagtgggttggccgtattagaagcaaagctaacagttacgcgacagcatatgctgcgtcggtgaaaggcaggttcaccatctccagagatgattcaaagaacacggcgtatctgcaaatgaacagcctgaaaaccgaggacacggccgtgtattactgtagtattgtagtagtaccagctgcctttgactactggggccaaggaaccctggtcaccgtctcctca	IGHV3-73	IGHD2-2	IGHJ4	tgtagtattgtagtagtaccagctgcctttgactactgg	33	0.00057402285654647
gaggtgcagctggtggagtctgggggaggtgtggtacggcctggggggtccctgagactctcctgtgcagcctctggattcacctttgatgattatggcatgagctgggtccgccaagctccagggaaggggctggagtgggtctctggtattaattggaatggtggtagcacaggttatgcagactctgtgaagggccgattcaccatctccagagacaacgccaagaactccctgtatctgcaaatgaacagtctgagagccgaggacacggccttgtatcactgtgcgagagagtattactatggttcgggggttgactactggggccaaggaaccctggtcaccgtctcctca	IGHV3-20	IGHD3-10	IGHJ4	tgtgcgagagagtattactatggttcgggggttgactactgg	32	0.00055662822452991
gaggtgcagctggtggagtctgggggaggcttggtccagcctggggggtccctgaaactctcctgtgcagcctctgggttcaccttcagtggctctgctatgcactgggtccgccaggcttccgggaaagggctggagtgggttggccgtattagaagcaaagctaacagttacgcgacagcatatgctgcgtcggtgaaaggcaggttcaccatctccagagatgattcaaagaacacggcgtatctgcaaatgaacagcctgaaaaccgaggacacggccgtgtattactgtactagacatacgtttggggaactctttgactactggggccaaggaaccctggtcaccgtctcctca	IGHV3-73	IGHD3-16	IGHJ4	tgtactagacatacgtttggggaactctttgactactgg	32	0.00055662822452991
gaggtgcagctggtggagtctgggggaggcttggtaaagcctggggggtcccttagactctcctgtgcagcctctggattcactttcagtaacgcctggatgagctgggtccgccaggctccagggaaggggctggagtgggttggccgtattaaaagcaaaactgatggtgggacaacagactacgctgcacccgtgaaaggcagattcaccatctcaagagatgattcaaaaaacacgctgtatctgcaaatgaacagcctgaaaaccgaggacacagccgtgtattactgtaccacagactatagtggctacgactttgactactggggccaaggaaccctggtcaccgtctcctca	IGHV3-15	IGHD5-12	IGHJ4	tgtaccacagactatagtggctacgactttgactactgg	31	0.00053923359251335
gaggtgcagctgttggagtctgggggaggcttggtacagcctggggggtccctgagactctcctgtgcagcctctggattcacctttagcagctatgccatgagctgggtccgccaggctccagggaaggggctggagtgggtctcagctattagtggtagtggtggtagcacatactacgcagactccgtgaagggccggttcaccatctccagagacaattccaagaacacgctgtatctgcaaatgaacagcctgagagccgaggacacggccgtatattactgtgcgaaagagatgggggaagtggctacgaactttgactactggggccaaggaaccctggtcaccgtctcctca	IGHV3-23	IGHD5-12	IGHJ4	tgtgcgaaagagatgggggaagtggctacgaactttgactactgg	30	0.000521838960496791
gaggtgcagctggtggagtctgggggaggcttggtacagccagggcggtccctgagactctcctgtacagcttctggattcacctttggtgattatgctatgagctggttccgccaggctccagggaaggggctggagtgggtaggtttcattagaagcaaagcttatggtgggacaacagaatacaccgcgtctgtgaaaggcagattcaccatctcaagagatggttccaaaagcatcgcctatctgcaaatgaacagcctgaaaaccgaggacacagccgtgtattactgtactagagatgatagtgggagctacgggtactttgactactggggccaaggaaccctggtcaccgtctcctca	IGHV3-49	IGHD1-26	IGHJ4	tgtactagagatgatagtgggagctacgggtactttgactactgg	30	0.000521838960496791
gaggtgcagctggtggagtctgggggaggcttggtacagccagggcggtccctgagactctcctgtacagcttctggattcacctttggtgattatgctatgagctggttccgccaggctccagggaaggggctggagtgggtaggtttcattagaagcaaagcttatggtgggacaacagaatacaccgcgtctgtgaaaggcagattcaccatctcaagagatggttccaaaagcatcgcctatctgcaaatgaacagcctgaaaaccgaggacacagccgtgtattactgtatccggatggttcggggagttattacctactttgactactggggccaaggaaccctggtcaccgtctcctca	IGHV3-49	IGHD3-10	IGHJ4	tgtatccggatggttcggggagttattacctactttgactactgg	29	0.000504444328480231
caggtgcagctggtgcagtctggggctgaggtgaagaagcctggggcctcagtgaaggtctcctgcaaggcttctggatacaccttcaccagttatgatatcaactgggtgcgacaggccactggacaagggcttgagtggatgggatggatgaaccctaacagtggtaacacaggctatgcacagaagttccagggcagagtcaccatgaccaggaacacctccataagcacagcctacatggagctgagcagcctgagatctgaggacacggccgtgtattactgtgcgaattacgatttttggagtggttattactttgactactggggccaaggaaccctggtcaccgtctcctca	IGHV1-8	IGHD3-3	IGHJ4	tgtgcgaattacgatttttggagtggttattactttgactactgg	29	0.000504444328480231
caggtgcagctggtgcagtctggggctgaggtgaagaagcctgggtcctcggtgaaggtctcctgcaaggcttctggaggcaccttcagcagctatgctatcagctgggtgcgacaggcccctggacaagggcttgagtggatgggagggatcatccctatctttggtacagcaaactacgcacagaagttccagggcagagtcacgattaccgcggacgaatccacgagcacagcctacatggagctgagcagcctgagatctgaggacacggccgtgtattactgtgcgagactgggggcaagcagctggcccctctttgactactggggccaaggaaccctggtcaccgtctcctca	IGHV1-69	IGHD6-13	IGHJ4	tgtgcgagactgggggcaagcagctggcccctctttgactactgg	28	0.000487049696463671
cagatcaccttgaaggagtctggtcctacgctggtgaaacccacacagaccctcacgctgacctgcaccttctctgggttctcactcagcactagtggagtgggtgtgggctggatccgtcagcccccaggaaaggccctggagtggcttgcactcatttattggaatgatgataagcgctacagcccatctctgaagagcaggctcaccatcaccaaggacacctccaaaaaccaggtggtccttacaatgaccaacatggaccctgtggacacagccacatattactgtgcacacagggacccgttattgtactttgactactggggccaaggaaccctggtcaccgtctcctca	IGHV2-5	IGHD3-10	IGHJ4	tgtgcacacagggacccgttattgtactttgactactgg	28	0.000487049696463671
gaggtgcagctggtggagtctgggggaggtgtggtacggcctggggggtccctgagactctcctgtgcagcctctggattcacctttgatgattatggcatgagctgggtccgccaagctccagggaaggggctggagtgggtctctggtattaattggaatggtggtagcacaggttatgcagactctgtgaagggccgattcaccatctccagagacaacgccaagaactccctgtatctgcaaatgaacagtctgagagccgaggacacggccttgtatcactgtgcgagagtacgatttttggagtggttatttgactactggggccaaggaaccctggtcaccgtctcctca	IGHV3-20	IGHD3-3	IGHJ4	tgtgcgagagtacgatttttggagtggttatttgactactgg	27	0.000469655064447112
caggtgcagctggtgcagtctggggctgaggtgaagaagcctgggtcctcggtgaaggtctcctgcaaggcttctggaggcaccttcagcagctatgctatcagctgggtgcgacaggcccctggacaagggcttgagtggatgggagggatcatccctatctttggtacagcaaactacgcacagaagttccagggcagagtcacgattaccgcggacgaatccacgagcacagcctacatggagctgagcagcctgagatctgaggacacggccgtgtattactgtgcgagagtggtagtgggagctactacatttgatgtctggggccaagggacaatggtcaccgtctcttca	IGHV1-69	IGHD1-26	IGHJ3	tgtgcgagagtggtagtgggagctactacatttgatgtctgg	27	0.000469655064447112
gaggtgcagctggtggagtctgggggaggcttggtaaagcctggggggtcccttagactctcctgtgcagcctctggattcactttcagtaacgcctggatgagctgggtccgccaggctccagggaaggggctggagtgggttggccgtattaaaagcaaaactgatggtgggacaacagactacgctgcacccgtgaaaggcagattcaccatctcaagagatgattcaaaaaacacgctgtatctgcaaatgaacagcctgaaaaccgaggacacagccgtgtattactgtaccacagacatagtggtggtagctgcccctttcgactcctggggccaaggaaccctggtcaccgtctcctca	IGHV3-15	IGHD2-15	IGHJ5	tgtaccacagacatagtggtggtagctgcccctttcgactcctgg	27	0.000469655064447112
cagctgcagctgcaggagtcgggcccaggactggtgaagccttcggagaccctgtccctcacctgcactgtctctggtggctccatcagcagtagtagttactactggggctggatccgccagcccccagggaaggggctggagtggattgggagtatctattatagtgggagcacctactacaacccgtccctcaagagtcgagtcaccatatccgtagacacgtccaagaaccagttctccctgaagctgagctctgtgaccgccgcagacacggctgtgtattactgtgcgaggtattacgatatttactactttgactactggggccaaggaaccctggtcaccgtctcctca	IGHV4-39	IGHD3-9	IGHJ4	tgtgcgaggtattacgatatttactactttgactactgg	26	0.000452260432430552
caggtgcagctggtggagtctgggggaggcttggtcaagcctggagggtccctgagactctcctgtgcagcctctggattcaccttcagtgactactacatgagctggatccgccaggctccagggaaggggctggagtgggtttcatacattagtagtagtggtagtaccatatactacgcagactctgtgaagggccgattcaccatctccagggacaacgccaagaactcactgtatctgcaaatgaacagcctgagagccgaggacacggccgtgtattactgtgcgagaacgcagtggctggtacacaactggttcgactcctggggccaaggaaccctggtcaccgtctcctca	IGHV3-11	IGHD6-19	IGHJ5	tgtgcgagaacgcagtggctggtacacaactggttcgactcctgg	26	0.000452260432430552
caggtgcagctggtgcagtctggggctgaggtgaagaagcctgggtcctcggtgaaggtctcctgcaaggcttctggaggcaccttcagcagctatgctatcagctgggtgcgacaggcccctggacaagggcttgagtggatgggagggatcatccctatctttggtacagcaaactacgcacagaagttccagggcagagtcacgattaccgcggacgaatccacgagcacagcctacatggagctgagcagcctgagatctgaggacacggccgtgtattactgtgcgagagatcgatttttggagtggttctggttcgactcctggggccaaggaaccctggtcaccgtctcctca	IGHV1-69	IGHD3-3	IGHJ5	tgtgcgagagatcgatttttggagtggttctggttcgactcctgg	25	0.000434865800413992
caggtgcagctggtgcagtctggggctgaggtgaagaagcctggggcctcagtgaaggtctcctgcaaggcttctggatacaccttcaccagttatgatatcaactgggtgcgacaggccactggacaagggcttgagtggatgggatggatgaaccctaacagtggtaacacaggctatgcacagaagttccagggcagagtcaccatgaccaggaacacctccataagcacagcctacatggagctgagcagcctgagatctgaggacacggccgtgtattactgtgcgagagggacttacgtttgggggagggcttttgatgtctggggccaagggacaatggtcaccgtctcttca	IGHV1-8	IGHD3-16	IGHJ3	tgtgcgagagggacttacgtttgggggagggcttttgatgtctgg	25	0.000434865800413992
caggtgcagctggtgcagtctggggctgaggtgaagaagcctggggcctcagtgaaggtttcctgcaaggcatctggatacaccttcaccagctactatatgcactgggtgcgacaggcccctggacaagggcttgagtggatgggaataatcaaccctagtggtggtagcacaagctacgcacagaagttccagggcagagtcaccatgaccagggacacgtccacgagcacagtctacatggagctgagcagcctgagatctgaggacacggccgtgtattactgtgttgtagtggtggtagctgctactcctttttttgatgtctggggccaagggacaatggtcaccgtctcttca	IGHV1-46	IGHD2-15	IGHJ3	tgtgttgtagtggtggtagctgctactcctttttttgatgtctgg	24	0.000417471168397433
gaagtgcagctggtggagtctgggggagtcgtggtacagcctggggggtccctgagactctcctgtgcagcctctggattcacctttgatgattataccatgcactgggtccgtcaagctccggggaagggtctggagtgggtctctcttattagttgggatggtggtagcacatactatgcagactctgtgaagggccgattcaccatctccagagacaacagcaaaaactccctgtatctgcaaatgaacagtctgagaactgaggacaccgccttgtattactgtgcaaaagatagagggggcagctcgcccctctactggggccaaggaaccctggtcaccgtctcctca	IGHV3-43	IGHD6-6	IGHJ4	tgtgcaaaagatagagggggcagctcgcccctctactgg	24	0.000417471168397433
caggtgcagctggtgcagtctggggctgaggtgaagaagcctgggtcctcggtgaaggtctcctgcaaggcttctggaggcaccttcagcagctatgctatcagctgggtgcgacaggcccctggacaagggcttgagtggatgggagggatcatccctatctttggtacagcaaactacgcacagaagttccagggcagagtcacgattaccgcggacgaatccacgagcacagcctacatggagctgagcagcctgagatctgaggacacggccgtgtattactgtgcgagagattgtagtagtaccagcggatttgactactggggccaaggaaccctggtcaccgtctcctca	IGHV1-69	IGHD2-2	IGHJ4	tgtgcgagagattgtagtagtaccagcggatttgactactgg	24	0.000417471168397433
gaggtgcagctggtggagtctgggggaggcttggtccagcctggggggtccctgaaactctcctgtgcagcctctgggttcaccttcagtggctctgctatgcactgggtccgccaggcttccgggaaagggctggagtgggttggccgtattagaagcaaagctaacagttacgcgacagcatatgctgcgtcggtgaaaggcaggttcaccatctccagagatgattcaaagaacacggcgtatctgcaaatgaacagcctgaaaaccgaggacacggccgtgtattactgtactagacgagtttgggggagttatgcttatatggactactggggccaaggaaccctggtcaccgtctcctca	IGHV3-73	IGHD3-16	IGHJ4	tgtactagacgagtttgggggagttatgcttatatggactactgg	23	0.000400076536380873
gaagtgcagctggtggagtctgggggagtcgtggtacagcctggggggtccctgagactctcctgtgcagcctctggattcacctttgatgattataccatgcactgggtccgtcaagctccggggaagggtctggagtgggtctctcttattagttgggatggtggtagcacatactatgcagactctgtgaagggccgattcaccatctccagagacaacagcaaaaactccctgtatctgcaaatgaacagtctgagaactgaggacaccgccttgtattactgtgcaaaagatagatggactacggtgacgtttgactactggggccaaggaaccctggtcaccgtctcctca	IGHV3-43	IGHD4-17	IGHJ4	tgtgcaaaagatagatggactacggtgacgtttgactactgg	23	0.000400076536380873
gaggtgcagctgttggagtctgggggaggcttggtacagcctggggggtccctgagactctcctgtgcagcctctggattcacctttagcagctatgccatgagctgggtccgccaggctccagggaaggggctggagtgggtctcagctattagtggtagtggtggtagcacatactacgcagactccgtgaagggccggttcaccatctccagagacaattccaagaacacgctgtatctgcaaatgaacagcctgagagccgaggacacggccgtatattactgtgcgaaagagactacggtctactacggtatggacgtctgggggcaagggaccacggtcaccgtctcctca	IGHV3-23	IGHD4-17	IGHJ6	tgtgcgaaagagactacggtctactacggtatggacgtctgg	23	0.000400076536380873
gaggtgcagctggtggagtctgggggaggcttggtacagccagggcggtccctgagactctcctgtacagcttctggattcacctttggtgattatgctatgagctggttccgccaggctccagggaaggggctggagtgggtaggtttcattagaagcaaagcttatggtgggacaacagaatacaccgcgtctgtgaaaggcagattcaccatctcaagagatggttccaaaagcatcgcctatctgcaaatgaacagcctgaaaaccgaggacacagccgtgtattactgtactagagatccgtatagcagtggctgtggaggtgactactggggccaaggaaccctggtcaccgtctcctca	IGHV3-49	IGHD6-19	IGHJ4	tgtactagagatccgtatagcagtggctgtggaggtgactactgg	22	0.000382681904364313
caggtgcagctggtgcagtctggggctgaggtgaagaagcctggggcctcagtgaaggtctcctgcaaggcttctggatacaccttcaccggctactatatgcactgggtgcgacaggcccctggacaagggcttgagtggatgggacggatcaaccctaacagtggtggcacaaactatgcacagaagtttcagggcagggtcaccagtaccagggacacgtccatcagcacagcctacatggagctgagcaggctgagatctgacgacacggtcgtgtattactgtgcgagagagagtatagcgtcaggctactttgactactggggccaaggaaccctggtcaccgtctcctca	IGHV1-2	IGHD6-6	IGHJ4	tgtgcgagagagagtatagcgtcaggctactttgactactgg	22	0.000382681904364313
caggttcagctggtgcagtctggagctgaggtgaagaagcctggggcctcagtgaaggtctcctgcaaggcttctggttacacctttaccagctatggtatcagctgggtgcgacaggcccctggacaagggcttgagtggatgggatggatcagcgcttacaatggtaacacaaactatgcacagaagctccagggcagagtcaccatgaccacagacacatccacgagcacagcctacatggagctgaggagcctgagatctgacgacacggccgtgtattactgtgcgagagactatgatagtagtggttattactacgactactggggccaaggaaccctggtcaccgtctcctca	IGHV1-18	IGHD3-22	IGHJ4	tgtgcgagagactatgatagtagtggttattactacgactactgg	22	0.000382681904364313
gaggtgcagctggtgcagtctggagcagaggtgaaaaagcccggggagtctctgaagatctcctgtaagggttctggatacagctttaccagctactggatcggctgggtgcgccagatgcccgggaaaggcctggagtggatggggatcatctatcctggtgactctgataccagatacagcccgtccttccaaggccaggtcaccatctcagccgacaagtccatcagcaccgcctacctgcagtggagcagcctgaaggcctcggacaccgccatgtattactgtgcgaggttacgatttttggagtgtggctttgactactggggccaaggaaccctggtcaccgtctcctca	IGHV5-51	IGHD3-3	IGHJ4	tgtgcgaggttacgatttttggagtgtggctttgactactgg	21	0.000365287272347754
gaggtgcagctggtggagtctgggggaggcttggtacagccagggcggtccctgagactctcctgtacagcttctggattcacctttggtgattatgctatgagctggttccgccaggctccagggaaggggctggagtgggtaggtttcattagaagcaaagcttatggtgggacaacagaatacaccgcgtctgtgaaaggcagattcaccatctcaagagatggttccaaaagcatcgcctatctgcaaatgaacagcctgaaaaccgaggacacagccgtgtattactgtactagagagattgtggtggtgattatctactttgactactggggccaaggaaccctggtcaccgtctcctca	IGHV3-49	IGHD2-21	IGHJ4	tgtactagagagattgtggtggtgattatctactttgactactgg	21	0.000365287272347754
caggtccagctggtacagtctggggctgaggtgaagaagcctggggcctcagtgaaggtctcctgcaaggtttccggatacaccctcactgaattatccatgcactgggtgcgacaggctcctggaaaagggcttgagtggatgggaggttttgatcctgaagatggtgaaacaatctacgcacagaagttccagggcagagtcaccatgaccgaggacacatctacagacacagcctacatggagctgagcagcctgagatctgaggacacggccgtgtattactgtgagactacggtgactacctactacggtatggacgtctgggggcaagggaccacggtcaccgtctcctca	IGHV1-24	IGHD4-17	IGHJ6	tgtgagactacggtgactacctactacggtatggacgtctgg	21	0.000365287272347754
caggtgcagctacagcagtggggcgcaggactgttgaagccttcggagaccctgtccctcacctgcgctgtctatggtgggtccttcagtggttactactggagctggatccgccagcccccagggaaggggctggagtggattggggaaatcaatcatagtggaagcaccaactacaacccgtccctcaagagtcgagtcaccatatcagtagacacgtccaagaaccagttctccctgaagctgagctctgtgaccgccgcggacacggctgtgtattactgtgcgagagggagtattatggggtacttcgatctctggggccgtggcaccctggtcactgtctcctca	IGHV4-34	IGHD3-10	IGHJ2	tgtgcgagagggagtattatggggtacttcgatctctgg	20	0.000347892640331194
gaggtgcagctggtggagtctgggggaggcttggtaaagcctggggggtcccttagactctcctgtgcagcctctggattcactttcagtaacgcctggatgagctgggtccgccaggctccagggaaggggctggagtgggttggccgtattaaaagcaaaactgatggtgggacaacagactacgctgcacccgtgaaaggcagattcaccatctcaagagatgattcaaaaaacacgctgtatctgcaaatgaacagcctgaaaaccgaggacacagccgtgtattactgtaccacagagtatagcagtggggactactttgactactggggccaaggaaccctggtcaccgtctcctca	IGHV3-15	IGHD6-19	IGHJ4	tgtaccacagagtatagcagtggggactactttgactactgg	20	0.000347892640331194
caggtccagctggtacagtctggggctgaggtgaagaagcctggggcctcagtgaaggtctcctgcaaggtttccggatacaccctcactgaattatccatgcactgggtgcgacaggctcctggaaaagggcttgagtggatgggaggttttgatcctgaagatggtgaaacaatctacgcacagaagttccagggcagagtcaccatgaccgaggacacatctacagacacagcctacatggagctgagcagcctgagatctgaggacacggccgtgtattactgtgcaacagattggtggctggtactggaatacttccagcactggggccagggcaccctggtcaccgtctcctca	IGHV1-24	IGHD6-19	IGHJ1	tgtgcaacagattggtggctggtactggaatacttccagcactgg	20	0.000347892640331194
gaggtgcagctggtgcagtctggagcagaggtgaaaaagcccggggagtctctgaagatctcctgtaagggttctggatacagctttaccagctactggatcggctgggtgcgccagatgcccgggaaaggcctggagtggatggggatcatctatcctggtgactctgataccagatacagcccgtccttccaaggccaggtcaccatctcagccgacaagtccatcagcaccgcctacctgcagtggagcagcctgaaggcctcggacaccgccatgtattactgtgcgagacattatagcagcagctggtactttgactactggggccaaggaaccctggtcaccgtctcctca	IGHV5-51	IGHD6-13	IGHJ4	tgtgcgagacattatagcagcagctggtactttgactactgg	20	0.000347892640331194
caggtgcagctggtgcagtctggggctgaggtgaagaagcctggggcctcagtgaaggtttcctgcaaggcatctggatacaccttcaccagctactatatgcactgggtgcgacaggcccctggacaagggcttgagtggatgggaataatcaaccctagtggtggtagcacaagctacgcacagaagttccagggcagagtcaccatgaccagggacacgtccacgagcacagtctacatggagctgagcagcctgagatctgaggacacggccgtgtattactgtgctgggcaccctatgatagtagtggtctactttgactactggggccaaggaaccctggtcaccgtctcctca	IGHV1-46	IGHD3-22	IGHJ4	tgtgctgggcaccctatgatagtagtggtctactttgactactgg	19	0.000330498008314634
caggtgcagctggtgcagtctggggctgaggtgaagaagcctggggcctcagtgaaggtctcctgcaaggcttctggatacaccttcaccggctactatatgcactgggtgcgacaggcccctggacaagggcttgagtggatgggacggatcaaccctaacagtggtggcacaaactatgcacagaagtttcagggcagggtcaccagtaccagggacacgtccatcagcacagcctacatggagctgagcaggctgagatctgacgacacggtcgtgtattactgtgcgaggtatggttcggggagttattcctactttgactactggggccaaggaaccctggtcaccgtctcctca	IGHV1-2	IGHD3-10	IGHJ4	tgtgcgaggtatggttcggggagttattcctactttgactactgg	19	0.000330498008314634
caggtcaccttgaaggagtctggtcctgtgctggtgaaacccacagagaccctcacgctgacctgcaccgtctctgggttctcactcagcaatgctagaatgggtgtgagctggatccgtcagcccccagggaaggccctggagtggcttgcacacattttttcgaatgacgaaaaatcctacagcacatctctgaagagcaggctcaccatctccaaggacacctccaaaagccaggtggtccttaccatgaccaacatggaccctgtggacacagccacatattactgtgcagggattgtagtagtaccagctttcaactttgactactggggccaaggaaccctggtcaccgtctcctca	IGHV2-26	IGHD2-2	IGHJ4	tgtgcagggattgtagtagtaccagctttcaactttgactactgg	19	0.000330498008314634
gaggtgcagctggtggagtctgggggaggcttggtaaagcctggggggtcccttagactctcctgtgcagcctctggattcactttcagtaacgcctggatgagctgggtccgccaggctccagggaaggggctggagtgggttggccgtattaaaagcaaaactgatggtgggacaacagactacgctgcacccgtgaaaggcagattcaccatctcaagagatgattcaaaaaacacgctgtatctgcaaatgaacagcctgaaaaccgaggacacagccgtgtattactgtaccacagatggaggtacgattacagactggttcgactcctggggccaaggaaccctggtcaccgtctcctca	IGHV3-15	IGHD5-12	IGHJ5	tgtaccacagatggaggtacgattacagactggttcgactcctgg	19	0.000330498008314634
caggtgcagctggtgcagtctggggctgaggtgaagaagcctgggtcctcggtgaaggtctcctgcaaggcttctggaggcaccttcagcagctatgctatcagctgggtgcgacaggcccctggacaagggcttgagtggatgggagggatcatccctatctttggtacagcaaactacgcacagaagttccagggcagagtcacgattaccgcggacgaatccacgagcacagcctacatggagctgagcagcctgagatctgaggacacggccgtgtattactgtgcgagagaggtatactactactacggtatggacgtctgggggcaagggaccacggtcaccgtctcctca	IGHV1-69	IGHD1-26	IGHJ6	tgtgcgagagaggtatactactactacggtatggacgtctgg	18	0.000313103376298074
gaggtgcagctgttggagtctgggggaggcttggtacagcctggggggtccctgagactctcctgtgcagcctctggattcacctttagcagctatgccatgagctgggtccgccaggctccagggaaggggctggagtgggtctcagctattagtggtagtggtggtagcacatactacgcagactccgtgaagggccggttcaccatctccagagacaattccaagaacacgctgtatctgcaaatgaacagcctgagagccgaggacacggccgtatattactgtgcttgtagtagtaccagctgctatgactttgactactggggccaaggaaccctggtcaccgtctcctca	IGHV3-23	IGHD2-2	IGHJ4	tgtgcttgtagtagtaccagctgctatgactttgactactgg	18	0.000313103376298074
caggtgcagctacagcagtggggcgcaggactgttgaagccttcggagaccctgtccctcacctgcgctgtctatggtgggtccttcagtggttactactggagctggatccgccagcccccagggaaggggctggagtggattggggaaatcaatcatagtggaagcaccaactacaacccgtccctcaagagtcgagtcaccatatcagtagacacgtccaagaaccagttctccctgaagctgagctctgtgaccgccgcggacacggctgtgtattactgtgcgagttactatggttcggggagttattatactaactactggggccaaggaaccctggtcaccgtctcctca	IGHV4-34	IGHD3-10	IGHJ4	tgtgcgagttactatggttcggggagttattatactaactactgg	18	0.000313103376298074
caggtgcagctggtgcagtctggggctgaggtgaagaagcctggggcctcagtgaaggtctcctgcaaggcttctggatacaccttcaccggctactatatgcactgggtgcgacaggcccctggacaagggcttgagtggatgggacggatcaaccctaacagtggtggcacaaactatgcacagaagtttcagggcagggtcaccagtaccagggacacgtccatcagcacagcctacatggagctgagcaggctgagatctgacgacacggtcgtgtattactgtgtattacgatttttggagtggttattattccctcgctactggggccaaggaaccctggtcaccgtctcctca	IGHV1-2	IGHD3-3	IGHJ4	tgtgtattacgatttttggagtggttattattccctcgctactgg	18	0.000313103376298074
gaggtgcagctgttggagtctgggggaggcttggtacagcctggggggtccctgagactctcctgtgcagcctctggattcacctttagcagctatgccatgagctgggtccgccaggctccagggaaggggctggagtgggtctcagctattagtggtagtggtggtagcacatactacgcagactccgtgaagggccggttcaccatctccagagacaattccaagaacacgctgtatctgcaaatgaacagcctgagagccgaggacacggccgtatattactgtgcgaaaggtaccagctgctatgccttctactttgactactggggccaaggaaccctggtcaccgtctcctca	IGHV3-23	IGHD2-2	IGHJ4	tgtgcgaaaggtaccagctgctatgccttctactttgactactgg	17	0.000295708744281515
gaggtgcagctggtggagtctgggggaggcttggtaaagcctggggggtcccttagactctcctgtgcagcctctggattcactttcagtaacgcctggatgagctgggtccgccaggctccagggaaggggctggagtgggttggccgtattaaaagcaaaactgatggtgggacaacagactacgctgcacccgtgaaaggcagattcaccatctcaagagatgattcaaaaaacacgctgtatctgcaaatgaacagcctgaaaaccgaggacacagccgtgtattactgtaccacagacccgggtatagcacctgcttttgatgtctggggccaagggacaatggtcaccgtctcttca	IGHV3-15	IGHD6-19	IGHJ3	tgtaccacagacccgggtatagcacctgcttttgatgtctgg	17	0.000295708744281515
gaggtgcagctgttggagtctgggggaggcttggtacagcctggggggtccctgagactctcctgtgcagcctctggattcacctttagcagctatgccatgagctgggtccgccaggctccagggaaggggctggagtgggtctcagctattagtggtagtggtggtagcacatactacgcagactccgtgaagggccggttcaccatctccagagacaattccaagaacacgctgtatctgcaaatgaacagcctgagagccgaggacacggccgtatattactgtgcgaaagattttggatccccctactttgactactggggccaaggaaccctggtcaccgtctcctca	IGHV3-23	IGHD3-3	IGHJ4	tgtgcgaaagattttggatccccctactttgactactgg	17	0.000295708744281515
caggtgcagctacagcagtggggcgcaggactgttgaagccttcggagaccctgtccctcacctgcgctgtctatggtgggtccttcagtggttactactggagctggatccgccagcccccagggaaggggctggagtggattggggaaatcaatcatagtggaagcaccaactacaacccgtccctcaagagtcgagtcaccatatcagtagacacgtccaagaaccagttctccctgaagctgagctctgtgaccgccgcggacacggctgtgtattactgtgcgtgggggctcatagcagtggctggatactttgactactggggccaaggaaccctggtcaccgtctcctca	IGHV4-34	IGHD6-19	IGHJ4	tgtgcgtgggggctcatagcagtggctggatactttgactactgg	17	0.000295708744281515
gaggtgcagctggtgcagtctggagcagaggtgaaaaagcccggggagtctctgaagatctcctgtaagggttctggatacagctttaccagctactggatcggctgggtgcgccagatgcccgggaaaggcctggagtggatggggatcatctatcctggtgactctgataccagatacagcccgtccttccaaggccaggtcaccatctcagccgacaagtccatcagcaccgcctacctgcagtggagcagcctgaaggcctcggacaccgccatgtattactgtgcgagactagaagattttccttactactttgactactggggccaaggaaccctggtcaccgtctcctca	IGHV5-51	IGHD3-3	IGHJ4	tgtgcgagactagaagattttccttactactttgactactgg	17	0.000295708744281515
gaggtgcagctggtgcagtctggagcagaggtgaaaaagcccggggagtctctgaagatctcctgtaagggttctggatacagctttaccagctactggatcggctgggtgcgccagatgcccgggaaaggcctggagtggatggggatcatctatcctggtgactctgataccagatacagcccgtccttccaaggccaggtcaccatctcagccgacaagtccatcagcaccgcctacctgcagtggagcagcctgaaggcctcggacaccgccatgtattactgtgcgagagcccctccatatggcgcgaactggttcgactcctggggccaaggaaccctggtcaccgtctcctca	IGHV5-51	IGHD3-10	IGHJ5	tgtgcgagagcccctccatatggcgcgaactggttcgactcctgg	16	0.000278314112264955
cagatcaccttgaaggagtctggtcctacgctggtgaaacccacacagaccctcacgctgacctgcaccttctctgggttctcactcagcactagtggagtgggtgtgggctggatccgtcagcccccaggaaaggccctggagtggcttgcactcatttattggaatgatgataagcgctacagcccatctctgaagagcaggctcaccatcaccaaggacacctccaaaaaccaggtggtccttacaatgaccaacatggaccctgtggacacagccacatattactgtgcacacaggagggagctcgtctactttgactactggggccaaggaaccctggtcaccgtctcctca	IGHV2-5	IGHD6-6	IGHJ4	tgtgcacacaggagggagctcgtctactttgactactgg	16	0.000278314112264955
gaggtgcagctggtggagtctgggggaggcttggtccagcctggggggtccctgaaactctcctgtgcagcctctgggttcaccttcagtggctctgctatgcactgggtccgccaggcttccgggaaagggctggagtgggttggccgtattagaagcaaagctaacagttacgcgacagcatatgctgcgtcggtgaaaggcaggttcaccatctccagagatgattcaaagaacacggcgtatctgcaaatgaacagcctgaaaaccgaggacacggccgtgtattactgtactagacatctatgcctgtactactacggtatggacgtctgggggcaagggaccacggtcaccgtctcctca	IGHV3-73	IGHD2-2	IGHJ6	tgtactagacatctatgcctgtactactacggtatggacgtctgg	16	0.000278314112264955
caggtgcagctacagcagtggggcgcaggactgttgaagccttcggagaccctgtccctcacctgcgctgtctatggtgggtccttcagtggttactactggagctggatccgccagcccccagggaaggggctggagtggattggggaaatcaatcatagtggaagcaccaactacaacccgtccctcaagagtcgagtcaccatatcagtagacacgtccaagaaccagttctccctgaagctgagctctgtgaccgccgcggacacggctgtgtattactgtgcgagaggcgtggtggtgaggtactacggtatggacgtctgggggcaagggaccacggtcaccgtctcctca	IGHV4-34	IGHD2-21	IGHJ6	tgtgcgagaggcgtggtggtgaggtactacggtatggacgtctgg	16	0.000278314112264955
gaggtgcagctggtggagtccgggggaggcttagttcagcctggggggtccctgagactctcctgtgcagcctctggattcaccttcagtagctactggatgcactgggtccgccaagctccagggaaggggctggtgtgggtctcacgtattaatagtgatgggagtagcacaagctacgcggactccgtgaagggccgattcaccatctccagagacaacgccaagaacacgctgtatctgcaaatgaacagtctgagagccgaggacacggctgtgtattactgtgcaagagaagatatttactactacggtatggacgtctgggggcaagggaccacggtcaccgtctcctca	IGHV3-74	IGHD3-9	IGHJ6	tgtgcaagagaagatatttactactacggtatggacgtctgg	16	0.000278314112264955
caggtgcagctggtgcagtctggggctgaggtgaagaagcctggggcctcagtgaaggtctcctgcaaggcttctggatacaccttcaccggctactatatgcactgggtgcgacaggcccctggacaagggcttgagtggatgggacggatcaaccctaacagtggtggcacaaactatgcacagaagtttcagggcagggtcaccagtaccagggacacgtccatcagcacagcctacatggagctgagcaggctgagatctgacgacacggtcgtgtattactgtgcgagagagaattttttggagtggttattatacccccactggggccaaggaaccctggtcaccgtctcctca	IGHV1-2	IGHD3-3	IGHJ4	tgtgcgagagagaattttttggagtggttattatacccccactgg	15	0.000260919480248395
gaggtgcagctggtggagtccgggggaggcttagttcagcctggggggtccctgagactctcctgtgcagcctctggattcaccttcagtagctactggatgcactgggtccgccaagctccagggaaggggctggtgtgggtctcacgtattaatagtgatgggagtagcacaagctacgcggactccgtgaagggccgattcaccatctccagagacaacgccaagaacacgctgtatctgcaaatgaacagtctgagagccgaggacacggctgtgtattactgtgcaagagatcataactggaactacgaatttgactactggggccaaggaaccctggtcaccgtctcctca	IGHV3-74	IGHD1-7	IGHJ4	tgtgcaagagatcataactggaactacgaatttgactactgg	15	0.000260919480248395
caggtcaccttgagggagtctggtcctgcgctggtgaaacccacacagaccctcacactgacctgcaccttctctgggttctcactcagcactagtggaatgtgtgtgagctggatccgtcagcccccagggaaggccctggagtggcttgcactcattgattgggatgatgataaatactacagcacatctctgaagaccaggctcaccatctccaaggacacctccaaaaaccaggtggtccttacaatgaccaacatggaccctgtggacacagccacgtattactgtgcacggataggtatgtactactactacggtatggacgtctgggggcaagggaccacggtcaccgtctcctca	IGHV2-70	IGHD3-10	IGHJ6	tgtgcacggataggtatgtactactactacggtatggacgtctgg	15	0.000260919480248395
gaggtgcagctgttggagtctgggggaggcttggtacagcctggggggtccctgagactctcctgtgcagcctctggattcacctttagcagctatgccatgagctgggtccgccaggctccagggaaggggctggagtgggtctcagctattagtggtagtggtggtagcacatactacgcagactccgtgaagggccggttcaccatctccagagacaattccaagaacacgctgtatctgcaaatgaacagcctgagagccgaggacacggccgtatattactgtgcgaaagactattactatggttctgggtttgactactggggccaaggaaccctggtcaccgtctcctca	IGHV3-23	IGHD3-10	IGHJ4	tgtgcgaaagactattactatggttctgggtttgactactgg	15	0.000260919480248395
caggtgcagctggtgcagtctggggctgaggtgaagaagcctgggtcctcggtgaaggtctcctgcaaggcttctggaggcaccttcagcagctatgctatcagctgggtgcgacaggcccctggacaagggcttgagtggatgggagggatcatccctatctttggtacagcaaactacgcacagaagttccagggcagagtcacgattaccgcggacgaatccacgagcacagcctacatggagctgagcagcctgagatctgaggacacggccgtgtattactgtgcgctatattgtagtggtggtggctttgactactggggccaaggaaccctggtcaccgtctcctca	IGHV1-69	IGHD2-15	IGHJ4	tgtgcgctatattgtagtggtggtggctttgactactgg	15	0.000260919480248395
caggtgcagctggtggagtctgggggaggcttggtcaagcctggagggtccctgagactctcctgtgcagcctctggattcaccttcagtgactactacatgagctggatccgccaggctccagggaaggggctggagtgggtttcatacattagtagtagtggtagtaccatatactacgcagactctgtgaagggccgattcaccatctccagggacaacgccaagaactcactgtatctgcaaatgaacagcctgagagccgaggacacggccgtgtattactgtgcgagagaaggcagtggctgctactttgactactggggccaaggaaccctggtcaccgtctcctca	IGHV3-11	IGHD6-19	IGHJ4	tgtgcgagagaaggcagtggctgctactttgactactgg	15	0.000260919480248395
gaagtgcagctggtggagtctgggggagtcgtggtacagcctggggggtccctgagactctcctgtgcagcctctggattcacctttgatgattataccatgcactgggtccgtcaagctccggggaagggtctggagtgggtctctcttattagttgggatggtggtagcacatactatgcagactctgtgaagggccgattcaccatctccagagacaacagcaaaaactccctgtatctgcaaatgaacagtctgagaactgaggacaccgccttgtattactgtgcaaaagatatcatgactacctactttgactactggggccaaggaaccctggtcaccgtctcctca	IGHV3-43	IGHD4-17	IGHJ4	tgtgcaaaagatatcatgactacctactttgactactgg	14	0.000243524848231836
gaggtgcagctggtggagtctgggggaggcttggtacagcctggggggtccctgagactctcctgtgcagcctctggattcaccttcagtagctacgacatgcactgggtccgccaagctacaggaaaaggtctggagtgggtctcagctattggtactgctggtgacacatactatccaggctccgtgaagggccgattcaccatctccagagaaaatgccaagaactccttgtatcttcaaatgaacagcctgagagccggggacacggctgtgtattactgtgcaagagtgactacgccctactacggtatggacgtctgggggcaagggaccacggtcaccgtctcctca	IGHV3-13	IGHD4-17	IGHJ6	tgtgcaagagtgactacgccctactacggtatggacgtctgg	14	0.000243524848231836
caggttcagctggtgcagtctggagctgaggtgaagaagcctggggcctcagtgaaggtctcctgcaaggcttctggttacacctttaccagctatggtatcagctgggtgcgacaggcccctggacaagggcttgagtggatgggatggatcagcgcttacaatggtaacacaaactatgcacagaagctccagggcagagtcaccatgaccacagacacatccacgagcacagcctacatggagctgaggagcctgagatctgacgacacggccgtgtattactgtgcgagagacctagtgggagctactacggactttgactactggggccaaggaaccctggtcaccgtctcctca	IGHV1-18	IGHD1-26	IGHJ4	tgtgcgagagacctagtgggagctactacggactttgactactgg	14	0.000243524848231836
gaggtgcagctgttggagtctgggggaggcttggtacagcctggggggtccctgagactctcctgtgcagcctctggattcacctttagcagctatgccatgagctgggtccgccaggctccagggaaggggctggagtgggtctcagctattagtggtagtggtggtagcacatactacgcagactccgtgaagggccggttcaccatctccagagacaattccaagaacacgctgtatctgcaaatgaacagcctgagagccgaggacacggccgtatattactgtgcgaaagacgaccttgtagtagtaccagcctactactggggccaaggaaccctggtcaccgtctcctca	IGHV3-23	IGHD2-2	IGHJ4	tgtgcgaaagacgaccttgtagtagtaccagcctactactgg	14	0.000243524848231836
caggtacagctgcagcagtcaggtccaggactggtgaagccctcgcagaccctctcactcacctgtgccatctccggggacagtgtctctagcaacagtgctgcttggaactggatcaggcagtccccatcgagaggccttgagtggctgggaaggacatactacaggtccaagtggtataatgattatgcagtatctgtgaaaagtcgaataaccatcaacccagacacatccaagaaccagttctccctgcagctgaactctgtgactcccgaggacacggctgtgtattactgtgcaagaaggctgagtggctacgattaccttgactactggggccaaggaaccctggtcaccgtctcctca	IGHV6-1	IGHD5-12	IGHJ4	tgtgcaagaaggctgagtggctacgattaccttgactactgg	14	0.000243524848231836
caggtgcagctggtggagtctgggggaggcttggtcaagcctggagggtccctgagactctcctgtgcagcctctggattcaccttcagtgactactacatgagctggatccgccaggctccagggaaggggctggagtgggtttcatacattagtagtagtggtagtaccatatactacgcagactctgtgaagggccgattcaccatctccagggacaacgccaagaactcactgtatctgcaaatgaacagcctgagagccgaggacacggccgtgtattactgtgcgagagatagcagcagctggtacacttttgatgtctggggccaagggacaatggtcaccgtctcttca	IGHV3-11	IGHD6-13	IGHJ3	tgtgcgagagatagcagcagctggtacacttttgatgtctgg	14	0.000243524848231836
gaggtgcagctgttggagtctgggggaggcttggtacagcctggggggtccctgagactctcctgtgcagcctctggattcacctttagcagctatgccatgagctgggtccgccaggctccagggaaggggctggagtgggtctcagctattagtggtagtggtggtagcacatactacgcagactccgtgaagggccggttcaccatctccagagacaattccaagaacacgctgtatctgcaaatgaacagcctgagagccgaggacacggccgtatattactgtgcgaattccgtacgatttttggagtgtcactttgactactggggccaaggaaccctggtcaccgtctcctca	IGHV3-23	IGHD3-3	IGHJ4	tgtgcgaattccgtacgatttttggagtgtcactttgactactgg	14	0.000243524848231836
caggtacagctgcagcagtcaggtccaggactggtgaagccctcgcagaccctctcactcacctgtgccatctccggggacagtgtctctagcaacagtgctgcttggaactggatcaggcagtccccatcgagaggccttgagtggctgggaaggacatactacaggtccaagtggtataatgattatgcagtatctgtgaaaagtcgaataaccatcaacccagacacatccaagaaccagttctccctgcagctgaactctgtgactcccgaggacacggctgtgtattactgtgcaagagattacgatttttggagtgggtggttcgactcctggggccaaggaaccctggtcaccgtctcctca	IGHV6-1	IGHD3-3	IGHJ5	tgtgcaagagattacgatttttggagtgggtggttcgactcctgg	13	0.000226130216215276
gaggtgcagctggtggagtctgggggaggcttggtaaagcctggggggtcccttagactctcctgtgcagcctctggattcactttcagtaacgcctggatgagctgggtccgccaggctccagggaaggggctggagtgggttggccgtattaaaagcaaaactgatggtgggacaacagactacgctgcacccgtgaaaggcagattcaccatctcaagagatgattcaaaaaacacgctgtatctgcaaatgaacagcctgaaaaccgaggacacagccgtgtattactgtaccacagcggtggtggtgattgctatcgtctttgactactggggccaaggaaccctggtcaccgtctcctca	IGHV3-15	IGHD2-21	IGHJ4	tgtaccacagcggtggtggtgattgctatcgtctttgactactgg	13	0.000226130216215276
caggtgcagctggtgcagtctggggctgaggtgaagaagcctggggcctcagtgaaggtctcctgcaaggcttctggatacaccttcaccagttatgatatcaactgggtgcgacaggccactggacaagggcttgagtggatgggatggatgaaccctaacagtggtaacacaggctatgcacagaagttccagggcagagtcaccatgaccaggaacacctccataagcacagcctacatggagctgagcagcctgagatctgaggacacggccgtgtattactgtgatattgtagtagtaccagctgcctactactttgactactggggccaaggaaccctggtcaccgtctcctca	IGHV1-8	IGHD2-2	IGHJ4	tgtgatattgtagtagtaccagctgcctactactttgactactgg	13	0.000226130216215276
gaggtgcagctggtgcagtctggagcagaggtgaaaaagcccggggagtctctgaagatctcctgtaagggttctggatacagctttaccagctactggatcggctgggtgcgccagatgcccgggaaaggcctggagtggatggggatcatctatcctggtgactctgataccagatacagcccgtccttccaaggccaggtcaccatctcagccgacaagtccatcagcaccgcctacctgcagtggagcagcctgaaggcctcggacaccgccatgtattactgtggaggaaagcagcagctgaactggttcgactcctggggccaaggaaccctggtcaccgtctcctca	IGHV5-51	IGHD6-13	IGHJ5	tgtggaggaaagcagcagctgaactggttcgactcctgg	13	0.000226130216215276
caggttcagctggtgcagtctggagctgaggtgaagaagcctggggcctcagtgaaggtctcctgcaaggcttctggttacacctttaccagctatggtatcagctgggtgcgacaggcccctggacaagggcttgagtggatgggatggatcagcgcttacaatggtaacacaaactatgcacagaagctccagggcagagtcaccatgaccacagacacatccacgagcacagcctacatggagctgaggagcctgagatctgacgacacggccgtgtattactgtgcgagagattacgatttttggagtggttactttgactactggggccaaggaaccctggtcaccgtctcctca	IGHV1-18	IGHD3-3	IGHJ4	tgtgcgagagattacgatttttggagtggttactttgactactgg	13	0.000226130216215276
gaggtgcagctgttggagtctgggggaggcttggtacagcctggggggtccctgagactctcctgtgcagcctctggattcacctttagcagctatgccatgagctgggtccgccaggctccagggaaggggctggagtgggtctcagctattagtggtagtggtggtagcacatactacgcagactccgtgaagggccggttcaccatctccagagacaattccaagaacacgctgtatctgcaaatgaacagcctgagagccgaggacacggccgtatattactgtgcgaaagagagggggtgtagtagtaccagttttgatgtctggggccaagggacaatggtcaccgtctcttca	IGHV3-23	IGHD2-2	IGHJ3	tgtgcgaaagagagggggtgtagtagtaccagttttgatgtctgg	13	0.000226130216215276
caggttcagctggtgcagtctggagctgaggtgaagaagcctggggcctcagtgaaggtctcctgcaaggcttctggttacacctttaccagctatggtatcagctgggtgcgacaggcccctggacaagggcttgagtggatgggatggatcagcgcttacaatggtaacacaaactatgcacagaagctccagggcagagtcaccatgaccacagacacatccacgagcacagcctacatggagctgaggagcctgagatctgacgacacggccgtgtattactgtgcgagagaagcagctcgtcctgatgcttttgatgtctggggccaagggacaatggtcaccgtctcttca	IGHV1-18	IGHD6-6	IGHJ3	tgtgcgagagaagcagctcgtcctgatgcttttgatgtctgg	13	0.000226130216215276
caggtgcagctacagcagtggggcgcaggactgttgaagccttcggagaccctgtccctcacctgcgctgtctatggtgggtccttcagtggttactactggagctggatccgccagcccccagggaaggggctggagtggattggggaaatcaatcatagtggaagcaccaactacaacccgtccctcaagagtcgagtcaccatatcagtagacacgtccaagaaccagttctccctgaagctgagctctgtgaccgccgcggacacggctgtgtattactgtgcgaggggagacgataccagaggctactttgactactggggccaaggaaccctggtcaccgtctcctca	IGHV4-34	IGHD3-9	IGHJ4	tgtgcgaggggagacgataccagaggctactttgactactgg	12	0.000208735584198716
gaggtgcagctggtgcagtctggagcagaggtgaaaaagcccggggagtctctgaagatctcctgtaagggttctggatacagctttaccagctactggatcggctgggtgcgccagatgcccgggaaaggcctggagtggatggggatcatctatcctggtgactctgataccagatacagcccgtccttccaaggccaggtcaccatctcagccgacaagtccatcagcaccgcctacctgcagtggagcagcctgaaggcctcggacaccgccatgtattactgtgcgagggggcacgatataaactactttgactactggggccaaggaaccctggtcaccgtctcctca	IGHV5-51	IGHD3-9	IGHJ4	tgtgcgagggggcacgatataaactactttgactactgg	12	0.000208735584198716
gaggtgcagctgttggagtctgggggaggcttggtacagcctggggggtccctgagactctcctgtgcagcctctggattcacctttagcagctatgccatgagctgggtccgccaggctccagggaaggggctggagtgggtctcagctattagtggtagtggtggtagcacatactacgcagactccgtgaagggccggttcaccatctccagagacaattccaagaacacgctgtatctgcaaatgaacagcctgagagccgaggacacggccgtatattactgtgcgaaagggacgatttttggacctttccagcactggggccagggcaccctggtcaccgtctcctca	IGHV3-23	IGHD3-3	IGHJ1	tgtgcgaaagggacgatttttggacctttccagcactgg	12	0.000208735584198716
gaggtgcagctgttggagtctgggggaggcttggtacagcctggggggtccctgagactctcctgtgcagcctctggattcacctttagcagctatgccatgagctgggtccgccaggctccagggaaggggctggagtgggtctcagctattagtggtagtggtggtagcacatactacgcagactccgtgaagggccggttcaccatctccagagacaattccaagaacacgctgtatctgcaaatgaacagcctgagagccgaggacacggccgtatattactgtgccctcgactatgatagtagtggttattactttgactactggggccaaggaaccctggtcaccgtctcctca	IGHV3-23	IGHD3-22	IGHJ4	tgtgccctcgactatgatagtagtggttattactttgactactgg	12	0.000208735584198716
caggttcagctggtgcagtctggagctgaggtgaagaagcctggggcctcagtgaaggtctcctgcaaggcttctggttacacctttaccagctatggtatcagctgggtgcgacaggcccctggacaagggcttgagtggatgggatggatcagcgcttacaatggtaacacaaactatgcacagaagctccagggcagagtcaccatgaccacagacacatccacgagcacagcctacatggagctgaggagcctgagatctgacgacacggccgtgtattactgtgcgagaggtattggctactactacggtatggacgtctgggggcaagggaccacggtcaccgtctcctca	IGHV1-18	IGHD3-22	IGHJ6	tgtgcgagaggtattggctactactacggtatggacgtctgg	12	0.000208735584198716
caggtgcagctacagcagtggggcgcaggactgttgaagccttcggagaccctgtccctcacctgcgctgtctatggtgggtccttcagtggttactactggagctggatccgccagcccccagggaaggggctggagtggattggggaaatcaatcatagtggaagcaccaactacaacccgtccctcaagagtcgagtcaccatatcagtagacacgtccaagaaccagttctccctgaagctgagctctgtgaccgccgcggacacggctgtgtattactgtgcgagacgatggtgggaggtcaactggttcgactcctggggccaaggaaccctggtcaccgtctcctca	IGHV4-34	IGHD1-26	IGHJ5	tgtgcgagacgatggtgggaggtcaactggttcgactcctgg	12	0.000208735584198716
gaggtgcagctggtgcagtctggagcagaggtgaaaaagcccggggagtctctgaagatctcctgtaagggttctggatacagctttaccagctactggatcggctgggtgcgccagatgcccgggaaaggcctggagtggatggggatcatctatcctggtgactctgataccagatacagcccgtccttccaaggccaggtcaccatctcagccgacaagtccatcagcaccgcctacctgcagtggagcagcctgaaggcctcggacaccgccatgtattactgtgcgagacatcttgtggtggtgattgcctttgactactggggccaaggaaccctggtcaccgtctcctca	IGHV5-51	IGHD2-21	IGHJ4	tgtgcgagacatcttgtggtggtgattgcctttgactactgg	12	0.000208735584198716
gaggtgcagctggtggagtctgggggaggcttggtaaagcctggggggtcccttagactctcctgtgcagcctctggattcactttcagtaacgcctggatgagctgggtccgccaggctccagggaaggggctggagtgggttggccgtattaaaagcaaaactgatggtgggacaacagactacgctgcacccgtgaaaggcagattcaccatctcaagagatgattcaaaaaacacgctgtatctgcaaatgaacagcctgaaaaccgaggacacagccgtgtattactgtaccacaggattacgatttttggagtggttattatactactggggccaaggaaccctggtcaccgtctcctca	IGHV3-15	IGHD3-3	IGHJ4	tgtaccacaggattacgatttttggagtggttattatactactgg	12	0.000208735584198716
gaggtgcagctgttggagtctgggggaggcttggtacagcctggggggtccctgagactctcctgtgcagcctctggattcacctttagcagctatgccatgagctgggtccgccaggctccagggaaggggctggagtgggtctcagctattagtggtagtggtggtagcacatactacgcagactccgtgaagggccggttcaccatctccagagacaattccaagaacacgctgtatctgcaaatgaacagcctgagagccgaggacacggccgtatattactgtgcgtggttcggggagttattatcttactactttgactactggggccaaggaaccctggtcaccgtctcctca	IGHV3-23	IGHD3-10	IGHJ4	tgtgcgtggttcggggagttattatcttactactttgactactgg	12	0.000208735584198716
caggtgcagctggtgcagtctggggctgaggtgaagaagcctgggtcctcggtgaaggtctcctgcaaggcttctggaggcaccttcagcagctatgctatcagctgggtgcgacaggcccctggacaagggcttgagtggatgggagggatcatccctatctttggtacagcaaactacgcacagaagttccagggcagagtcacgattaccgcggacgaatccacgagcacagcctacatggagctgagcagcctgagatctgaggacacggccgtgtattactgtgagggattactatggttcggggagttattatttgactactggggccaaggaaccctggtcaccgtctcctca	IGHV1-69	IGHD3-10	IGHJ4	tgtgagggattactatggttcggggagttattatttgactactgg	11	0.000191340952182157
caggttcagctggtgcagtctggagctgaggtgaagaagcctggggcctcagtgaaggtctcctgcaaggcttctggttacacctttaccagctatggtatcagctgggtgcgacaggcccctggacaagggcttgagtggatgggatggatcagcgcttacaatggtaacacaaactatgcacagaagctccagggcagagtcaccatgaccacagacacatccacgagcacagcctacatggagctgaggagcctgagatctgacgacacggccgtgtattactgtgcgagaggggttttggagtggtactacggtatggacgtctgggggcaagggaccacggtcaccgtctcctca	IGHV1-18	IGHD3-3	IGHJ6	tgtgcgagaggggttttggagtggtactacggtatggacgtctgg	11	0.000191340952182157
gaggtgcagctgttggagtctgggggaggcttggtacagcctggggggtccctgagactctcctgtgcagcctctggattcacctttagcagctatgccatgagctgggtccgccaggctccagggaaggggctggagtgggtctcagctattagtggtagtggtggtagcacatactacgcagactccgtgaagggccggttcaccatctccagagacaattccaagaacacgctgtatctgcaaatgaacagcctgagagccgaggacacggccgtatattactgtgcgaaatggcctcagtggctacgattacctcactactggggccaaggaaccctggtcaccgtctcctca	IGHV3-23	IGHD5-12	IGHJ4	tgtgcgaaatggcctcagtggctacgattacctcactactgg	11	0.000191340952182157
caggtgcagctggtgcagtctggggctgaggtgaagaagcctgggtcctcggtgaaggtctcctgcaaggcttctggaggcaccttcagcagctatgctatcagctgggtgcgacaggcccctggacaagggcttgagtggatgggagggatcatccctatctttggtacagcaaactacgcacagaagttccagggcagagtcacgattaccgcggacgaatccacgagcacagcctacatggagctgagcagcctgagatctgaggacacggccgtgtattactgtgcgagacgtattacgatttttggagactactttgactactggggccaaggaaccctggtcaccgtctcctca	IGHV1-69	IGHD3-3	IGHJ4	tgtgcgagacgtattacgatttttggagactactttgactactgg	11	0.000191340952182157
caggtgcagctacagcagtggggcgcaggactgttgaagccttcggagaccctgtccctcacctgcgctgtctatggtgggtccttcagtggttactactggagctggatccgccagcccccagggaaggggctggagtggattggggaaatcaatcatagtggaagcaccaactacaacccgtccctcaagagtcgagtcaccatatcagtagacacgtccaagaaccagttctccctgaagctgagctctgtgaccgccgcggacacggctgtgtattactgtgcgagagatattgtagtggtggtagcaggcgatgtctggggccaagggacaatggtcaccgtctcttca	IGHV4-34	IGHD2-15	IGHJ3	tgtgcgagagatattgtagtggtggtagcaggcgatgtctgg	11	0.000191340952182157
gaggtgcagctggtggagtccgggggaggcttagttcagcctggggggtccctgagactctcctgtgcagcctctggattcaccttcagtagctactggatgcactgggtccgccaagctccagggaaggggctggtgtgggtctcacgtattaatagtgatgggagtagcacaagctacgcggactccgtgaagggccgattcaccatctccagagacaacgccaagaacacgctgtatctgcaaatgaacagtctgagagccgaggacacggctgtgtattactgtgcaagagccctgcagtggctgccctttgactactggggccaaggaaccctggtcaccgtctcctca	IGHV3-74	IGHD6-19	IGHJ4	tgtgcaagagccctgcagtggctgccctttgactactgg	11	0.000191340952182157
gaggtgcagctgttggagtctgggggaggcttggtacagcctggggggtccctgagactctcctgtgcagcctctggattcacctttagcagctatgccatgagctgggtccgccaggctccagggaaggggctggagtgggtctcagctattagtggtagtggtggtagcacatactacgcagactccgtgaagggccggttcaccatctccagagacaattccaagaacacgctgtatctgcaaatgaacagcctgagagccgaggacacggccgtatattactgtgcgaaagaaggcagtggctgggatgcttttgatgtctggggccaagggacaatggtcaccgtctcttca	IGHV3-23	IGHD6-19	IGHJ3	tgtgcgaaagaaggcagtggctgggatgcttttgatgtctgg	11	0.000191340952182157
gaggtgcagctggtggagtctgggggaggcttggtaaagcctggggggtcccttagactctcctgtgcagcctctggattcactttcagtaacgcctggatgagctgggtccgccaggctccagggaaggggctggagtgggttggccgtattaaaagcaaaactgatggtgggacaacagactacgctgcacccgtgaaaggcagattcaccatctcaagagatgattcaaaaaacacgctgtatctgcaaatgaacagcctgaaaaccgaggacacagccgtgtattactgtaggggtacgatttttggagtggttactgcttttgatgtctggggccaagggacaatggtcaccgtctcttca	IGHV3-15	IGHD3-3	IGHJ3	tgtaggggtacgatttttggagtggttactgcttttgatgtctgg	11	0.000191340952182157
cagatcaccttgaaggagtctggtcctacgctggtgaaacccacacagaccctcacgctgacctgcaccttctctgggttctcactcagcactagtggagtgggtgtgggctggatccgtcagcccccaggaaaggccctggagtggcttgcactcatttattggaatgatgataagcgctacagcccatctctgaagagcaggctcaccatcaccaaggacacctccaaaaaccaggtggtccttacaatgaccaacatggaccctgtggacacagccacatattactgtgcacacagacggattacgtttgggtgctttgactactggggccaaggaaccctggtcaccgtctcctca	IGHV2-5	IGHD3-16	IGHJ4	tgtgcacacagacggattacgtttgggtgctttgactactgg	11	0.000191340952182157
caggttcagctggtgcagtctggagctgaggtgaagaagcctggggcctcagtgaaggtctcctgcaaggcttctggttacacctttaccagctatggtatcagctgggtgcgacaggcccctggacaagggcttgagtggatgggatggatcagcgcttacaatggtaacacaaactatgcacagaagctccagggcagagtcaccatgaccacagacacatccacgagcacagcctacatggagctgaggagcctgagatctgacgacacggccgtgtattactgtgcgagagatcttgtagtagtaccagcatttgactactggggccaaggaaccctggtcaccgtctcctca	IGHV1-18	IGHD2-2	IGHJ4	tgtgcgagagatcttgtagtagtaccagcatttgactactgg	10	0.000173946320165597
gaggtgcagctggtgcagtctggagcagaggtgaaaaagcccggggagtctctgaagatctcctgtaagggttctggatacagctttaccagctactggatcggctgggtgcgccagatgcccgggaaaggcctggagtggatggggatcatctatcctggtgactctgataccagatacagcccgtccttccaaggccaggtcaccatctcagccgacaagtccatcagcaccgcctacctgcagtggagcagcctgaaggcctcggacaccgccatgtattactgtgcgagacaggttcggggagttattataacgttcgactcctggggccaaggaaccctggtcaccgtctcctca	IGHV5-51	IGHD3-10	IGHJ5	tgtgcgagacaggttcggggagttattataacgttcgactcctgg	10	0.000173946320165597
caggtgcagctacagcagtggggcgcaggactgttgaagccttcggagaccctgtccctcacctgcgctgtctatggtgggtccttcagtggttactactggagctggatccgccagcccccagggaaggggctggagtggattggggaaatcaatcatagtggaagcaccaactacaacccgtccctcaagagtcgagtcaccatatcagtagacacgtccaagaaccagttctccctgaagctgagctctgtgaccgccgcggacacggctgtgtattactgtgcgagtactattatctactactactacggtatggacgtctgggggcaagggaccacggtcaccgtctcctca	IGHV4-34	IGHD3-3	IGHJ6	tgtgcgagtactattatctactactactacggtatggacgtctgg	10	0.000173946320165597
caggtgcagctggtgcagtctggggctgaggtgaagaagcctgggtcctcggtgaaggtctcctgcaaggcttctggaggcaccttcagcagctatgctatcagctgggtgcgacaggcccctggacaagggcttgagtggatgggagggatcatccctatctttggtacagcaaactacgcacagaagttccagggcagagtcacgattaccgcggacgaatccacgagcacagcctacatggagctgagcagcctgagatctgaggacacggccgtgtattactgtgcgagagaagagtgggagccgtacttcgatctctggggccgtggcaccctggtcactgtctcctca	IGHV1-69	IGHD1-26	IGHJ2	tgtgcgagagaagagtgggagccgtacttcgatctctgg	10	0.000173946320165597
gaggtgcagctggtgcagtctggagcagaggtgaaaaagcccggggagtctctgaagatctcctgtaagggttctggatacagctttaccagctactggatcggctgggtgcgccagatgcccgggaaaggcctggagtggatggggatcatctatcctggtgactctgataccagatacagcccgtccttccaaggccaggtcaccatctcagccgacaagtccatcagcaccgcctacctgcagtggagcagcctgaaggcctcggacaccgccatgtattactgtgcgagacatatggttcggggagttattataaccccctactggggccaaggaaccctggtcaccgtctcctca	IGHV5-51	IGHD3-10	IGHJ4	tgtgcgagacatatggttcggggagttattataaccccctactgg	10	0.000173946320165597
cagctgcagctgcaggagtccggctcaggactggtgaagccttcacagaccctgtccctcacctgcgctgtctctggtggctccatcagcagtggtggttactcctggagctggatccggcagccaccagggaagggcctggagtggattgggtacatctatcatagtgggagcacctactacaacccgtccctcaagagtcgagtcaccatatcagtagacaggtccaagaaccagttctccctgaagctgagctctgtgaccgccgcggacacggccgtgtattactgtgccagagatttctatgatagtagtggtgactttgactactggggccaaggaaccctggtcaccgtctcctca	IGHV4-30-2	IGHD3-22	IGHJ4	tgtgccagagatttctatgatagtagtggtgactttgactactgg	10	0.000173946320165597
cagatcaccttgaaggagtctggtcctacgctggtgaaacccacacagaccctcacgctgacctgcaccttctctgggttctcactcagcactagtggagtgggtgtgggctggatccgtcagcccccaggaaaggccctggagtggcttgcactcatttattggaatgatgataagcgctacagcccatctctgaagagcaggctcaccatcaccaaggacacctccaaaaaccaggtggtccttacaatgaccaacatggaccctgtggacacagccacatattactgtgcacacagactagcagcctatgcttttgatgtctggggccaagggacaatggtcaccgtctcttca	IGHV2-5	IGHD6-13	IGHJ3	tgtgcacacagactagcagcctatgcttttgatgtctgg	10	0.000173946320165597
caggtgcagctggtgcagtctggggctgaggtgaagaagcctggggcctcagtgaaggtctcctgcaaggcttctggatacaccttcaccggctactatatgcactgggtgcgacaggcccctggacaagggcttgagtggatgggacggatcaaccctaacagtggtggcacaaactatgcacagaagtttcagggcagggtcaccagtaccagggacacgtccatcagcacagcctacatggagctgagcaggctgagatctgacgacacggtcgtgtattactgtgcgagagaaaatattgtagtagtaccactttttgactactggggccaaggaaccctggtcaccgtctcctca	IGHV1-2	IGHD2-2	IGHJ4	tgtgcgagagaaaatattgtagtagtaccactttttgactactgg	10	0.000173946320165597
caggtgcagctggtgcagtctggggctgaggtgaagaagcctgggtcctcggtgaaggtctcctgcaaggcttctggaggcaccttcagcagctatgctatcagctgggtgcgacaggcccctggacaagggcttgagtggatgggagggatcatccctatctttggtacagcaaactacgcacagaagttccagggcagagtcacgattaccgcggacgaatccacgagcacagcctacatggagctgagcagcctgagatctgaggacacggccgtgtattactgtgcgagtaggaggccactagactactttgactactggggccaaggaaccctggtcaccgtctcctca	IGHV1-69	IGHD3-22	IGHJ4	tgtgcgagtaggaggccactagactactttgactactgg	10	0.000173946320165597
caggtgcagctggtgcagtctggggctgaggtgaagaagcctgggtcctcggtgaaggtctcctgcaaggcttctggaggcaccttcagcagctatgctatcagctgggtgcgacaggcccctggacaagggcttgagtggatgggagggatcatccctatctttggtacagcaaactacgcacagaagttccagggcagagtcacgattaccgcggacgaatccacgagcacagcctacatggagctgagcagcctgagatctgaggacacggccgtgtattactgtgcgagaggggcagcagctggggtctactttgactactggggccaaggaaccctggtcaccgtctcctca	IGHV1-69	IGHD6-13	IGHJ4	tgtgcgagaggggcagcagctggggtctactttgactactgg	10	0.000173946320165597
caggttcagctggtgcagtctggagctgaggtgaagaagcctggggcctcagtgaaggtctcctgcaaggcttctggttacacctttaccagctatggtatcagctgggtgcgacaggcccctggacaagggcttgagtggatgggatggatcagcgcttacaatggtaacacaaactatgcacagaagctccagggcagagtcaccatgaccacagacacatccacgagcacagcctacatggagctgaggagcctgagatctgacgacacggccgtgtattactgtgcgattgtatactactactacggtatggacgtctgggggcaagggaccacggtcaccgtctcctca	IGHV1-18	IGHD3-3	IGHJ6	tgtgcgattgtatactactactacggtatggacgtctgg	10	0.000173946320165597
caggtgcagctggtgcagtctggggctgaggtgaagaagcctggggcctcagtgaaggtctcctgcaaggcttctggatacaccttcaccggctactatatgcactgggtgcgacaggcccctggacaagggcttgagtggatgggacggatcaaccctaacagtggtggcacaaactatgcacagaagtttcagggcagggtcaccagtaccagggacacgtccatcagcacagcctacatggagctgagcaggctgagatctgacgacacggtcgtgtattactgtgcgagagatatagtggctacggactactttgactactggggccaaggaaccctggtcaccgtctcctca	IGHV1-2	IGHD5-12	IGHJ4	tgtgcgagagatatagtggctacggactactttgactactgg	10	0.000173946320165597
gaggtgcagctggtggagtctgggggaggcttggtacagccagggcggtccctgagactctcctgtacagcttctggattcacctttggtgattatgctatgagctggttccgccaggctccagggaaggggctggagtgggtaggtttcattagaagcaaagcttatggtgggacaacagaatacaccgcgtctgtgaaaggcagattcaccatctcaagagatggttccaaaagcatcgcctatctgcaaatgaacagcctgaaaaccgaggacacagccgtgtattactgtactagagatagtggctatgatgcttttgatgtctggggccaagggacaatggtcaccgtctcttca	IGHV3-49	IGHD5-12	IGHJ3	tgtactagagatagtggctatgatgcttttgatgtctgg	9	0.000156551688149037
cagatcaccttgaaggagtctggtcctacgctggtgaaacccacacagaccctcacgctgacctgcaccttctctgggttctcactcagcactagtggagtgggtgtgggctggatccgtcagcccccaggaaaggccctggagtggcttgcactcatttattggaatgatgataagcgctacagcccatctctgaagagcaggctcaccatcaccaaggacacctccaaaaaccaggtggtccttacaatgaccaacatggaccctgtggacacagccacatattactgtgcacacagaccttcctactactactacggtatggacgtctgggggcaagggaccacggtcaccgtctcctca	IGHV2-5	IGHD5-24	IGHJ6	tgtgcacacagaccttcctactactactacggtatggacgtctgg	9	0.000156551688149037
gaggtgcagctggtggagtctggaggaggcttgatccagcctggggggtccctgagactctcctgtgcagcctctgggttcaccgtcagtagcaactacatgagctgggtccgccaggctccagggaaggggctggagtgggtctcagttatttatagcggtggtagcacatactacgcagactccgtgaagggccgattcaccatctccagagacaattccaagaacacgctgtatcttcaaatgaacagcctgagagccgaggacacggccgtgtattactgtgcgagagacagcagctgggactactttgactactggggccaaggaaccctggtcaccgtctcctca	IGHV3-53	IGHD6-13	IGHJ4	tgtgcgagagacagcagctgggactactttgactactgg	9	0.000156551688149037
gaggtgcagctgttggagtctgggggaggcttggtacagcctggggggtccctgagactctcctgtgcagcctctggattcacctttagcagctatgccatgagctgggtccgccaggctccagggaaggggctggagtgggtctcagctattagtggtagtggtggtagcacatactacgcagactccgtgaagggccggttcaccatctccagagacaattccaagaacacgctgtatctgcaaatgaacagcctgagagccgaggacacggccgtatattactgtgcgaaagacgggatttttggagtggtctttgactactggggccaaggaaccctggtcaccgtctcctca	IGHV3-23	IGHD3-3	IGHJ4	tgtgcgaaagacgggatttttggagtggtctttgactactgg	9	0.000156551688149037
caggttcagctggtgcagtctggagctgaggtgaagaagcctggggcctcagtgaaggtctcctgcaaggcttctggttacacctttaccagctatggtatcagctgggtgcgacaggcccctggacaagggcttgagtggatgggatggatcagcgcttacaatggtaacacaaactatgcacagaagctccagggcagagtcaccatgaccacagacacatccacgagcacagcctacatggagctgaggagcctgagatctgacgacacggccgtgtattactgtgcgagagaaggcgatatagtggggaactttgactactggggccaaggaaccctggtcaccgtctcctca	IGHV1-18	IGHD5-12	IGHJ4	tgtgcgagagaaggcgatatagtggggaactttgactactgg	9	0.000156551688149037
gaggtgcagctggtggagtctgggggaggcttggtaaagcctggggggtcccttagactctcctgtgcagcctctggattcactttcagtaacgcctggatgagctgggtccgccaggctccagggaaggggctggagtgggttggccgtattaaaagcaaaactgatggtgggacaacagactacgctgcacccgtgaaaggcagattcaccatctcaagagatgattcaaaaaacacgctgtatctgcaaatgaacagcctgaaaaccgaggacacagccgtgtattactgtaccacagaggatttttccctccccctttactactggggccaaggaaccctggtcaccgtctcctca	IGHV3-15	IGHD3-3	IGHJ4	tgtaccacagaggatttttccctccccctttactactgg	9	0.000156551688149037
caggtgcagctggtgcagtctggggctgaggtgaagaagcctggggcctcagtgaaggtctcctgcaaggcttctggatacaccttcaccagttatgatatcaactgggtgcgacaggccactggacaagggcttgagtggatgggatggatgaaccctaacagtggtaacacaggctatgcacagaagttccagggcagagtcaccatgaccaggaacacctccataagcacagcctacatggagctgagcagcctgagatctgaggacacggccgtgtattactgtgcgagagttagccgggaggatgcttttgatgtctggggccaagggacaatggtcaccgtctcttca	IGHV1-8	IGHD3-10	IGHJ3	tgtgcgagagttagccgggaggatgcttttgatgtctgg	9	0.000156551688149037
cagatcaccttgaaggagtctggtcctacgctggtgaaacccacacagaccctcacgctgacctgcaccttctctgggttctcactcagcactagtggagtgggtgtgggctggatccgtcagcccccaggaaaggccctggagtggcttgcactcatttattggaatgatgataagcgctacagcccatctctgaagagcaggctcaccatcaccaaggacacctccaaaaaccaggtggtccttacaatgaccaacatggaccctgtggacacagccacatattactgtgcacacagacaagagcagtggcttgatgcttttgatgtctggggccaagggacaatggtcaccgtctcttca	IGHV2-5	IGHD6-19	IGHJ3	tgtgcacacagacaagagcagtggcttgatgcttttgatgtctgg	9	0.000156551688149037
gaggtgcagctggtgcagtctggagcagaggtgaaaaagcccggggagtctctgaagatctcctgtaagggttctggatacagctttaccagctactggatcggctgggtgcgccagatgcccgggaaaggcctggagtggatggggatcatctatcctggtgactctgataccagatacagcccgtccttccaaggccaggtcaccatctcagccgacaagtccatcagcaccgcctacctgcagtggagcagcctgaaggcctcggacaccgccatgtattactgtgattgtagtagtaccagctgctattttgactactggggccaaggaaccctggtcaccgtctcctca	IGHV5-51	IGHD2-2	IGHJ4	tgtgattgtagtagtaccagctgctattttgactactgg	9	0.000156551688149037
gaggtgcagctggtggagtctgggggaggcttggtacagccagggcggtccctgagactctcctgtacagcttctggattcacctttggtgattatgctatgagctggttccgccaggctccagggaaggggctggagtgggtaggtttcattagaagcaaagcttatggtgggacaacagaatacaccgcgtctgtgaaaggcagattcaccatctcaagagatggttccaaaagcatcgcctatctgcaaatgaacagcctgaaaaccgaggacacagccgtgtattactgtactagaggggattacgatttttactttgactactggggccaaggaaccctggtcaccgtctcctca	IGHV3-49	IGHD3-3	IGHJ4	tgtactagaggggattacgatttttactttgactactgg	9	0.000156551688149037
gaggtgcagctggtggagtctgggggaggcttggtacagccagggcggtccctgagactctcctgtacagcttctggattcacctttggtgattatgctatgagctggttccgccaggctccagggaaggggctggagtgggtaggtttcattagaagcaaagcttatggtgggacaacagaatacaccgcgtctgtgaaaggcagattcaccatctcaagagatggttccaaaagcatcgcctatctgcaaatgaacagcctgaaaaccgaggacacagccgtgtattactgtactaaaggggttgtagtagtaccagctgactttgactactggggccaaggaaccctggtcaccgtctcctca	IGHV3-49	IGHD2-2	IGHJ4	tgtactaaaggggttgtagtagtaccagctgactttgactactgg	9	0.000156551688149037
gaggtgcagctggtggagtccgggggaggcttagttcagcctggggggtccctgagactctcctgtgcagcctctggattcaccttcagtagctactggatgcactgggtccgccaagctccagggaaggggctggtgtgggtctcacgtattaatagtgatgggagtagcacaagctacgcggactccgtgaagggccgattcaccatctccagagacaacgccaagaacacgctgtatctgcaaatgaacagtctgagagccgaggacacggctgtgtattactgtgcaagagctatgatagtagtggttattacctttgactactggggccaaggaaccctggtcaccgtctcctca	IGHV3-74	IGHD3-22	IGHJ4	tgtgcaagagctatgatagtagtggttattacctttgactactgg	9	0.000156551688149037
gaggtgcagctggtggagtctgggggaggtgtggtacggcctggggggtccctgagactctcctgtgcagcctctggattcacctttgatgattatggcatgagctgggtccgccaagctccagggaaggggctggagtgggtctctggtattaattggaatggtggtagcacaggttatgcagactctgtgaagggccgattcaccatctccagagacaacgccaagaactccctgtatctgcaaatgaacagtctgagagccgaggacacggccttgtatcactgtgcgagagaaggtatttactactactacggtatggacgtctgggggcaagggaccacggtcaccgtctcctca	IGHV3-20	IGHD2-21	IGHJ6	tgtgcgagagaaggtatttactactactacggtatggacgtctgg	9	0.000156551688149037
caggtgcagctggtgcagtctggggctgaggtgaagaagcctggggcctcagtgaaggtctcctgcaaggcttctggatacaccttcaccagttatgatatcaactgggtgcgacaggccactggacaagggcttgagtggatgggatggatgaaccctaacagtggtaacacaggctatgcacagaagttccagggcagagtcaccatgaccaggaacacctccataagcacagcctacatggagctgagcagcctgagatctgaggacacggccgtgtattactgtgcgagagggcgggggtggtggtgtcactactttgactactggggccaaggaaccctggtcaccgtctcctca	IGHV1-8	IGHD2-21	IGHJ4	tgtgcgagagggcgggggtggtggtgtcactactttgactactgg	9	0.000156551688149037
caggtacagctgcagcagtcaggtccaggactggtgaagccctcgcagaccctctcactcacctgtgccatctccggggacagtgtctctagcaacagtgctgcttggaactggatcaggcagtccccatcgagaggccttgagtggctgggaaggacatactacaggtccaagtggtataatgattatgcagtatctgtgaaaagtcgaataaccatcaacccagacacatccaagaaccagttctccctgcagctgaactctgtgactcccgaggacacggctgtgtattactgtgcaagagacctctatagtgggagctacgcttttgatgtctggggccaagggacaatggtcaccgtctcttca	IGHV6-1	IGHD1-26	IGHJ3	tgtgcaagagacctctatagtgggagctacgcttttgatgtctgg	8	0.000139157056132478
gaggtgcagctggtggagtctggaggaggcttgatccagcctggggggtccctgagactctcctgtgcagcctctgggttcaccgtcagtagcaactacatgagctgggtccgccaggctccagggaaggggctggagtgggtctcagttatttatagcggtggtagcacatactacgcagactccgtgaagggccgattcaccatctccagagacaattccaagaacacgctgtatcttcaaatgaacagcctgagagccgaggacacggccgtgtattactgtgcgaggggggatttggggagatactttgactactggggccaaggaaccctggtcaccgtctcctca	IGHV3-53	IGHD3-3	IGHJ4	tgtgcgaggggggatttggggagatactttgactactgg	8	0.000139157056132478
cagatcaccttgaaggagtctggtcctacgctggtgaaacccacacagaccctcacgctgacctgcaccttctctgggttctcactcagcactagtggagtgggtgtgggctggatccgtcagcccccaggaaaggccctggagtggcttgcactcatttattggaatgatgataagcgctacagcccatctctgaagagcaggctcaccatcaccaaggacacctccaaaaaccaggtggtccttacaatgaccaacatggaccctgtggacacagccacatattactgtgcacacagactcggggatagcagcagctttgactactggggccaaggaaccctggtcaccgtctcctca	IGHV2-5	IGHD6-13	IGHJ4	tgtgcacacagactcggggatagcagcagctttgactactgg	8	0.000139157056132478
gaggtgcagctggtggagtccgggggaggcttagttcagcctggggggtccctgagactctcctgtgcagcctctggattcaccttcagtagctactggatgcactgggtccgccaagctccagggaaggggctggtgtgggtctcacgtattaatagtgatgggagtagcacaagctacgcggactccgtgaagggccgattcaccatctccagagacaacgccaagaacacgctgtatctgcaaatgaacagtctgagagccgaggacacggctgtgtattactgtgcaagagaacccagctcgtccccctttgactactggggccaaggaaccctggtcaccgtctcctca	IGHV3-74	IGHD6-6	IGHJ4	tgtgcaagagaacccagctcgtccccctttgactactgg	8	0.000139157056132478
gaggtgcagctggtggagtctgggggaggtgtggtacggcctggggggtccctgagactctcctgtgcagcctctggattcacctttgatgattatggcatgagctgggtccgccaagctccagggaaggggctggagtgggtctctggtattaattggaatggtggtagcacaggttatgcagactctgtgaagggccgattcaccatctccagagacaacgccaagaactccctgtatctgcaaatgaacagtctgagagccgaggacacggccttgtatcactgtgcgagagaagagctgctagactactttgactactggggccaaggaaccctggtcaccgtctcctca	IGHV3-20	IGHD2-15	IGHJ4	tgtgcgagagaagagctgctagactactttgactactgg	8	0.000139157056132478
gaggtgcagctggtggagtctgggggaggcttggtacagcctggggggtccctgagactctcctgtgcagcctctggattcaccttcagtagctacgacatgcactgggtccgccaagctacaggaaaaggtctggagtgggtctcagctattggtactgctggtgacacatactatccaggctccgtgaagggccgattcaccatctccagagaaaatgccaagaactccttgtatcttcaaatgaacagcctgagagccggggacacggctgtgtattactgtggatgtattactatgatagtagtggttgcttttgatgtctggggccaagggacaatggtcaccgtctcttca	IGHV3-13	IGHD3-22	IGHJ3	tgtggatgtattactatgatagtagtggttgcttttgatgtctgg	8	0.000139157056132478
cagctgcagctgcaggagtccggctcaggactggtgaagccttcacagaccctgtccctcacctgcgctgtctctggtggctccatcagcagtggtggttactcctggagctggatccggcagccaccagggaagggcctggagtggattgggtacatctatcatagtgggagcacctactacaacccgtccctcaagagtcgagtcaccatatcagtagacaggtccaagaaccagttctccctgaagctgagctctgtgaccgccgcggacacggccgtgtattactgtgccagagagcctagcagcagctggtaccactttgactactggggccaaggaaccctggtcaccgtctcctca	IGHV4-30-2	IGHD6-13	IGHJ4	tgtgccagagagcctagcagcagctggtaccactttgactactgg	8	0.000139157056132478
gaggtgcagctggtggagtctgggggaggcttggtacagccagggcggtccctgagactctcctgtacagcttctggattcacctttggtgattatgctatgagctggttccgccaggctccagggaaggggctggagtgggtaggtttcattagaagcaaagcttatggtgggacaacagaatacaccgcgtctgtgaaaggcagattcaccatctcaagagatggttccaaaagcatcgcctatctgcaaatgaacagcctgaaaaccgaggacacagccgtgtattactgtactagggcagctccgtactactacggtatggacgtctgggggcaagggaccacggtcaccgtctcctca	IGHV3-49	IGHD2-2	IGHJ6	tgtactagggcagctccgtactactacggtatggacgtctgg	8	0.000139157056132478
gaggtgcagctggtggagtctgggggaggtgtggtacggcctggggggtccctgagactctcctgtgcagcctctggattcacctttgatgattatggcatgagctgggtccgccaagctccagggaaggggctggagtgggtctctggtattaattggaatggtggtagcacaggttatgcagactctgtgaagggccgattcaccatctccagagacaacgccaagaactccctgtatctgcaaatgaacagtctgagagccgaggacacggccttgtatcactgtgcgagcgatatagtggctacgattaaggactttgactactggggccaaggaaccctggtcaccgtctcctca	IGHV3-20	IGHD5-12	IGHJ4	tgtgcgagcgatatagtggctacgattaaggactttgactactgg	8	0.000139157056132478
caggttcagctggtgcagtctggagctgaggtgaagaagcctggggcctcagtgaaggtctcctgcaaggcttctggttacacctttaccagctatggtatcagctgggtgcgacaggcccctggacaagggcttgagtggatgggatggatcagcgcttacaatggtaacacaaactatgcacagaagctccagggcagagtcaccatgaccacagacacatccacgagcacagcctacatggagctgaggagcctgagatctgacgacacggccgtgtattactgtgcgagagtcctaacctccagcagcaggtactttgactactggggccaaggaaccctggtcaccgtctcctca	IGHV1-18	IGHD6-13	IGHJ4	tgtgcgagagtcctaacctccagcagcaggtactttgactactgg	8	0.000139157056132478
caggtgcagctacagcagtggggcgcaggactgttgaagccttcggagaccctgtccctcacctgcgctgtctatggtgggtccttcagtggttactactggagctggatccgccagcccccagggaaggggctggagtggattggggaaatcaatcatagtggaagcaccaactacaacccgtccctcaagagtcgagtcaccatatcagtagacacgtccaagaaccagttctccctgaagctgagctctgtgaccgccgcggacacggctgtgtattactgtgcgcggagtatgattacgttagtcttaggctttgactactggggccaaggaaccctggtcaccgtctcctca	IGHV4-34	IGHD3-16	IGHJ4	tgtgcgcggagtatgattacgttagtcttaggctttgactactgg	8	0.000139157056132478
caggtgcagctggtgcagtctggggctgaggtgaagaagcctgggtcctcggtgaaggtctcctgcaaggcttctggaggcaccttcagcagctatgctatcagctgggtgcgacaggcccctggacaagggcttgagtggatgggagggatcatccctatctttggtacagcaaactacgcacagaagttccagggcagagtcacgattaccgcggacgaatccacgagcacagcctacatggagctgagcagcctgagatctgaggacacggccgtgtattactgtgcgagagaggccccctatgccgttgactactttgactactggggccaaggaaccctggtcaccgtctcctca	IGHV1-69	IGHD2-2	IGHJ4	tgtgcgagagaggccccctatgccgttgactactttgactactgg	8	0.000139157056132478
gaggtgcagctggtggagtccgggggaggcttagttcagcctggggggtccctgagactctcctgtgcagcctctggattcaccttcagtagctactggatgcactgggtccgccaagctccagggaaggggctggtgtgggtctcacgtattaatagtgatgggagtagcacaagctacgcggactccgtgaagggccgattcaccatctccagagacaacgccaagaacacgctgtatctgcaaatgaacagtctgagagccgaggacacggctgtgtattactgtgcaagaggatatagtggctacgattatgactactggggccaaggaaccctggtcaccgtctcctca	IGHV3-74	IGHD5-12	IGHJ4	tgtgcaagaggatatagtggctacgattatgactactgg	8	0.000139157056132478
gaggtgcagctgttggagtctgggggaggcttggtacagcctggggggtccctgagactctcctgtgcagcctctggattcacctttagcagctatgccatgagctgggtccgccaggctccagggaaggggctggagtgggtctcagctattagtggtagtggtggtagcacatactacgcagactccgtgaagggccggttcaccatctccagagacaattccaagaacacgctgtatctgcaaatgaacagcctgagagccgaggacacggccgtatattactgtgcgaaaggtaatgggagcgtagcttttgatgtctggggccaagggacaatggtcaccgtctcttca	IGHV3-23	IGHD1-26	IGHJ3	tgtgcgaaaggtaatgggagcgtagcttttgatgtctgg	8	0.000139157056132478
caggtgcagctggtgcagtctggggctgaggtgaagaagcctgggtcctcggtgaaggtctcctgcaaggcttctggaggcaccttcagcagctatgctatcagctgggtgcgacaggcccctggacaagggcttgagtggatgggagggatcatccctatctttggtacagcaaactacgcacagaagttccagggcagagtcacgattaccgcggacgaatccacgagcacagcctacatggagctgagcagcctgagatctgaggacacggccgtgtattactgtgcgagagaagatagcagtggctggtactactttgactactggggccaaggaaccctggtcaccgtctcctca	IGHV1-69	IGHD6-19	IGHJ4	tgtgcgagagaagatagcagtggctggtactactttgactactgg	8	0.000139157056132478
caggtgcagctacagcagtggggcgcaggactgttgaagccttcggagaccctgtccctcacctgcgctgtctatggtgggtccttcagtggttactactggagctggatccgccagcccccagggaaggggctggagtggattggggaaatcaatcatagtggaagcaccaactacaacccgtccctcaagagtcgagtcaccatatcagtagacacgtccaagaaccagttctccctgaagctgagctctgtgaccgccgcggacacggctgtgtattactgtgcgagaggtcgaggagcagctcgaattgactactggggccaaggaaccctggtcaccgtctcctca	IGHV4-34	IGHD6-6	IGHJ4	tgtgcgagaggtcgaggagcagctcgaattgactactgg	8	0.000139157056132478
gaggtgcagctggtgcagtctggagcagaggtgaaaaagcccggggagtctctgaagatctcctgtaagggttctggatacagctttaccagctactggatcggctgggtgcgccagatgcccgggaaaggcctggagtggatggggatcatctatcctggtgactctgataccagatacagcccgtccttccaaggccaggtcaccatctcagccgacaagtccatcagcaccgcctacctgcagtggagcagcctgaaggcctcggacaccgccatgtattactgtgctggtggtgattgctattcaagtgatgcttttgatgtctggggccaagggacaatggtcaccgtctcttca	IGHV5-51	IGHD2-21	IGHJ3	tgtgctggtggtgattgctattcaagtgatgcttttgatgtctgg	7	0.000121762424115918
gaggtgcagctgttggagtctgggggaggcttggtacagcctggggggtccctgagactctcctgtgcagcctctggattcacctttagcagctatgccatgagctgggtccgccaggctccagggaaggggctggagtgggtctcagctattagtggtagtggtggtagcacatactacgcagactccgtgaagggccggttcaccatctccagagacaattccaagaacacgctgtatctgcaaatgaacagcctgagagccgaggacacggccgtatattactgtgcgaaaggtgactacggtgactacggctttgactactggggccaaggaaccctggtcaccgtctcctca	IGHV3-23	IGHD4-17	IGHJ4	tgtgcgaaaggtgactacggtgactacggctttgactactgg	7	0.000121762424115918
gaggtgcagctggtggagtctgggggaggcttggtaaagcctggggggtcccttagactctcctgtgcagcctctggattcactttcagtaacgcctggatgagctgggtccgccaggctccagggaaggggctggagtgggttggccgtattaaaagcaaaactgatggtgggacaacagactacgctgcacccgtgaaaggcagattcaccatctcaagagatgattcaaaaaacacgctgtatctgcaaatgaacagcctgaaaaccgaggacacagccgtgtattactgtaccacagatggaggtcttactaactactttgactactggggccaaggaaccctggtcaccgtctcctca	IGHV3-15	IGHD3-22	IGHJ4	tgtaccacagatggaggtcttactaactactttgactactgg	7	0.000121762424115918
caggttcagctggtgcagtctggagctgaggtgaagaagcctggggcctcagtgaaggtctcctgcaaggcttctggttacacctttaccagctatggtatcagctgggtgcgacaggcccctggacaagggcttgagtggatgggatggatcagcgcttacaatggtaacacaaactatgcacagaagctccagggcagagtcaccatgaccacagacacatccacgagcacagcctacatggagctgaggagcctgagatctgacgacacggccgtgtattactgtgcgagagagggtatagcagcagcctttgactactggggccaaggaaccctggtcaccgtctcctca	IGHV1-18	IGHD6-13	IGHJ4	tgtgcgagagagggtatagcagcagcctttgactactgg	7	0.000121762424115918
gaggtgcagctggtgcagtctggagcagaggtgaaaaagcccggggagtctctgaagatctcctgtaagggttctggatacagctttaccagctactggatcggctgggtgcgccagatgcccgggaaaggcctggagtggatggggatcatctatcctggtgactctgataccagatacagcccgtccttccaaggccaggtcaccatctcagccgacaagtccatcagcaccgcctacctgcagtggagcagcctgaaggcctcggacaccgccatgtattactgtgcgagacagagtgggagctactacaccccctttgactactggggccaaggaaccctggtcaccgtctcctca	IGHV5-51	IGHD1-26	IGHJ4	tgtgcgagacagagtgggagctactacaccccctttgactactgg	7	0.000121762424115918
caggtgcagctggtgcagtctggggctgaggtgaagaagcctggggcctcagtgaaggtctcctgcaaggcttctggatacaccttcaccggctactatatgcactgggtgcgacaggcccctggacaagggcttgagtggatgggacggatcaaccctaacagtggtggcacaaactatgcacagaagtttcagggcagggtcaccagtaccagggacacgtccatcagcacagcctacatggagctgagcaggctgagatctgacgacacggtcgtgtattactgtgcgaggaggggcagcagctggtacccctttgactactggggccaaggaaccctggtcaccgtctcctca	IGHV1-2	IGHD6-13	IGHJ4	tgtgcgaggaggggcagcagctggtacccctttgactactgg	7	0.000121762424115918
caggtgcagctggtgcagtctggggctgaggtgaagaagcctggggcctcagtgaaggtttcctgcaaggcatctggatacaccttcaccagctactatatgcactgggtgcgacaggcccctggacaagggcttgagtggatgggaataatcaaccctagtggtggtagcacaagctacgcacagaagttccagggcagagtcaccatgaccagggacacgtccacgagcacagtctacatggagctgagcagcctgagatctgaggacacggccgtgtattactgtgcgagagagggacagcagtggctggtacgcttcgatctctggggccgtggcaccctggtcactgtctcctca	IGHV1-46	IGHD6-19	IGHJ2	tgtgcgagagagggacagcagtggctggtacgcttcgatctctgg	7	0.000121762424115918
gaggtgcagctggtggagtctgggggaggcttggtaaagcctggggggtcccttagactctcctgtgcagcctctggattcactttcagtaacgcctggatgagctgggtccgccaggctccagggaaggggctggagtgggttggccgtattaaaagcaaaactgatggtgggacaacagactacgctgcacccgtgaaaggcagattcaccatctcaagagatgattcaaaaaacacgctgtatctgcaaatgaacagcctgaaaaccgaggacacagccgtgtattactgtaccacagaaggaggtagcagcagctgctactttgactactggggccaaggaaccctggtcaccgtctcctca	IGHV3-15	IGHD6-13	IGHJ4	tgtaccacagaaggaggtagcagcagctgctactttgactactgg	7	0.000121762424115918
gaggtgcagctggtggagtccgggggaggcttagttcagcctggggggtccctgagactctcctgtgcagcctctggattcaccttcagtagctactggatgcactgggtccgccaagctccagggaaggggctggtgtgggtctcacgtattaatagtgatgggagtagcacaagctacgcggactccgtgaagggccgattcaccatctccagagacaacgccaagaacacgctgtatctgcaaatgaacagtctgagagccgaggacacggctgtgtattactgtgcaagaggtattacgatttttggagtggactttgactactggggccaaggaaccctggtcaccgtctcctca	IGHV3-74	IGHD3-3	IGHJ4	tgtgcaagaggtattacgatttttggagtggactttgactactgg	7	0.000121762424115918
gaggtgcagctggtgcagtctggagcagaggtgaaaaagcccggggagtctctgaagatctcctgtaagggttctggatacagctttaccagctactggatcggctgggtgcgccagatgcccgggaaaggcctggagtggatggggatcatctatcctggtgactctgataccagatacagcccgtccttccaaggccaggtcaccatctcagccgacaagtccatcagcaccgcctacctgcagtggagcagcctgaaggcctcggacaccgccatgtattactgtgcgagagccacgtttgggggagagtactttgactactggggccaaggaaccctggtcaccgtctcctca	IGHV5-51	IGHD3-16	IGHJ4	tgtgcgagagccacgtttgggggagagtactttgactactgg	7	0.000121762424115918
caggttcagctggtgcagtctggagctgaggtgaagaagcctggggcctcagtgaaggtctcctgcaaggcttctggttacacctttaccagctatggtatcagctgggtgcgacaggcccctggacaagggcttgagtggatgggatggatcagcgcttacaatggtaacacaaactatgcacagaagctccagggcagagtcaccatgaccacagacacatccacgagcacagcctacatggagctgaggagcctgagatctgacgacacggccgtgtattactgtgcgagaccagcagctggtacccactttgactactggggccaaggaaccctggtcaccgtctcctca	IGHV1-18	IGHD6-13	IGHJ4	tgtgcgagaccagcagctggtacccactttgactactgg	7	0.000121762424115918
gaagtgcagctggtggagtctgggggagtcgtggtacagcctggggggtccctgagactctcctgtgcagcctctggattcacctttgatgattataccatgcactgggtccgtcaagctccggggaagggtctggagtgggtctctcttattagttgggatggtggtagcacatactatgcagactctgtgaagggccgattcaccatctccagagacaacagcaaaaactccctgtatctgcaaatgaacagtctgagaactgaggacaccgccttgtattactgtgcaaaagatagggagcagcagctggtacctgatgtctggggccaagggacaatggtcaccgtctcttca	IGHV3-43	IGHD6-13	IGHJ3	tgtgcaaaagatagggagcagcagctggtacctgatgtctgg	7	0.000121762424115918
caggtgcagctggtgcagtctggggctgaggtgaagaagcctggggcctcagtgaaggtctcctgcaaggcttctggatacaccttcaccggctactatatgcactgggtgcgacaggcccctggacaagggcttgagtggatgggacggatcaaccctaacagtggtggcacaaactatgcacagaagtttcagggcagggtcaccagtaccagggacacgtccatcagcacagcctacatggagctgagcaggctgagatctgacgacacggtcgtgtattactgtgcgagagaggtggtagctgctactcttatggacgtctgggggcaagggaccacggtcaccgtctcctca	IGHV1-2	IGHD2-15	IGHJ6	tgtgcgagagaggtggtagctgctactcttatggacgtctgg	7	0.000121762424115918
caggtgcagctggtgcagtctggggctgaggtgaagaagcctgggtcctcggtgaaggtctcctgcaaggcttctggaggcaccttcagcagctatgctatcagctgggtgcgacaggcccctggacaagggcttgagtggatgggagggatcatccctatctttggtacagcaaactacgcacagaagttccagggcagagtcacgattaccgcggacgaatccacgagcacagcctacatggagctgagcagcctgagatctgaggacacggccgtgtattactgtgcgagagatcgggactggaactcctggtacttcgatctctggggccgtggcaccctggtcactgtctcctca	IGHV1-69	IGHD1-20	IGHJ2	tgtgcgagagatcgggactggaactcctggtacttcgatctctgg	7	0.000121762424115918
gaggtgcagctgttggagtctgggggaggcttggtacagcctggggggtccctgagactctcctgtgcagcctctggattcacctttagcagctatgccatgagctgggtccgccaggctccagggaaggggctggagtgggtctcagctattagtggtagtggtggtagcacatactacgcagactccgtgaagggccggttcaccatctccagagacaattccaagaacacgctgtatctgcaaatgaacagcctgagagccgaggacacggccgtatattactgtgcgaaagatagcagctcgtcaaactactttgactactggggccaaggaaccctggtcaccgtctcctca	IGHV3-23	IGHD6-6	IGHJ4	tgtgcgaaagatagcagctcgtcaaactactttgactactgg	7	0.000121762424115918
gaggtgcagctggtggagtctgggggaggtgtggtacggcctggggggtccctgagactctcctgtgcagcctctggattcacctttgatgattatggcatgagctgggtccgccaagctccagggaaggggctggagtgggtctctggtattaattggaatggtggtagcacaggttatgcagactctgtgaagggccgattcaccatctccagagacaacgccaagaactccctgtatctgcaaatgaacagtctgagagccgaggacacggccttgtatcactgtgcgagagattgtggtaactccgactttgactactggggccaaggaaccctggtcaccgtctcctca	IGHV3-20	IGHD4-23	IGHJ4	tgtgcgagagattgtggtaactccgactttgactactgg	7	0.000121762424115918
gaggtgcagctgttggagtctgggggaggcttggtacagcctggggggtccctgagactctcctgtgcagcctctggattcacctttagcagctatgccatgagctgggtccgccaggctccagggaaggggctggagtgggtctcagctattagtggtagtggtggtagcacatactacgcagactccgtgaagggccggttcaccatctccagagacaattccaagaacacgctgtatctgcaaatgaacagcctgagagccgaggacacggccgtatattactgtgcgaaagaggagagatggctacaattaggctttgactactggggccaaggaaccctggtcaccgtctcctca	IGHV3-23	IGHD5-24	IGHJ4	tgtgcgaaagaggagagatggctacaattaggctttgactactgg	7	0.000121762424115918
caggttcagctggtgcagtctggagctgaggtgaagaagcctggggcctcagtgaaggtctcctgcaaggcttctggttacacctttaccagctatggtatcagctgggtgcgacaggcccctggacaagggcttgagtggatgggatggatcagcgcttacaatggtaacacaaactatgcacagaagctccagggcagagtcaccatgaccacagacacatccacgagcacagcctacatggagctgaggagcctgagatctgacgacacggccgtgtattactgtgcgagaagatatagtggctacgattactttgactactggggccaaggaaccctggtcaccgtctcctca	IGHV1-18	IGHD5-12	IGHJ4	tgtgcgagaagatatagtggctacgattactttgactactgg	7	0.000121762424115918
gaggtgcagctgttggagtctgggggaggcttggtacagcctggggggtccctgagactctcctgtgcagcctctggattcacctttagcagctatgccatgagctgggtccgccaggctccagggaaggggctggagtgggtctcagctattagtggtagtggtggtagcacatactacgcagactccgtgaagggccggttcaccatctccagagacaattccaagaacacgctgtatctgcaaatgaacagcctgagagccgaggacacggccgtatattactgtcagtaccagctgctatgcccttactggtacttcgatctctggggccgtggcaccctggtcactgtctcctca	IGHV3-23	IGHD2-2	IGHJ2	tgtcagtaccagctgctatgcccttactggtacttcgatctctgg	7	0.000121762424115918
gaggtgcagctggtggagtccgggggaggcttagttcagcctggggggtccctgagactctcctgtgcagcctctggattcaccttcagtagctactggatgcactgggtccgccaagctccagggaaggggctggtgtgggtctcacgtattaatagtgatgggagtagcacaagctacgcggactccgtgaagggccgattcaccatctccagagacaacgccaagaacacgctgtatctgcaaatgaacagtctgagagccgaggacacggctgtgtattactgtgcaagagcttactatgatagtagtggtggctttgactactggggccaaggaaccctggtcaccgtctcctca	IGHV3-74	IGHD3-22	IGHJ4	tgtgcaagagcttactatgatagtagtggtggctttgactactgg	7	0.000121762424115918
gaggtgcagctggtggagtctgggggaggcttggtaaagcctggggggtcccttagactctcctgtgcagcctctggattcactttcagtaacgcctggatgagctgggtccgccaggctccagggaaggggctggagtgggttggccgtattaaaagcaaaactgatggtgggacaacagactacgctgcacccgtgaaaggcagattcaccatctcaagagatgattcaaaaaacacgctgtatctgcaaatgaacagcctgaaaaccgaggacacagccgtgtattactgtaccacatctgtgggagctactacggggttcgactcctggggccaaggaaccctggtcaccgtctcctca	IGHV3-15	IGHD1-26	IGHJ5	tgtaccacatctgtgggagctactacggggttcgactcctgg	7	0.000121762424115918
caggtgcagctggtgcagtctggggctgaggtgaagaagcctggggcctcagtgaaggtctcctgcaaggcttctggatacaccttcaccagttatgatatcaactgggtgcgacaggccactggacaagggcttgagtggatgggatggatgaaccctaacagtggtaacacaggctatgcacagaagttccagggcagagtcaccatgaccaggaacacctccataagcacagcctacatggagctgagcagcctgagatctgaggacacggccgtgtattactgtgcgagaggcatagtagtggttattaccccctttgactactggggccaaggaaccctggtcaccgtctcctca	IGHV1-8	IGHD3-22	IGHJ4	tgtgcgagaggcatagtagtggttattaccccctttgactactgg	6	0.000104367792099358
caggtgcagctggtgcagtctggggctgaggtgaagaagcctggggcctcagtgaaggtctcctgcaaggcttctggatacaccttcaccagttatgatatcaactgggtgcgacaggccactggacaagggcttgagtggatgggatggatgaaccctaacagtggtaacacaggctatgcacagaagttccagggcagagtcaccatgaccaggaacacctccataagcacagcctacatggagctgagcagcctgagatctgaggacacggccgtgtattactgtgcgagaggatattgtagtggtggtagctgctttgactactggggccaaggaaccctggtcaccgtctcctca	IGHV1-8	IGHD2-15	IGHJ4	tgtgcgagaggatattgtagtggtggtagctgctttgactactgg	6	0.000104367792099358
gaggtgcagctggtggagtctgggggaggcttggtccagcctggggggtccctgaaactctcctgtgcagcctctgggttcaccttcagtggctctgctatgcactgggtccgccaggcttccgggaaagggctggagtgggttggccgtattagaagcaaagctaacagttacgcgacagcatatgctgcgtcggtgaaaggcaggttcaccatctccagagatgattcaaagaacacggcgtatctgcaaatgaacagcctgaaaaccgaggacacggccgtgtattactgtactagaccctactatggttcggggagttttgactactggggccaaggaaccctggtcaccgtctcctca	IGHV3-73	IGHD3-10	IGHJ4	tgtactagaccctactatggttcggggagttttgactactgg	6	0.000104367792099358
gaggtgcagctggtggagtctgggggaggcttggtacagcctggggggtccctgagactctcctgtgcagcctctggattcaccttcagtagctacgacatgcactgggtccgccaagctacaggaaaaggtctggagtgggtctcagctattggtactgctggtgacacatactatccaggctccgtgaagggccgattcaccatctccagagaaaatgccaagaactccttgtatcttcaaatgaacagcctgagagccggggacacggctgtgtattactgtgtggggtattacgatattttgactggttatgactactggggccaaggaaccctggtcaccgtctcctca	IGHV3-13	IGHD3-9	IGHJ4	tgtgtggggtattacgatattttgactggttatgactactgg	6	0.000104367792099358
caggttcagctggtgcagtctggagctgaggtgaagaagcctggggcctcagtgaaggtctcctgcaaggcttctggttacacctttaccagctatggtatcagctgggtgcgacaggcccctggacaagggcttgagtggatgggatggatcagcgcttacaatggtaacacaaactatgcacagaagctccagggcagagtcaccatgaccacagacacatccacgagcacagcctacatggagctgaggagcctgagatctgacgacacggccgtgtattactgtgcgagagacgggtatagcagtggctggttcgactcctggggccaaggaaccctggtcaccgtctcctca	IGHV1-18	IGHD6-19	IGHJ5	tgtgcgagagacgggtatagcagtggctggttcgactcctgg	6	0.000104367792099358
gaggtgcagctgttggagtctgggggaggcttggtacagcctggggggtccctgagactctcctgtgcagcctctggattcacctttagcagctatgccatgagctgggtccgccaggctccagggaaggggctggagtgggtctcagctattagtggtagtggtggtagcacatactacgcagactccgtgaagggccggttcaccatctccagagacaattccaagaacacgctgtatctgcaaatgaacagcctgagagccgaggacacggccgtatattactgtgcgaaagagggagctatagactactttgactactggggccaaggaaccctggtcaccgtctcctca	IGHV3-23	IGHD1-26	IGHJ4	tgtgcgaaagagggagctatagactactttgactactgg	6	0.000104367792099358
gaggtgcagctgttggagtctgggggaggcttggtacagcctggggggtccctgagactctcctgtgcagcctctggattcacctttagcagctatgccatgagctgggtccgccaggctccagggaaggggctggagtgggtctcagctattagtggtagtggtggtagcacatactacgcagactccgtgaagggccggttcaccatctccagagacaattccaagaacacgctgtatctgcaaatgaacagcctgagagccgaggacacggccgtatattactgtgcgaaaataccggactactactactacggtatggacgtctgggggcaagggaccacggtcaccgtctcctca	IGHV3-23	IGHD3-3	IGHJ6	tgtgcgaaaataccggactactactactacggtatggacgtctgg	6	0.000104367792099358
caggtgcagctggtgcagtctggggctgaggtgaagaagcctgggtcctcggtgaaggtctcctgcaaggcttctggaggcaccttcagcagctatgctatcagctgggtgcgacaggcccctggacaagggcttgagtggatgggagggatcatccctatctttggtacagcaaactacgcacagaagttccagggcagagtcacgattaccgcggacgaatccacgagcacagcctacatggagctgagcagcctgagatctgaggacacggccgtgtattactgtgcgagagacgctattgtagtagtaccagtatactactggggccaaggaaccctggtcaccgtctcctca	IGHV1-69	IGHD2-2	IGHJ4	tgtgcgagagacgctattgtagtagtaccagtatactactgg	6	0.000104367792099358
gaggtgcagctggtggagtctgggggaggcttggtacagccagggcggtccctgagactctcctgtacagcttctggattcacctttggtgattatgctatgagctggttccgccaggctccagggaaggggctggagtgggtaggtttcattagaagcaaagcttatggtgggacaacagaatacaccgcgtctgtgaaaggcagattcaccatctcaagagatggttccaaaagcatcgcctatctgcaaatgaacagcctgaaaaccgaggacacagccgtgtattactgtactagagagaagggcagtggctgcaactttgactactggggccaaggaaccctggtcaccgtctcctca	IGHV3-49	IGHD6-19	IGHJ4	tgtactagagagaagggcagtggctgcaactttgactactgg	6	0.000104367792099358
cagatcaccttgaaggagtctggtcctacgctggtgaaacccacacagaccctcacgctgacctgcaccttctctgggttctcactcagcactagtggagtgggtgtgggctggatccgtcagcccccaggaaaggccctggagtggcttgcactcatttattggaatgatgataagcgctacagcccatctctgaagagcaggctcaccatcaccaaggacacctccaaaaaccaggtggtccttacaatgaccaacatggaccctgtggacacagccacatattactgtgcacacagacttagggggggaactacttttgactactggggccaaggaaccctggtcaccgtctcctca	IGHV2-5	IGHD1-7	IGHJ4	tgtgcacacagacttagggggggaactacttttgactactgg	6	0.000104367792099358
caggtgcagctggtgcagtctggggctgaggtgaagaagcctgggtcctcggtgaaggtctcctgcaaggcttctggaggcaccttcagcagctatgctatcagctgggtgcgacaggcccctggacaagggcttgagtggatgggagggatcatccctatctttggtacagcaaactacgcacagaagttccagggcagagtcacgattaccgcggacgaatccacgagcacagcctacatggagctgagcagcctgagatctgaggacacggccgtgtattactgtgcgagagagattacgtttggggggggctttgactactggggccaaggaaccctggtcaccgtctcctca	IGHV1-69	IGHD3-16	IGHJ4	tgtgcgagagagattacgtttggggggggctttgactactgg	6	0.000104367792099358
caggtgcagctggtgcagtctggggctgaggtgaagaagcctggggcctcagtgaaggtctcctgcaaggcttctggatacaccttcaccagttatgatatcaactgggtgcgacaggccactggacaagggcttgagtggatgggatggatgaaccctaacagtggtaacacaggctatgcacagaagttccagggcagagtcaccatgaccaggaacacctccataagcacagcctacatggagctgagcagcctgagatctgaggacacggccgtgtattactgtgcgagaggttactatgatagtagtggttactttgactactggggccaaggaaccctggtcaccgtctcctca	IGHV1-8	IGHD3-22	IGHJ4	tgtgcgagaggttactatgatagtagtggttactttgactactgg	6	0.000104367792099358
cagctgcagctgcaggagtccggctcaggactggtgaagccttcacagaccctgtccctcacctgcgctgtctctggtggctccatcagcagtggtggttactcctggagctggatccggcagccaccagggaagggcctggagtggattgggtacatctatcatagtgggagcacctactacaacccgtccctcaagagtcgagtcaccatatcagtagacaggtccaagaaccagttctccctgaagctgagctctgtgaccgccgcggacacggccgtgtattactgtgccagagatgcggtgactggggactactttgactactggggccaaggaaccctggtcaccgtctcctca	IGHV4-30-2	IGHD4-17	IGHJ4	tgtgccagagatgcggtgactggggactactttgactactgg	6	0.000104367792099358
gaggtgcagctggtggagtctgggggaggcttggtacagccagggcggtccctgagactctcctgtacagcttctggattcacctttggtgattatgctatgagctggttccgccaggctccagggaaggggctggagtgggtaggtttcattagaagcaaagcttatggtgggacaacagaatacaccgcgtctgtgaaaggcagattcaccatctcaagagatggttccaaaagcatcgcctatctgcaaatgaacagcctgaaaaccgaggacacagccgtgtattactgtactagagatcggggtatagcagcccctccctactggggccaaggaaccctggtcaccgtctcctca	IGHV3-49	IGHD6-13	IGHJ4	tgtactagagatcggggtatagcagcccctccctactgg	6	0.000104367792099358
caggtgcagctggtggagtctgggggaggcttggtcaagcctggagggtccctgagactctcctgtgcagcctctggattcaccttcagtgactactacatgagctggatccgccaggctccagggaaggggctggagtgggtttcatacattagtagtagtggtagtaccatatactacgcagactctgtgaagggccgattcaccatctccagggacaacgccaagaactcactgtatctgcaaatgaacagcctgagagccgaggacacggccgtgtattactgtgcgagagaggagtggtgggtgggagactactttgactactggggccaaggaaccctggtcaccgtctcctca	IGHV3-11	IGHD2-15	IGHJ4	tgtgcgagagaggagtggtgggtgggagactactttgactactgg	6	0.000104367792099358
cagatcaccttgaaggagtctggtcctacgctggtgaaacccacacagaccctcacgctgacctgcaccttctctgggttctcactcagcactagtggagtgggtgtgggctggatccgtcagcccccaggaaaggccctggagtggcttgcactcatttattggaatgatgataagcgctacagcccatctctgaagagcaggctcaccatcaccaaggacacctccaaaaaccaggtggtccttacaatgaccaacatggaccctgtggacacagccacatattactgtgcacacagacgctggtataactggaacgacattgatgtctggggccaagggacaatggtcaccgtctcttca	IGHV2-5	IGHD1-20	IGHJ3	tgtgcacacagacgctggtataactggaacgacattgatgtctgg	6	0.000104367792099358
caggtgcagctacagcagtggggcgcaggactgttgaagccttcggagaccctgtccctcacctgcgctgtctatggtgggtccttcagtggttactactggagctggatccgccagcccccagggaaggggctggagtggattggggaaatcaatcatagtggaagcaccaactacaacccgtccctcaagagtcgagtcaccatatcagtagacacgtccaagaaccagttctccctgaagctgagctctgtgaccgccgcggacacggctgtgtattactgtgcgagagggggatatagtggctacgattaccgggactactggggccaaggaaccctggtcaccgtctcctca	IGHV4-34	IGHD5-12	IGHJ4	tgtgcgagagggggatatagtggctacgattaccgggactactgg	6	0.000104367792099358
gaggtgcagctggtggagtccgggggaggcttagttcagcctggggggtccctgagactctcctgtgcagcctctggattcaccttcagtagctactggatgcactgggtccgccaagctccagggaaggggctggtgtgggtctcacgtattaatagtgatgggagtagcacaagctacgcggactccgtgaagggccgattcaccatctccagagacaacgccaagaacacgctgtatctgcaaatgaacagtctgagagccgaggacacggctgtgtattactgtgcaagagagaggtatagtggctactactttgactactggggccaaggaaccctggtcaccgtctcctca	IGHV3-74	IGHD5-12	IGHJ4	tgtgcaagagagaggtatagtggctactactttgactactgg	6	0.000104367792099358
caggtgcagctacagcagtggggcgcaggactgttgaagccttcggagaccctgtccctcacctgcgctgtctatggtgggtccttcagtggttactactggagctggatccgccagcccccagggaaggggctggagtggattggggaaatcaatcatagtggaagcaccaactacaacccgtccctcaagagtcgagtcaccatatcagtagacacgtccaagaaccagttctccctgaagctgagctctgtgaccgccgcggacacggctgtgtattactgtgcgagaggtcagcagctggtcccccactttgactactggggccaaggaaccctggtcaccgtctcctca	IGHV4-34	IGHD6-13	IGHJ4	tgtgcgagaggtcagcagctggtcccccactttgactactgg	6	0.000104367792099358
gaggtgcagctgttggagtctgggggaggcttggtacagcctggggggtccctgagactctcctgtgcagcctctggattcacctttagcagctatgccatgagctgggtccgccaggctccagggaaggggctggagtgggtctcagctattagtggtagtggtggtagcacatactacgcagactccgtgaagggccggttcaccatctccagagacaattccaagaacacgctgtatctgcaaatgaacagcctgagagccgaggacacggccgtatattactgtgcgaaagagggcagctcgtccccctatgcttttgatgtctggggccaagggacaatggtcaccgtctcttca	IGHV3-23	IGHD6-6	IGHJ3	tgtgcgaaagagggcagctcgtccccctatgcttttgatgtctgg	6	0.000104367792099358
caggtgcagctggtgcagtctggggctgaggtgaagaagcctgggtcctcggtgaaggtctcctgcaaggcttctggaggcaccttcagcagctatgctatcagctgggtgcgacaggcccctggacaagggcttgagtggatgggagggatcatccctatctttggtacagcaaactacgcacagaagttccagggcagagtcacgattaccgcggacgaatccacgagcacagcctacatggagctgagcagcctgagatctgaggacacggccgtgtattactgtgctcggggagctgactactacggtatggacgtctgggggcaagggaccacggtcaccgtctcctca	IGHV1-69	IGHD2-15	IGHJ6	tgtgctcggggagctgactactacggtatggacgtctgg	6	0.000104367792099358
caggtgcagctggtggagtctgggggaggcttggtcaagcctggagggtccctgagactctcctgtgcagcctctggattcaccttcagtgactactacatgagctggatccgccaggctccagggaaggggctggagtgggtttcatacattagtagtagtggtagtaccatatactacgcagactctgtgaagggccgattcaccatctccagggacaacgccaagaactcactgtatctgcaaatgaacagcctgagagccgaggacacggccgtgtattactgtgcgaaatgggcctactactacggtatggacgtctgggggcaagggaccacggtcaccgtctcctca	IGHV3-11	IGHD1-26	IGHJ6	tgtgcgaaatgggcctactactacggtatggacgtctgg	6	0.000104367792099358
gaggtgcagctggtgcagtctggagcagaggtgaaaaagcccggggagtctctgaagatctcctgtaagggttctggatacagctttaccagctactggatcggctgggtgcgccagatgcccgggaaaggcctggagtggatggggatcatctatcctggtgactctgataccagatacagcccgtccttccaaggccaggtcaccatctcagccgacaagtccatcagcaccgcctacctgcagtggagcagcctgaaggcctcggacaccgccatgtattactgtgcgagtccgatatggttcggggagttatctttcgactcctggggccaaggaaccctggtcaccgtctcctca	IGHV5-51	IGHD3-10	IGHJ5	tgtgcgagtccgatatggttcggggagttatctttcgactcctgg	6	0.000104367792099358
gaggtgcagctgttggagtctgggggaggcttggtacagcctggggggtccctgagactctcctgtgcagcctctggattcacctttagcagctatgccatgagctgggtccgccaggctccagggaaggggctggagtgggtctcagctattagtggtagtggtggtagcacatactacgcagactccgtgaagggccggttcaccatctccagagacaattccaagaacacgctgtatctgcaaatgaacagcctgagagccgaggacacggccgtatattactgtgcgaaagacgggagatgggactactttgactactggggccaaggaaccctggtcaccgtctcctca	IGHV3-23	IGHD5-24	IGHJ4	tgtgcgaaagacgggagatgggactactttgactactgg	6	0.000104367792099358
gaggtgcagctggtgcagtctggagcagaggtgaaaaagcccggggagtctctgaagatctcctgtaagggttctggatacagctttaccagctactggatcggctgggtgcgccagatgcccgggaaaggcctggagtggatggggatcatctatcctggtgactctgataccagatacagcccgtccttccaaggccaggtcaccatctcagccgacaagtccatcagcaccgcctacctgcagtggagcagcctgaaggcctcggacaccgccatgtattactgtgcgagactctataactactactactacggtatggacgtctgggggcaagggaccacggtcaccgtctcctca	IGHV5-51	IGHD1-7	IGHJ6	tgtgcgagactctataactactactactacggtatggacgtctgg	6	0.000104367792099358
caggtgcagctggtgcagtctggggctgaggtgaagaagcctggggcctcagtgaaggtctcctgcaaggcttctggatacaccttcaccagttatgatatcaactgggtgcgacaggccactggacaagggcttgagtggatgggatggatgaaccctaacagtggtaacacaggctatgcacagaagttccagggcagagtcaccatgaccaggaacacctccataagcacagcctacatggagctgagcagcctgagatctgaggacacggccgtgtattactgtgcgagagggagtggctacgattcctggtacttcgatctctggggccgtggcaccctggtcactgtctcctca	IGHV1-8	IGHD5-12	IGHJ2	tgtgcgagagggagtggctacgattcctggtacttcgatctctgg	6	0.000104367792099358
gaggtgcagctgttggagtctgggggaggcttggtacagcctggggggtccctgagactctcctgtgcagcctctggattcacctttagcagctatgccatgagctgggtccgccaggctccagggaaggggctggagtgggtctcagctattagtggtagtggtggtagcacatactacgcagactccgtgaagggccggttcaccatctccagagacaattccaagaacacgctgtatctgcaaatgaacagcctgagagccgaggacacggccgtatattactgtgcgaaacgaggtggctgctctttctactttgactactggggccaaggaaccctggtcaccgtctcctca	IGHV3-23	IGHD6-19	IGHJ4	tgtgcgaaacgaggtggctgctctttctactttgactactgg	6	0.000104367792099358
caggtacagctgcagcagtcaggtccaggactggtgaagccctcgcagaccctctcactcacctgtgccatctccggggacagtgtctctagcaacagtgctgcttggaactggatcaggcagtccccatcgagaggccttgagtggctgggaaggacatactacaggtccaagtggtataatgattatgcagtatctgtgaaaagtcgaataaccatcaacccagacacatccaagaaccagttctccctgcagctgaactctgtgactcccgaggacacggctgtgtattactgtgcaagagagtatagcagtggctactttgactactggggccaaggaaccctggtcaccgtctcctca	IGHV6-1	IGHD6-19	IGHJ4	tgtgcaagagagtatagcagtggctactttgactactgg	5	8.69731600827985e-05
gaggtgcagctggtgcagtctggagcagaggtgaaaaagcccggggagtctctgaagatctcctgtaagggttctggatacagctttaccagctactggatcggctgggtgcgccagatgcccgggaaaggcctggagtggatggggatcatctatcctggtgactctgataccagatacagcccgtccttccaaggccaggtcaccatctcagccgacaagtccatcagcaccgcctacctgcagtggagcagcctgaaggcctcggacaccgccatgtattactgtgcgaaagggattttgactggttattatcactttgactactggggccaaggaaccctggtcaccgtctcctca	IGHV5-51	IGHD3-9	IGHJ4	tgtgcgaaagggattttgactggttattatcactttgactactgg	5	8.69731600827985e-05
gaggtgcagctggtggagtccgggggaggcttagttcagcctggggggtccctgagactctcctgtgcagcctctggattcaccttcagtagctactggatgcactgggtccgccaagctccagggaaggggctggtgtgggtctcacgtattaatagtgatgggagtagcacaagctacgcggactccgtgaagggccgattcaccatctccagagacaacgccaagaacacgctgtatctgcaaatgaacagtctgagagccgaggacacggctgtgtattactgtgcaagagaggggattgttcgtgatgcttttgatgtctggggccaagggacaatggtcaccgtctcttca	IGHV3-74	IGHD2-15	IGHJ3	tgtgcaagagaggggattgttcgtgatgcttttgatgtctgg	5	8.69731600827985e-05
gaggtgcagctggtggagtctggaggaggcttgatccagcctggggggtccctgagactctcctgtgcagcctctgggttcaccgtcagtagcaactacatgagctgggtccgccaggctccagggaaggggctggagtgggtctcagttatttatagcggtggtagcacatactacgcagactccgtgaagggccgattcaccatctccagagacaattccaagaacacgctgtatcttcaaatgaacagcctgagagccgaggacacggccgtgtattactgtgcgagagagaggaggtggctacgggggttcgactcctggggccaaggaaccctggtcaccgtctcctca	IGHV3-53	IGHD5-12	IGHJ5	tgtgcgagagagaggaggtggctacgggggttcgactcctgg	5	8.69731600827985e-05
gaggtgcagctggtggagtctggaggaggcttgatccagcctggggggtccctgagactctcctgtgcagcctctgggttcaccgtcagtagcaactacatgagctgggtccgccaggctccagggaaggggctggagtgggtctcagttatttatagcggtggtagcacatactacgcagactccgtgaagggccgattcaccatctccagagacaattccaagaacacgctgtatcttcaaatgaacagcctgagagccgaggacacggccgtgtattactgtgcgagagaaaggtacggtggtaacagacgttttgatgtctggggccaagggacaatggtcaccgtctcttca	IGHV3-53	IGHD4-23	IGHJ3	tgtgcgagagaaaggtacggtggtaacagacgttttgatgtctgg	5	8.69731600827985e-05
gaggtgcagctgttggagtctgggggaggcttggtacagcctggggggtccctgagactctcctgtgcagcctctggattcacctttagcagctatgccatgagctgggtccgccaggctccagggaaggggctggagtgggtctcagctattagtggtagtggtggtagcacatactacgcagactccgtgaagggccggttcaccatctccagagacaattccaagaacacgctgtatctgcaaatgaacagcctgagagccgaggacacggccgtatattactgtgcgaaagagggagcagactactacggtatggacgtctgggggcaagggaccacggtcaccgtctcctca	IGHV3-23	IGHD6-13	IGHJ6	tgtgcgaaagagggagcagactactacggtatggacgtctgg	5	8.69731600827985e-05
caggttcagctggtgcagtctggagctgaggtgaagaagcctggggcctcagtgaaggtctcctgcaaggcttctggttacacctttaccagctatggtatcagctgggtgcgacaggcccctggacaagggcttgagtggatgggatggatcagcgcttacaatggtaacacaaactatgcacagaagctccagggcagagtcaccatgaccacagacacatccacgagcacagcctacatggagctgaggagcctgagatctgacgacacggccgtgtattactgtttacgatttttggagtggttatgctttgactactggggccaaggaaccctggtcaccgtctcctca	IGHV1-18	IGHD3-3	IGHJ4	tgtttacgatttttggagtggttatgctttgactactgg	5	8.69731600827985e-05
caggtgcagctggtgcagtctggggctgaggtgaagaagcctggggcctcagtgaaggtctcctgcaaggcttctggatacaccttcaccagttatgatatcaactgggtgcgacaggccactggacaagggcttgagtggatgggatggatgaaccctaacagtggtaacacaggctatgcacagaagttccagggcagagtcaccatgaccaggaacacctccataagcacagcctacatggagctgagcagcctgagatctgaggacacggccgtgtattactgtgactatggttcggggagttattatatgtactttgactactggggccaaggaaccctggtcaccgtctcctca	IGHV1-8	IGHD3-10	IGHJ4	tgtgactatggttcggggagttattatatgtactttgactactgg	5	8.69731600827985e-05
gaggtgcagctggtggagtctgggggaggtgtggtacggcctggggggtccctgagactctcctgtgcagcctctggattcacctttgatgattatggcatgagctgggtccgccaagctccagggaaggggctggagtgggtctctggtattaattggaatggtggtagcacaggttatgcagactctgtgaagggccgattcaccatctccagagacaacgccaagaactccctgtatctgcaaatgaacagtctgagagccgaggacacggccttgtatcactgtgcgagagaccttggagtaggccacaactggttcgactcctggggccaaggaaccctggtcaccgtctcctca	IGHV3-20	IGHD3-3	IGHJ5	tgtgcgagagaccttggagtaggccacaactggttcgactcctgg	5	8.69731600827985e-05
gaggtgcagctggtggagtctgggggaggcttggtaaagcctggggggtcccttagactctcctgtgcagcctctggattcactttcagtaacgcctggatgagctgggtccgccaggctccagggaaggggctggagtgggttggccgtattaaaagcaaaactgatggtgggacaacagactacgctgcacccgtgaaaggcagattcaccatctcaagagatgattcaaaaaacacgctgtatctgcaaatgaacagcctgaaaaccgaggacacagccgtgtattactgtaccacagacagggggagggatgcttttgatgtctggggccaagggacaatggtcaccgtctcttca	IGHV3-15	IGHD4-17	IGHJ3	tgtaccacagacagggggagggatgcttttgatgtctgg	5	8.69731600827985e-05
caggtgcagctggtgcagtctggggctgaggtgaagaagcctggggcctcagtgaaggtctcctgcaaggcttctggatacaccttcaccagttatgatatcaactgggtgcgacaggccactggacaagggcttgagtggatgggatggatgaaccctaacagtggtaacacaggctatgcacagaagttccagggcagagtcaccatgaccaggaacacctccataagcacagcctacatggagctgagcagcctgagatctgaggacacggccgtgtattactgtgcgagaggacagcacggtggtaacccttttgatgtctggggccaagggacaatggtcaccgtctcttca	IGHV1-8	IGHD4-23	IGHJ3	tgtgcgagaggacagcacggtggtaacccttttgatgtctgg	5	8.69731600827985e-05
caggtgcagctggtgcagtctggggctgaggtgaagaagcctggggcctcagtgaaggtctcctgcaaggcttctggatacaccttcaccggctactatatgcactgggtgcgacaggcccctggacaagggcttgagtggatgggacggatcaaccctaacagtggtggcacaaactatgcacagaagtttcagggcagggtcaccagtaccagggacacgtccatcagcacagcctacatggagctgagcaggctgagatctgacgacacggtcgtgtattactgtgcgagagggtatagcagcaggtactttgactactggggccaaggaaccctggtcaccgtctcctca	IGHV1-2	IGHD6-13	IGHJ4	tgtgcgagagggtatagcagcaggtactttgactactgg	5	8.69731600827985e-05
caggtgcagctggtgcagtctggggctgaggtgaagaagcctgggtcctcggtgaaggtctcctgcaaggcttctggaggcaccttcagcagctatgctatcagctgggtgcgacaggcccctggacaagggcttgagtggatgggagggatcatccctatctttggtacagcaaactacgcacagaagttccagggcagagtcacgattaccgcggacgaatccacgagcacagcctacatggagctgagcagcctgagatctgaggacacggccgtgtattactgtgcgagagacctatttttggagtggttagactttgactactggggccaaggaaccctggtcaccgtctcctca	IGHV1-69	IGHD3-3	IGHJ4	tgtgcgagagacctatttttggagtggttagactttgactactgg	5	8.69731600827985e-05
caggtgcagctggtggagtctgggggaggcttggtcaagcctggagggtccctgagactctcctgtgcagcctctggattcaccttcagtgactactacatgagctggatccgccaggctccagggaaggggctggagtgggtttcatacattagtagtagtggtagtaccatatactacgcagactctgtgaagggccgattcaccatctccagggacaacgccaagaactcactgtatctgcaaatgaacagcctgagagccgaggacacggccgtgtattactgtgcgagagaagggggtattactatgatagtagcctactggggccaaggaaccctggtcaccgtctcctca	IGHV3-11	IGHD3-22	IGHJ4	tgtgcgagagaagggggtattactatgatagtagcctactgg	5	8.69731600827985e-05
gaggtgcagctgttggagtctgggggaggcttggtacagcctggggggtccctgagactctcctgtgcagcctctggattcacctttagcagctatgccatgagctgggtccgccaggctccagggaaggggctggagtgggtctcagctattagtggtagtggtggtagcacatactacgcagactccgtgaagggccggttcaccatctccagagacaattccaagaacacgctgtatctgcaaatgaacagcctgagagccgaggacacggccgtatattactgtgcgaaagacagtggctggcccaactggttcgactcctggggccaaggaaccctggtcaccgtctcctca	IGHV3-23	IGHD6-19	IGHJ5	tgtgcgaaagacagtggctggcccaactggttcgactcctgg	5	8.69731600827985e-05
gaggtgcagctggtgcagtctggagcagaggtgaaaaagcccggggagtctctgaagatctcctgtaagggttctggatacagctttaccagctactggatcggctgggtgcgccagatgcccgggaaaggcctggagtggatggggatcatctatcctggtgactctgataccagatacagcccgtccttccaaggccaggtcaccatctcagccgacaagtccatcagcaccgcctacctgcagtggagcagcctgaaggcctcggacaccgccatgtattactgtgaggatattttgactggttattataactttgactactggggccaaggaaccctggtcaccgtctcctca	IGHV5-51	IGHD3-9	IGHJ4	tgtgaggatattttgactggttattataactttgactactgg	5	8.69731600827985e-05
caggtgcagctggtgcagtctggggctgaggtgaagaagcctggggcctcagtgaaggtttcctgcaaggcatctggatacaccttcaccagctactatatgcactgggtgcgacaggcccctggacaagggcttgagtggatgggaataatcaaccctagtggtggtagcacaagctacgcacagaagttccagggcagagtcaccatgaccagggacacgtccacgagcacagtctacatggagctgagcagcctgagatctgaggacacggccgtgtattactgtgcgagagagattgtagtagtaccagcccgtgatgtctggggccaagggacaatggtcaccgtctcttca	IGHV1-46	IGHD2-2	IGHJ3	tgtgcgagagagattgtagtagtaccagcccgtgatgtctgg	5	8.69731600827985e-05
caggtgcagctggtgcagtctggggctgaggtgaagaagcctggggcctcagtgaaggtttcctgcaaggcatctggatacaccttcaccagctactatatgcactgggtgcgacaggcccctggacaagggcttgagtggatgggaataatcaaccctagtggtggtagcacaagctacgcacagaagttccagggcagagtcaccatgaccagggacacgtccacgagcacagtctacatggagctgagcagcctgagatctgaggacacggccgtgtattactgtgcgagagagcccagtggctgggggggttacttcgatctctggggccgtggcaccctggtcactgtctcctca	IGHV1-46	IGHD6-19	IGHJ2	tgtgcgagagagcccagtggctgggggggttacttcgatctctgg	5	8.69731600827985e-05
gaggtgcagctggtggagtctgggggaggcttggtccagcctggggggtccctgaaactctcctgtgcagcctctgggttcaccttcagtggctctgctatgcactgggtccgccaggcttccgggaaagggctggagtgggttggccgtattagaagcaaagctaacagttacgcgacagcatatgctgcgtcggtgaaaggcaggttcaccatctccagagatgattcaaagaacacggcgtatctgcaaatgaacagcctgaaaaccgaggacacggccgtgtattactgtactagactgctatggttcggggagttatactttgactactggggccaaggaaccctggtcaccgtctcctca	IGHV3-73	IGHD3-10	IGHJ4	tgtactagactgctatggttcggggagttatactttgactactgg	5	8.69731600827985e-05
gaggtgcagctggtggagtctgggggaggcttggtaaagcctggggggtcccttagactctcctgtgcagcctctggattcactttcagtaacgcctggatgagctgggtccgccaggctccagggaaggggctggagtgggttggccgtattaaaagcaaaactgatggtgggacaacagactacgctgcacccgtgaaaggcagattcaccatctcaagagatgattcaaaaaacacgctgtatctgcaaatgaacagcctgaaaaccgaggacacagccgtgtattactgtaccacagatggatatagtggcttctactttgactactggggccaaggaaccctggtcaccgtctcctca	IGHV3-15	IGHD5-12	IGHJ4	tgtaccacagatggatatagtggcttctactttgactactgg	5	8.69731600827985e-05
caggtgcagctggtgcagtctggggctgaggtgaagaagcctgggtcctcggtgaaggtctcctgcaaggcttctggaggcaccttcagcagctatgctatcagctgggtgcgacaggcccctggacaagggcttgagtggatgggagggatcatccctatctttggtacagcaaactacgcacagaagttccagggcagagtcacgattaccgcggacgaatccacgagcacagcctacatggagctgagcagcctgagatctgaggacacggccgtgtattactgtgcgagagaccgtatagcagtggctggtacgtttgactactggggccaaggaaccctggtcaccgtctcctca	IGHV1-69	IGHD6-19	IGHJ4	tgtgcgagagaccgtatagcagtggctggtacgtttgactactgg	5	8.69731600827985e-05
caggtgcagctggtgcagtctggggctgaggtgaagaagcctgggtcctcggtgaaggtctcctgcaaggcttctggaggcaccttcagcagctatgctatcagctgggtgcgacaggcccctggacaagggcttgagtggatgggagggatcatccctatctttggtacagcaaactacgcacagaagttccagggcagagtcacgattaccgcggacgaatccacgagcacagcctacatggagctgagcagcctgagatctgaggacacggccgtgtattactgtgcgagagaggccgaagcagctccaattccccttgactactggggccaaggaaccctggtcaccgtctcctca	IGHV1-69	IGHD6-6	IGHJ4	tgtgcgagagaggccgaagcagctccaattccccttgactactgg	5	8.69731600827985e-05
gaggtgcagctgttggagtctgggggaggcttggtacagcctggggggtccctgagactctcctgtgcagcctctggattcacctttagcagctatgccatgagctgggtccgccaggctccagggaaggggctggagtgggtctcagctattagtggtagtggtggtagcacatactacgcagactccgtgaagggccggttcaccatctccagagacaattccaagaacacgctgtatctgcaaatgaacagcctgagagccgaggacacggccgtatattactgtgcgaaaggagggttcggggagttattatactttgactactggggccaaggaaccctggtcaccgtctcctca	IGHV3-23	IGHD3-10	IGHJ4	tgtgcgaaaggagggttcggggagttattatactttgactactgg	5	8.69731600827985e-05
gaggtgcagctggtggagtctgggggaggtgtggtacggcctggggggtccctgagactctcctgtgcagcctctggattcacctttgatgattatggcatgagctgggtccgccaagctccagggaaggggctggagtgggtctctggtattaattggaatggtggtagcacaggttatgcagactctgtgaagggccgattcaccatctccagagacaacgccaagaactccctgtatctgcaaatgaacagtctgagagccgaggacacggccttgtatcactgtgcgagaggatatagtgggagctactactactttgactactggggccaaggaaccctggtcaccgtctcctca	IGHV3-20	IGHD1-26	IGHJ4	tgtgcgagaggatatagtgggagctactactactttgactactgg	5	8.69731600827985e-05
caggtgcagctggtgcagtctggggctgaggtgaagaagcctgggtcctcggtgaaggtctcctgcaaggcttctggaggcaccttcagcagctatgctatcagctgggtgcgacaggcccctggacaagggcttgagtggatgggagggatcatccctatctttggtacagcaaactacgcacagaagttccagggcagagtcacgattaccgcggacgaatccacgagcacagcctacatggagctgagcagcctgagatctgaggacacggccgtgtattactgtgcgagagaggggcgatttttggagtggttatttgactactggggccaaggaaccctggtcaccgtctcctca	IGHV1-69	IGHD3-3	IGHJ4	tgtgcgagagaggggcgatttttggagtggttatttgactactgg	5	8.69731600827985e-05
gaggtgcagctggtggagtccgggggaggcttagttcagcctggggggtccctgagactctcctgtgcagcctctggattcaccttcagtagctactggatgcactgggtccgccaagctccagggaaggggctggtgtgggtctcacgtattaatagtgatgggagtagcacaagctacgcggactccgtgaagggccgattcaccatctccagagacaacgccaagaacacgctgtatctgcaaatgaacagtctgagagccgaggacacggctgtgtattactgtgcaagaggtggatatagtggctacgattggttcgactcctggggccaaggaaccctggtcaccgtctcctca	IGHV3-74	IGHD5-12	IGHJ5	tgtgcaagaggtggatatagtggctacgattggttcgactcctgg	5	8.69731600827985e-05
gaggtgcagctgttggagtctgggggaggcttggtacagcctggggggtccctgagactctcctgtgcagcctctggattcacctttagcagctatgccatgagctgggtccgccaggctccagggaaggggctggagtgggtctcagctattagtggtagtggtggtagcacatactacgcagactccgtgaagggccggttcaccatctccagagacaattccaagaacacgctgtatctgcaaatgaacagcctgagagccgaggacacggccgtatattactgtgcgaaagggcagcagctggtaatcccctactttgactactggggccaaggaaccctggtcaccgtctcctca	IGHV3-23	IGHD6-13	IGHJ4	tgtgcgaaagggcagcagctggtaatcccctactttgactactgg	5	8.69731600827985e-05
caggtgcagctggtgcagtctggggctgaggtgaagaagcctggggcctcagtgaaggtctcctgcaaggcttctggatacaccttcaccggctactatatgcactgggtgcgacaggcccctggacaagggcttgagtggatgggacggatcaaccctaacagtggtggcacaaactatgcacagaagtttcagggcagggtcaccagtaccagggacacgtccatcagcacagcctacatggagctgagcaggctgagatctgacgacacggtcgtgtattactgtagaaggagggtactatggttcggggagtggttcgactcctggggccaaggaaccctggtcaccgtctcctca	IGHV1-2	IGHD3-10	IGHJ5	tgtagaaggagggtactatggttcggggagtggttcgactcctgg	5	8.69731600827985e-05
gaggtgcagctgttggagtctgggggaggcttggtacagcctggggggtccctgagactctcctgtgcagcctctggattcacctttagcagctatgccatgagctgggtccgccaggctccagggaaggggctggagtgggtctcagctattagtggtagtggtggtagcacatactacgcagactccgtgaagggccggttcaccatctccagagacaattccaagaacacgctgtatctgcaaatgaacagcctgagagccgaggacacggccgtatattactgtgcgaaagaagtggctacgattacctttgactactggggccaaggaaccctggtcaccgtctcctca	IGHV3-23	IGHD5-12	IGHJ4	tgtgcgaaagaagtggctacgattacctttgactactgg	5	8.69731600827985e-05
gaggtgcagctgttggagtctgggggaggcttggtacagcctggggggtccctgagactctcctgtgcagcctctggattcacctttagcagctatgccatgagctgggtccgccaggctccagggaaggggctggagtgggtctcagctattagtggtagtggtggtagcacatactacgcagactccgtgaagggccggttcaccatctccagagacaattccaagaacacgctgtatctgcaaatgaacagcctgagagccgaggacacggccgtatattactgtgcgaaagaagggcggtatagcagctccccctttgactactggggccaaggaaccctggtcaccgtctcctca	IGHV3-23	IGHD6-6	IGHJ4	tgtgcgaaagaagggcggtatagcagctccccctttgactactgg	5	8.69731600827985e-05
caggtgcagctggtgcagtctggggctgaggtgaagaagcctggggcctcagtgaaggtctcctgcaaggcttctggatacaccttcaccagttatgatatcaactgggtgcgacaggccactggacaagggcttgagtggatgggatggatgaaccctaacagtggtaacacaggctatgcacagaagttccagggcagagtcaccatgaccaggaacacctccataagcacagcctacatggagctgagcagcctgagatctgaggacacggccgtgtattactgtgcgactactatggttcggggactctttgactactggggccaaggaaccctggtcaccgtctcctca	IGHV1-8	IGHD3-10	IGHJ4	tgtgcgactactatggttcggggactctttgactactgg	5	8.69731600827985e-05
gaggtgcagctgttggagtctgggggaggcttggtacagcctggggggtccctgagactctcctgtgcagcctctggattcacctttagcagctatgccatgagctgggtccgccaggctccagggaaggggctggagtgggtctcagctattagtggtagtggtggtagcacatactacgcagactccgtgaagggccggttcaccatctccagagacaattccaagaacacgctgtatctgcaaatgaacagcctgagagccgaggacacggccgtatattactgtgcgaaaggatgctatagtggctacaatgcttttgatgtctggggccaagggacaatggtcaccgtctcttca	IGHV3-23	IGHD5-12	IGHJ3	tgtgcgaaaggatgctatagtggctacaatgcttttgatgtctgg	5	8.69731600827985e-05
caggtgcagctggtgcagtctggggctgaggtgaagaagcctgggtcctcggtgaaggtctcctgcaaggcttctggaggcaccttcagcagctatgctatcagctgggtgcgacaggcccctggacaagggcttgagtggatgggagggatcatccctatctttggtacagcaaactacgcacagaagttccagggcagagtcacgattaccgcggacgaatccacgagcacagcctacatggagctgagcagcctgagatctgaggacacggccgtgtattactgtgcgagagacaggggcagctcgtccgagtttgactactggggccaaggaaccctggtcaccgtctcctca	IGHV1-69	IGHD6-6	IGHJ4	tgtgcgagagacaggggcagctcgtccgagtttgactactgg	5	8.69731600827985e-05
gaggtgcagctgttggagtctgggggaggcttggtacagcctggggggtccctgagactctcctgtgcagcctctggattcacctttagcagctatgccatgagctgggtccgccaggctccagggaaggggctggagtgggtctcagctattagtggtagtggtggtagcacatactacgcagactccgtgaagggccggttcaccatctccagagacaattccaagaacacgctgtatctgcaaatgaacagcctgagagccgaggacacggccgtatattactgtgcgaaaggggagctggtacgtgaggactactttgactactggggccaaggaaccctggtcaccgtctcctca	IGHV3-23	IGHD6-13	IGHJ4	tgtgcgaaaggggagctggtacgtgaggactactttgactactgg	5	8.69731600827985e-05
caggttcagctggtgcagtctggagctgaggtgaagaagcctggggcctcagtgaaggtctcctgcaaggcttctggttacacctttaccagctatggtatcagctgggtgcgacaggcccctggacaagggcttgagtggatgggatggatcagcgcttacaatggtaacacaaactatgcacagaagctccagggcagagtcaccatgaccacagacacatccacgagcacagcctacatggagctgaggagcctgagatctgacgacacggccgtgtattactgtgcgagagagtcaacggagtactactacggtatggacgtctgggggcaagggaccacggtcaccgtctcctca	IGHV1-18	IGHD7-27	IGHJ6	tgtgcgagagagtcaacggagtactactacggtatggacgtctgg	5	8.69731600827985e-05
gaggtgcagctggtggagtctgggggaggcttggtccagcctggggggtccctgaaactctcctgtgcagcctctgggttcaccttcagtggctctgctatgcactgggtccgccaggcttccgggaaagggctggagtgggttggccgtattagaagcaaagctaacagttacgcgacagcatatgctgcgtcggtgaaaggcaggttcaccatctccagagatgattcaaagaacacggcgtatctgcaaatgaacagcctgaaaaccgaggacacggccgtgtattactgtactagacaatattgtggtggtgattggtttgactactggggccaaggaaccctggtcaccgtctcctca	IGHV3-73	IGHD2-21	IGHJ4	tgtactagacaatattgtggtggtgattggtttgactactgg	5	8.69731600827985e-05
caggtacagctgcagcagtcaggtccaggactggtgaagccctcgcagaccctctcactcacctgtgccatctccggggacagtgtctctagcaacagtgctgcttggaactggatcaggcagtccccatcgagaggccttgagtggctgggaaggacatactacaggtccaagtggtataatgattatgcagtatctgtgaaaagtcgaataaccatcaacccagacacatccaagaaccagttctccctgcagctgaactctgtgactcccgaggacacggctgtgtattactgtgcaagagagatcgtttggccctcttttgatgtctggggccaagggacaatggtcaccgtctcttca	IGHV6-1	IGHD3-3	IGHJ3	tgtgcaagagagatcgtttggccctcttttgatgtctgg	5	8.69731600827985e-05
gaggtgcagctggtggagtctgggggaggtgtggtacggcctggggggtccctgagactctcctgtgcagcctctggattcacctttgatgattatggcatgagctgggtccgccaagctccagggaaggggctggagtgggtctctggtattaattggaatggtggtagcacaggttatgcagactctgtgaagggccgattcaccatctccagagacaacgccaagaactccctgtatctgcaaatgaacagtctgagagccgaggacacggccttgtatcactgtgcgagagacccccatcgaactggaactacgtttgactactggggccaaggaaccctggtcaccgtctcctca	IGHV3-20	IGHD1-7	IGHJ4	tgtgcgagagacccccatcgaactggaactacgtttgactactgg	4	6.95785280662388e-05
gaggtgcagctggtggagtctgggggaggcttggtccagcctggggggtccctgaaactctcctgtgcagcctctgggttcaccttcagtggctctgctatgcactgggtccgccaggcttccgggaaagggctggagtgggttggccgtattagaagcaaagctaacagttacgcgacagcatatgctgcgtcggtgaaaggcaggttcaccatctccagagatgattcaaagaacacggcgtatctgcaaatgaacagcctgaaaaccgaggacacggccgtgtattactgtactagacatcactggggagtggggtttgactactggggccaaggaaccctggtcaccgtctcctca	IGHV3-73	IGHD7-27	IGHJ4	tgtactagacatcactggggagtggggtttgactactgg	4	6.95785280662388e-05
caggtgcagctggtgcagtctggggctgaggtgaagaagcctggggcctcagtgaaggtttcctgcaaggcatctggatacaccttcaccagctactatatgcactgggtgcgacaggcccctggacaagggcttgagtggatgggaataatcaaccctagtggtggtagcacaagctacgcacagaagttccagggcagagtcaccatgaccagggacacgtccacgagcacagtctacatggagctgagcagcctgagatctgaggacacggccgtgtattactgtgcgagattatctcactactactacggtatggacgtctgggggcaagggaccacggtcaccgtctcctca	IGHV1-46	IGHD3-10	IGHJ6	tgtgcgagattatctcactactactacggtatggacgtctgg	4	6.95785280662388e-05
caggtgcagctggtgcagtctggggctgaggtgaagaagcctggggcctcagtgaaggtctcctgcaaggcttctggatacaccttcaccagttatgatatcaactgggtgcgacaggccactggacaagggcttgagtggatgggatggatgaaccctaacagtggtaacacaggctatgcacagaagttccagggcagagtcaccatgaccaggaacacctccataagcacagcctacatggagctgagcagcctgagatctgaggacacggccgtgtattactgtgcgagagggagagatagtagggactttgactactggggccaaggaaccctggtcaccgtctcctca	IGHV1-8	IGHD3-22	IGHJ4	tgtgcgagagggagagatagtagggactttgactactgg	4	6.95785280662388e-05
caggtgcagctggtgcagtctggggctgaggtgaagaagcctggggcctcagtgaaggtctcctgcaaggcttctggatacaccttcaccagttatgatatcaactgggtgcgacaggccactggacaagggcttgagtggatgggatggatgaaccctaacagtggtaacacaggctatgcacagaagttccagggcagagtcaccatgaccaggaacacctccataagcacagcctacatggagctgagcagcctgagatctgaggacacggccgtgtattactgtgcgagagtcgcggggagttattataactttgactactggggccaaggaaccctggtcaccgtctcctca	IGHV1-8	IGHD3-10	IGHJ4	tgtgcgagagtcgcggggagttattataactttgactactgg	4	6.95785280662388e-05
gaggtgcagctggtggagtctgggggaggcttggtaaagcctggggggtcccttagactctcctgtgcagcctctggattcactttcagtaacgcctggatgagctgggtccgccaggctccagggaaggggctggagtgggttggccgtattaaaagcaaaactgatggtgggacaacagactacgctgcacccgtgaaaggcagattcaccatctcaagagatgattcaaaaaacacgctgtatctgcaaatgaacagcctgaaaaccgaggacacagccgtgtattactgtaccacagagagcagctggttctactttgactactggggccaaggaaccctggtcaccgtctcctca	IGHV3-15	IGHD6-13	IGHJ4	tgtaccacagagagcagctggttctactttgactactgg	4	6.95785280662388e-05
caggtgcagctggtgcagtctggggctgaggtgaagaagcctgggtcctcggtgaaggtctcctgcaaggcttctggaggcaccttcagcagctatgctatcagctgggtgcgacaggcccctggacaagggcttgagtggatgggagggatcatccctatctttggtacagcaaactacgcacagaagttccagggcagagtcacgattaccgcggacgaatccacgagcacagcctacatggagctgagcagcctgagatctgaggacacggccgtgtattactgtgcgagagagaggcttcgatttttggagtggtttgactactggggccaaggaaccctggtcaccgtctcctca	IGHV1-69	IGHD3-3	IGHJ4	tgtgcgagagagaggcttcgatttttggagtggtttgactactgg	4	6.95785280662388e-05
gaggtgcagctgttggagtctgggggaggcttggtacagcctggggggtccctgagactctcctgtgcagcctctggattcacctttagcagctatgccatgagctgggtccgccaggctccagggaaggggctggagtgggtctcagctattagtggtagtggtggtagcacatactacgcagactccgtgaagggccggttcaccatctccagagacaattccaagaacacgctgtatctgcaaatgaacagcctgagagccgaggacacggccgtatattactgtgcgagtggtggtagctgctactccgactactttgactactggggccaaggaaccctggtcaccgtctcctca	IGHV3-23	IGHD2-15	IGHJ4	tgtgcgagtggtggtagctgctactccgactactttgactactgg	4	6.95785280662388e-05
caggtgcagctacagcagtggggcgcaggactgttgaagccttcggagaccctgtccctcacctgcgctgtctatggtgggtccttcagtggttactactggagctggatccgccagcccccagggaaggggctggagtggattggggaaatcaatcatagtggaagcaccaactacaacccgtccctcaagagtcgagtcaccatatcagtagacacgtccaagaaccagttctccctgaagctgagctctgtgaccgccgcggacacggctgtgtattactgtgcgagaggctcggtttactggtacttcgatctctggggccgtggcaccctggtcactgtctcctca	IGHV4-34	IGHD3-3	IGHJ2	tgtgcgagaggctcggtttactggtacttcgatctctgg	4	6.95785280662388e-05
cagatcaccttgaaggagtctggtcctacgctggtgaaacccacacagaccctcacgctgacctgcaccttctctgggttctcactcagcactagtggagtgggtgtgggctggatccgtcagcccccaggaaaggccctggagtggcttgcactcatttattggaatgatgataagcgctacagcccatctctgaagagcaggctcaccatcaccaaggacacctccaaaaaccaggtggtccttacaatgaccaacatggaccctgtggacacagccacatattactgtgcatttgactactactactacggtatggacgtctgggggcaagggaccacggtcaccgtctcctca	IGHV2-5	IGHD3-9	IGHJ6	tgtgcatttgactactactactacggtatggacgtctgg	4	6.95785280662388e-05
caggtccagctggtacagtctggggctgaggtgaagaagcctggggcctcagtgaaggtctcctgcaaggtttccggatacaccctcactgaattatccatgcactgggtgcgacaggctcctggaaaagggcttgagtggatgggaggttttgatcctgaagatggtgaaacaatctacgcacagaagttccagggcagagtcaccatgaccgaggacacatctacagacacagcctacatggagctgagcagcctgagatctgaggacacggccgtgtattactgtgcaacagaagtagtagtaccagaaagggactttgactactggggccaaggaaccctggtcaccgtctcctca	IGHV1-24	IGHD2-2	IGHJ4	tgtgcaacagaagtagtagtaccagaaagggactttgactactgg	4	6.95785280662388e-05
caggttcagctggtgcagtctggagctgaggtgaagaagcctggggcctcagtgaaggtctcctgcaaggcttctggttacacctttaccagctatggtatcagctgggtgcgacaggcccctggacaagggcttgagtggatgggatggatcagcgcttacaatggtaacacaaactatgcacagaagctccagggcagagtcaccatgaccacagacacatccacgagcacagcctacatggagctgaggagcctgagatctgacgacacggccgtgtattactgtgcgagagaatttttggagtggttattctggttcgactcctggggccaaggaaccctggtcaccgtctcctca	IGHV1-18	IGHD3-3	IGHJ5	tgtgcgagagaatttttggagtggttattctggttcgactcctgg	4	6.95785280662388e-05
caggtccagctggtacagtctggggctgaggtgaagaagcctggggcctcagtgaaggtctcctgcaaggtttccggatacaccctcactgaattatccatgcactgggtgcgacaggctcctggaaaagggcttgagtggatgggaggttttgatcctgaagatggtgaaacaatctacgcacagaagttccagggcagagtcaccatgaccgaggacacatctacagacacagcctacatggagctgagcagcctgagatctgaggacacggccgtgtattactgtgcaacagacgggggatggctacaacactactttgactactggggccaaggaaccctggtcaccgtctcctca	IGHV1-24	IGHD5-24	IGHJ4	tgtgcaacagacgggggatggctacaacactactttgactactgg	4	6.95785280662388e-05
gaggtgcagctggtgcagtctggagcagaggtgaaaaagcccggggagtctctgaagatctcctgtaagggttctggatacagctttaccagctactggatcggctgggtgcgccagatgcccgggaaaggcctggagtggatggggatcatctatcctggtgactctgataccagatacagcccgtccttccaaggccaggtcaccatctcagccgacaagtccatcagcaccgcctacctgcagtggagcagcctgaaggcctcggacaccgccatgtattactgtgcgagcatatggttcggggagttattactctttgactactggggccaaggaaccctggtcaccgtctcctca	IGHV5-51	IGHD3-10	IGHJ4	tgtgcgagcatatggttcggggagttattactctttgactactgg	4	6.95785280662388e-05
caggtgcagctggtgcagtctggggctgaggtgaagaagcctggggcctcagtgaaggtttcctgcaaggcatctggatacaccttcaccagctactatatgcactgggtgcgacaggcccctggacaagggcttgagtggatgggaataatcaaccctagtggtggtagcacaagctacgcacagaagttccagggcagagtcaccatgaccagggacacgtccacgagcacagtctacatggagctgagcagcctgagatctgaggacacggccgtgtattactgtgcgagcccagtggctggttactactacggtatggacgtctgggggcaagggaccacggtcaccgtctcctca	IGHV1-46	IGHD6-19	IGHJ6	tgtgcgagcccagtggctggttactactacggtatggacgtctgg	4	6.95785280662388e-05
gaggtgcagctgttggagtctgggggaggcttggtacagcctggggggtccctgagactctcctgtgcagcctctggattcacctttagcagctatgccatgagctgggtccgccaggctccagggaaggggctggagtgggtctcagctattagtggtagtggtggtagcacatactacgcagactccgtgaagggccggttcaccatctccagagacaattccaagaacacgctgtatctgcaaatgaacagcctgagagccgaggacacggccgtatattactgtgcgaaagggatttttggagtggttaaatacttccagcactggggccagggcaccctggtcaccgtctcctca	IGHV3-23	IGHD3-3	IGHJ1	tgtgcgaaagggatttttggagtggttaaatacttccagcactgg	4	6.95785280662388e-05
gaggtgcagctgttggagtctgggggaggcttggtacagcctggggggtccctgagactctcctgtgcagcctctggattcacctttagcagctatgccatgagctgggtccgccaggctccagggaaggggctggagtgggtctcagctattagtggtagtggtggtagcacatactacgcagactccgtgaagggccggttcaccatctccagagacaattccaagaacacgctgtatctgcaaatgaacagcctgagagccgaggacacggccgtatattactgtgcgaaagacctggttcggggagttatctactttgactactggggccaaggaaccctggtcaccgtctcctca	IGHV3-23	IGHD3-10	IGHJ4	tgtgcgaaagacctggttcggggagttatctactttgactactgg	4	6.95785280662388e-05
caggtgcagctggtgcagtctggggctgaggtgaagaagcctgggtcctcggtgaaggtctcctgcaaggcttctggaggcaccttcagcagctatgctatcagctgggtgcgacaggcccctggacaagggcttgagtggatgggagggatcatccctatctttggtacagcaaactacgcacagaagttccagggcagagtcacgattaccgcggacgaatccacgagcacagcctacatggagctgagcagcctgagatctgaggacacggccgtgtattactgtgcgagagaccgttgtggtggtgactttgactactggggccaaggaaccctggtcaccgtctcctca	IGHV1-69	IGHD2-21	IGHJ4	tgtgcgagagaccgttgtggtggtgactttgactactgg	4	6.95785280662388e-05
caggtccagcttgtgcagtctggggctgaggtgaagaagcctggggcctcagtgaaggtttcctgcaaggcttctggatacaccttcactagctatgctatgcattgggtgcgccaggcccccggacaaaggcttgagtggatgggatggatcaacgctggcaatggtaacacaaaatattcacagaagttccagggcagagtcaccattaccagggacacatccgcgagcacagcctacatggagctgagcagcctgagatctgaagacacggctgtgtattactgtgcgagagatactatggttcggggagtttttgactactggggccaaggaaccctggtcaccgtctcctca	IGHV1-3	IGHD3-10	IGHJ4	tgtgcgagagatactatggttcggggagtttttgactactgg	4	6.95785280662388e-05
caggtgcagctggtgcagtctggggctgaggtgaagaagcctggggcctcagtgaaggtctcctgcaaggcttctggatacaccttcaccggctactatatgcactgggtgcgacaggcccctggacaagggcttgagtggatgggacggatcaaccctaacagtggtggcacaaactatgcacagaagtttcagggcagggtcaccagtaccagggacacgtccatcagcacagcctacatggagctgagcaggctgagatctgacgacacggtcgtgtattactgtgggcctaatagcagcagctggtaccgagggtttgactactggggccaaggaaccctggtcaccgtctcctca	IGHV1-2	IGHD6-13	IGHJ4	tgtgggcctaatagcagcagctggtaccgagggtttgactactgg	4	6.95785280662388e-05
caggtgcagctggtgcagtctggggctgaggtgaagaagcctgggtcctcggtgaaggtctcctgcaaggcttctggaggcaccttcagcagctatgctatcagctgggtgcgacaggcccctggacaagggcttgagtggatgggagggatcatccctatctttggtacagcaaactacgcacagaagttccagggcagagtcacgattaccgcggacgaatccacgagcacagcctacatggagctgagcagcctgagatctgaggacacggccgtgtattactgtgcgagagatcgggactactactactacggtatggacgtctgggggcaagggaccacggtcaccgtctcctca	IGHV1-69	IGHD3-10	IGHJ6	tgtgcgagagatcgggactactactactacggtatggacgtctgg	4	6.95785280662388e-05
gaggtgcagctgttggagtctgggggaggcttggtacagcctggggggtccctgagactctcctgtgcagcctctggattcacctttagcagctatgccatgagctgggtccgccaggctccagggaaggggctggagtgggtctcagctattagtggtagtggtggtagcacatactacgcagactccgtgaagggccggttcaccatctccagagacaattccaagaacacgctgtatctgcaaatgaacagcctgagagccgaggacacggccgtatattactgtgcgaaagattgtagtagtaccagctgctatgactactggggccaaggaaccctggtcaccgtctcctca	IGHV3-23	IGHD2-2	IGHJ4	tgtgcgaaagattgtagtagtaccagctgctatgactactgg	4	6.95785280662388e-05
gaggtgcagctggtgcagtctggagcagaggtgaaaaagcccggggagtctctgaagatctcctgtaagggttctggatacagctttaccagctactggatcggctgggtgcgccagatgcccgggaaaggcctggagtggatggggatcatctatcctggtgactctgataccagatacagcccgtccttccaaggccaggtcaccatctcagccgacaagtccatcagcaccgcctacctgcagtggagcagcctgaaggcctcggacaccgccatgtattactgtgcgagaacagtggctggttactactacggtatggacgtctgggggcaagggaccacggtcaccgtctcctca	IGHV5-51	IGHD6-19	IGHJ6	tgtgcgagaacagtggctggttactactacggtatggacgtctgg	4	6.95785280662388e-05
gaggtgcagctggtggagtccgggggaggcttagttcagcctggggggtccctgagactctcctgtgcagcctctggattcaccttcagtagctactggatgcactgggtccgccaagctccagggaaggggctggtgtgggtctcacgtattaatagtgatgggagtagcacaagctacgcggactccgtgaagggccgattcaccatctccagagacaacgccaagaacacgctgtatctgcaaatgaacagtctgagagccgaggacacggctgtgtattactgtgcaagagacgatttttggagtggttattataactactggggccaaggaaccctggtcaccgtctcctca	IGHV3-74	IGHD3-3	IGHJ4	tgtgcaagagacgatttttggagtggttattataactactgg	4	6.95785280662388e-05
gaggtgcagctggtggagtctgggggaggcttggtacagccagggcggtccctgagactctcctgtacagcttctggattcacctttggtgattatgctatgagctggttccgccaggctccagggaaggggctggagtgggtaggtttcattagaagcaaagcttatggtgggacaacagaatacaccgcgtctgtgaaaggcagattcaccatctcaagagatggttccaaaagcatcgcctatctgcaaatgaacagcctgaaaaccgaggacacagccgtgtattactgtactagacgatattttgactggttatggtggttcgactcctggggccaaggaaccctggtcaccgtctcctca	IGHV3-49	IGHD3-9	IGHJ5	tgtactagacgatattttgactggttatggtggttcgactcctgg	4	6.95785280662388e-05
caggttcagctggtgcagtctggagctgaggtgaagaagcctggggcctcagtgaaggtctcctgcaaggcttctggttacacctttaccagctatggtatcagctgggtgcgacaggcccctggacaagggcttgagtggatgggatggatcagcgcttacaatggtaacacaaactatgcacagaagctccagggcagagtcaccatgaccacagacacatccacgagcacagcctacatggagctgaggagcctgagatctgacgacacggccgtgtattactgtgcgagagagtatagcagctcgtcctactactttgactactggggccaaggaaccctggtcaccgtctcctca	IGHV1-18	IGHD6-6	IGHJ4	tgtgcgagagagtatagcagctcgtcctactactttgactactgg	4	6.95785280662388e-05
gaggtgcagctggtggagtctgggggaggcttggtaaagcctggggggtcccttagactctcctgtgcagcctctggattcactttcagtaacgcctggatgagctgggtccgccaggctccagggaaggggctggagtgggttggccgtattaaaagcaaaactgatggtgggacaacagactacgctgcacccgtgaaaggcagattcaccatctcaagagatgattcaaaaaacacgctgtatctgcaaatgaacagcctgaaaaccgaggacacagccgtgtattactgtaccacagtggtagctgcggcccgtgatgcttttgatgtctggggccaagggacaatggtcaccgtctcttca	IGHV3-15	IGHD2-15	IGHJ3	tgtaccacagtggtagctgcggcccgtgatgcttttgatgtctgg	4	6.95785280662388e-05
gaggtgcagctggtggagtctgggggaggcttggtaaagcctggggggtcccttagactctcctgtgcagcctctggattcactttcagtaacgcctggatgagctgggtccgccaggctccagggaaggggctggagtgggttggccgtattaaaagcaaaactgatggtgggacaacagactacgctgcacccgtgaaaggcagattcaccatctcaagagatgattcaaaaaacacgctgtatctgcaaatgaacagcctgaaaaccgaggacacagccgtgtattactgtaccagttgtatttactactactactacggtatggacgtctgggggcaagggaccacggtcaccgtctcctca	IGHV3-15	IGHD3-3	IGHJ6	tgtaccagttgtatttactactactactacggtatggacgtctgg	4	6.95785280662388e-05
gaggtgcagctggtggagtccgggggaggcttagttcagcctggggggtccctgagactctcctgtgcagcctctggattcaccttcagtagctactggatgcactgggtccgccaagctccagggaaggggctggtgtgggtctcacgtattaatagtgatgggagtagcacaagctacgcggactccgtgaagggccgattcaccatctccagagacaacgccaagaacacgctgtatctgcaaatgaacagtctgagagccgaggacacggctgtgtattactgtgcaaaactagtacactactactactacggtatggacgtctgggggcaagggaccacggtcaccgtctcctca	IGHV3-74	IGHD3-22	IGHJ6	tgtgcaaaactagtacactactactactacggtatggacgtctgg	4	6.95785280662388e-05
gaggtgcagctggtggagtctgggggaggcttggtccagcctggggggtccctgaaactctcctgtgcagcctctgggttcaccttcagtggctctgctatgcactgggtccgccaggcttccgggaaagggctggagtgggttggccgtattagaagcaaagctaacagttacgcgacagcatatgctgcgtcggtgaaaggcaggttcaccatctccagagatgattcaaagaacacggcgtatctgcaaatgaacagcctgaaaaccgaggacacggccgtgtattactgtactagacagaggggatgtatttgctttgactactggggccaaggaaccctggtcaccgtctcctca	IGHV3-73	IGHD3-10	IGHJ4	tgtactagacagaggggatgtatttgctttgactactgg	4	6.95785280662388e-05
caggtccagcttgtgcagtctggggctgaggtgaagaagcctggggcctcagtgaaggtttcctgcaaggcttctggatacaccttcactagctatgctatgcattgggtgcgccaggcccccggacaaaggcttgagtggatgggatggatcaacgctggcaatggtaacacaaaatattcacagaagttccagggcagagtcaccattaccagggacacatccgcgagcacagcctacatggagctgagcagcctgagatctgaagacacggctgtgtattactgtgcgagagattacgtttgggggagttatgcttacgactactggggccaaggaaccctggtcaccgtctcctca	IGHV1-3	IGHD3-16	IGHJ4	tgtgcgagagattacgtttgggggagttatgcttacgactactgg	4	6.95785280662388e-05
caggtgcagctggtggagtctgggggaggcttggtcaagcctggagggtccctgagactctcctgtgcagcctctggattcaccttcagtgactactacatgagctggatccgccaggctccagggaaggggctggagtgggtttcatacattagtagtagtggtagtaccatatactacgcagactctgtgaagggccgattcaccatctccagggacaacgccaagaactcactgtatctgcaaatgaacagcctgagagccgaggacacggccgtgtattactgtgcgagaacttggagtggttattatatctactttgactactggggccaaggaaccctggtcaccgtctcctca	IGHV3-11	IGHD3-3	IGHJ4	tgtgcgagaacttggagtggttattatatctactttgactactgg	4	6.95785280662388e-05
caggtgcagctggtgcagtctggggctgaggtgaagaagcctgggtcctcggtgaaggtctcctgcaaggcttctggaggcaccttcagcagctatgctatcagctgggtgcgacaggcccctggacaagggcttgagtggatgggagggatcatccctatctttggtacagcaaactacgcacagaagttccagggcagagtcacgattaccgcggacgaatccacgagcacagcctacatggagctgagcagcctgagatctgaggacacggccgtgtattactgtattacgatttttggagtggactactttgactactggggccaaggaaccctggtcaccgtctcctca	IGHV1-69	IGHD3-3	IGHJ4	tgtattacgatttttggagtggactactttgactactgg	4	6.95785280662388e-05
gaggtgcagctggtggagtctgggggaggcttggtccagcctggggggtccctgaaactctcctgtgcagcctctgggttcaccttcagtggctctgctatgcactgggtccgccaggcttccgggaaagggctggagtgggttggccgtattagaagcaaagctaacagttacgcgacagcatatgctgcgtcggtgaaaggcaggttcaccatctccagagatgattcaaagaacacggcgtatctgcaaatgaacagcctgaaaaccgaggacacggccgtgtattactgtactagactcgggcagtggctggtgagctggttcgactcctggggccaaggaaccctggtcaccgtctcctca	IGHV3-73	IGHD6-19	IGHJ5	tgtactagactcgggcagtggctggtgagctggttcgactcctgg	4	6.95785280662388e-05
caggtgcagctacagcagtggggcgcaggactgttgaagccttcggagaccctgtccctcacctgcgctgtctatggtgggtccttcagtggttactactggagctggatccgccagcccccagggaaggggctggagtggattggggaaatcaatcatagtggaagcaccaactacaacccgtccctcaagagtcgagtcaccatatcagtagacacgtccaagaaccagttctccctgaagctgagctctgtgaccgccgcggacacggctgtgtattactgtgcgagaggggattataactggaacgacgactactggggccaaggaaccctggtcaccgtctcctca	IGHV4-34	IGHD1-20	IGHJ4	tgtgcgagaggggattataactggaacgacgactactgg	4	6.95785280662388e-05
caggtgcagctggtgcagtctggggctgaggtgaagaagcctggggcctcagtgaaggtttcctgcaaggcatctggatacaccttcaccagctactatatgcactgggtgcgacaggcccctggacaagggcttgagtggatgggaataatcaaccctagtggtggtagcacaagctacgcacagaagttccagggcagagtcaccatgaccagggacacgtccacgagcacagtctacatggagctgagcagcctgagatctgaggacacggccgtgtattactgtgttgccattacgatttttggagtggttatttttgactactggggccaaggaaccctggtcaccgtctcctca	IGHV1-46	IGHD3-3	IGHJ4	tgtgttgccattacgatttttggagtggttatttttgactactgg	4	6.95785280662388e-05
gaggtgcagctggtgcagtctggagcagaggtgaaaaagcccggggagtctctgaagatctcctgtaagggttctggatacagctttaccagctactggatcggctgggtgcgccagatgcccgggaaaggcctggagtggatggggatcatctatcctggtgactctgataccagatacagcccgtccttccaaggccaggtcaccatctcagccgacaagtccatcagcaccgcctacctgcagtggagcagcctgaaggcctcggacaccgccatgtattactgtgcgagacaattactatggttcggggaatttgactactggggccaaggaaccctggtcaccgtctcctca	IGHV5-51	IGHD3-10	IGHJ4	tgtgcgagacaattactatggttcggggaatttgactactgg	4	6.95785280662388e-05
gaggtgcagctggtggagtctgggggaggtgtggtacggcctggggggtccctgagactctcctgtgcagcctctggattcacctttgatgattatggcatgagctgggtccgccaagctccagggaaggggctggagtgggtctctggtattaattggaatggtggtagcacaggttatgcagactctgtgaagggccgattcaccatctccagagacaacgccaagaactccctgtatctgcaaatgaacagtctgagagccgaggacacggccttgtatcactgtgcgagagatggtcagcagctggtacactttgactactggggccaaggaaccctggtcaccgtctcctca	IGHV3-20	IGHD6-13	IGHJ4	tgtgcgagagatggtcagcagctggtacactttgactactgg	4	6.95785280662388e-05
gaggtgcagctggtggagtctgggggaggcttggtccagcctggagggtccctgagactctcctgtgcagcctctggattcaccttcagtgaccactacatggactgggtccgccaggctccagggaaggggctggagtgggttggccgtactagaaacaaagctaacagttacaccacagaatacgccgcgtctgtgaaaggcagattcaccatctcaagagatgattcaaagaactcactgtatctgcaaatgaacagcctgaaaaccgaggacacggccgtgtattactgtgctagagatatttactactactacggtatggacgtctgggggcaagggaccacggtcaccgtctcctca	IGHV3-72	IGHD3-3	IGHJ6	tgtgctagagatatttactactactacggtatggacgtctgg	4	6.95785280662388e-05
gaggtgcagctggtgcagtctggagcagaggtgaaaaagcccggggagtctctgaagatctcctgtaagggttctggatacagctttaccagctactggatcggctgggtgcgccagatgcccgggaaaggcctggagtggatggggatcatctatcctggtgactctgataccagatacagcccgtccttccaaggccaggtcaccatctcagccgacaagtccatcagcaccgcctacctgcagtggagcagcctgaaggcctcggacaccgccatgtattactgtgcgaatgatagtagtggttattacgcctactttgactactggggccaaggaaccctggtcaccgtctcctca	IGHV5-51	IGHD3-22	IGHJ4	tgtgcgaatgatagtagtggttattacgcctactttgactactgg	4	6.95785280662388e-05
caggtgcagctggtgcagtctggggctgaggtgaagaagcctgggtcctcggtgaaggtctcctgcaaggcttctggaggcaccttcagcagctatgctatcagctgggtgcgacaggcccctggacaagggcttgagtggatgggagggatcatccctatctttggtacagcaaactacgcacagaagttccagggcagagtcacgattaccgcggacgaatccacgagcacagcctacatggagctgagcagcctgagatctgaggacacggccgtgtattactgtgcgagagctgtattactatggttcgactactttgactactggggccaaggaaccctggtcaccgtctcctca	IGHV1-69	IGHD3-10	IGHJ4	tgtgcgagagctgtattactatggttcgactactttgactactgg	4	6.95785280662388e-05
gaggtgcagctggtgcagtctggagcagaggtgaaaaagcccggggagtctctgaagatctcctgtaagggttctggatacagctttaccagctactggatcggctgggtgcgccagatgcccgggaaaggcctggagtggatggggatcatctatcctggtgactctgataccagatacagcccgtccttccaaggccaggtcaccatctcagccgacaagtccatcagcaccgcctacctgcagtggagcagcctgaaggcctcggacaccgccatgtattactgtgcgagacagtattgtcactactactacggtatggacgtctgggggcaagggaccacggtcaccgtctcctca	IGHV5-51	IGHD2-21	IGHJ6	tgtgcgagacagtattgtcactactactacggtatggacgtctgg	4	6.95785280662388e-05
gaggtgcagctgttggagtctgggggaggcttggtacagcctggggggtccctgagactctcctgtgcagcctctggattcacctttagcagctatgccatgagctgggtccgccaggctccagggaaggggctggagtgggtctcagctattagtggtagtggtggtagcacatactacgcagactccgtgaagggccggttcaccatctccagagacaattccaagaacacgctgtatctgcaaatgaacagcctgagagccgaggacacggccgtatattactgtgcgaaagaatgtccccccggtgactttgactactggggccaaggaaccctggtcaccgtctcctca	IGHV3-23	IGHD7-27	IGHJ4	tgtgcgaaagaatgtccccccggtgactttgactactgg	4	6.95785280662388e-05
gaagtgcagctggtggagtctgggggagtcgtggtacagcctggggggtccctgagactctcctgtgcagcctctggattcacctttgatgattataccatgcactgggtccgtcaagctccggggaagggtctggagtgggtctctcttattagttgggatggtggtagcacatactatgcagactctgtgaagggccgattcaccatctccagagacaacagcaaaaactccctgtatctgcaaatgaacagtctgagaactgaggacaccgccttgtattactgtgcaaaagatgcagcagctggtattagctttgactactggggccaaggaaccctggtcaccgtctcctca	IGHV3-43	IGHD6-13	IGHJ4	tgtgcaaaagatgcagcagctggtattagctttgactactgg	4	6.95785280662388e-05
caggtgcagctggtgcagtctggggctgaggtgaagaagcctgggtcctcggtgaaggtctcctgcaaggcttctggaggcaccttcagcagctatgctatcagctgggtgcgacaggcccctggacaagggcttgagtggatgggagggatcatccctatctttggtacagcaaactacgcacagaagttccagggcagagtcacgattaccgcggacgaatccacgagcacagcctacatggagctgagcagcctgagatctgaggacacggccgtgtattactgtgcgagagatttgggatatcggggacactggttcgactcctggggccaaggaaccctggtcaccgtctcctca	IGHV1-69	IGHD3-10	IGHJ5	tgtgcgagagatttgggatatcggggacactggttcgactcctgg	4	6.95785280662388e-05
gaggtgcagctgttggagtctgggggaggcttggtacagcctggggggtccctgagactctcctgtgcagcctctggattcacctttagcagctatgccatgagctgggtccgccaggctccagggaaggggctggagtgggtctcagctattagtggtagtggtggtagcacatactacgcagactccgtgaagggccggttcaccatctccagagacaattccaagaacacgctgtatctgcaaatgaacagcctgagagccgaggacacggccgtatattactgtgcgaaagagccccctcagctcgtcccttttgatgtctggggccaagggacaatggtcaccgtctcttca	IGHV3-23	IGHD6-6	IGHJ3	tgtgcgaaagagccccctcagctcgtcccttttgatgtctgg	4	6.95785280662388e-05
gaggtgcagctggtgcagtctggagcagaggtgaaaaagcccggggagtctctgaagatctcctgtaagggttctggatacagctttaccagctactggatcggctgggtgcgccagatgcccgggaaaggcctggagtggatggggatcatctatcctggtgactctgataccagatacagcccgtccttccaaggccaggtcaccatctcagccgacaagtccatcagcaccgcctacctgcagtggagcagcctgaaggcctcggacaccgccatgtattactgtgcgagacaagagaggggcagattgtcctttgactactggggccaaggaaccctggtcaccgtctcctca	IGHV5-51	IGHD2-15	IGHJ4	tgtgcgagacaagagaggggcagattgtcctttgactactgg	4	6.95785280662388e-05
caggtgcagctggtgcagtctggggctgaggtgaagaagcctgggtcctcggtgaaggtctcctgcaaggcttctggaggcaccttcagcagctatgctatcagctgggtgcgacaggcccctggacaagggcttgagtggatgggagggatcatccctatctttggtacagcaaactacgcacagaagttccagggcagagtcacgattaccgcggacgaatccacgagcacagcctacatggagctgagcagcctgagatctgaggacacggccgtgtattactgtgcgaaagggtatttctactactactacggtatggacgtctgggggcaagggaccacggtcaccgtctcctca	IGHV1-69	IGHD3-22	IGHJ6	tgtgcgaaagggtatttctactactactacggtatggacgtctgg	4	6.95785280662388e-05
caggtgcagctggtgcagtctggggctgaggtgaagaagcctggggcctcagtgaaggtttcctgcaaggcatctggatacaccttcaccagctactatatgcactgggtgcgacaggcccctggacaagggcttgagtggatgggaataatcaaccctagtggtggtagcacaagctacgcacagaagttccagggcagagtcaccatgaccagggacacgtccacgagcacagtctacatggagctgagcagcctgagatctgaggacacggccgtgtattactgtgcgagagtattggacgcctactactacggtatggacgtctgggggcaagggaccacggtcaccgtctcctca	IGHV1-46	IGHD3-3	IGHJ6	tgtgcgagagtattggacgcctactactacggtatggacgtctgg	4	6.95785280662388e-05
caggttcagctggtgcagtctggagctgaggtgaagaagcctggggcctcagtgaaggtctcctgcaaggcttctggttacacctttaccagctatggtatcagctgggtgcgacaggcccctggacaagggcttgagtggatgggatggatcagcgcttacaatggtaacacaaactatgcacagaagctccagggcagagtcaccatgaccacagacacatccacgagcacagcctacatggagctgaggagcctgagatctgacgacacggccgtgtattactgtgcgagagatgactacggtgactacctctttgactactggggccaaggaaccctggtcaccgtctcctca	IGHV1-18	IGHD4-17	IGHJ4	tgtgcgagagatgactacggtgactacctctttgactactgg	4	6.95785280662388e-05
caggttcagctggtgcagtctggagctgaggtgaagaagcctggggcctcagtgaaggtctcctgcaaggcttctggttacacctttaccagctatggtatcagctgggtgcgacaggcccctggacaagggcttgagtggatgggatggatcagcgcttacaatggtaacacaaactatgcacagaagctccagggcagagtcaccatgaccacagacacatccacgagcacagcctacatggagctgaggagcctgagatctgacgacacggccgtgtattactgtgcgactcgggggtatagcagaggggttgatgtctggggccaagggacaatggtcaccgtctcttca	IGHV1-18	IGHD6-6	IGHJ3	tgtgcgactcgggggtatagcagaggggttgatgtctgg	4	6.95785280662388e-05
gaggtgcagctggtggagtctgggggaggcttggtacagccagggcggtccctgagactctcctgtacagcttctggattcacctttggtgattatgctatgagctggttccgccaggctccagggaaggggctggagtgggtaggtttcattagaagcaaagcttatggtgggacaacagaatacaccgcgtctgtgaaaggcagattcaccatctcaagagatggttccaaaagcatcgcctatctgcaaatgaacagcctgaaaaccgaggacacagccgtgtattactgtactagagtagtgggagctactactgatgcttttgatgtctggggccaagggacaatggtcaccgtctcttca	IGHV3-49	IGHD1-26	IGHJ3	tgtactagagtagtgggagctactactgatgcttttgatgtctgg	4	6.95785280662388e-05
gaggtgcagctgttggagtctgggggaggcttggtacagcctggggggtccctgagactctcctgtgcagcctctggattcacctttagcagctatgccatgagctgggtccgccaggctccagggaaggggctggagtgggtctcagctattagtggtagtggtggtagcacatactacgcagactccgtgaagggccggttcaccatctccagagacaattccaagaacacgctgtatctgcaaatgaacagcctgagagccgaggacacggccgtatattactgtgcgacctgctcgtcccactactactacggtatggacgtctgggggcaagggaccacggtcaccgtctcctca	IGHV3-23	IGHD6-6	IGHJ6	tgtgcgacctgctcgtcccactactactacggtatggacgtctgg	4	6.95785280662388e-05
gaggtgcagctgttggagtctgggggaggcttggtacagcctggggggtccctgagactctcctgtgcagcctctggattcacctttagcagctatgccatgagctgggtccgccaggctccagggaaggggctggagtgggtctcagctattagtggtagtggtggtagcacatactacgcagactccgtgaagggccggttcaccatctccagagacaattccaagaacacgctgtatctgcaaatgaacagcctgagagccgaggacacggccgtatattactgtgcgaaagagggggagatggctacaagaggctttgactactggggccaaggaaccctggtcaccgtctcctca	IGHV3-23	IGHD5-24	IGHJ4	tgtgcgaaagagggggagatggctacaagaggctttgactactgg	4	6.95785280662388e-05
caggttcagctggtgcagtctggagctgaggtgaagaagcctggggcctcagtgaaggtctcctgcaaggcttctggttacacctttaccagctatggtatcagctgggtgcgacaggcccctggacaagggcttgagtggatgggatggatcagcgcttacaatggtaacacaaactatgcacagaagctccagggcagagtcaccatgaccacagacacatccacgagcacagcctacatggagctgaggagcctgagatctgacgacacggccgtgtattactgtggtattgtggtggtgattgctattttcccctttgactactggggccaaggaaccctggtcaccgtctcctca	IGHV1-18	IGHD2-21	IGHJ4	tgtggtattgtggtggtgattgctattttcccctttgactactgg	3	5.21838960496791e-05
caggttcagctggtgcagtctggagctgaggtgaagaagcctggggcctcagtgaaggtctcctgcaaggcttctggttacacctttaccagctatggtatcagctgggtgcgacaggcccctggacaagggcttgagtggatgggatggatcagcgcttacaatggtaacacaaactatgcacagaagctccagggcagagtcaccatgaccacagacacatccacgagcacagcctacatggagctgaggagcctgagatctgacgacacggccgtgtattactgtgcgagtgattacgtttgggggagttacccgtttgactactggggccaaggaaccctggtcaccgtctcctca	IGHV1-18	IGHD3-16	IGHJ4	tgtgcgagtgattacgtttgggggagttacccgtttgactactgg	3	5.21838960496791e-05
caggtgcagctggtgcagtctggggctgaggtgaagaagcctggggcctcagtgaaggtttcctgcaaggcatctggatacaccttcaccagctactatatgcactgggtgcgacaggcccctggacaagggcttgagtggatgggaataatcaaccctagtggtggtagcacaagctacgcacagaagttccagggcagagtcaccatgaccagggacacgtccacgagcacagtctacatggagctgagcagcctgagatctgaggacacggccgtgtattactgtgcgagagagaaggggataagggaatacttccagcactggggccagggcaccctggtcaccgtctcctca	IGHV1-46	IGHD2-15	IGHJ1	tgtgcgagagagaaggggataagggaatacttccagcactgg	3	5.21838960496791e-05
caggtgcagctggtgcagtctggggctgaggtgaagaagcctgggtcctcggtgaaggtctcctgcaaggcttctggaggcaccttcagcagctatgctatcagctgggtgcgacaggcccctggacaagggcttgagtggatgggagggatcatccctatctttggtacagcaaactacgcacagaagttccagggcagagtcacgattaccgcggacgaatccacgagcacagcctacatggagctgagcagcctgagatctgaggacacggccgtgtattactgtgcgaggtattacgatttttggagtggtccttttgactactggggccaaggaaccctggtcaccgtctcctca	IGHV1-69	IGHD3-3	IGHJ4	tgtgcgaggtattacgatttttggagtggtccttttgactactgg	3	5.21838960496791e-05
caggtcaccttgaaggagtctggtcctgtgctggtgaaacccacagagaccctcacgctgacctgcaccgtctctgggttctcactcagcaatgctagaatgggtgtgagctggatccgtcagcccccagggaaggccctggagtggcttgcacacattttttcgaatgacgaaaaatcctacagcacatctctgaagagcaggctcaccatctccaaggacacctccaaaagccaggtggtccttaccatgaccaacatggaccctgtggacacagccacatattactgtgcacggataactatgatagtagtggactactttgactactggggccaaggaaccctggtcaccgtctcctca	IGHV2-26	IGHD3-22	IGHJ4	tgtgcacggataactatgatagtagtggactactttgactactgg	3	5.21838960496791e-05
caggtgcagctggtgcagtctggggctgaggtgaagaagcctggggcctcagtgaaggtctcctgcaaggcttctggatacaccttcaccagttatgatatcaactgggtgcgacaggccactggacaagggcttgagtggatgggatggatgaaccctaacagtggtaacacaggctatgcacagaagttccagggcagagtcaccatgaccaggaacacctccataagcacagcctacatggagctgagcagcctgagatctgaggacacggccgtgtattactgtgcgagaggcctctactcttactacggtatggacgtctgggggcaagggaccacggtcaccgtctcctca	IGHV1-8	IGHD2-15	IGHJ6	tgtgcgagaggcctctactcttactacggtatggacgtctgg	3	5.21838960496791e-05
gaggtgcagctggtgcagtctggagcagaggtgaaaaagcccggggagtctctgaagatctcctgtaagggttctggatacagctttaccagctactggatcggctgggtgcgccagatgcccgggaaaggcctggagtggatggggatcatctatcctggtgactctgataccagatacagcccgtccttccaaggccaggtcaccatctcagccgacaagtccatcagcaccgcctacctgcagtggagcagcctgaaggcctcggacaccgccatgtattactgtgaggggatggctacgattacctactttgactactggggccaaggaaccctggtcaccgtctcctca	IGHV5-51	IGHD5-12	IGHJ4	tgtgaggggatggctacgattacctactttgactactgg	3	5.21838960496791e-05
gaggtgcagctggtggagtctgggggaggcttggtacagccagggcggtccctgagactctcctgtacagcttctggattcacctttggtgattatgctatgagctggttccgccaggctccagggaaggggctggagtgggtaggtttcattagaagcaaagcttatggtgggacaacagaatacaccgcgtctgtgaaaggcagattcaccatctcaagagatggttccaaaagcatcgcctatctgcaaatgaacagcctgaaaaccgaggacacagccgtgtattactgtaattacgtttgggggagttatgcttatacctttgactactggggccaaggaaccctggtcaccgtctcctca	IGHV3-49	IGHD3-16	IGHJ4	tgtaattacgtttgggggagttatgcttatacctttgactactgg	3	5.21838960496791e-05
gaggtgcagctgttggagtctgggggaggcttggtacagcctggggggtccctgagactctcctgtgcagcctctggattcacctttagcagctatgccatgagctgggtccgccaggctccagggaaggggctggagtgggtctcagctattagtggtagtggtggtagcacatactacgcagactccgtgaagggccggttcaccatctccagagacaattccaagaacacgctgtatctgcaaatgaacagcctgagagccgaggacacggccgtatattactgtgcgaaagatagtagtggttattactacgactttgactactggggccaaggaaccctggtcaccgtctcctca	IGHV3-23	IGHD3-22	IGHJ4	tgtgcgaaagatagtagtggttattactacgactttgactactgg	3	5.21838960496791e-05
gaggtgcagctggtggagtctggaggaggcttgatccagcctggggggtccctgagactctcctgtgcagcctctgggttcaccgtcagtagcaactacatgagctgggtccgccaggctccagggaaggggctggagtgggtctcagttatttatagcggtggtagcacatactacgcagactccgtgaagggccgattcaccatctccagagacaattccaagaacacgctgtatcttcaaatgaacagcctgagagccgaggacacggccgtgtattactgtgcgaatctatggttcggggagttatcctttgactactggggccaaggaaccctggtcaccgtctcctca	IGHV3-53	IGHD3-10	IGHJ4	tgtgcgaatctatggttcggggagttatcctttgactactgg	3	5.21838960496791e-05
gaggtgcagctggtggagtctgggggaggcttggtccagcctggggggtccctgaaactctcctgtgcagcctctgggttcaccttcagtggctctgctatgcactgggtccgccaggcttccgggaaagggctggagtgggttggccgtattagaagcaaagctaacagttacgcgacagcatatgctgcgtcggtgaaaggcaggttcaccatctccagagatgattcaaagaacacggcgtatctgcaaatgaacagcctgaaaaccgaggacacggccgtgtattactgtactgtaggctactactactacggtatggacgtctgggggcaagggaccacggtcaccgtctcctca	IGHV3-73	IGHD2-2	IGHJ6	tgtactgtaggctactactactacggtatggacgtctgg	3	5.21838960496791e-05
caggtgcagctggtgcagtctggggctgaggtgaagaagcctggggcctcagtgaaggtctcctgcaaggcttctggatacaccttcaccggctactatatgcactgggtgcgacaggcccctggacaagggcttgagtggatgggacggatcaaccctaacagtggtggcacaaactatgcacagaagtttcagggcagggtcaccagtaccagggacacgtccatcagcacagcctacatggagctgagcaggctgagatctgacgacacggtcgtgtattactgttattactatgatagtagtggttattacctcgtctactggggccaaggaaccctggtcaccgtctcctca	IGHV1-2	IGHD3-22	IGHJ4	tgttattactatgatagtagtggttattacctcgtctactgg	3	5.21838960496791e-05
gaggtgcagctggtggagtccgggggaggcttagttcagcctggggggtccctgagactctcctgtgcagcctctggattcaccttcagtagctactggatgcactgggtccgccaagctccagggaaggggctggtgtgggtctcacgtattaatagtgatgggagtagcacaagctacgcggactccgtgaagggccgattcaccatctccagagacaacgccaagaacacgctgtatctgcaaatgaacagtctgagagccgaggacacggctgtgtattactgtgcaagagatgcggggaatagcagtggctggtttgactactggggccaaggaaccctggtcaccgtctcctca	IGHV3-74	IGHD6-19	IGHJ4	tgtgcaagagatgcggggaatagcagtggctggtttgactactgg	3	5.21838960496791e-05
cagctgcagctgcaggagtcgggcccaggactggtgaagccttcggagaccctgtccctcacctgcactgtctctggtggctccatcagcagtagtagttactactggggctggatccgccagcccccagggaaggggctggagtggattgggagtatctattatagtgggagcacctactacaacccgtccctcaagagtcgagtcaccatatccgtagacacgtccaagaaccagttctccctgaagctgagctctgtgaccgccgcagacacggctgtgtattactgtgcgagactttgggcctggttgtggttcgactcctggggccaaggaaccctggtcaccgtctcctca	IGHV4-39	IGHD3-3	IGHJ5	tgtgcgagactttgggcctggttgtggttcgactcctgg	3	5.21838960496791e-05
gaggtgcagctggtggagtccgggggaggcttagttcagcctggggggtccctgagactctcctgtgcagcctctggattcaccttcagtagctactggatgcactgggtccgccaagctccagggaaggggctggtgtgggtctcacgtattaatagtgatgggagtagcacaagctacgcggactccgtgaagggccgattcaccatctccagagacaacgccaagaacacgctgtatctgcaaatgaacagtctgagagccgaggacacggctgtgtattactgtgcaatactatggttcggggagttattatatgatgtctggggccaagggacaatggtcaccgtctcttca	IGHV3-74	IGHD3-10	IGHJ3	tgtgcaatactatggttcggggagttattatatgatgtctgg	3	5.21838960496791e-05
gaggtgcagctggtggagtctggaggaggcttgatccagcctggggggtccctgagactctcctgtgcagcctctgggttcaccgtcagtagcaactacatgagctgggtccgccaggctccagggaaggggctggagtgggtctcagttatttatagcggtggtagcacatactacgcagactccgtgaagggccgattcaccatctccagagacaattccaagaacacgctgtatcttcaaatgaacagcctgagagccgaggacacggccgtgtattactgtgcgagagatggggtagcagtggctaactactttgactactggggccaaggaaccctggtcaccgtctcctca	IGHV3-53	IGHD6-19	IGHJ4	tgtgcgagagatggggtagcagtggctaactactttgactactgg	3	5.21838960496791e-05
gaggtgcagctggtggagtctgggggaggcttggtaaagcctggggggtcccttagactctcctgtgcagcctctggattcactttcagtaacgcctggatgagctgggtccgccaggctccagggaaggggctggagtgggttggccgtattaaaagcaaaactgatggtgggacaacagactacgctgcacccgtgaaaggcagattcaccatctcaagagatgattcaaaaaacacgctgtatctgcaaatgaacagcctgaaaaccgaggacacagccgtgtattactgtaccacagtatgctactactactactacggtatggacgtctgggggcaagggaccacggtcaccgtctcctca	IGHV3-15	IGHD2-2	IGHJ6	tgtaccacagtatgctactactactactacggtatggacgtctgg	3	5.21838960496791e-05
gaggtgcagctggtggagtctgggggaggcttggtaaagcctggggggtcccttagactctcctgtgcagcctctggattcactttcagtaacgcctggatgagctgggtccgccaggctccagggaaggggctggagtgggttggccgtattaaaagcaaaactgatggtgggacaacagactacgctgcacccgtgaaaggcagattcaccatctcaagagatgattcaaaaaacacgctgtatctgcaaatgaacagcctgaaaaccgaggacacagccgtgtattactgtaccacagagggtgactacgagggggggtacttcgatctctggggccgtggcaccctggtcactgtctcctca	IGHV3-15	IGHD4-17	IGHJ2	tgtaccacagagggtgactacgagggggggtacttcgatctctgg	3	5.21838960496791e-05
caggtgcagctggtggagtctgggggaggcttggtcaagcctggagggtccctgagactctcctgtgcagcctctggattcaccttcagtgactactacatgagctggatccgccaggctccagggaaggggctggagtgggtttcatacattagtagtagtggtagtaccatatactacgcagactctgtgaagggccgattcaccatctccagggacaacgccaagaactcactgtatctgcaaatgaacagcctgagagccgaggacacggccgtgtattactgtgggggttcggggagttattataaccagtttgactactggggccaaggaaccctggtcaccgtctcctca	IGHV3-11	IGHD3-10	IGHJ4	tgtgggggttcggggagttattataaccagtttgactactgg	3	5.21838960496791e-05
cagatcaccttgaaggagtctggtcctacgctggtgaaacccacacagaccctcacgctgacctgcaccttctctgggttctcactcagcactagtggagtgggtgtgggctggatccgtcagcccccaggaaaggccctggagtggcttgcactcatttattggaatgatgataagcgctacagcccatctctgaagagcaggctcaccatcaccaaggacacctccaaaaaccaggtggtccttacaatgaccaacatggaccctgtggacacagccacatattactgtgcacacgtggtttactactactacggtatggacgtctgggggcaagggaccacggtcaccgtctcctca	IGHV2-5	IGHD3-22	IGHJ6	tgtgcacacgtggtttactactactacggtatggacgtctgg	3	5.21838960496791e-05
caggtgcagctggtgcagtctggggctgaggtgaagaagcctggggcctcagtgaaggtctcctgcaaggcttctggatacaccttcaccggctactatatgcactgggtgcgacaggcccctggacaagggcttgagtggatgggacggatcaaccctaacagtggtggcacaaactatgcacagaagtttcagggcagggtcaccagtaccagggacacgtccatcagcacagcctacatggagctgagcaggctgagatctgacgacacggtcgtgtattactgtgcgagagagtattactatggttcggggttcgactcctggggccaaggaaccctggtcaccgtctcctca	IGHV1-2	IGHD3-10	IGHJ5	tgtgcgagagagtattactatggttcggggttcgactcctgg	3	5.21838960496791e-05
gaggtgcagctggtgcagtctggagcagaggtgaaaaagcccggggagtctctgaagatctcctgtaagggttctggatacagctttaccagctactggatcggctgggtgcgccagatgcccgggaaaggcctggagtggatggggatcatctatcctggtgactctgataccagatacagcccgtccttccaaggccaggtcaccatctcagccgacaagtccatcagcaccgcctacctgcagtggagcagcctgaaggcctcggacaccgccatgtattactgtgcgagaactccccctgattacgtttggtactttgactactggggccaaggaaccctggtcaccgtctcctca	IGHV5-51	IGHD3-16	IGHJ4	tgtgcgagaactccccctgattacgtttggtactttgactactgg	3	5.21838960496791e-05
caggtgcagctggtggagtctgggggaggcttggtcaagcctggagggtccctgagactctcctgtgcagcctctggattcaccttcagtgactactacatgagctggatccgccaggctccagggaaggggctggagtgggtttcatacattagtagtagtggtagtaccatatactacgcagactctgtgaagggccgattcaccatctccagggacaacgccaagaactcactgtatctgcaaatgaacagcctgagagccgaggacacggccgtgtattactgtgcgagagagggatttttggagtggttacccttcgactcctggggccaaggaaccctggtcaccgtctcctca	IGHV3-11	IGHD3-3	IGHJ5	tgtgcgagagagggatttttggagtggttacccttcgactcctgg	3	5.21838960496791e-05
gaggtgcagctgttggagtctgggggaggcttggtacagcctggggggtccctgagactctcctgtgcagcctctggattcacctttagcagctatgccatgagctgggtccgccaggctccagggaaggggctggagtgggtctcagctattagtggtagtggtggtagcacatactacgcagactccgtgaagggccggttcaccatctccagagacaattccaagaacacgctgtatctgcaaatgaacagcctgagagccgaggacacggccgtatattactgtgcgaaagagtggtggtgccctgcttttgatgtctggggccaagggacaatggtcaccgtctcttca	IGHV3-23	IGHD2-21	IGHJ3	tgtgcgaaagagtggtggtgccctgcttttgatgtctgg	3	5.21838960496791e-05
caggtgcagctggtgcagtctggggctgaggtgaagaagcctgggtcctcggtgaaggtctcctgcaaggcttctggaggcaccttcagcagctatgctatcagctgggtgcgacaggcccctggacaagggcttgagtggatgggagggatcatccctatctttggtacagcaaactacgcacagaagttccagggcagagtcacgattaccgcggacgaatccacgagcacagcctacatggagctgagcagcctgagatctgaggacacggccgtgtattactgtgcgagagagggagtgggagctagctttgactactggggccaaggaaccctggtcaccgtctcctca	IGHV1-69	IGHD1-26	IGHJ4	tgtgcgagagagggagtgggagctagctttgactactgg	3	5.21838960496791e-05
gaggtgcagctggtggagtctggaggaggcttgatccagcctggggggtccctgagactctcctgtgcagcctctgggttcaccgtcagtagcaactacatgagctgggtccgccaggctccagggaaggggctggagtgggtctcagttatttatagcggtggtagcacatactacgcagactccgtgaagggccgattcaccatctccagagacaattccaagaacacgctgtatcttcaaatgaacagcctgagagccgaggacacggccgtgtattactgtgcgacaatagcagcagctggtcggtggttcgactcctggggccaaggaaccctggtcaccgtctcctca	IGHV3-53	IGHD6-13	IGHJ5	tgtgcgacaatagcagcagctggtcggtggttcgactcctgg	3	5.21838960496791e-05
caggtgcagctggtgcagtctggggctgaggtgaagaagcctggggcctcagtgaaggtctcctgcaaggcttctggatacaccttcaccggctactatatgcactgggtgcgacaggcccctggacaagggcttgagtggatgggacggatcaaccctaacagtggtggcacaaactatgcacagaagtttcagggcagggtcaccagtaccagggacacgtccatcagcacagcctacatggagctgagcaggctgagatctgacgacacggtcgtgtattactgtattactatggttcggggagttagctggtacttcgatctctggggccgtggcaccctggtcactgtctcctca	IGHV1-2	IGHD3-10	IGHJ2	tgtattactatggttcggggagttagctggtacttcgatctctgg	3	5.21838960496791e-05
cagatcaccttgaaggagtctggtcctacgctggtgaaacccacacagaccctcacgctgacctgcaccttctctgggttctcactcagcactagtggagtgggtgtgggctggatccgtcagcccccaggaaaggccctggagtggcttgcactcatttattggaatgatgataagcgctacagcccatctctgaagagcaggctcaccatcaccaaggacacctccaaaaaccaggtggtccttacaatgaccaacatggaccctgtggacacagccacatattactgtgcacacagactctccggatatagtggctttgactactggggccaaggaaccctggtcaccgtctcctca	IGHV2-5	IGHD5-12	IGHJ4	tgtgcacacagactctccggatatagtggctttgactactgg	3	5.21838960496791e-05
gaggtgcagctggtggagtctgggggaggtgtggtacggcctggggggtccctgagactctcctgtgcagcctctggattcacctttgatgattatggcatgagctgggtccgccaagctccagggaaggggctggagtgggtctctggtattaattggaatggtggtagcacaggttatgcagactctgtgaagggccgattcaccatctccagagacaacgccaagaactccctgtatctgcaaatgaacagtctgagagccgaggacacggccttgtatcactgtgcgaggggtatagtgggagctactacccttgactactggggccaaggaaccctggtcaccgtctcctca	IGHV3-20	IGHD1-26	IGHJ4	tgtgcgaggggtatagtgggagctactacccttgactactgg	3	5.21838960496791e-05
caggtgcagctggtgcagtctggggctgaggtgaagaagcctgggtcctcggtgaaggtctcctgcaaggcttctggaggcaccttcagcagctatgctatcagctgggtgcgacaggcccctggacaagggcttgagtggatgggagggatcatccctatctttggtacagcaaactacgcacagaagttccagggcagagtcacgattaccgcggacgaatccacgagcacagcctacatggagctgagcagcctgagatctgaggacacggccgtgtattactgtgcgagttacgtttgggggagggcctttgactactggggccaaggaaccctggtcaccgtctcctca	IGHV1-69	IGHD3-16	IGHJ4	tgtgcgagttacgtttgggggagggcctttgactactgg	3	5.21838960496791e-05
caggtgcagctggtgcagtctggggctgaggtgaagaagcctgggtcctcggtgaaggtctcctgcaaggcttctggaggcaccttcagcagctatgctatcagctgggtgcgacaggcccctggacaagggcttgagtggatgggagggatcatccctatctttggtacagcaaactacgcacagaagttccagggcagagtcacgattaccgcggacgaatccacgagcacagcctacatggagctgagcagcctgagatctgaggacacggccgtgtattactgtgcgagaattacgtttggggctggctttgactactggggccaaggaaccctggtcaccgtctcctca	IGHV1-69	IGHD3-16	IGHJ4	tgtgcgagaattacgtttggggctggctttgactactgg	3	5.21838960496791e-05
gaggtgcagctggtggagtctgggggaggcttggtaaagcctggggggtcccttagactctcctgtgcagcctctggattcactttcagtaacgcctggatgagctgggtccgccaggctccagggaaggggctggagtgggttggccgtattaaaagcaaaactgatggtgggacaacagactacgctgcacccgtgaaaggcagattcaccatctcaagagatgattcaaaaaacacgctgtatctgcaaatgaacagcctgaaaaccgaggacacagccgtgtattactgtaccacagagatcgatacctactactacggtatggacgtctgggggcaagggaccacggtcaccgtctcctca	IGHV3-15	IGHD3-9	IGHJ6	tgtaccacagagatcgatacctactactacggtatggacgtctgg	3	5.21838960496791e-05
gaggtgcagctgttggagtctgggggaggcttggtacagcctggggggtccctgagactctcctgtgcagcctctggattcacctttagcagctatgccatgagctgggtccgccaggctccagggaaggggctggagtgggtctcagctattagtggtagtggtggtagcacatactacgcagactccgtgaagggccggttcaccatctccagagacaattccaagaacacgctgtatctgcaaatgaacagcctgagagccgaggacacggccgtatattactgtgcgaaagaccggctacaattatactttgactactggggccaaggaaccctggtcaccgtctcctca	IGHV3-23	IGHD5-24	IGHJ4	tgtgcgaaagaccggctacaattatactttgactactgg	3	5.21838960496791e-05
gaggtgcagctggtggagtctgggggaggtgtggtacggcctggggggtccctgagactctcctgtgcagcctctggattcacctttgatgattatggcatgagctgggtccgccaagctccagggaaggggctggagtgggtctctggtattaattggaatggtggtagcacaggttatgcagactctgtgaagggccgattcaccatctccagagacaacgccaagaactccctgtatctgcaaatgaacagtctgagagccgaggacacggccttgtatcactgtgcgaggtggggctactactactacggtatggacgtctgggggcaagggaccacggtcaccgtctcctca	IGHV3-20	IGHD2-21	IGHJ6	tgtgcgaggtggggctactactactacggtatggacgtctgg	3	5.21838960496791e-05
gaggtgcagctggtggagtccgggggaggcttagttcagcctggggggtccctgagactctcctgtgcagcctctggattcaccttcagtagctactggatgcactgggtccgccaagctccagggaaggggctggtgtgggtctcacgtattaatagtgatgggagtagcacaagctacgcggactccgtgaagggccgattcaccatctccagagacaacgccaagaacacgctgtatctgcaaatgaacagtctgagagccgaggacacggctgtgtattactgtgcaactatggtgggctactactactacggtatggacgtctgggggcaagggaccacggtcaccgtctcctca	IGHV3-74	IGHD3-22	IGHJ6	tgtgcaactatggtgggctactactactacggtatggacgtctgg	3	5.21838960496791e-05
caggtgcagctggtgcagtctggggctgaggtgaagaagcctggggcctcagtgaaggtttcctgcaaggcatctggatacaccttcaccagctactatatgcactgggtgcgacaggcccctggacaagggcttgagtggatgggaataatcaaccctagtggtggtagcacaagctacgcacagaagttccagggcagagtcaccatgaccagggacacgtccacgagcacagtctacatggagctgagcagcctgagatctgaggacacggccgtgtattactgtgcgagcggacggtggctacgctactacggtatggacgtctgggggcaagggaccacggtcaccgtctcctca	IGHV1-46	IGHD5-12	IGHJ6	tgtgcgagcggacggtggctacgctactacggtatggacgtctgg	3	5.21838960496791e-05
gaggtgcagctgttggagtctgggggaggcttggtacagcctggggggtccctgagactctcctgtgcagcctctggattcacctttagcagctatgccatgagctgggtccgccaggctccagggaaggggctggagtgggtctcagctattagtggtagtggtggtagcacatactacgcagactccgtgaagggccggttcaccatctccagagacaattccaagaacacgctgtatctgcaaatgaacagcctgagagccgaggacacggccgtatattactgtgcgaaagaccttagtagtaccagctgctactttgactactggggccaaggaaccctggtcaccgtctcctca	IGHV3-23	IGHD2-2	IGHJ4	tgtgcgaaagaccttagtagtaccagctgctactttgactactgg	3	5.21838960496791e-05
gaggtgcagctggtgcagtctggagcagaggtgaaaaagcccggggagtctctgaagatctcctgtaagggttctggatacagctttaccagctactggatcggctgggtgcgccagatgcccgggaaaggcctggagtggatggggatcatctatcctggtgactctgataccagatacagcccgtccttccaaggccaggtcaccatctcagccgacaagtccatcagcaccgcctacctgcagtggagcagcctgaaggcctcggacaccgccatgtattactgtgcgatggggcgttcggacaactggttcgactcctggggccaaggaaccctggtcaccgtctcctca	IGHV5-51	IGHD3-10	IGHJ5	tgtgcgatggggcgttcggacaactggttcgactcctgg	3	5.21838960496791e-05
caggttcagctggtgcagtctggagctgaggtgaagaagcctggggcctcagtgaaggtctcctgcaaggcttctggttacacctttaccagctatggtatcagctgggtgcgacaggcccctggacaagggcttgagtggatgggatggatcagcgcttacaatggtaacacaaactatgcacagaagctccagggcagagtcaccatgaccacagacacatccacgagcacagcctacatggagctgaggagcctgagatctgacgacacggccgtgtattactgtgcgagagacccggagatgccatggttcgactcctggggccaaggaaccctggtcaccgtctcctca	IGHV1-18	IGHD2-2	IGHJ5	tgtgcgagagacccggagatgccatggttcgactcctgg	3	5.21838960496791e-05
caggtgcagctggtgcagtctggggctgaggtgaagaagcctgggtcctcggtgaaggtctcctgcaaggcttctggaggcaccttcagcagctatgctatcagctgggtgcgacaggcccctggacaagggcttgagtggatgggagggatcatccctatctttggtacagcaaactacgcacagaagttccagggcagagtcacgattaccgcggacgaatccacgagcacagcctacatggagctgagcagcctgagatctgaggacacggccgtgtattactgtgcgagagagagatggagtggttattatacctttgactactggggccaaggaaccctggtcaccgtctcctca	IGHV1-69	IGHD3-3	IGHJ4	tgtgcgagagagagatggagtggttattatacctttgactactgg	3	5.21838960496791e-05
caggtgcagctggtgcagtctggggctgaggtgaagaagcctgggtcctcggtgaaggtctcctgcaaggcttctggaggcaccttcagcagctatgctatcagctgggtgcgacaggcccctggacaagggcttgagtggatgggagggatcatccctatctttggtacagcaaactacgcacagaagttccagggcagagtcacgattaccgcggacgaatccacgagcacagcctacatggagctgagcagcctgagatctgaggacacggccgtgtattactgtgcgagagagatagtggtttactactacggtatggacgtctgggggcaagggaccacggtcaccgtctcctca	IGHV1-69	IGHD5-12	IGHJ6	tgtgcgagagagatagtggtttactactacggtatggacgtctgg	3	5.21838960496791e-05
caggtgcagctggtgcagtctggggctgaggtgaagaagcctggggcctcagtgaaggtctcctgcaaggcttctggatacaccttcaccagttatgatatcaactgggtgcgacaggccactggacaagggcttgagtggatgggatggatgaaccctaacagtggtaacacaggctatgcacagaagttccagggcagagtcaccatgaccaggaacacctccataagcacagcctacatggagctgagcagcctgagatctgaggacacggccgtgtattactgtgcgagaggcctggtatactactactacggtatggacgtctgggggcaagggaccacggtcaccgtctcctca	IGHV1-8	IGHD2-15	IGHJ6	tgtgcgagaggcctggtatactactactacggtatggacgtctgg	3	5.21838960496791e-05
gaggtgcagctggtggagtctgggggaggtgtggtacggcctggggggtccctgagactctcctgtgcagcctctggattcacctttgatgattatggcatgagctgggtccgccaagctccagggaaggggctggagtgggtctctggtattaattggaatggtggtagcacaggttatgcagactctgtgaagggccgattcaccatctccagagacaacgccaagaactccctgtatctgcaaatgaacagtctgagagccgaggacacggccttgtatcactgtgcgagggcggtagagatggctgggtacttcgatctctggggccgtggcaccctggtcactgtctcctca	IGHV3-20	IGHD5-24	IGHJ2	tgtgcgagggcggtagagatggctgggtacttcgatctctgg	3	5.21838960496791e-05
caggtgcagctggtgcagtctggggctgaggtgaagaagcctgggtcctcggtgaaggtctcctgcaaggcttctggaggcaccttcagcagctatgctatcagctgggtgcgacaggcccctggacaagggcttgagtggatgggagggatcatccctatctttggtacagcaaactacgcacagaagttccagggcagagtcacgattaccgcggacgaatccacgagcacagcctacatggagctgagcagcctgagatctgaggacacggccgtgtattactgtgcgagagatcatacgattggatactttgactactggggccaaggaaccctggtcaccgtctcctca	IGHV1-69	IGHD3-3	IGHJ4	tgtgcgagagatcatacgattggatactttgactactgg	3	5.21838960496791e-05
gaggtgcagctggtgcagtctggagcagaggtgaaaaagcccggggagtctctgaagatctcctgtaagggttctggatacagctttaccagctactggatcggctgggtgcgccagatgcccgggaaaggcctggagtggatggggatcatctatcctggtgactctgataccagatacagcccgtccttccaaggccaggtcaccatctcagccgacaagtccatcagcaccgcctacctgcagtggagcagcctgaaggcctcggacaccgccatgtattactgtgcgcggtaccagctgctatgctactttgactactggggccaaggaaccctggtcaccgtctcctca	IGHV5-51	IGHD2-2	IGHJ4	tgtgcgcggtaccagctgctatgctactttgactactgg	3	5.21838960496791e-05
gaggtgcagctgttggagtctgggggaggcttggtacagcctggggggtccctgagactctcctgtgcagcctctggattcacctttagcagctatgccatgagctgggtccgccaggctccagggaaggggctggagtgggtctcagctattagtggtagtggtggtagcacatactacgcagactccgtgaagggccggttcaccatctccagagacaattccaagaacacgctgtatctgcaaatgaacagcctgagagccgaggacacggccgtatattactgtgcgaaagccggttcggggagttatgactttgactactggggccaaggaaccctggtcaccgtctcctca	IGHV3-23	IGHD3-10	IGHJ4	tgtgcgaaagccggttcggggagttatgactttgactactgg	3	5.21838960496791e-05
caggtgcagctggtgcagtctggggctgaggtgaagaagcctgggtcctcggtgaaggtctcctgcaaggcttctggaggcaccttcagcagctatgctatcagctgggtgcgacaggcccctggacaagggcttgagtggatgggagggatcatccctatctttggtacagcaaactacgcacagaagttccagggcagagtcacgattaccgcggacgaatccacgagcacagcctacatggagctgagcagcctgagatctgaggacacggccgtgtattactgtgcgagatataactactactactactacggtatggacgtctgggggcaagggaccacggtcaccgtctcctca	IGHV1-69	IGHD1-20	IGHJ6	tgtgcgagatataactactactactactacggtatggacgtctgg	3	5.21838960496791e-05
caggtcaccttgagggagtctggtcctgcgctggtgaaacccacacagaccctcacactgacctgcaccttctctgggttctcactcagcactagtggaatgtgtgtgagctggatccgtcagcccccagggaaggccctggagtggcttgcactcattgattgggatgatgataaatactacagcacatctctgaagaccaggctcaccatctccaaggacacctccaaaaaccaggtggtccttacaatgaccaacatggaccctgtggacacagccacgtattactgtgcacggatacgtaccagctgctatgcttttgatgtctggggccaagggacaatggtcaccgtctcttca	IGHV2-70	IGHD2-2	IGHJ3	tgtgcacggatacgtaccagctgctatgcttttgatgtctgg	3	5.21838960496791e-05
caggtgcagctacagcagtggggcgcaggactgttgaagccttcggagaccctgtccctcacctgcgctgtctatggtgggtccttcagtggttactactggagctggatccgccagcccccagggaaggggctggagtggattggggaaatcaatcatagtggaagcaccaactacaacccgtccctcaagagtcgagtcaccatatcagtagacacgtccaagaaccagttctccctgaagctgagctctgtgaccgccgcggacacggctgtgtattactgtgcgagagatttttggagtgggtggaggggttttgactactggggccaaggaaccctggtcaccgtctcctca	IGHV4-34	IGHD3-3	IGHJ4	tgtgcgagagatttttggagtgggtggaggggttttgactactgg	3	5.21838960496791e-05
caggttcagctggtgcagtctggagctgaggtgaagaagcctggggcctcagtgaaggtctcctgcaaggcttctggttacacctttaccagctatggtatcagctgggtgcgacaggcccctggacaagggcttgagtggatgggatggatcagcgcttacaatggtaacacaaactatgcacagaagctccagggcagagtcaccatgaccacagacacatccacgagcacagcctacatggagctgaggagcctgagatctgacgacacggccgtgtattactgtgcgagagaatttttggtcaactggttcgactcctggggccaaggaaccctggtcaccgtctcctca	IGHV1-18	IGHD3-3	IGHJ5	tgtgcgagagaatttttggtcaactggttcgactcctgg	3	5.21838960496791e-05
caggtgcagctggtgcagtctggggctgaggtgaagaagcctggggcctcagtgaaggtctcctgcaaggcttctggatacaccttcaccggctactatatgcactgggtgcgacaggcccctggacaagggcttgagtggatgggacggatcaaccctaacagtggtggcacaaactatgcacagaagtttcagggcagggtcaccagtaccagggacacgtccatcagcacagcctacatggagctgagcaggctgagatctgacgacacggtcgtgtattactgtgcgagagagtaccagctgctatgccctttctttgactactggggccaaggaaccctggtcaccgtctcctca	IGHV1-2	IGHD2-2	IGHJ4	tgtgcgagagagtaccagctgctatgccctttctttgactactgg	3	5.21838960496791e-05
gaggtgcagctgttggagtctgggggaggcttggtacagcctggggggtccctgagactctcctgtgcagcctctggattcacctttagcagctatgccatgagctgggtccgccaggctccagggaaggggctggagtgggtctcagctattagtggtagtggtggtagcacatactacgcagactccgtgaagggccggttcaccatctccagagacaattccaagaacacgctgtatctgcaaatgaacagcctgagagccgaggacacggccgtatattactgtgcgaaagaacttactatggttcggggagttatggactactggggccaaggaaccctggtcaccgtctcctca	IGHV3-23	IGHD3-10	IGHJ4	tgtgcgaaagaacttactatggttcggggagttatggactactgg	3	5.21838960496791e-05
caggtgcagctggtgcagtctggggctgaggtgaagaagcctgggtcctcggtgaaggtctcctgcaaggcttctggaggcaccttcagcagctatgctatcagctgggtgcgacaggcccctggacaagggcttgagtggatgggagggatcatccctatctttggtacagcaaactacgcacagaagttccagggcagagtcacgattaccgcggacgaatccacgagcacagcctacatggagctgagcagcctgagatctgaggacacggccgtgtattactgtgcgagagatatctcctactggtacttcgatctctggggccgtggcaccctggtcactgtctcctca	IGHV1-69	IGHD6-13	IGHJ2	tgtgcgagagatatctcctactggtacttcgatctctgg	3	5.21838960496791e-05
gaggtgcagctgttggagtctgggggaggcttggtacagcctggggggtccctgagactctcctgtgcagcctctggattcacctttagcagctatgccatgagctgggtccgccaggctccagggaaggggctggagtgggtctcagctattagtggtagtggtggtagcacatactacgcagactccgtgaagggccggttcaccatctccagagacaattccaagaacacgctgtatctgcaaatgaacagcctgagagccgaggacacggccgtatattactgtgctatgatagtagtggttattatcgactactttgactactggggccaaggaaccctggtcaccgtctcctca	IGHV3-23	IGHD3-22	IGHJ4	tgtgctatgatagtagtggttattatcgactactttgactactgg	3	5.21838960496791e-05
gaggtgcagctggtggagtctgggggaggcttggtccagcctggggggtccctgaaactctcctgtgcagcctctgggttcaccttcagtggctctgctatgcactgggtccgccaggcttccgggaaagggctggagtgggttggccgtattagaagcaaagctaacagttacgcgacagcatatgctgcgtcggtgaaaggcaggttcaccatctccagagatgattcaaagaacacggcgtatctgcaaatgaacagcctgaaaaccgaggacacggccgtgtattactgtactagacaagtggctacgattacaggctttgatgtctggggccaagggacaatggtcaccgtctcttca	IGHV3-73	IGHD5-12	IGHJ3	tgtactagacaagtggctacgattacaggctttgatgtctgg	3	5.21838960496791e-05
caggtgcagctggtgcagtctggggctgaggtgaagaagcctgggtcctcggtgaaggtctcctgcaaggcttctggaggcaccttcagcagctatgctatcagctgggtgcgacaggcccctggacaagggcttgagtggatgggagggatcatccctatctttggtacagcaaactacgcacagaagttccagggcagagtcacgattaccgcggacgaatccacgagcacagcctacatggagctgagcagcctgagatctgaggacacggccgtgtattactgtgcgagagatggtggctggtactactttgactactggggccaaggaaccctggtcaccgtctcctca	IGHV1-69	IGHD6-19	IGHJ4	tgtgcgagagatggtggctggtactactttgactactgg	3	5.21838960496791e-05
gaggtgcagctggtggagtctgggggaggtgtggtacggcctggggggtccctgagactctcctgtgcagcctctggattcacctttgatgattatggcatgagctgggtccgccaagctccagggaaggggctggagtgggtctctggtattaattggaatggtggtagcacaggttatgcagactctgtgaagggccgattcaccatctccagagacaacgccaagaactccctgtatctgcaaatgaacagtctgagagccgaggacacggccttgtatcactgtgcgagcggatatagtggctacgattactactttgactactggggccaaggaaccctggtcaccgtctcctca	IGHV3-20	IGHD5-12	IGHJ4	tgtgcgagcggatatagtggctacgattactactttgactactgg	3	5.21838960496791e-05
gaggtgcagctggtgcagtctggagcagaggtgaaaaagcccggggagtctctgaagatctcctgtaagggttctggatacagctttaccagctactggatcggctgggtgcgccagatgcccgggaaaggcctggagtggatggggatcatctatcctggtgactctgataccagatacagcccgtccttccaaggccaggtcaccatctcagccgacaagtccatcagcaccgcctacctgcagtggagcagcctgaaggcctcggacaccgccatgtattactgtgcgagacattgtgactactactactacggtatggacgtctgggggcaagggaccacggtcaccgtctcctca	IGHV5-51	IGHD4-17	IGHJ6	tgtgcgagacattgtgactactactactacggtatggacgtctgg	3	5.21838960496791e-05
gaggtgcagctggtgcagtctggagcagaggtgaaaaagcccggggagtctctgaagatctcctgtaagggttctggatacagctttaccagctactggatcggctgggtgcgccagatgcccgggaaaggcctggagtggatggggatcatctatcctggtgactctgataccagatacagcccgtccttccaaggccaggtcaccatctcagccgacaagtccatcagcaccgcctacctgcagtggagcagcctgaaggcctcggacaccgccatgtattactgtgcgagacatcgggtagtgggagctacgaactttgactactggggccaaggaaccctggtcaccgtctcctca	IGHV5-51	IGHD1-26	IGHJ4	tgtgcgagacatcgggtagtgggagctacgaactttgactactgg	3	5.21838960496791e-05
gaggtgcagctggtgcagtctggagcagaggtgaaaaagcccggggagtctctgaagatctcctgtaagggttctggatacagctttaccagctactggatcggctgggtgcgccagatgcccgggaaaggcctggagtggatggggatcatctatcctggtgactctgataccagatacagcccgtccttccaaggccaggtcaccatctcagccgacaagtccatcagcaccgcctacctgcagtggagcagcctgaaggcctcggacaccgccatgtattactgtgcgagacaggagtggcggggaaagaactttgactactggggccaaggaaccctggtcaccgtctcctca	IGHV5-51	IGHD1-26	IGHJ4	tgtgcgagacaggagtggcggggaaagaactttgactactgg	3	5.21838960496791e-05
caggtgcagctggtgcagtctggggctgaggtgaagaagcctgggtcctcggtgaaggtctcctgcaaggcttctggaggcaccttcagcagctatgctatcagctgggtgcgacaggcccctggacaagggcttgagtggatgggagggatcatccctatctttggtacagcaaactacgcacagaagttccagggcagagtcacgattaccgcggacgaatccacgagcacagcctacatggagctgagcagcctgagatctgaggacacggccgtgtattactgtgcgagagaggccccgtgggagctactggggtttgactactggggccaaggaaccctggtcaccgtctcctca	IGHV1-69	IGHD1-26	IGHJ4	tgtgcgagagaggccccgtgggagctactggggtttgactactgg	3	5.21838960496791e-05
gaggtgcagctgttggagtctgggggaggcttggtacagcctggggggtccctgagactctcctgtgcagcctctggattcacctttagcagctatgccatgagctgggtccgccaggctccagggaaggggctggagtgggtctcagctattagtggtagtggtggtagcacatactacgcagactccgtgaagggccggttcaccatctccagagacaattccaagaacacgctgtatctgcaaatgaacagcctgagagccgaggacacggccgtatattactgtgcgaagatggctacaattaggtactttgactactggggccaaggaaccctggtcaccgtctcctca	IGHV3-23	IGHD5-24	IGHJ4	tgtgcgaagatggctacaattaggtactttgactactgg	3	5.21838960496791e-05
gaggtgcagctggtgcagtctggagcagaggtgaaaaagcccggggagtctctgaagatctcctgtaagggttctggatacagctttaccagctactggatcggctgggtgcgccagatgcccgggaaaggcctggagtggatggggatcatctatcctggtgactctgataccagatacagcccgtccttccaaggccaggtcaccatctcagccgacaagtccatcagcaccgcctacctgcagtggagcagcctgaaggcctcggacaccgccatgtattactgtgcgagacagaggggcatagggtactttgactactggggccaaggaaccctggtcaccgtctcctca	IGHV5-51	IGHD4-17	IGHJ4	tgtgcgagacagaggggcatagggtactttgactactgg	3	5.21838960496791e-05
gaggtgcagctgttggagtctgggggaggcttggtacagcctggggggtccctgagactctcctgtgcagcctctggattcacctttagcagctatgccatgagctgggtccgccaggctccagggaaggggctggagtgggtctcagctattagtggtagtggtggtagcacatactacgcagactccgtgaagggccggttcaccatctccagagacaattccaagaacacgctgtatctgcaaatgaacagcctgagagccgaggacacggccgtatattactgtgcgaaagactatagtgggagctactccccctttgactactggggccaaggaaccctggtcaccgtctcctca	IGHV3-23	IGHD1-26	IGHJ4	tgtgcgaaagactatagtgggagctactccccctttgactactgg	3	5.21838960496791e-05
caggttcagctggtgcagtctggagctgaggtgaagaagcctggggcctcagtgaaggtctcctgcaaggcttctggttacacctttaccagctatggtatcagctgggtgcgacaggcccctggacaagggcttgagtggatgggatggatcagcgcttacaatggtaacacaaactatgcacagaagctccagggcagagtcaccatgaccacagacacatccacgagcacagcctacatggagctgaggagcctgagatctgacgacacggccgtgtattactgtgcgagagaagtagcagcagctggtaactactttgactactggggccaaggaaccctggtcaccgtctcctca	IGHV1-18	IGHD6-13	IGHJ4	tgtgcgagagaagtagcagcagctggtaactactttgactactgg	3	5.21838960496791e-05
gaggtgcagctgttggagtctgggggaggcttggtacagcctggggggtccctgagactctcctgtgcagcctctggattcacctttagcagctatgccatgagctgggtccgccaggctccagggaaggggctggagtgggtctcagctattagtggtagtggtggtagcacatactacgcagactccgtgaagggccggttcaccatctccagagacaattccaagaacacgctgtatctgcaaatgaacagcctgagagccgaggacacggccgtatattactgtgcgaaagttaatagcagtggctgggggtactttgactactggggccaaggaaccctggtcaccgtctcctca	IGHV3-23	IGHD6-19	IGHJ4	tgtgcgaaagttaatagcagtggctgggggtactttgactactgg	3	5.21838960496791e-05
caggtgcagctggtgcagtctggggctgaggtgaagaagcctggggcctcagtgaaggtctcctgcaaggcttctggatacaccttcaccggctactatatgcactgggtgcgacaggcccctggacaagggcttgagtggatgggacggatcaaccctaacagtggtggcacaaactatgcacagaagtttcagggcagggtcaccagtaccagggacacgtccatcagcacagcctacatggagctgagcaggctgagatctgacgacacggtcgtgtattactgtgcgagagagggggcttactggtacttcgatctctggggccgtggcaccctggtcactgtctcctca	IGHV1-2	IGHD4-23	IGHJ2	tgtgcgagagagggggcttactggtacttcgatctctgg	3	5.21838960496791e-05
gaggtgcagctggtggagtctggaggaggcttgatccagcctggggggtccctgagactctcctgtgcagcctctgggttcaccgtcagtagcaactacatgagctgggtccgccaggctccagggaaggggctggagtgggtctcagttatttatagcggtggtagcacatactacgcagactccgtgaagggccgattcaccatctccagagacaattccaagaacacgctgtatcttcaaatgaacagcctgagagccgaggacacggccgtgtattactgtgcgagagacggtattactatggttcgggcctttgactactggggccaaggaaccctggtcaccgtctcctca	IGHV3-53	IGHD3-10	IGHJ4	tgtgcgagagacggtattactatggttcgggcctttgactactgg	3	5.21838960496791e-05
gaggtgcagctggtggagtctgggggaggtgtggtacggcctggggggtccctgagactctcctgtgcagcctctggattcacctttgatgattatggcatgagctgggtccgccaagctccagggaaggggctggagtgggtctctggtattaattggaatggtggtagcacaggttatgcagactctgtgaagggccgattcaccatctccagagacaacgccaagaactccctgtatctgcaaatgaacagtctgagagccgaggacacggccttgtatcactgtgcgagagatggaaccagagatggctcttttgactactggggccaaggaaccctggtcaccgtctcctca	IGHV3-20	IGHD5-24	IGHJ4	tgtgcgagagatggaaccagagatggctcttttgactactgg	3	5.21838960496791e-05
caggtgcagctacagcagtggggcgcaggactgttgaagccttcggagaccctgtccctcacctgcgctgtctatggtgggtccttcagtggttactactggagctggatccgccagcccccagggaaggggctggagtggattggggaaatcaatcatagtggaagcaccaactacaacccgtccctcaagagtcgagtcaccatatcagtagacacgtccaagaaccagttctccctgaagctgagctctgtgaccgccgcggacacggctgtgtattactgtgcgagaggaagagcgcagtggctgtactactttgactactggggccaaggaaccctggtcaccgtctcctca	IGHV4-34	IGHD6-19	IGHJ4	tgtgcgagaggaagagcgcagtggctgtactactttgactactgg	3	5.21838960496791e-05
gaggtgcagctgttggagtctgggggaggcttggtacagcctggggggtccctgagactctcctgtgcagcctctggattcacctttagcagctatgccatgagctgggtccgccaggctccagggaaggggctggagtgggtctcagctattagtggtagtggtggtagcacatactacgcagactccgtgaagggccggttcaccatctccagagacaattccaagaacacgctgtatctgcaaatgaacagcctgagagccgaggacacggccgtatattactgtgcggtccctcactacggtgactaccactactttgactactggggccaaggaaccctggtcaccgtctcctca	IGHV3-23	IGHD4-17	IGHJ4	tgtgcggtccctcactacggtgactaccactactttgactactgg	3	5.21838960496791e-05
caggtcaccttgagggagtctggtcctgcgctggtgaaacccacacagaccctcacactgacctgcaccttctctgggttctcactcagcactagtggaatgtgtgtgagctggatccgtcagcccccagggaaggccctggagtggcttgcactcattgattgggatgatgataaatactacagcacatctctgaagaccaggctcaccatctccaaggacacctccaaaaaccaggtggtccttacaatgaccaacatggaccctgtggacacagccacgtattactgtgcacggatacgatggctacaattacggtttgactactggggccaaggaaccctggtcaccgtctcctca	IGHV2-70	IGHD5-24	IGHJ4	tgtgcacggatacgatggctacaattacggtttgactactgg	3	5.21838960496791e-05
caggtgcagctggtgcagtctggggctgaggtgaagaagcctggggcctcagtgaaggtctcctgcaaggcttctggatacaccttcaccggctactatatgcactgggtgcgacaggcccctggacaagggcttgagtggatgggacggatcaaccctaacagtggtggcacaaactatgcacagaagtttcagggcagggtcaccagtaccagggacacgtccatcagcacagcctacatggagctgagcaggctgagatctgacgacacggtcgtgtattactgtgcgagagatgcagtggctggggactgctttgactactggggccaaggaaccctggtcaccgtctcctca	IGHV1-2	IGHD6-19	IGHJ4	tgtgcgagagatgcagtggctggggactgctttgactactgg	3	5.21838960496791e-05
gaggtgcagctgttggagtctgggggaggcttggtacagcctggggggtccctgagactctcctgtgcagcctctggattcacctttagcagctatgccatgagctgggtccgccaggctccagggaaggggctggagtgggtctcagctattagtggtagtggtggtagcacatactacgcagactccgtgaagggccggttcaccatctccagagacaattccaagaacacgctgtatctgcaaatgaacagcctgagagccgaggacacggccgtatattactgtgcgaaagcgggggggcagtggctggtacgctttgactactggggccaaggaaccctggtcaccgtctcctca	IGHV3-23	IGHD6-19	IGHJ4	tgtgcgaaagcgggggggcagtggctggtacgctttgactactgg	3	5.21838960496791e-05
caggttcagctggtgcagtctggagctgaggtgaagaagcctggggcctcagtgaaggtctcctgcaaggcttctggttacacctttaccagctatggtatcagctgggtgcgacaggcccctggacaagggcttgagtggatgggatggatcagcgcttacaatggtaacacaaactatgcacagaagctccagggcagagtcaccatgaccacagacacatccacgagcacagcctacatggagctgaggagcctgagatctgacgacacggccgtgtattactgtgcgagaggggagggggagctactacgtgcttttgatgtctggggccaagggacaatggtcaccgtctcttca	IGHV1-18	IGHD1-26	IGHJ3	tgtgcgagaggggagggggagctactacgtgcttttgatgtctgg	3	5.21838960496791e-05
caggtgcagctggtgcagtctggggctgaggtgaagaagcctgggtcctcggtgaaggtctcctgcaaggcttctggaggcaccttcagcagctatgctatcagctgggtgcgacaggcccctggacaagggcttgagtggatgggagggatcatccctatctttggtacagcaaactacgcacagaagttccagggcagagtcacgattaccgcggacgaatccacgagcacagcctacatggagctgagcagcctgagatctgaggacacggccgtgtattactgtgcgagtcgggggtatagcagccactttgactactggggccaaggaaccctggtcaccgtctcctca	IGHV1-69	IGHD6-13	IGHJ4	tgtgcgagtcgggggtatagcagccactttgactactgg	3	5.21838960496791e-05
gaggtgcagctggtgcagtctggagcagaggtgaaaaagcccggggagtctctgaagatctcctgtaagggttctggatacagctttaccagctactggatcggctgggtgcgccagatgcccgggaaaggcctggagtggatggggatcatctatcctggtgactctgataccagatacagcccgtccttccaaggccaggtcaccatctcagccgacaagtccatcagcaccgcctacctgcagtggagcagcctgaaggcctcggacaccgccatgtattactgtgcgagacatttagcagtggctggtccctttgactactggggccaaggaaccctggtcaccgtctcctca	IGHV5-51	IGHD6-19	IGHJ4	tgtgcgagacatttagcagtggctggtccctttgactactgg	3	5.21838960496791e-05
caggtgcagctggtgcagtctggggctgaggtgaagaagcctggggcctcagtgaaggtctcctgcaaggcttctggatacaccttcaccggctactatatgcactgggtgcgacaggcccctggacaagggcttgagtggatgggacggatcaaccctaacagtggtggcacaaactatgcacagaagtttcagggcagggtcaccagtaccagggacacgtccatcagcacagcctacatggagctgagcaggctgagatctgacgacacggtcgtgtattactgtgcgagagaggggtgggagctactacgttactttgactactggggccaaggaaccctggtcaccgtctcctca	IGHV1-2	IGHD1-26	IGHJ4	tgtgcgagagaggggtgggagctactacgttactttgactactgg	3	5.21838960496791e-05
gaggtgcagctgttggagtctgggggaggcttggtacagcctggggggtccctgagactctcctgtgcagcctctggattcacctttagcagctatgccatgagctgggtccgccaggctccagggaaggggctggagtgggtctcagctattagtggtagtggtggtagcacatactacgcagactccgtgaagggccggttcaccatctccagagacaattccaagaacacgctgtatctgcaaatgaacagcctgagagccgaggacacggccgtatattactgtgcgaaagaagggggtctaactggggaatttgactactggggccaaggaaccctggtcaccgtctcctca	IGHV3-23	IGHD7-27	IGHJ4	tgtgcgaaagaagggggtctaactggggaatttgactactgg	3	5.21838960496791e-05
gaggtgcagctggtggagtctggaggaggcttgatccagcctggggggtccctgagactctcctgtgcagcctctgggttcaccgtcagtagcaactacatgagctgggtccgccaggctccagggaaggggctggagtgggtctcagttatttatagcggtggtagcacatactacgcagactccgtgaagggccgattcaccatctccagagacaattccaagaacacgctgtatcttcaaatgaacagcctgagagccgaggacacggccgtgtattactgtgcgagagaaggagaactgggccactactttgactactggggccaaggaaccctggtcaccgtctcctca	IGHV3-53	IGHD7-27	IGHJ4	tgtgcgagagaaggagaactgggccactactttgactactgg	3	5.21838960496791e-05
gaggtgcagctggtggagtctgggggaggcttggtacagccagggcggtccctgagactctcctgtacagcttctggattcacctttggtgattatgctatgagctggttccgccaggctccagggaaggggctggagtgggtaggtttcattagaagcaaagcttatggtgggacaacagaatacaccgcgtctgtgaaaggcagattcaccatctcaagagatggttccaaaagcatcgcctatctgcaaatgaacagcctgaaaaccgaggacacagccgtgtattactgtactagagagactggaacgcagtactactttgactactggggccaaggaaccctggtcaccgtctcctca	IGHV3-49	IGHD1-1	IGHJ4	tgtactagagagactggaacgcagtactactttgactactgg	3	5.21838960496791e-05
gaggtgcagctggtggagtccgggggaggcttagttcagcctggggggtccctgagactctcctgtgcagcctctggattcaccttcagtagctactggatgcactgggtccgccaagctccagggaaggggctggtgtgggtctcacgtattaatagtgatgggagtagcacaagctacgcggactccgtgaagggccgattcaccatctccagagacaacgccaagaacacgctgtatctgcaaatgaacagtctgagagccgaggacacggctgtgtattactgtgcaatcgtagctgctactccaaggtactttgactactggggccaaggaaccctggtcaccgtctcctca	IGHV3-74	IGHD2-15	IGHJ4	tgtgcaatcgtagctgctactccaaggtactttgactactgg	3	5.21838960496791e-05
caggtgcagctggtggagtctgggggaggcttggtcaagcctggagggtccctgagactctcctgtgcagcctctggattcaccttcagtgactactacatgagctggatccgccaggctccagggaaggggctggagtgggtttcatacattagtagtagtggtagtaccatatactacgcagactctgtgaagggccgattcaccatctccagggacaacgccaagaactcactgtatctgcaaatgaacagcctgagagccgaggacacggccgtgtattactgtgcgagagaagcggctaagggcaactggttcgactcctggggccaaggaaccctggtcaccgtctcctca	IGHV3-11	IGHD6-25	IGHJ5	tgtgcgagagaagcggctaagggcaactggttcgactcctgg	3	5.21838960496791e-05
gaggtgcagctggtggagtctggaggaggcttgatccagcctggggggtccctgagactctcctgtgcagcctctgggttcaccgtcagtagcaactacatgagctgggtccgccaggctccagggaaggggctggagtgggtctcagttatttatagcggtggtagcacatactacgcagactccgtgaagggccgattcaccatctccagagacaattccaagaacacgctgtatcttcaaatgaacagcctgagagccgaggacacggccgtgtattactgtgcgagagatcagtatagcagtggctggtaccccgactactggggccaaggaaccctggtcaccgtctcctca	IGHV3-53	IGHD6-19	IGHJ4	tgtgcgagagatcagtatagcagtggctggtaccccgactactgg	3	5.21838960496791e-05
caggtgcagctggtgcagtctggggctgaggtgaagaagcctgggtcctcggtgaaggtctcctgcaaggcttctggaggcaccttcagcagctatgctatcagctgggtgcgacaggcccctggacaagggcttgagtggatgggagggatcatccctatctttggtacagcaaactacgcacagaagttccagggcagagtcacgattaccgcggacgaatccacgagcacagcctacatggagctgagcagcctgagatctgaggacacggccgtgtattactgtgcgagatcctggaactacgcttactttgactactggggccaaggaaccctggtcaccgtctcctca	IGHV1-69	IGHD1-7	IGHJ4	tgtgcgagatcctggaactacgcttactttgactactgg	3	5.21838960496791e-05
gaggtgcagctgttggagtctgggggaggcttggtacagcctggggggtccctgagactctcctgtgcagcctctggattcacctttagcagctatgccatgagctgggtccgccaggctccagggaaggggctggagtgggtctcagctattagtggtagtggtggtagcacatactacgcagactccgtgaagggccggttcaccatctccagagacaattccaagaacacgctgtatctgcaaatgaacagcctgagagccgaggacacggccgtatattactgtgcgaaagagaaggtagagatggctacaattaccgactcctggggccaaggaaccctggtcaccgtctcctca	IGHV3-23	IGHD5-24	IGHJ5	tgtgcgaaagagaaggtagagatggctacaattaccgactcctgg	3	5.21838960496791e-05
caggtgcagctacagcagtggggcgcaggactgttgaagccttcggagaccctgtccctcacctgcgctgtctatggtgggtccttcagtggttactactggagctggatccgccagcccccagggaaggggctggagtggattggggaaatcaatcatagtggaagcaccaactacaacccgtccctcaagagtcgagtcaccatatcagtagacacgtccaagaaccagttctccctgaagctgagctctgtgaccgccgcggacacggctgtgtattactgtgaagtggtggtgattgctattcctctctttgactactggggccaaggaaccctggtcaccgtctcctca	IGHV4-34	IGHD2-21	IGHJ4	tgtgaagtggtggtgattgctattcctctctttgactactgg	3	5.21838960496791e-05
caggtgcagctggtgcagtctggggctgaggtgaagaagcctgggtcctcggtgaaggtctcctgcaaggcttctggaggcaccttcagcagctatgctatcagctgggtgcgacaggcccctggacaagggcttgagtggatgggagggatcatccctatctttggtacagcaaactacgcacagaagttccagggcagagtcacgattaccgcggacgaatccacgagcacagcctacatggagctgagcagcctgagatctgaggacacggccgtgtattactgtgcgagtgggggtataaccggaaccacatactttgactactggggccaaggaaccctggtcaccgtctcctca	IGHV1-69	IGHD1-14	IGHJ4	tgtgcgagtgggggtataaccggaaccacatactttgactactgg	2	3.47892640331194e-05
caggttcagctggtgcagtctggagctgaggtgaagaagcctggggcctcagtgaaggtctcctgcaaggcttctggttacacctttaccagctatggtatcagctgggtgcgacaggcccctggacaagggcttgagtggatgggatggatcagcgcttacaatggtaacacaaactatgcacagaagctccagggcagagtcaccatgaccacagacacatccacgagcacagcctacatggagctgaggagcctgagatctgacgacacggccgtgtattactgtgcgagagaggctacggtgactatcttatacttccagcactggggccagggcaccctggtcaccgtctcctca	IGHV1-18	IGHD4-17	IGHJ1	tgtgcgagagaggctacggtgactatcttatacttccagcactgg	2	3.47892640331194e-05
caggtgcagctacagcagtggggcgcaggactgttgaagccttcggagaccctgtccctcacctgcgctgtctatggtgggtccttcagtggttactactggagctggatccgccagcccccagggaaggggctggagtggattggggaaatcaatcatagtggaagcaccaactacaacccgtccctcaagagtcgagtcaccatatcagtagacacgtccaagaaccagttctccctgaagctgagctctgtgaccgccgcggacacggctgtgtattactgtgcgagagtgggagctactgtgggctttgactactggggccaaggaaccctggtcaccgtctcctca	IGHV4-34	IGHD1-26	IGHJ4	tgtgcgagagtgggagctactgtgggctttgactactgg	2	3.47892640331194e-05
gaggtgcagctggtggagtctgggggaggcttggtacagccagggcggtccctgagactctcctgtacagcttctggattcacctttggtgattatgctatgagctggttccgccaggctccagggaaggggctggagtgggtaggtttcattagaagcaaagcttatggtgggacaacagaatacaccgcgtctgtgaaaggcagattcaccatctcaagagatggttccaaaagcatcgcctatctgcaaatgaacagcctgaaaaccgaggacacagccgtgtattactgtactagagtcgtgggagctactacctttgactactggggccaaggaaccctggtcaccgtctcctca	IGHV3-49	IGHD1-26	IGHJ4	tgtactagagtcgtgggagctactacctttgactactgg	2	3.47892640331194e-05
gaggtgcagctgttggagtctgggggaggcttggtacagcctggggggtccctgagactctcctgtgcagcctctggattcacctttagcagctatgccatgagctgggtccgccaggctccagggaaggggctggagtgggtctcagctattagtggtagtggtggtagcacatactacgcagactccgtgaagggccggttcaccatctccagagacaattccaagaacacgctgtatctgcaaatgaacagcctgagagccgaggacacggccgtatattactgtgcgaaagatctatggttcggggagttatactttgactactggggccaaggaaccctggtcaccgtctcctca	IGHV3-23	IGHD3-10	IGHJ4	tgtgcgaaagatctatggttcggggagttatactttgactactgg	2	3.47892640331194e-05
gaggtgcagctgttggagtctgggggaggcttggtacagcctggggggtccctgagactctcctgtgcagcctctggattcacctttagcagctatgccatgagctgggtccgccaggctccagggaaggggctggagtgggtctcagctattagtggtagtggtggtagcacatactacgcagactccgtgaagggccggttcaccatctccagagacaattccaagaacacgctgtatctgcaaatgaacagcctgagagccgaggacacggccgtatattactgtgcgaaagaccatatagcagcagctggtactgatgtctggggccaagggacaatggtcaccgtctcttca	IGHV3-23	IGHD6-13	IGHJ3	tgtgcgaaagaccatatagcagcagctggtactgatgtctgg	2	3.47892640331194e-05
gaggtgcagctggtggagtccgggggaggcttagttcagcctggggggtccctgagactctcctgtgcagcctctggattcaccttcagtagctactggatgcactgggtccgccaagctccagggaaggggctggtgtgggtctcacgtattaatagtgatgggagtagcacaagctacgcggactccgtgaagggccgattcaccatctccagagacaacgccaagaacacgctgtatctgcaaatgaacagtctgagagccgaggacacggctgtgtattactgtgcaagagatcccctactacgggactactttgactactggggccaaggaaccctggtcaccgtctcctca	IGHV3-74	IGHD4-17	IGHJ4	tgtgcaagagatcccctactacgggactactttgactactgg	2	3.47892640331194e-05
gaggtgcagctggtgcagtctggagcagaggtgaaaaagcccggggagtctctgaagatctcctgtaagggttctggatacagctttaccagctactggatcggctgggtgcgccagatgcccgggaaaggcctggagtggatggggatcatctatcctggtgactctgataccagatacagcccgtccttccaaggccaggtcaccatctcagccgacaagtccatcagcaccgcctacctgcagtggagcagcctgaaggcctcggacaccgccatgtattactgtgcgagacaggtgttcggggagtttgatgcttttgatgtctggggccaagggacaatggtcaccgtctcttca	IGHV5-51	IGHD3-10	IGHJ3	tgtgcgagacaggtgttcggggagtttgatgcttttgatgtctgg	2	3.47892640331194e-05
caggtgcagctacagcagtggggcgcaggactgttgaagccttcggagaccctgtccctcacctgcgctgtctatggtgggtccttcagtggttactactggagctggatccgccagcccccagggaaggggctggagtggattggggaaatcaatcatagtggaagcaccaactacaacccgtccctcaagagtcgagtcaccatatcagtagacacgtccaagaaccagttctccctgaagctgagctctgtgaccgccgcggacacggctgtgtattactgtgcgagagtattcccaagactacggccctactttgactactggggccaaggaaccctggtcaccgtctcctca	IGHV4-34	IGHD4-17	IGHJ4	tgtgcgagagtattcccaagactacggccctactttgactactgg	2	3.47892640331194e-05
gaggtgcagctgttggagtctgggggaggcttggtacagcctggggggtccctgagactctcctgtgcagcctctggattcacctttagcagctatgccatgagctgggtccgccaggctccagggaaggggctggagtgggtctcagctattagtggtagtggtggtagcacatactacgcagactccgtgaagggccggttcaccatctccagagacaattccaagaacacgctgtatctgcaaatgaacagcctgagagccgaggacacggccgtatattactgtgcgaaagaaggtatagtgggagctactacctttgactactggggccaaggaaccctggtcaccgtctcctca	IGHV3-23	IGHD1-26	IGHJ4	tgtgcgaaagaaggtatagtgggagctactacctttgactactgg	2	3.47892640331194e-05
caggtgcagctggtgcagtctggggctgaggtgaagaagcctggggcctcagtgaaggtctcctgcaaggcttctggatacaccttcaccagttatgatatcaactgggtgcgacaggccactggacaagggcttgagtggatgggatggatgaaccctaacagtggtaacacaggctatgcacagaagttccagggcagagtcaccatgaccaggaacacctccataagcacagcctacatggagctgagcagcctgagatctgaggacacggccgtgtattactgtgcgagagccccttgtatagcagcctggttcgactcctggggccaaggaaccctggtcaccgtctcctca	IGHV1-8	IGHD6-13	IGHJ5	tgtgcgagagccccttgtatagcagcctggttcgactcctgg	2	3.47892640331194e-05
gaggtgcagctggtggagtctgggggaggcttggtaaagcctggggggtcccttagactctcctgtgcagcctctggattcactttcagtaacgcctggatgagctgggtccgccaggctccagggaaggggctggagtgggttggccgtattaaaagcaaaactgatggtgggacaacagactacgctgcacccgtgaaaggcagattcaccatctcaagagatgattcaaaaaacacgctgtatctgcaaatgaacagcctgaaaaccgaggacacagccgtgtattactgtaccactcttgactacggtgactacccggacttccagcactggggccagggcaccctggtcaccgtctcctca	IGHV3-15	IGHD4-17	IGHJ1	tgtaccactcttgactacggtgactacccggacttccagcactgg	2	3.47892640331194e-05
gaggtgcagctgttggagtctgggggaggcttggtacagcctggggggtccctgagactctcctgtgcagcctctggattcacctttagcagctatgccatgagctgggtccgccaggctccagggaaggggctggagtgggtctcagctattagtggtagtggtggtagcacatactacgcagactccgtgaagggccggttcaccatctccagagacaattccaagaacacgctgtatctgcaaatgaacagcctgagagccgaggacacggccgtatattactgtgcgaaagatccctcagcagtggcctttgactactggggccaaggaaccctggtcaccgtctcctca	IGHV3-23	IGHD6-19	IGHJ4	tgtgcgaaagatccctcagcagtggcctttgactactgg	2	3.47892640331194e-05
caggtgcagctggtgcagtctggggctgaggtgaagaagcctgggtcctcggtgaaggtctcctgcaaggcttctggaggcaccttcagcagctatgctatcagctgggtgcgacaggcccctggacaagggcttgagtggatgggagggatcatccctatctttggtacagcaaactacgcacagaagttccagggcagagtcacgattaccgcggacgaatccacgagcacagcctacatggagctgagcagcctgagatctgaggacacggccgtgtattactgtgcgagagagagctactacacggctgaatacttccagcactggggccagggcaccctggtcaccgtctcctca	IGHV1-69	IGHD1-26	IGHJ1	tgtgcgagagagagctactacacggctgaatacttccagcactgg	2	3.47892640331194e-05
gaggtgcagctgttggagtctgggggaggcttggtacagcctggggggtccctgagactctcctgtgcagcctctggattcacctttagcagctatgccatgagctgggtccgccaggctccagggaaggggctggagtgggtctcagctattagtggtagtggtggtagcacatactacgcagactccgtgaagggccggttcaccatctccagagacaattccaagaacacgctgtatctgcaaatgaacagcctgagagccgaggacacggccgtatattactgtgcgaaagaagcagtggctggtacggcgttcgactcctggggccaaggaaccctggtcaccgtctcctca	IGHV3-23	IGHD6-19	IGHJ5	tgtgcgaaagaagcagtggctggtacggcgttcgactcctgg	2	3.47892640331194e-05
caggtgcagctggtggagtctgggggaggcttggtcaagcctggagggtccctgagactctcctgtgcagcctctggattcaccttcagtgactactacatgagctggatccgccaggctccagggaaggggctggagtgggtttcatacattagtagtagtggtagtaccatatactacgcagactctgtgaagggccgattcaccatctccagggacaacgccaagaactcactgtatctgcaaatgaacagcctgagagccgaggacacggccgtgtattactgtgcgaggggtatagcagtggctggttttgactactggggccaaggaaccctggtcaccgtctcctca	IGHV3-11	IGHD6-19	IGHJ4	tgtgcgaggggtatagcagtggctggttttgactactgg	2	3.47892640331194e-05
caggtgcagctggtgcagtctggggctgaggtgaagaagcctggggcctcagtgaaggtctcctgcaaggcttctggatacaccttcaccggctactatatgcactgggtgcgacaggcccctggacaagggcttgagtggatgggacggatcaaccctaacagtggtggcacaaactatgcacagaagtttcagggcagggtcaccagtaccagggacacgtccatcagcacagcctacatggagctgagcaggctgagatctgacgacacggtcgtgtattactgtgttgggggtattactatggttcgggtcgactcctggggccaaggaaccctggtcaccgtctcctca	IGHV1-2	IGHD3-10	IGHJ5	tgtgttgggggtattactatggttcgggtcgactcctgg	2	3.47892640331194e-05
caggtgcagctggtgcagtctggggctgaggtgaagaagcctgggtcctcggtgaaggtctcctgcaaggcttctggaggcaccttcagcagctatgctatcagctgggtgcgacaggcccctggacaagggcttgagtggatgggagggatcatccctatctttggtacagcaaactacgcacagaagttccagggcagagtcacgattaccgcggacgaatccacgagcacagcctacatggagctgagcagcctgagatctgaggacacggccgtgtattactgtgcgagagaggaagtgggaagatactttgactactggggccaaggaaccctggtcaccgtctcctca	IGHV1-69	IGHD7-27	IGHJ4	tgtgcgagagaggaagtgggaagatactttgactactgg	2	3.47892640331194e-05
caggtgcagctggtgcagtctggggctgaggtgaagaagcctggggcctcagtgaaggtctcctgcaaggcttctggatacaccttcaccggctactatatgcactgggtgcgacaggcccctggacaagggcttgagtggatgggacggatcaaccctaacagtggtggcacaaactatgcacagaagtttcagggcagggtcaccagtaccagggacacgtccatcagcacagcctacatggagctgagcaggctgagatctgacgacacggtcgtgtattactgtgcgagagaggggagggtgaagggctttgactactggggccaaggaaccctggtcaccgtctcctca	IGHV1-2	IGHD4-23	IGHJ4	tgtgcgagagaggggagggtgaagggctttgactactgg	2	3.47892640331194e-05
gaggtgcagctggtgcagtctggagcagaggtgaaaaagcccggggagtctctgaagatctcctgtaagggttctggatacagctttaccagctactggatcggctgggtgcgccagatgcccgggaaaggcctggagtggatggggatcatctatcctggtgactctgataccagatacagcccgtccttccaaggccaggtcaccatctcagccgacaagtccatcagcaccgcctacctgcagtggagcagcctgaaggcctcggacaccgccatgtattactgtgcgagaccagtggctggtacgtactactttgactactggggccaaggaaccctggtcaccgtctcctca	IGHV5-51	IGHD6-19	IGHJ4	tgtgcgagaccagtggctggtacgtactactttgactactgg	2	3.47892640331194e-05
gaggtgcagctggtggagtctgggggaggcttggtaaagcctggggggtcccttagactctcctgtgcagcctctggattcactttcagtaacgcctggatgagctgggtccgccaggctccagggaaggggctggagtgggttggccgtattaaaagcaaaactgatggtgggacaacagactacgctgcacccgtgaaaggcagattcaccatctcaagagatgattcaaaaaacacgctgtatctgcaaatgaacagcctgaaaaccgaggacacagccgtgtattactgtaccacagattacagctcgtcctactttgactactggggccaaggaaccctggtcaccgtctcctca	IGHV3-15	IGHD6-6	IGHJ4	tgtaccacagattacagctcgtcctactttgactactgg	2	3.47892640331194e-05
gaggtgcagctggtgcagtctggagcagaggtgaaaaagcccggggagtctctgaagatctcctgtaagggttctggatacagctttaccagctactggatcggctgggtgcgccagatgcccgggaaaggcctggagtggatggggatcatctatcctggtgactctgataccagatacagcccgtccttccaaggccaggtcaccatctcagccgacaagtccatcagcaccgcctacctgcagtggagcagcctgaaggcctcggacaccgccatgtattactgtgcgagagtgggagctactacgggctactttgactactggggccaaggaaccctggtcaccgtctcctca	IGHV5-51	IGHD1-26	IGHJ4	tgtgcgagagtgggagctactacgggctactttgactactgg	2	3.47892640331194e-05
caggtgcagctacagcagtggggcgcaggactgttgaagccttcggagaccctgtccctcacctgcgctgtctatggtgggtccttcagtggttactactggagctggatccgccagcccccagggaaggggctggagtggattggggaaatcaatcatagtggaagcaccaactacaacccgtccctcaagagtcgagtcaccatatcagtagacacgtccaagaaccagttctccctgaagctgagctctgtgaccgccgcggacacggctgtgtattactgtgcgagaggtcatagcagctcggtctggttcgactcctggggccaaggaaccctggtcaccgtctcctca	IGHV4-34	IGHD6-6	IGHJ5	tgtgcgagaggtcatagcagctcggtctggttcgactcctgg	2	3.47892640331194e-05
caggtgcagctggtggagtctgggggaggcttggtcaagcctggagggtccctgagactctcctgtgcagcctctggattcaccttcagtgactactacatgagctggatccgccaggctccagggaaggggctggagtgggtttcatacattagtagtagtggtagtaccatatactacgcagactctgtgaagggccgattcaccatctccagggacaacgccaagaactcactgtatctgcaaatgaacagcctgagagccgaggacacggccgtgtattactgtgcgagagagttacgtttgggggacaactggttcgactcctggggccaaggaaccctggtcaccgtctcctca	IGHV3-11	IGHD3-16	IGHJ5	tgtgcgagagagttacgtttgggggacaactggttcgactcctgg	2	3.47892640331194e-05
caggtgcagctggtggagtctgggggaggcttggtcaagcctggagggtccctgagactctcctgtgcagcctctggattcaccttcagtgactactacatgagctggatccgccaggctccagggaaggggctggagtgggtttcatacattagtagtagtggtagtaccatatactacgcagactctgtgaagggccgattcaccatctccagggacaacgccaagaactcactgtatctgcaaatgaacagcctgagagccgaggacacggccgtgtattactgtgcgagagagggctgggagctacacgactactttgactactggggccaaggaaccctggtcaccgtctcctca	IGHV3-11	IGHD1-26	IGHJ4	tgtgcgagagagggctgggagctacacgactactttgactactgg	2	3.47892640331194e-05
caggttcagctggtgcagtctggagctgaggtgaagaagcctggggcctcagtgaaggtctcctgcaaggcttctggttacacctttaccagctatggtatcagctgggtgcgacaggcccctggacaagggcttgagtggatgggatggatcagcgcttacaatggtaacacaaactatgcacagaagctccagggcagagtcaccatgaccacagacacatccacgagcacagcctacatggagctgaggagcctgagatctgacgacacggccgtgtattactgtgcgagagatgggagctaccccgggttcgactcctggggccaaggaaccctggtcaccgtctcctca	IGHV1-18	IGHD1-26	IGHJ5	tgtgcgagagatgggagctaccccgggttcgactcctgg	2	3.47892640331194e-05
gaggtgcagctggtggagtctgggggaggcttggtaaagcctggggggtcccttagactctcctgtgcagcctctggattcactttcagtaacgcctggatgagctgggtccgccaggctccagggaaggggctggagtgggttggccgtattaaaagcaaaactgatggtgggacaacagactacgctgcacccgtgaaaggcagattcaccatctcaagagatgattcaaaaaacacgctgtatctgcaaatgaacagcctgaaaaccgaggacacagccgtgtattactgtaccacaagcagcagctggtactactttgactactggggccaaggaaccctggtcaccgtctcctca	IGHV3-15	IGHD6-13	IGHJ4	tgtaccacaagcagcagctggtactactttgactactgg	2	3.47892640331194e-05
caggttcagctggtgcagtctggagctgaggtgaagaagcctggggcctcagtgaaggtctcctgcaaggcttctggttacacctttaccagctatggtatcagctgggtgcgacaggcccctggacaagggcttgagtggatgggatggatcagcgcttacaatggtaacacaaactatgcacagaagctccagggcagagtcaccatgaccacagacacatccacgagcacagcctacatggagctgaggagcctgagatctgacgacacggccgtgtattactgtgcgagagaccctagcagcagctactactttgactactggggccaaggaaccctggtcaccgtctcctca	IGHV1-18	IGHD6-13	IGHJ4	tgtgcgagagaccctagcagcagctactactttgactactgg	2	3.47892640331194e-05
gaggtgcagctggtggagtctgggggaggcttggtacagccagggcggtccctgagactctcctgtacagcttctggattcacctttggtgattatgctatgagctggttccgccaggctccagggaaggggctggagtgggtaggtttcattagaagcaaagcttatggtgggacaacagaatacaccgcgtctgtgaaaggcagattcaccatctcaagagatggttccaaaagcatcgcctatctgcaaatgaacagcctgaaaaccgaggacacagccgtgtattactgtactagagattcggggagttattataacgactttgactactggggccaaggaaccctggtcaccgtctcctca	IGHV3-49	IGHD3-10	IGHJ4	tgtactagagattcggggagttattataacgactttgactactgg	2	3.47892640331194e-05
gaggtgcagctggtggagtctgggggaggcttggtaaagcctggggggtcccttagactctcctgtgcagcctctggattcactttcagtaacgcctggatgagctgggtccgccaggctccagggaaggggctggagtgggttggccgtattaaaagcaaaactgatggtgggacaacagactacgctgcacccgtgaaaggcagattcaccatctcaagagatgattcaaaaaacacgctgtatctgcaaatgaacagcctgaaaaccgaggacacagccgtgtattactgtaccacagagggagatggctacagtgactttgactactggggccaaggaaccctggtcaccgtctcctca	IGHV3-15	IGHD5-24	IGHJ4	tgtaccacagagggagatggctacagtgactttgactactgg	2	3.47892640331194e-05
cagatcaccttgaaggagtctggtcctacgctggtgaaacccacacagaccctcacgctgacctgcaccttctctgggttctcactcagcactagtggagtgggtgtgggctggatccgtcagcccccaggaaaggccctggagtggcttgcactcatttattggaatgatgataagcgctacagcccatctctgaagagcaggctcaccatcaccaaggacacctccaaaaaccaggtggtccttacaatgaccaacatggaccctgtggacacagccacatattactgtgcacacagaagtatagtgggagctagctactttgactactggggccaaggaaccctggtcaccgtctcctca	IGHV2-5	IGHD1-26	IGHJ4	tgtgcacacagaagtatagtgggagctagctactttgactactgg	2	3.47892640331194e-05
cagatcaccttgaaggagtctggtcctacgctggtgaaacccacacagaccctcacgctgacctgcaccttctctgggttctcactcagcactagtggagtgggtgtgggctggatccgtcagcccccaggaaaggccctggagtggcttgcactcatttattggaatgatgataagcgctacagcccatctctgaagagcaggctcaccatcaccaaggacacctccaaaaaccaggtggtccttacaatgaccaacatggaccctgtggacacagccacatattactgtgcacacagtggtacggtgactcccaactactttgactactggggccaaggaaccctggtcaccgtctcctca	IGHV2-5	IGHD4-17	IGHJ4	tgtgcacacagtggtacggtgactcccaactactttgactactgg	2	3.47892640331194e-05
caggtgcagctggtgcagtctggggctgaggtgaagaagcctggggcctcagtgaaggtctcctgcaaggcttctggatacaccttcaccggctactatatgcactgggtgcgacaggcccctggacaagggcttgagtggatgggacggatcaaccctaacagtggtggcacaaactatgcacagaagtttcagggcagggtcaccagtaccagggacacgtccatcagcacagcctacatggagctgagcaggctgagatctgacgacacggtcgtgtattactgtgcgagagaggtattctactactacggtatggacgtctgggggcaagggaccacggtcaccgtctcctca	IGHV1-2	IGHD6-19	IGHJ6	tgtgcgagagaggtattctactactacggtatggacgtctgg	2	3.47892640331194e-05
gaggtgcagctggtggagtctgggggaggcttggtaaagcctggggggtcccttagactctcctgtgcagcctctggattcactttcagtaacgcctggatgagctgggtccgccaggctccagggaaggggctggagtgggttggccgtattaaaagcaaaactgatggtgggacaacagactacgctgcacccgtgaaaggcagattcaccatctcaagagatgattcaaaaaacacgctgtatctgcaaatgaacagcctgaaaaccgaggacacagccgtgtattactgtaccacagatatagcagcagctgagggctggttcgactcctggggccaaggaaccctggtcaccgtctcctca	IGHV3-15	IGHD6-13	IGHJ5	tgtaccacagatatagcagcagctgagggctggttcgactcctgg	2	3.47892640331194e-05
gaggtgcagctgttggagtctgggggaggcttggtacagcctggggggtccctgagactctcctgtgcagcctctggattcacctttagcagctatgccatgagctgggtccgccaggctccagggaaggggctggagtgggtctcagctattagtggtagtggtggtagcacatactacgcagactccgtgaagggccggttcaccatctccagagacaattccaagaacacgctgtatctgcaaatgaacagcctgagagccgaggacacggccgtatattactgtgcgaaagaagctggtacgcactactttgactactggggccaaggaaccctggtcaccgtctcctca	IGHV3-23	IGHD6-13	IGHJ4	tgtgcgaaagaagctggtacgcactactttgactactgg	2	3.47892640331194e-05
gaggtgcagctggtggagtctgggggaggcttggtaaagcctggggggtcccttagactctcctgtgcagcctctggattcactttcagtaacgcctggatgagctgggtccgccaggctccagggaaggggctggagtgggttggccgtattaaaagcaaaactgatggtgggacaacagactacgctgcacccgtgaaaggcagattcaccatctcaagagatgattcaaaaaacacgctgtatctgcaaatgaacagcctgaaaaccgaggacacagccgtgtattactgtaccacaggattggagcagcagcactactttgactactggggccaaggaaccctggtcaccgtctcctca	IGHV3-15	IGHD6-13	IGHJ4	tgtaccacaggattggagcagcagcactactttgactactgg	2	3.47892640331194e-05
gaggtgcagctggtggagtctgggggaggcttggtaaagcctggggggtcccttagactctcctgtgcagcctctggattcactttcagtaacgcctggatgagctgggtccgccaggctccagggaaggggctggagtgggttggccgtattaaaagcaaaactgatggtgggacaacagactacgctgcacccgtgaaaggcagattcaccatctcaagagatgattcaaaaaacacgctgtatctgcaaatgaacagcctgaaaaccgaggacacagccgtgtattactgtaccatacttgggagatggctcgacaactggttcgactcctggggccaaggaaccctggtcaccgtctcctca	IGHV3-15	IGHD5-24	IGHJ5	tgtaccatacttgggagatggctcgacaactggttcgactcctgg	2	3.47892640331194e-05
caggtgcagctggtgcagtctggggctgaggtgaagaagcctggggcctcagtgaaggtttcctgcaaggcatctggatacaccttcaccagctactatatgcactgggtgcgacaggcccctggacaagggcttgagtggatgggaataatcaaccctagtggtggtagcacaagctacgcacagaagttccagggcagagtcaccatgaccagggacacgtccacgagcacagtctacatggagctgagcagcctgagatctgaggacacggccgtgtattactgtgacggtagtagtaccagctgctatggcttccagcactggggccagggcaccctggtcaccgtctcctca	IGHV1-46	IGHD2-2	IGHJ1	tgtgacggtagtagtaccagctgctatggcttccagcactgg	2	3.47892640331194e-05
gaggtgcagctgttggagtctgggggaggcttggtacagcctggggggtccctgagactctcctgtgcagcctctggattcacctttagcagctatgccatgagctgggtccgccaggctccagggaaggggctggagtgggtctcagctattagtggtagtggtggtagcacatactacgcagactccgtgaagggccggttcaccatctccagagacaattccaagaacacgctgtatctgcaaatgaacagcctgagagccgaggacacggccgtatattactgtgcgaaagccggatactactactactacggtatggacgtctgggggcaagggaccacggtcaccgtctcctca	IGHV3-23	IGHD1-14	IGHJ6	tgtgcgaaagccggatactactactactacggtatggacgtctgg	2	3.47892640331194e-05
gaggtgcagctggtggagtctggaggaggcttgatccagcctggggggtccctgagactctcctgtgcagcctctgggttcaccgtcagtagcaactacatgagctgggtccgccaggctccagggaaggggctggagtgggtctcagttatttatagcggtggtagcacatactacgcagactccgtgaagggccgattcaccatctccagagacaattccaagaacacgctgtatcttcaaatgaacagcctgagagccgaggacacggccgtgtattactgtgcgagtctgacaagcagtggctgcttttggttcgactcctggggccaaggaaccctggtcaccgtctcctca	IGHV3-53	IGHD6-19	IGHJ5	tgtgcgagtctgacaagcagtggctgcttttggttcgactcctgg	2	3.47892640331194e-05
cagatcaccttgaaggagtctggtcctacgctggtgaaacccacacagaccctcacgctgacctgcaccttctctgggttctcactcagcactagtggagtgggtgtgggctggatccgtcagcccccaggaaaggccctggagtggcttgcactcatttattggaatgatgataagcgctacagcccatctctgaagagcaggctcaccatcaccaaggacacctccaaaaaccaggtggtccttacaatgaccaacatggaccctgtggacacagccacatattactgtgcacacagaccaagcagtggctggtactactttgactactggggccaaggaaccctggtcaccgtctcctca	IGHV2-5	IGHD6-19	IGHJ4	tgtgcacacagaccaagcagtggctggtactactttgactactgg	2	3.47892640331194e-05
gaggtgcagctggtgcagtctggagcagaggtgaaaaagcccggggagtctctgaagatctcctgtaagggttctggatacagctttaccagctactggatcggctgggtgcgccagatgcccgggaaaggcctggagtggatggggatcatctatcctggtgactctgataccagatacagcccgtccttccaaggccaggtcaccatctcagccgacaagtccatcagcaccgcctacctgcagtggagcagcctgaaggcctcggacaccgccatgtattactgtgcgagacgggagctactaccttactttgactactggggccaaggaaccctggtcaccgtctcctca	IGHV5-51	IGHD1-26	IGHJ4	tgtgcgagacgggagctactaccttactttgactactgg	2	3.47892640331194e-05
gaggtgcagctggtggagtctgggggaggcttggtaaagcctggggggtcccttagactctcctgtgcagcctctggattcactttcagtaacgcctggatgagctgggtccgccaggctccagggaaggggctggagtgggttggccgtattaaaagcaaaactgatggtgggacaacagactacgctgcacccgtgaaaggcagattcaccatctcaagagatgattcaaaaaacacgctgtatctgcaaatgaacagcctgaaaaccgaggacacagccgtgtattactgtaccacagagtatagtgggagctactttgactactggggccaaggaaccctggtcaccgtctcctca	IGHV3-15	IGHD1-26	IGHJ4	tgtaccacagagtatagtgggagctactttgactactgg	2	3.47892640331194e-05
caggtgcagctggtgcagtctggggctgaggtgaagaagcctggggcctcagtgaaggtttcctgcaaggcatctggatacaccttcaccagctactatatgcactgggtgcgacaggcccctggacaagggcttgagtggatgggaataatcaaccctagtggtggtagcacaagctacgcacagaagttccagggcagagtcaccatgaccagggacacgtccacgagcacagtctacatggagctgagcagcctgagatctgaggacacggccgtgtattactgtgcgagagacgcctatagcagtggctggcttgactactggggccaaggaaccctggtcaccgtctcctca	IGHV1-46	IGHD6-19	IGHJ4	tgtgcgagagacgcctatagcagtggctggcttgactactgg	2	3.47892640331194e-05
gaggtgcagctggtgcagtctggagcagaggtgaaaaagcccggggagtctctgaagatctcctgtaagggttctggatacagctttaccagctactggatcggctgggtgcgccagatgcccgggaaaggcctggagtggatggggatcatctatcctggtgactctgataccagatacagcccgtccttccaaggccaggtcaccatctcagccgacaagtccatcagcaccgcctacctgcagtggagcagcctgaaggcctcggacaccgccatgtattactgtgcgaggggaggcagcagctggtacccgattgactactggggccaaggaaccctggtcaccgtctcctca	IGHV5-51	IGHD6-13	IGHJ4	tgtgcgaggggaggcagcagctggtacccgattgactactgg	2	3.47892640331194e-05
gaggtgcagctggtggagtccgggggaggcttagttcagcctggggggtccctgagactctcctgtgcagcctctggattcaccttcagtagctactggatgcactgggtccgccaagctccagggaaggggctggtgtgggtctcacgtattaatagtgatgggagtagcacaagctacgcggactccgtgaagggccgattcaccatctccagagacaacgccaagaacacgctgtatctgcaaatgaacagtctgagagccgaggacacggctgtgtattactgtgcaagagagggagctaccgatttctactttgactactggggccaaggaaccctggtcaccgtctcctca	IGHV3-74	IGHD1-26	IGHJ4	tgtgcaagagagggagctaccgatttctactttgactactgg	2	3.47892640331194e-05
gaggtgcagctggtggagtctgggggaggcttggtaaagcctggggggtcccttagactctcctgtgcagcctctggattcactttcagtaacgcctggatgagctgggtccgccaggctccagggaaggggctggagtgggttggccgtattaaaagcaaaactgatggtgggacaacagactacgctgcacccgtgaaaggcagattcaccatctcaagagatgattcaaaaaacacgctgtatctgcaaatgaacagcctgaaaaccgaggacacagccgtgtattactgtaccacagacaagatggcagatgatgcttttgatgtctggggccaagggacaatggtcaccgtctcttca	IGHV3-15	IGHD5-24	IGHJ3	tgtaccacagacaagatggcagatgatgcttttgatgtctgg	2	3.47892640331194e-05
gaggtgcagctggtgcagtctggagcagaggtgaaaaagcccggggagtctctgaagatctcctgtaagggttctggatacagctttaccagctactggatcggctgggtgcgccagatgcccgggaaaggcctggagtggatggggatcatctatcctggtgactctgataccagatacagcccgtccttccaaggccaggtcaccatctcagccgacaagtccatcagcaccgcctacctgcagtggagcagcctgaaggcctcggacaccgccatgtattactgtgcgacgggccccgcagtggctggctttgactactggggccaaggaaccctggtcaccgtctcctca	IGHV5-51	IGHD6-19	IGHJ4	tgtgcgacgggccccgcagtggctggctttgactactgg	2	3.47892640331194e-05
gaggtgcagctggtgcagtctggagcagaggtgaaaaagcccggggagtctctgaagatctcctgtaagggttctggatacagctttaccagctactggatcggctgggtgcgccagatgcccgggaaaggcctggagtggatggggatcatctatcctggtgactctgataccagatacagcccgtccttccaaggccaggtcaccatctcagccgacaagtccatcagcaccgcctacctgcagtggagcagcctgaaggcctcggacaccgccatgtattactgtgcgagacatcgtatagcagcagctggttactttgactactggggccaaggaaccctggtcaccgtctcctca	IGHV5-51	IGHD6-13	IGHJ4	tgtgcgagacatcgtatagcagcagctggttactttgactactgg	2	3.47892640331194e-05
gaggtgcagctgttggagtctgggggaggcttggtacagcctggggggtccctgagactctcctgtgcagcctctggattcacctttagcagctatgccatgagctgggtccgccaggctccagggaaggggctggagtgggtctcagctattagtggtagtggtggtagcacatactacgcagactccgtgaagggccggttcaccatctccagagacaattccaagaacacgctgtatctgcaaatgaacagcctgagagccgaggacacggccgtatattactgtgcgaaagactacggtgactaccactttgactactggggccaaggaaccctggtcaccgtctcctca	IGHV3-23	IGHD4-17	IGHJ4	tgtgcgaaagactacggtgactaccactttgactactgg	2	3.47892640331194e-05
gaggtgcagctgttggagtctgggggaggcttggtacagcctggggggtccctgagactctcctgtgcagcctctggattcacctttagcagctatgccatgagctgggtccgccaggctccagggaaggggctggagtgggtctcagctattagtggtagtggtggtagcacatactacgcagactccgtgaagggccggttcaccatctccagagacaattccaagaacacgctgtatctgcaaatgaacagcctgagagccgaggacacggccgtatattactgtgcgaaacgggacggtggtaactgttggttcgactcctggggccaaggaaccctggtcaccgtctcctca	IGHV3-23	IGHD4-23	IGHJ5	tgtgcgaaacgggacggtggtaactgttggttcgactcctgg	2	3.47892640331194e-05
caggttcagctggtgcagtctggagctgaggtgaagaagcctggggcctcagtgaaggtctcctgcaaggcttctggttacacctttaccagctatggtatcagctgggtgcgacaggcccctggacaagggcttgagtggatgggatggatcagcgcttacaatggtaacacaaactatgcacagaagctccagggcagagtcaccatgaccacagacacatccacgagcacagcctacatggagctgaggagcctgagatctgacgacacggccgtgtattactgtgcgagagagggggggggtatttccgactttgactactggggccaaggaaccctggtcaccgtctcctca	IGHV1-18	IGHD6-25	IGHJ4	tgtgcgagagagggggggggtatttccgactttgactactgg	2	3.47892640331194e-05
caggtgcagctggtgcagtctggggctgaggtgaagaagcctgggtcctcggtgaaggtctcctgcaaggcttctggaggcaccttcagcagctatgctatcagctgggtgcgacaggcccctggacaagggcttgagtggatgggagggatcatccctatctttggtacagcaaactacgcacagaagttccagggcagagtcacgattaccgcggacgaatccacgagcacagcctacatggagctgagcagcctgagatctgaggacacggccgtgtattactgtgcgagagaaggggggtacgggttttcctactttgactactggggccaaggaaccctggtcaccgtctcctca	IGHV1-69	IGHD4-17	IGHJ4	tgtgcgagagaaggggggtacgggttttcctactttgactactgg	2	3.47892640331194e-05
caggtgcagctacagcagtggggcgcaggactgttgaagccttcggagaccctgtccctcacctgcgctgtctatggtgggtccttcagtggttactactggagctggatccgccagcccccagggaaggggctggagtggattggggaaatcaatcatagtggaagcaccaactacaacccgtccctcaagagtcgagtcaccatatcagtagacacgtccaagaaccagttctccctgaagctgagctctgtgaccgccgcggacacggctgtgtattactgtgcgagaggagaggggctggtacgtgatgcttttgatgtctggggccaagggacaatggtcaccgtctcttca	IGHV4-34	IGHD6-13	IGHJ3	tgtgcgagaggagaggggctggtacgtgatgcttttgatgtctgg	2	3.47892640331194e-05
caggttcagctggtgcagtctggagctgaggtgaagaagcctggggcctcagtgaaggtctcctgcaaggcttctggttacacctttaccagctatggtatcagctgggtgcgacaggcccctggacaagggcttgagtggatgggatggatcagcgcttacaatggtaacacaaactatgcacagaagctccagggcagagtcaccatgaccacagacacatccacgagcacagcctacatggagctgaggagcctgagatctgacgacacggccgtgtattactgtgcgagaatggctacaattacgtactttgactactggggccaaggaaccctggtcaccgtctcctca	IGHV1-18	IGHD5-24	IGHJ4	tgtgcgagaatggctacaattacgtactttgactactgg	2	3.47892640331194e-05
caggtgcagctggtgcagtctggggctgaggtgaagaagcctggggcctcagtgaaggtctcctgcaaggcttctggatacaccttcaccagttatgatatcaactgggtgcgacaggccactggacaagggcttgagtggatgggatggatgaaccctaacagtggtaacacaggctatgcacagaagttccagggcagagtcaccatgaccaggaacacctccataagcacagcctacatggagctgagcagcctgagatctgaggacacggccgtgtattactgtgcgagaggaagatggctaggctggttcgactcctggggccaaggaaccctggtcaccgtctcctca	IGHV1-8	IGHD5-24	IGHJ5	tgtgcgagaggaagatggctaggctggttcgactcctgg	2	3.47892640331194e-05
caggtgcagctggtgcagtctggggctgaggtgaagaagcctgggtcctcggtgaaggtctcctgcaaggcttctggaggcaccttcagcagctatgctatcagctgggtgcgacaggcccctggacaagggcttgagtggatgggagggatcatccctatctttggtacagcaaactacgcacagaagttccagggcagagtcacgattaccgcggacgaatccacgagcacagcctacatggagctgagcagcctgagatctgaggacacggccgtgtattactgtgctcagtacgatattttgactggtagggcttttgatgtctggggccaagggacaatggtcaccgtctcttca	IGHV1-69	IGHD3-9	IGHJ3	tgtgctcagtacgatattttgactggtagggcttttgatgtctgg	2	3.47892640331194e-05
caggtgcagctggtgcagtctggggctgaggtgaagaagcctgggtcctcggtgaaggtctcctgcaaggcttctggaggcaccttcagcagctatgctatcagctgggtgcgacaggcccctggacaagggcttgagtggatgggagggatcatccctatctttggtacagcaaactacgcacagaagttccagggcagagtcacgattaccgcggacgaatccacgagcacagcctacatggagctgagcagcctgagatctgaggacacggccgtgtattactgtgcgagagcccatgatattttgactggtgttgactactggggccaaggaaccctggtcaccgtctcctca	IGHV1-69	IGHD3-9	IGHJ4	tgtgcgagagcccatgatattttgactggtgttgactactgg	2	3.47892640331194e-05
cagatcaccttgaaggagtctggtcctacgctggtgaaacccacacagaccctcacgctgacctgcaccttctctgggttctcactcagcactagtggagtgggtgtgggctggatccgtcagcccccaggaaaggccctggagtggcttgcactcatttattggaatgatgataagcgctacagcccatctctgaagagcaggctcaccatcaccaaggacacctccaaaaaccaggtggtccttacaatgaccaacatggaccctgtggacacagccacatattactgtgcacacagacgtatagtggctacgtttgactactggggccaaggaaccctggtcaccgtctcctca	IGHV2-5	IGHD5-12	IGHJ4	tgtgcacacagacgtatagtggctacgtttgactactgg	2	3.47892640331194e-05
caggtgcagctggtggagtctgggggaggcttggtcaagcctggagggtccctgagactctcctgtgcagcctctggattcaccttcagtgactactacatgagctggatccgccaggctccagggaaggggctggagtgggtttcatacattagtagtagtggtagtaccatatactacgcagactctgtgaagggccgattcaccatctccagggacaacgccaagaactcactgtatctgcaaatgaacagcctgagagccgaggacacggccgtgtattactgtgcgagagaggttagcagcagctggtacgggcttgactactggggccaaggaaccctggtcaccgtctcctca	IGHV3-11	IGHD6-13	IGHJ4	tgtgcgagagaggttagcagcagctggtacgggcttgactactgg	2	3.47892640331194e-05
gaggtgcagctgttggagtctgggggaggcttggtacagcctggggggtccctgagactctcctgtgcagcctctggattcacctttagcagctatgccatgagctgggtccgccaggctccagggaaggggctggagtgggtctcagctattagtggtagtggtggtagcacatactacgcagactccgtgaagggccggttcaccatctccagagacaattccaagaacacgctgtatctgcaaatgaacagcctgagagccgaggacacggccgtatattactgtgcgaaagaccagcagctggtactaaggaactttgactactggggccaaggaaccctggtcaccgtctcctca	IGHV3-23	IGHD6-13	IGHJ4	tgtgcgaaagaccagcagctggtactaaggaactttgactactgg	2	3.47892640331194e-05
caggtccagcttgtgcagtctggggctgaggtgaagaagcctggggcctcagtgaaggtttcctgcaaggcttctggatacaccttcactagctatgctatgcattgggtgcgccaggcccccggacaaaggcttgagtggatgggatggatcaacgctggcaatggtaacacaaaatattcacagaagttccagggcagagtcaccattaccagggacacatccgcgagcacagcctacatggagctgagcagcctgagatctgaagacacggctgtgtattactgtgcgagagacggggactactggtacttcgatctctggggccgtggcaccctggtcactgtctcctca	IGHV1-3	IGHD4-17	IGHJ2	tgtgcgagagacggggactactggtacttcgatctctgg	2	3.47892640331194e-05
caggtgcagctggtgcagtctggggctgaggtgaagaagcctggggcctcagtgaaggtctcctgcaaggcttctggatacaccttcaccagttatgatatcaactgggtgcgacaggccactggacaagggcttgagtggatgggatggatgaaccctaacagtggtaacacaggctatgcacagaagttccagggcagagtcaccatgaccaggaacacctccataagcacagcctacatggagctgagcagcctgagatctgaggacacggccgtgtattactgtgcgagaggcttactagagctgtactttgactactggggccaaggaaccctggtcaccgtctcctca	IGHV1-8	IGHD2-2	IGHJ4	tgtgcgagaggcttactagagctgtactttgactactgg	2	3.47892640331194e-05
caggtgcagctggtgcagtctggggctgaggtgaagaagcctgggtcctcggtgaaggtctcctgcaaggcttctggaggcaccttcagcagctatgctatcagctgggtgcgacaggcccctggacaagggcttgagtggatgggagggatcatccctatctttggtacagcaaactacgcacagaagttccagggcagagtcacgattaccgcggacgaatccacgagcacagcctacatggagctgagcagcctgagatctgaggacacggccgtgtattactgtgggggtatagcagtggctggtaccgactactttgactactggggccaaggaaccctggtcaccgtctcctca	IGHV1-69	IGHD6-19	IGHJ4	tgtgggggtatagcagtggctggtaccgactactttgactactgg	2	3.47892640331194e-05
caggtccagcttgtgcagtctggggctgaggtgaagaagcctggggcctcagtgaaggtttcctgcaaggcttctggatacaccttcactagctatgctatgcattgggtgcgccaggcccccggacaaaggcttgagtggatgggatggatcaacgctggcaatggtaacacaaaatattcacagaagttccagggcagagtcaccattaccagggacacatccgcgagcacagcctacatggagctgagcagcctgagatctgaagacacggctgtgtattactgtggaggagatggctacaactactactttgactactggggccaaggaaccctggtcaccgtctcctca	IGHV1-3	IGHD5-24	IGHJ4	tgtggaggagatggctacaactactactttgactactgg	2	3.47892640331194e-05
caggttcagctggtgcagtctggagctgaggtgaagaagcctggggcctcagtgaaggtctcctgcaaggcttctggttacacctttaccagctatggtatcagctgggtgcgacaggcccctggacaagggcttgagtggatgggatggatcagcgcttacaatggtaacacaaactatgcacagaagctccagggcagagtcaccatgaccacagacacatccacgagcacagcctacatggagctgaggagcctgagatctgacgacacggccgtgtattactgtgcgagagatagcagtggctggtgctactttgactactggggccaaggaaccctggtcaccgtctcctca	IGHV1-18	IGHD6-19	IGHJ4	tgtgcgagagatagcagtggctggtgctactttgactactgg	2	3.47892640331194e-05
gaggtgcagctgttggagtctgggggaggcttggtacagcctggggggtccctgagactctcctgtgcagcctctggattcacctttagcagctatgccatgagctgggtccgccaggctccagggaaggggctggagtgggtctcagctattagtggtagtggtggtagcacatactacgcagactccgtgaagggccggttcaccatctccagagacaattccaagaacacgctgtatctgcaaatgaacagcctgagagccgaggacacggccgtatattactgtgcgaaagaagcagcagctgggttctcctactttgactactggggccaaggaaccctggtcaccgtctcctca	IGHV3-23	IGHD6-13	IGHJ4	tgtgcgaaagaagcagcagctgggttctcctactttgactactgg	2	3.47892640331194e-05
caggtgcagctggtgcagtctggggctgaggtgaagaagcctgggtcctcggtgaaggtctcctgcaaggcttctggaggcaccttcagcagctatgctatcagctgggtgcgacaggcccctggacaagggcttgagtggatgggagggatcatccctatctttggtacagcaaactacgcacagaagttccagggcagagtcacgattaccgcggacgaatccacgagcacagcctacatggagctgagcagcctgagatctgaggacacggccgtgtattactgtgcgagagcgggtagtggctacgatgactactttgactactggggccaaggaaccctggtcaccgtctcctca	IGHV1-69	IGHD5-12	IGHJ4	tgtgcgagagcgggtagtggctacgatgactactttgactactgg	2	3.47892640331194e-05
caggtgcagctggtgcagtctggggctgaggtgaagaagcctggggcctcagtgaaggtctcctgcaaggcttctggatacaccttcaccggctactatatgcactgggtgcgacaggcccctggacaagggcttgagtggatgggacggatcaaccctaacagtggtggcacaaactatgcacagaagtttcagggcagggtcaccagtaccagggacacgtccatcagcacagcctacatggagctgagcaggctgagatctgacgacacggtcgtgtattactgtgcgagagttagaagtgtaccctcctttgactactggggccaaggaaccctggtcaccgtctcctca	IGHV1-2	IGHD2-2	IGHJ4	tgtgcgagagttagaagtgtaccctcctttgactactgg	2	3.47892640331194e-05
caggttcagctggtgcagtctggagctgaggtgaagaagcctggggcctcagtgaaggtctcctgcaaggcttctggttacacctttaccagctatggtatcagctgggtgcgacaggcccctggacaagggcttgagtggatgggatggatcagcgcttacaatggtaacacaaactatgcacagaagctccagggcagagtcaccatgaccacagacacatccacgagcacagcctacatggagctgaggagcctgagatctgacgacacggccgtgtattactgtgcgagagaggggtatagcagcagctggtacattgactactggggccaaggaaccctggtcaccgtctcctca	IGHV1-18	IGHD6-13	IGHJ4	tgtgcgagagaggggtatagcagcagctggtacattgactactgg	2	3.47892640331194e-05
caggtgcagctggtgcagtctggggctgaggtgaagaagcctgggtcctcggtgaaggtctcctgcaaggcttctggaggcaccttcagcagctatgctatcagctgggtgcgacaggcccctggacaagggcttgagtggatgggagggatcatccctatctttggtacagcaaactacgcacagaagttccagggcagagtcacgattaccgcggacgaatccacgagcacagcctacatggagctgagcagcctgagatctgaggacacggccgtgtattactgtgcgagagatatagcagcagtcaactggttcgactcctggggccaaggaaccctggtcaccgtctcctca	IGHV1-69	IGHD6-13	IGHJ5	tgtgcgagagatatagcagcagtcaactggttcgactcctgg	2	3.47892640331194e-05
gaggtgcagctggtggagtctgggggaggcttggtacagccagggcggtccctgagactctcctgtacagcttctggattcacctttggtgattatgctatgagctggttccgccaggctccagggaaggggctggagtgggtaggtttcattagaagcaaagcttatggtgggacaacagaatacaccgcgtctgtgaaaggcagattcaccatctcaagagatggttccaaaagcatcgcctatctgcaaatgaacagcctgaaaaccgaggacacagccgtgtattactgtactagagaccagcagctggtacgggactttgactactggggccaaggaaccctggtcaccgtctcctca	IGHV3-49	IGHD6-13	IGHJ4	tgtactagagaccagcagctggtacgggactttgactactgg	2	3.47892640331194e-05
cagatcaccttgaaggagtctggtcctacgctggtgaaacccacacagaccctcacgctgacctgcaccttctctgggttctcactcagcactagtggagtgggtgtgggctggatccgtcagcccccaggaaaggccctggagtggcttgcactcatttattggaatgatgataagcgctacagcccatctctgaagagcaggctcaccatcaccaaggacacctccaaaaaccaggtggtccttacaatgaccaacatggaccctgtggacacagccacatattactgtgcacacagacggggtatagcagtgggctttgactactggggccaaggaaccctggtcaccgtctcctca	IGHV2-5	IGHD6-19	IGHJ4	tgtgcacacagacggggtatagcagtgggctttgactactgg	2	3.47892640331194e-05
caggtgcagctacagcagtggggcgcaggactgttgaagccttcggagaccctgtccctcacctgcgctgtctatggtgggtccttcagtggttactactggagctggatccgccagcccccagggaaggggctggagtggattggggaaatcaatcatagtggaagcaccaactacaacccgtccctcaagagtcgagtcaccatatcagtagacacgtccaagaaccagttctccctgaagctgagctctgtgaccgccgcggacacggctgtgtattactgtgcgagagggatgccgcttatagcagccgactttgactactggggccaaggaaccctggtcaccgtctcctca	IGHV4-34	IGHD6-19	IGHJ4	tgtgcgagagggatgccgcttatagcagccgactttgactactgg	2	3.47892640331194e-05
caggttcagctggtgcagtctggagctgaggtgaagaagcctggggcctcagtgaaggtctcctgcaaggcttctggttacacctttaccagctatggtatcagctgggtgcgacaggcccctggacaagggcttgagtggatgggatggatcagcgcttacaatggtaacacaaactatgcacagaagctccagggcagagtcaccatgaccacagacacatccacgagcacagcctacatggagctgaggagcctgagatctgacgacacggccgtgtattactgtgcgagagatcgaggggagctactacactactttgactactggggccaaggaaccctggtcaccgtctcctca	IGHV1-18	IGHD1-26	IGHJ4	tgtgcgagagatcgaggggagctactacactactttgactactgg	2	3.47892640331194e-05
caggtgcagctacagcagtggggcgcaggactgttgaagccttcggagaccctgtccctcacctgcgctgtctatggtgggtccttcagtggttactactggagctggatccgccagcccccagggaaggggctggagtggattggggaaatcaatcatagtggaagcaccaactacaacccgtccctcaagagtcgagtcaccatatcagtagacacgtccaagaaccagttctccctgaagctgagctctgtgaccgccgcggacacggctgtgtattactgtgcctataaagtgactacggtgactacctttgactactggggccaaggaaccctggtcaccgtctcctca	IGHV4-34	IGHD4-17	IGHJ4	tgtgcctataaagtgactacggtgactacctttgactactgg	2	3.47892640331194e-05
caggtgcagctggtgcagtctggggctgaggtgaagaagcctgggtcctcggtgaaggtctcctgcaaggcttctggaggcaccttcagcagctatgctatcagctgggtgcgacaggcccctggacaagggcttgagtggatgggagggatcatccctatctttggtacagcaaactacgcacagaagttccagggcagagtcacgattaccgcggacgaatccacgagcacagcctacatggagctgagcagcctgagatctgaggacacggccgtgtattactgtgcgagagatcaggtatgtttctactttgactactggggccaaggaaccctggtcaccgtctcctca	IGHV1-69	IGHD1-7	IGHJ4	tgtgcgagagatcaggtatgtttctactttgactactgg	2	3.47892640331194e-05
gaggtgcagctggtggagtctgggggaggcttggtacagccagggcggtccctgagactctcctgtacagcttctggattcacctttggtgattatgctatgagctggttccgccaggctccagggaaggggctggagtgggtaggtttcattagaagcaaagcttatggtgggacaacagaatacaccgcgtctgtgaaaggcagattcaccatctcaagagatggttccaaaagcatcgcctatctgcaaatgaacagcctgaaaaccgaggacacagccgtgtattactgtacttcagtgggagctactgtctactttgactactggggccaaggaaccctggtcaccgtctcctca	IGHV3-49	IGHD1-26	IGHJ4	tgtacttcagtgggagctactgtctactttgactactgg	2	3.47892640331194e-05
gaggtgcagctgttggagtctgggggaggcttggtacagcctggggggtccctgagactctcctgtgcagcctctggattcacctttagcagctatgccatgagctgggtccgccaggctccagggaaggggctggagtgggtctcagctattagtggtagtggtggtagcacatactacgcagactccgtgaagggccggttcaccatctccagagacaattccaagaacacgctgtatctgcaaatgaacagcctgagagccgaggacacggccgtatattactgtgcgaaagaccatagcagcagctggtactactttgactactggggccaaggaaccctggtcaccgtctcctca	IGHV3-23	IGHD6-13	IGHJ4	tgtgcgaaagaccatagcagcagctggtactactttgactactgg	2	3.47892640331194e-05
caggttcagctggtgcagtctggagctgaggtgaagaagcctggggcctcagtgaaggtctcctgcaaggcttctggttacacctttaccagctatggtatcagctgggtgcgacaggcccctggacaagggcttgagtggatgggatggatcagcgcttacaatggtaacacaaactatgcacagaagctccagggcagagtcaccatgaccacagacacatccacgagcacagcctacatggagctgaggagcctgagatctgacgacacggccgtgtattactgtgcgaaggcctttactatggttcggggagttaactactggggccaaggaaccctggtcaccgtctcctca	IGHV1-18	IGHD3-10	IGHJ4	tgtgcgaaggcctttactatggttcggggagttaactactgg	2	3.47892640331194e-05
gaggtgcagctgttggagtctgggggaggcttggtacagcctggggggtccctgagactctcctgtgcagcctctggattcacctttagcagctatgccatgagctgggtccgccaggctccagggaaggggctggagtgggtctcagctattagtggtagtggtggtagcacatactacgcagactccgtgaagggccggttcaccatctccagagacaattccaagaacacgctgtatctgcaaatgaacagcctgagagccgaggacacggccgtatattactgtgcgaaagggggagtggctacgattacttttgactactggggccaaggaaccctggtcaccgtctcctca	IGHV3-23	IGHD5-12	IGHJ4	tgtgcgaaagggggagtggctacgattacttttgactactgg	2	3.47892640331194e-05
gaggtgcagctggtggagtctgggggaggtgtggtacggcctggggggtccctgagactctcctgtgcagcctctggattcacctttgatgattatggcatgagctgggtccgccaagctccagggaaggggctggagtgggtctctggtattaattggaatggtggtagcacaggttatgcagactctgtgaagggccgattcaccatctccagagacaacgccaagaactccctgtatctgcaaatgaacagtctgagagccgaggacacggccttgtatcactgtgctgactacggtgactacgtggactactttgactactggggccaaggaaccctggtcaccgtctcctca	IGHV3-20	IGHD4-17	IGHJ4	tgtgctgactacggtgactacgtggactactttgactactgg	2	3.47892640331194e-05
caggttcagctggtgcagtctggagctgaggtgaagaagcctggggcctcagtgaaggtctcctgcaaggcttctggttacacctttaccagctatggtatcagctgggtgcgacaggcccctggacaagggcttgagtggatgggatggatcagcgcttacaatggtaacacaaactatgcacagaagctccagggcagagtcaccatgaccacagacacatccacgagcacagcctacatggagctgaggagcctgagatctgacgacacggccgtgtattactgtgcgagacgcagcagctggtaccctaactactttgactactggggccaaggaaccctggtcaccgtctcctca	IGHV1-18	IGHD6-13	IGHJ4	tgtgcgagacgcagcagctggtaccctaactactttgactactgg	2	3.47892640331194e-05
cagatcaccttgaaggagtctggtcctacgctggtgaaacccacacagaccctcacgctgacctgcaccttctctgggttctcactcagcactagtggagtgggtgtgggctggatccgtcagcccccaggaaaggccctggagtggcttgcactcatttattggaatgatgataagcgctacagcccatctctgaagagcaggctcaccatcaccaaggacacctccaaaaaccaggtggtccttacaatgaccaacatggaccctgtggacacagccacatattactgtgcacacagacgaggatggctacaattcgtctttgactactggggccaaggaaccctggtcaccgtctcctca	IGHV2-5	IGHD5-24	IGHJ4	tgtgcacacagacgaggatggctacaattcgtctttgactactgg	2	3.47892640331194e-05
gaggtgcagctgttggagtctgggggaggcttggtacagcctggggggtccctgagactctcctgtgcagcctctggattcacctttagcagctatgccatgagctgggtccgccaggctccagggaaggggctggagtgggtctcagctattagtggtagtggtggtagcacatactacgcagactccgtgaagggccggttcaccatctccagagacaattccaagaacacgctgtatctgcaaatgaacagcctgagagccgaggacacggccgtatattactgtgcgaaagaaagagactggaacgacggggactttgactactggggccaaggaaccctggtcaccgtctcctca	IGHV3-23	IGHD1-1	IGHJ4	tgtgcgaaagaaagagactggaacgacggggactttgactactgg	2	3.47892640331194e-05
gaggtgcagctgttggagtctgggggaggcttggtacagcctggggggtccctgagactctcctgtgcagcctctggattcacctttagcagctatgccatgagctgggtccgccaggctccagggaaggggctggagtgggtctcagctattagtggtagtggtggtagcacatactacgcagactccgtgaagggccggttcaccatctccagagacaattccaagaacacgctgtatctgcaaatgaacagcctgagagccgaggacacggccgtatattactgtgtccccgagtatagcagctcgtcctttgactactggggccaaggaaccctggtcaccgtctcctca	IGHV3-23	IGHD6-6	IGHJ4	tgtgtccccgagtatagcagctcgtcctttgactactgg	2	3.47892640331194e-05
caggtgcagctggtgcagtctggggctgaggtgaagaagcctggggcctcagtgaaggtctcctgcaaggcttctggatacaccttcaccggctactatatgcactgggtgcgacaggcccctggacaagggcttgagtggatgggacggatcaaccctaacagtggtggcacaaactatgcacagaagtttcagggcagggtcaccagtaccagggacacgtccatcagcacagcctacatggagctgagcaggctgagatctgacgacacggtcgtgtattactgtgcgagagaccgggggaggtctgaatacttccagcactggggccagggcaccctggtcaccgtctcctca	IGHV1-2	IGHD7-27	IGHJ1	tgtgcgagagaccgggggaggtctgaatacttccagcactgg	2	3.47892640331194e-05
gaggtgcagctgttggagtctgggggaggcttggtacagcctggggggtccctgagactctcctgtgcagcctctggattcacctttagcagctatgccatgagctgggtccgccaggctccagggaaggggctggagtgggtctcagctattagtggtagtggtggtagcacatactacgcagactccgtgaagggccggttcaccatctccagagacaattccaagaacacgctgtatctgcaaatgaacagcctgagagccgaggacacggccgtatattactgtgcgaaagaaatgactacggtgactacggactttgactactggggccaaggaaccctggtcaccgtctcctca	IGHV3-23	IGHD4-17	IGHJ4	tgtgcgaaagaaatgactacggtgactacggactttgactactgg	2	3.47892640331194e-05
caggtcaccttgagggagtctggtcctgcgctggtgaaacccacacagaccctcacactgacctgcaccttctctgggttctcactcagcactagtggaatgtgtgtgagctggatccgtcagcccccagggaaggccctggagtggcttgcactcattgattgggatgatgataaatactacagcacatctctgaagaccaggctcaccatctccaaggacacctccaaaaaccaggtggtccttacaatgaccaacatggaccctgtggacacagccacgtattactgtgcacggatacgtatagcagtgatctttgactactggggccaaggaaccctggtcaccgtctcctca	IGHV2-70	IGHD6-25	IGHJ4	tgtgcacggatacgtatagcagtgatctttgactactgg	2	3.47892640331194e-05
caggtgcagctggtgcagtctggggctgaggtgaagaagcctggggcctcagtgaaggtctcctgcaaggcttctggatacaccttcaccggctactatatgcactgggtgcgacaggcccctggacaagggcttgagtggatgggacggatcaaccctaacagtggtggcacaaactatgcacagaagtttcagggcagggtcaccagtaccagggacacgtccatcagcacagcctacatggagctgagcaggctgagatctgacgacacggtcgtgtattactgtgcgagaggggggggtataactggaactatctttgactactggggccaaggaaccctggtcaccgtctcctca	IGHV1-2	IGHD1-7	IGHJ4	tgtgcgagaggggggggtataactggaactatctttgactactgg	2	3.47892640331194e-05
gaggtgcagctgttggagtctgggggaggcttggtacagcctggggggtccctgagactctcctgtgcagcctctggattcacctttagcagctatgccatgagctgggtccgccaggctccagggaaggggctggagtgggtctcagctattagtggtagtggtggtagcacatactacgcagactccgtgaagggccggttcaccatctccagagacaattccaagaacacgctgtatctgcaaatgaacagcctgagagccgaggacacggccgtatattactgtgcgatggtagtgggagctgggggagactttgactactggggccaaggaaccctggtcaccgtctcctca	IGHV3-23	IGHD1-26	IGHJ4	tgtgcgatggtagtgggagctgggggagactttgactactgg	2	3.47892640331194e-05
caggtgcagctggtgcagtctggggctgaggtgaagaagcctggggcctcagtgaaggtttcctgcaaggcatctggatacaccttcaccagctactatatgcactgggtgcgacaggcccctggacaagggcttgagtggatgggaataatcaaccctagtggtggtagcacaagctacgcacagaagttccagggcagagtcaccatgaccagggacacgtccacgagcacagtctacatggagctgagcagcctgagatctgaggacacggccgtgtattactgtgcgagagaagatagtgggagctacgtttttgatgtctggggccaagggacaatggtcaccgtctcttca	IGHV1-46	IGHD1-26	IGHJ3	tgtgcgagagaagatagtgggagctacgtttttgatgtctgg	2	3.47892640331194e-05
caggtgcagctacagcagtggggcgcaggactgttgaagccttcggagaccctgtccctcacctgcgctgtctatggtgggtccttcagtggttactactggagctggatccgccagcccccagggaaggggctggagtggattggggaaatcaatcatagtggaagcaccaactacaacccgtccctcaagagtcgagtcaccatatcagtagacacgtccaagaaccagttctccctgaagctgagctctgtgaccgccgcggacacggctgtgtattactgtgcgagaggctatagcagcagctggtttgactactggggccaaggaaccctggtcaccgtctcctca	IGHV4-34	IGHD6-13	IGHJ4	tgtgcgagaggctatagcagcagctggtttgactactgg	2	3.47892640331194e-05
gaggtgcagctggtggagtctgggggaggcttggtaaagcctggggggtcccttagactctcctgtgcagcctctggattcactttcagtaacgcctggatgagctgggtccgccaggctccagggaaggggctggagtgggttggccgtattaaaagcaaaactgatggtgggacaacagactacgctgcacccgtgaaaggcagattcaccatctcaagagatgattcaaaaaacacgctgtatctgcaaatgaacagcctgaaaaccgaggacacagccgtgtattactgtaccacagacagctcgtctctcaactggttcgactcctggggccaaggaaccctggtcaccgtctcctca	IGHV3-15	IGHD6-6	IGHJ5	tgtaccacagacagctcgtctctcaactggttcgactcctgg	2	3.47892640331194e-05
caggtgcagctggtggagtctgggggaggcttggtcaagcctggagggtccctgagactctcctgtgcagcctctggattcaccttcagtgactactacatgagctggatccgccaggctccagggaaggggctggagtgggtttcatacattagtagtagtggtagtaccatatactacgcagactctgtgaagggccgattcaccatctccagggacaacgccaagaactcactgtatctgcaaatgaacagcctgagagccgaggacacggccgtgtattactgtgcgagatcagctggcacgcccgactactttgactactggggccaaggaaccctggtcaccgtctcctca	IGHV3-11	IGHD6-13	IGHJ4	tgtgcgagatcagctggcacgcccgactactttgactactgg	2	3.47892640331194e-05
gaggtgcagctggtgcagtctggagcagaggtgaaaaagcccggggagtctctgaagatctcctgtaagggttctggatacagctttaccagctactggatcggctgggtgcgccagatgcccgggaaaggcctggagtggatggggatcatctatcctggtgactctgataccagatacagcccgtccttccaaggccaggtcaccatctcagccgacaagtccatcagcaccgcctacctgcagtggagcagcctgaaggcctcggacaccgccatgtattactgtgcaggtacggtggtaactccgatctactttgactactggggccaaggaaccctggtcaccgtctcctca	IGHV5-51	IGHD4-23	IGHJ4	tgtgcaggtacggtggtaactccgatctactttgactactgg	2	3.47892640331194e-05
gaggtgcagctggtgcagtctggagcagaggtgaaaaagcccggggagtctctgaagatctcctgtaagggttctggatacagctttaccagctactggatcggctgggtgcgccagatgcccgggaaaggcctggagtggatggggatcatctatcctggtgactctgataccagatacagcccgtccttccaaggccaggtcaccatctcagccgacaagtccatcagcaccgcctacctgcagtggagcagcctgaaggcctcggacaccgccatgtattactgtgcgagacacctagcagcagctttctttgactactggggccaaggaaccctggtcaccgtctcctca	IGHV5-51	IGHD6-13	IGHJ4	tgtgcgagacacctagcagcagctttctttgactactgg	2	3.47892640331194e-05
gaagtgcagctggtggagtctgggggagtcgtggtacagcctggggggtccctgagactctcctgtgcagcctctggattcacctttgatgattataccatgcactgggtccgtcaagctccggggaagggtctggagtgggtctctcttattagttgggatggtggtagcacatactatgcagactctgtgaagggccgattcaccatctccagagacaacagcaaaaactccctgtatctgcaaatgaacagtctgagaactgaggacaccgccttgtattactgtgcaaaagataggagaactggggggaactactttgactactggggccaaggaaccctggtcaccgtctcctca	IGHV3-43	IGHD7-27	IGHJ4	tgtgcaaaagataggagaactggggggaactactttgactactgg	2	3.47892640331194e-05
gaggtgcagctgttggagtctgggggaggcttggtacagcctggggggtccctgagactctcctgtgcagcctctggattcacctttagcagctatgccatgagctgggtccgccaggctccagggaaggggctggagtgggtctcagctattagtggtagtggtggtagcacatactacgcagactccgtgaagggccggttcaccatctccagagacaattccaagaacacgctgtatctgcaaatgaacagcctgagagccgaggacacggccgtatattactgtgcgaaagatcctatagtgggaggctttgactactggggccaaggaaccctggtcaccgtctcctca	IGHV3-23	IGHD5-12	IGHJ4	tgtgcgaaagatcctatagtgggaggctttgactactgg	2	3.47892640331194e-05
caggtgcagctggtgcagtctggggctgaggtgaagaagcctggggcctcagtgaaggtctcctgcaaggcttctggatacaccttcaccggctactatatgcactgggtgcgacaggcccctggacaagggcttgagtggatgggacggatcaaccctaacagtggtggcacaaactatgcacagaagtttcagggcagggtcaccagtaccagggacacgtccatcagcacagcctacatggagctgagcaggctgagatctgacgacacggtcgtgtattactgtgcgagagagatgactaactggggatggttcgactcctggggccaaggaaccctggtcaccgtctcctca	IGHV1-2	IGHD7-27	IGHJ5	tgtgcgagagagatgactaactggggatggttcgactcctgg	2	3.47892640331194e-05
gaggtgcagctggtgcagtctggagcagaggtgaaaaagcccggggagtctctgaagatctcctgtaagggttctggatacagctttaccagctactggatcggctgggtgcgccagatgcccgggaaaggcctggagtggatggggatcatctatcctggtgactctgataccagatacagcccgtccttccaaggccaggtcaccatctcagccgacaagtccatcagcaccgcctacctgcagtggagcagcctgaaggcctcggacaccgccatgtattactgtgcgagactttcgaggtacggtgactcttttgatgtctggggccaagggacaatggtcaccgtctcttca	IGHV5-51	IGHD4-17	IGHJ3	tgtgcgagactttcgaggtacggtgactcttttgatgtctgg	2	3.47892640331194e-05
caggtgcagctggtgcagtctggggctgaggtgaagaagcctggggcctcagtgaaggtctcctgcaaggcttctggatacaccttcaccagttatgatatcaactgggtgcgacaggccactggacaagggcttgagtggatgggatggatgaaccctaacagtggtaacacaggctatgcacagaagttccagggcagagtcaccatgaccaggaacacctccataagcacagcctacatggagctgagcagcctgagatctgaggacacggccgtgtattactgtgcgagagggggcagcggctacggctttgactactggggccaaggaaccctggtcaccgtctcctca	IGHV1-8	IGHD6-25	IGHJ4	tgtgcgagagggggcagcggctacggctttgactactgg	2	3.47892640331194e-05
gaggtgcagctggtggagtctgggggaggcttggtacagccagggcggtccctgagactctcctgtacagcttctggattcacctttggtgattatgctatgagctggttccgccaggctccagggaaggggctggagtgggtaggtttcattagaagcaaagcttatggtgggacaacagaatacaccgcgtctgtgaaaggcagattcaccatctcaagagatggttccaaaagcatcgcctatctgcaaatgaacagcctgaaaaccgaggacacagccgtgtattactgtactagatggggattactatggttcggggagttatgctactggggccaaggaaccctggtcaccgtctcctca	IGHV3-49	IGHD3-10	IGHJ4	tgtactagatggggattactatggttcggggagttatgctactgg	2	3.47892640331194e-05
caggtgcagctggtgcagtctggggctgaggtgaagaagcctggggcctcagtgaaggtctcctgcaaggcttctggatacaccttcaccggctactatatgcactgggtgcgacaggcccctggacaagggcttgagtggatgggacggatcaaccctaacagtggtggcacaaactatgcacagaagtttcagggcagggtcaccagtaccagggacacgtccatcagcacagcctacatggagctgagcaggctgagatctgacgacacggtcgtgtattactgtgcgagagacgtgggggcgtactactttgactactggggccaaggaaccctggtcaccgtctcctca	IGHV1-2	IGHD1-26	IGHJ4	tgtgcgagagacgtgggggcgtactactttgactactgg	2	3.47892640331194e-05
gaggtgcagctggtgcagtctggagcagaggtgaaaaagcccggggagtctctgaagatctcctgtaagggttctggatacagctttaccagctactggatcggctgggtgcgccagatgcccgggaaaggcctggagtggatggggatcatctatcctggtgactctgataccagatacagcccgtccttccaaggccaggtcaccatctcagccgacaagtccatcagcaccgcctacctgcagtggagcagcctgaaggcctcggacaccgccatgtattactgtgcgagacagggtatagcagtggctggcggtcgtgactactggggccaaggaaccctggtcaccgtctcctca	IGHV5-51	IGHD6-19	IGHJ4	tgtgcgagacagggtatagcagtggctggcggtcgtgactactgg	2	3.47892640331194e-05
gaggtgcagctggtggagtctgggggaggcttggtacagccagggcggtccctgagactctcctgtacagcttctggattcacctttggtgattatgctatgagctggttccgccaggctccagggaaggggctggagtgggtaggtttcattagaagcaaagcttatggtgggacaacagaatacaccgcgtctgtgaaaggcagattcaccatctcaagagatggttccaaaagcatcgcctatctgcaaatgaacagcctgaaaaccgaggacacagccgtgtattactgtactaggtggggtatagcagcagctggtacggactactggggccaaggaaccctggtcaccgtctcctca	IGHV3-49	IGHD6-13	IGHJ4	tgtactaggtggggtatagcagcagctggtacggactactgg	2	3.47892640331194e-05
caggtcaccttgagggagtctggtcctgcgctggtgaaacccacacagaccctcacactgacctgcaccttctctgggttctcactcagcactagtggaatgtgtgtgagctggatccgtcagcccccagggaaggccctggagtggcttgcactcattgattgggatgatgataaatactacagcacatctctgaagaccaggctcaccatctccaaggacacctccaaaaaccaggtggtccttacaatgaccaacatggaccctgtggacacagccacgtattactgtgcacggatacgtatagtgggggactttgactactggggccaaggaaccctggtcaccgtctcctca	IGHV2-70	IGHD1-26	IGHJ4	tgtgcacggatacgtatagtgggggactttgactactgg	2	3.47892640331194e-05
gaggtgcagctggtggagtctgggggaggcttggtaaagcctggggggtcccttagactctcctgtgcagcctctggattcactttcagtaacgcctggatgagctgggtccgccaggctccagggaaggggctggagtgggttggccgtattaaaagcaaaactgatggtgggacaacagactacgctgcacccgtgaaaggcagattcaccatctcaagagatgattcaaaaaacacgctgtatctgcaaatgaacagcctgaaaaccgaggacacagccgtgtattactgtaccacagtggctacggaggggagggactactttgactactggggccaaggaaccctggtcaccgtctcctca	IGHV3-15	IGHD5-12	IGHJ4	tgtaccacagtggctacggaggggagggactactttgactactgg	2	3.47892640331194e-05
caggtgcagctggtgcagtctggggctgaggtgaagaagcctggggcctcagtgaaggtctcctgcaaggcttctggatacaccttcaccggctactatatgcactgggtgcgacaggcccctggacaagggcttgagtggatgggacggatcaaccctaacagtggtggcacaaactatgcacagaagtttcagggcagggtcaccagtaccagggacacgtccatcagcacagcctacatggagctgagcaggctgagatctgacgacacggtcgtgtattactgtgcgtatagcagcagctggtacactgatgcttttgatgtctggggccaagggacaatggtcaccgtctcttca	IGHV1-2	IGHD6-13	IGHJ3	tgtgcgtatagcagcagctggtacactgatgcttttgatgtctgg	2	3.47892640331194e-05
gaggtgcagctgttggagtctgggggaggcttggtacagcctggggggtccctgagactctcctgtgcagcctctggattcacctttagcagctatgccatgagctgggtccgccaggctccagggaaggggctggagtgggtctcagctattagtggtagtggtggtagcacatactacgcagactccgtgaagggccggttcaccatctccagagacaattccaagaacacgctgtatctgcaaatgaacagcctgagagccgaggacacggccgtatattactgtgcgaaagactatagtggctacgattacggctttgactactggggccaaggaaccctggtcaccgtctcctca	IGHV3-23	IGHD5-12	IGHJ4	tgtgcgaaagactatagtggctacgattacggctttgactactgg	2	3.47892640331194e-05
caggtgcagctggtgcagtctggggctgaggtgaagaagcctgggtcctcggtgaaggtctcctgcaaggcttctggaggcaccttcagcagctatgctatcagctgggtgcgacaggcccctggacaagggcttgagtggatgggagggatcatccctatctttggtacagcaaactacgcacagaagttccagggcagagtcacgattaccgcggacgaatccacgagcacagcctacatggagctgagcagcctgagatctgaggacacggccgtgtattactgtgcgagagatatagcagcagctgcccctgcttttgatgtctggggccaagggacaatggtcaccgtctcttca	IGHV1-69	IGHD6-13	IGHJ3	tgtgcgagagatatagcagcagctgcccctgcttttgatgtctgg	2	3.47892640331194e-05
gaggtgcagctggtgcagtctggagcagaggtgaaaaagcccggggagtctctgaagatctcctgtaagggttctggatacagctttaccagctactggatcggctgggtgcgccagatgcccgggaaaggcctggagtggatggggatcatctatcctggtgactctgataccagatacagcccgtccttccaaggccaggtcaccatctcagccgacaagtccatcagcaccgcctacctgcagtggagcagcctgaaggcctcggacaccgccatgtattactgtgcgagacagctagtggctacgacctttgactactggggccaaggaaccctggtcaccgtctcctca	IGHV5-51	IGHD5-12	IGHJ4	tgtgcgagacagctagtggctacgacctttgactactgg	2	3.47892640331194e-05
caggtgcagctggtgcagtctggggctgaggtgaagaagcctgggtcctcggtgaaggtctcctgcaaggcttctggaggcaccttcagcagctatgctatcagctgggtgcgacaggcccctggacaagggcttgagtggatgggagggatcatccctatctttggtacagcaaactacgcacagaagttccagggcagagtcacgattaccgcggacgaatccacgagcacagcctacatggagctgagcagcctgagatctgaggacacggccgtgtattactgtgcgagagacatttgtagtagtaccagctggtttgactactggggccaaggaaccctggtcaccgtctcctca	IGHV1-69	IGHD2-2	IGHJ4	tgtgcgagagacatttgtagtagtaccagctggtttgactactgg	2	3.47892640331194e-05
caggtgcagctacagcagtggggcgcaggactgttgaagccttcggagaccctgtccctcacctgcgctgtctatggtgggtccttcagtggttactactggagctggatccgccagcccccagggaaggggctggagtggattggggaaatcaatcatagtggaagcaccaactacaacccgtccctcaagagtcgagtcaccatatcagtagacacgtccaagaaccagttctccctgaagctgagctctgtgaccgccgcggacacggctgtgtattactgtgcgaaagaggaaatccagcagcagcttgactactggggccaaggaaccctggtcaccgtctcctca	IGHV4-34	IGHD6-13	IGHJ4	tgtgcgaaagaggaaatccagcagcagcttgactactgg	2	3.47892640331194e-05
gaggtgcagctgttggagtctgggggaggcttggtacagcctggggggtccctgagactctcctgtgcagcctctggattcacctttagcagctatgccatgagctgggtccgccaggctccagggaaggggctggagtgggtctcagctattagtggtagtggtggtagcacatactacgcagactccgtgaagggccggttcaccatctccagagacaattccaagaacacgctgtatctgcaaatgaacagcctgagagccgaggacacggccgtatattactgtgcgaaagattgggattcagcagctgatgcttttgatgtctggggccaagggacaatggtcaccgtctcttca	IGHV3-23	IGHD6-13	IGHJ3	tgtgcgaaagattgggattcagcagctgatgcttttgatgtctgg	2	3.47892640331194e-05
gaggtgcagctgttggagtctgggggaggcttggtacagcctggggggtccctgagactctcctgtgcagcctctggattcacctttagcagctatgccatgagctgggtccgccaggctccagggaaggggctggagtgggtctcagctattagtggtagtggtggtagcacatactacgcagactccgtgaagggccggttcaccatctccagagacaattccaagaacacgctgtatctgcaaatgaacagcctgagagccgaggacacggccgtatattactgtgcgaaatatagcagctcgtcctactactttgactactggggccaaggaaccctggtcaccgtctcctca	IGHV3-23	IGHD6-6	IGHJ4	tgtgcgaaatatagcagctcgtcctactactttgactactgg	2	3.47892640331194e-05
gaggtgcagctggtgcagtctggagcagaggtgaaaaagcccggggagtctctgaagatctcctgtaagggttctggatacagctttaccagctactggatcggctgggtgcgccagatgcccgggaaaggcctggagtggatggggatcatctatcctggtgactctgataccagatacagcccgtccttccaaggccaggtcaccatctcagccgacaagtccatcagcaccgcctacctgcagtggagcagcctgaaggcctcggacaccgccatgtattactgtgcgagacattgtagtagtaccagcttgggctttgactactggggccaaggaaccctggtcaccgtctcctca	IGHV5-51	IGHD2-2	IGHJ4	tgtgcgagacattgtagtagtaccagcttgggctttgactactgg	2	3.47892640331194e-05
caggttcagctggtgcagtctggagctgaggtgaagaagcctggggcctcagtgaaggtctcctgcaaggcttctggttacacctttaccagctatggtatcagctgggtgcgacaggcccctggacaagggcttgagtggatgggatggatcagcgcttacaatggtaacacaaactatgcacagaagctccagggcagagtcaccatgaccacagacacatccacgagcacagcctacatggagctgaggagcctgagatctgacgacacggccgtgtattactgtgcgagagaggtacggtggtcccttcactactttgactactggggccaaggaaccctggtcaccgtctcctca	IGHV1-18	IGHD4-23	IGHJ4	tgtgcgagagaggtacggtggtcccttcactactttgactactgg	2	3.47892640331194e-05
caggtgcagctggtgcagtctggggctgaggtgaagaagcctggggcctcagtgaaggtctcctgcaaggcttctggatacaccttcaccggctactatatgcactgggtgcgacaggcccctggacaagggcttgagtggatgggacggatcaaccctaacagtggtggcacaaactatgcacagaagtttcagggcagggtcaccagtaccagggacacgtccatcagcacagcctacatggagctgagcaggctgagatctgacgacacggtcgtgtattactgtgcgagagacccagtgggagctggggggtactttgactactggggccaaggaaccctggtcaccgtctcctca	IGHV1-2	IGHD1-26	IGHJ4	tgtgcgagagacccagtgggagctggggggtactttgactactgg	2	3.47892640331194e-05
caggtgcagctggtgcagtctggggctgaggtgaagaagcctggggcctcagtgaaggtctcctgcaaggcttctggatacaccttcaccggctactatatgcactgggtgcgacaggcccctggacaagggcttgagtggatgggacggatcaaccctaacagtggtggcacaaactatgcacagaagtttcagggcagggtcaccagtaccagggacacgtccatcagcacagcctacatggagctgagcaggctgagatctgacgacacggtcgtgtattactgtgcgagagggggatggctacactggttcgactcctggggccaaggaaccctggtcaccgtctcctca	IGHV1-2	IGHD5-24	IGHJ5	tgtgcgagagggggatggctacactggttcgactcctgg	2	3.47892640331194e-05
gaggtgcagctggtggagtctgggggaggcttggtacagccagggcggtccctgagactctcctgtacagcttctggattcacctttggtgattatgctatgagctggttccgccaggctccagggaaggggctggagtgggtaggtttcattagaagcaaagcttatggtgggacaacagaatacaccgcgtctgtgaaaggcagattcaccatctcaagagatggttccaaaagcatcgcctatctgcaaatgaacagcctgaaaaccgaggacacagccgtgtattactgtactagaagagactacggtggtaagtactttgactactggggccaaggaaccctggtcaccgtctcctca	IGHV3-49	IGHD4-23	IGHJ4	tgtactagaagagactacggtggtaagtactttgactactgg	2	3.47892640331194e-05
gaggtgcagctggtggagtctgggggaggcttggtacagccagggcggtccctgagactctcctgtacagcttctggattcacctttggtgattatgctatgagctggttccgccaggctccagggaaggggctggagtgggtaggtttcattagaagcaaagcttatggtgggacaacagaatacaccgcgtctgtgaaaggcagattcaccatctcaagagatggttccaaaagcatcgcctatctgcaaatgaacagcctgaaaaccgaggacacagccgtgtattactgtactagagatggggtacaactggaacgacactttgactactggggccaaggaaccctggtcaccgtctcctca	IGHV3-49	IGHD1-1	IGHJ4	tgtactagagatggggtacaactggaacgacactttgactactgg	2	3.47892640331194e-05
gaggtgcagctggtggagtctgggggaggcttggtacagccagggcggtccctgagactctcctgtacagcttctggattcacctttggtgattatgctatgagctggttccgccaggctccagggaaggggctggagtgggtaggtttcattagaagcaaagcttatggtgggacaacagaatacaccgcgtctgtgaaaggcagattcaccatctcaagagatggttccaaaagcatcgcctatctgcaaatgaacagcctgaaaaccgaggacacagccgtgtattactgtactagagttgacggtggtaactactacggtatggacgtctgggggcaagggaccacggtcaccgtctcctca	IGHV3-49	IGHD4-17	IGHJ6	tgtactagagttgacggtggtaactactacggtatggacgtctgg	2	3.47892640331194e-05
gaggtgcagctgttggagtctgggggaggcttggtacagcctggggggtccctgagactctcctgtgcagcctctggattcacctttagcagctatgccatgagctgggtccgccaggctccagggaaggggctggagtgggtctcagctattagtggtagtggtggtagcacatactacgcagactccgtgaagggccggttcaccatctccagagacaattccaagaacacgctgtatctgcaaatgaacagcctgagagccgaggacacggccgtatattactgtgcgaaagatacaactggagactactttgactactggggccaaggaaccctggtcaccgtctcctca	IGHV3-23	IGHD1-1	IGHJ4	tgtgcgaaagatacaactggagactactttgactactgg	2	3.47892640331194e-05
gaggtgcagctggtggagtctgggggaggcttggtacagccagggcggtccctgagactctcctgtacagcttctggattcacctttggtgattatgctatgagctggttccgccaggctccagggaaggggctggagtgggtaggtttcattagaagcaaagcttatggtgggacaacagaatacaccgcgtctgtgaaaggcagattcaccatctcaagagatggttccaaaagcatcgcctatctgcaaatgaacagcctgaaaaccgaggacacagccgtgtattactgtactagagagaggtatagcagcagcagatactttgactactggggccaaggaaccctggtcaccgtctcctca	IGHV3-49	IGHD6-13	IGHJ4	tgtactagagagaggtatagcagcagcagatactttgactactgg	2	3.47892640331194e-05
caggtgcagctggtgcagtctggggctgaggtgaagaagcctggggcctcagtgaaggtttcctgcaaggcatctggatacaccttcaccagctactatatgcactgggtgcgacaggcccctggacaagggcttgagtggatgggaataatcaaccctagtggtggtagcacaagctacgcacagaagttccagggcagagtcaccatgaccagggacacgtccacgagcacagtctacatggagctgagcagcctgagatctgaggacacggccgtgtattactgtgcgagagacagcaacttcagctacccatacttccagcactggggccagggcaccctggtcaccgtctcctca	IGHV1-46	IGHD1-26	IGHJ1	tgtgcgagagacagcaacttcagctacccatacttccagcactgg	2	3.47892640331194e-05
gaggtgcagctggtggagtctgggggaggcttggtaaagcctggggggtcccttagactctcctgtgcagcctctggattcactttcagtaacgcctggatgagctgggtccgccaggctccagggaaggggctggagtgggttggccgtattaaaagcaaaactgatggtgggacaacagactacgctgcacccgtgaaaggcagattcaccatctcaagagatgattcaaaaaacacgctgtatctgcaaatgaacagcctgaaaaccgaggacacagccgtgtattactgtaccacaggtatagcagtggctggtacgtactttgactactggggccaaggaaccctggtcaccgtctcctca	IGHV3-15	IGHD6-19	IGHJ4	tgtaccacaggtatagcagtggctggtacgtactttgactactgg	2	3.47892640331194e-05
caggtgcagctggtgcagtctggggctgaggtgaagaagcctgggtcctcggtgaaggtctcctgcaaggcttctggaggcaccttcagcagctatgctatcagctgggtgcgacaggcccctggacaagggcttgagtggatgggagggatcatccctatctttggtacagcaaactacgcacagaagttccagggcagagtcacgattaccgcggacgaatccacgagcacagcctacatggagctgagcagcctgagatctgaggacacggccgtgtattactgtgatgatagtagtggttattactacccgtttgactactggggccaaggaaccctggtcaccgtctcctca	IGHV1-69	IGHD3-22	IGHJ4	tgtgatgatagtagtggttattactacccgtttgactactgg	2	3.47892640331194e-05
caggtcaccttgaaggagtctggtcctgtgctggtgaaacccacagagaccctcacgctgacctgcaccgtctctgggttctcactcagcaatgctagaatgggtgtgagctggatccgtcagcccccagggaaggccctggagtggcttgcacacattttttcgaatgacgaaaaatcctacagcacatctctgaagagcaggctcaccatctccaaggacacctccaaaagccaggtggtccttaccatgaccaacatggaccctgtggacacagccacatattactgtgcacggatacgagcagtggctggtaccctctttgactactggggccaaggaaccctggtcaccgtctcctca	IGHV2-26	IGHD6-19	IGHJ4	tgtgcacggatacgagcagtggctggtaccctctttgactactgg	2	3.47892640331194e-05
gaggtgcagctggtgcagtctggagcagaggtgaaaaagcccggggagtctctgaagatctcctgtaagggttctggatacagctttaccagctactggatcggctgggtgcgccagatgcccgggaaaggcctggagtggatggggatcatctatcctggtgactctgataccagatacagcccgtccttccaaggccaggtcaccatctcagccgacaagtccatcagcaccgcctacctgcagtggagcagcctgaaggcctcggacaccgccatgtattactgtgcgagacagtacaactggaacgactcctttgactactggggccaaggaaccctggtcaccgtctcctca	IGHV5-51	IGHD1-1	IGHJ4	tgtgcgagacagtacaactggaacgactcctttgactactgg	2	3.47892640331194e-05
gaggtgcagctgttggagtctgggggaggcttggtacagcctggggggtccctgagactctcctgtgcagcctctggattcacctttagcagctatgccatgagctgggtccgccaggctccagggaaggggctggagtgggtctcagctattagtggtagtggtggtagcacatactacgcagactccgtgaagggccggttcaccatctccagagacaattccaagaacacgctgtatctgcaaatgaacagcctgagagccgaggacacggccgtatattactgtgcgaaaggagggagcagctggggctttgactactggggccaaggaaccctggtcaccgtctcctca	IGHV3-23	IGHD6-13	IGHJ4	tgtgcgaaaggagggagcagctggggctttgactactgg	2	3.47892640331194e-05
caggtgcagctggtgcagtctggggctgaggtgaagaagcctgggtcctcggtgaaggtctcctgcaaggcttctggaggcaccttcagcagctatgctatcagctgggtgcgacaggcccctggacaagggcttgagtggatgggagggatcatccctatctttggtacagcaaactacgcacagaagttccagggcagagtcacgattaccgcggacgaatccacgagcacagcctacatggagctgagcagcctgagatctgaggacacggccgtgtattactgtgcgagagggtggctggtacgggggttcgactcctggggccaaggaaccctggtcaccgtctcctca	IGHV1-69	IGHD6-19	IGHJ5	tgtgcgagagggtggctggtacgggggttcgactcctgg	2	3.47892640331194e-05
cagatcaccttgaaggagtctggtcctacgctggtgaaacccacacagaccctcacgctgacctgcaccttctctgggttctcactcagcactagtggagtgggtgtgggctggatccgtcagcccccaggaaaggccctggagtggcttgcactcatttattggaatgatgataagcgctacagcccatctctgaagagcaggctcaccatcaccaaggacacctccaaaaaccaggtggtccttacaatgaccaacatggaccctgtggacacagccacatattactgtgggatgggtgactacggtgactacgttaactttgactactggggccaaggaaccctggtcaccgtctcctca	IGHV2-5	IGHD4-17	IGHJ4	tgtgggatgggtgactacggtgactacgttaactttgactactgg	2	3.47892640331194e-05
caggttcagctggtgcagtctggagctgaggtgaagaagcctggggcctcagtgaaggtctcctgcaaggcttctggttacacctttaccagctatggtatcagctgggtgcgacaggcccctggacaagggcttgagtggatgggatggatcagcgcttacaatggtaacacaaactatgcacagaagctccagggcagagtcaccatgaccacagacacatccacgagcacagcctacatggagctgaggagcctgagatctgacgacacggccgtgtattactgtgcggggggtatagcagcagcgggatactttgactactggggccaaggaaccctggtcaccgtctcctca	IGHV1-18	IGHD6-13	IGHJ4	tgtgcggggggtatagcagcagcgggatactttgactactgg	2	3.47892640331194e-05
gaggtgcagctggtggagtctggaggaggcttgatccagcctggggggtccctgagactctcctgtgcagcctctgggttcaccgtcagtagcaactacatgagctgggtccgccaggctccagggaaggggctggagtgggtctcagttatttatagcggtggtagcacatactacgcagactccgtgaagggccgattcaccatctccagagacaattccaagaacacgctgtatcttcaaatgaacagcctgagagccgaggacacggccgtgtattactgtgcgagagatacggagctactgtactttgactactggggccaaggaaccctggtcaccgtctcctca	IGHV3-53	IGHD1-26	IGHJ4	tgtgcgagagatacggagctactgtactttgactactgg	2	3.47892640331194e-05
caggtgcagctggtgcagtctggggctgaggtgaagaagcctggggcctcagtgaaggtttcctgcaaggcatctggatacaccttcaccagctactatatgcactgggtgcgacaggcccctggacaagggcttgagtggatgggaataatcaaccctagtggtggtagcacaagctacgcacagaagttccagggcagagtcaccatgaccagggacacgtccacgagcacagtctacatggagctgagcagcctgagatctgaggacacggccgtgtattactgtgcgagagaccctataactggaacagactttgactactggggccaaggaaccctggtcaccgtctcctca	IGHV1-46	IGHD1-7	IGHJ4	tgtgcgagagaccctataactggaacagactttgactactgg	2	3.47892640331194e-05
cagatcaccttgaaggagtctggtcctacgctggtgaaacccacacagaccctcacgctgacctgcaccttctctgggttctcactcagcactagtggagtgggtgtgggctggatccgtcagcccccaggaaaggccctggagtggcttgcactcatttattggaatgatgataagcgctacagcccatctctgaagagcaggctcaccatcaccaaggacacctccaaaaaccaggtggtccttacaatgaccaacatggaccctgtggacacagccacatattactgtgcacacagacggggcggtatagcagctcgtgactactggggccaaggaaccctggtcaccgtctcctca	IGHV2-5	IGHD6-6	IGHJ4	tgtgcacacagacggggcggtatagcagctcgtgactactgg	2	3.47892640331194e-05
caggttcagctggtgcagtctggagctgaggtgaagaagcctggggcctcagtgaaggtctcctgcaaggcttctggttacacctttaccagctatggtatcagctgggtgcgacaggcccctggacaagggcttgagtggatgggatggatcagcgcttacaatggtaacacaaactatgcacagaagctccagggcagagtcaccatgaccacagacacatccacgagcacagcctacatggagctgaggagcctgagatctgacgacacggccgtgtattactgtgcgagagcgggtatagcagcagcctggtacttcgatctctggggccgtggcaccctggtcactgtctcctca	IGHV1-18	IGHD6-13	IGHJ2	tgtgcgagagcgggtatagcagcagcctggtacttcgatctctgg	2	3.47892640331194e-05
gaggtgcagctgttggagtctgggggaggcttggtacagcctggggggtccctgagactctcctgtgcagcctctggattcacctttagcagctatgccatgagctgggtccgccaggctccagggaaggggctggagtgggtctcagctattagtggtagtggtggtagcacatactacgcagactccgtgaagggccggttcaccatctccagagacaattccaagaacacgctgtatctgcaaatgaacagcctgagagccgaggacacggccgtatattactgtgcgaaagaaaaggttcggggagttaactactttgactactggggccaaggaaccctggtcaccgtctcctca	IGHV3-23	IGHD3-10	IGHJ4	tgtgcgaaagaaaaggttcggggagttaactactttgactactgg	2	3.47892640331194e-05
gaggtgcagctggtggagtctgggggaggcttggtccagcctggagggtccctgagactctcctgtgcagcctctggattcaccttcagtgaccactacatggactgggtccgccaggctccagggaaggggctggagtgggttggccgtactagaaacaaagctaacagttacaccacagaatacgccgcgtctgtgaaaggcagattcaccatctcaagagatgattcaaagaactcactgtatctgcaaatgaacagcctgaaaaccgaggacacggccgtgtattactgtgctgagttactatggttcggaggctttgactactggggccaaggaaccctggtcaccgtctcctca	IGHV3-72	IGHD3-10	IGHJ4	tgtgctgagttactatggttcggaggctttgactactgg	2	3.47892640331194e-05
gaggtgcagctgttggagtctgggggaggcttggtacagcctggggggtccctgagactctcctgtgcagcctctggattcacctttagcagctatgccatgagctgggtccgccaggctccagggaaggggctggagtgggtctcagctattagtggtagtggtggtagcacatactacgcagactccgtgaagggccggttcaccatctccagagacaattccaagaacacgctgtatctgcaaatgaacagcctgagagccgaggacacggccgtatattactgtgcgaaagagattgggattataagtggctttgactactggggccaaggaaccctggtcaccgtctcctca	IGHV3-23	IGHD3-9	IGHJ4	tgtgcgaaagagattgggattataagtggctttgactactgg	2	3.47892640331194e-05
caggtgcagctggtgcagtctggggctgaggtgaagaagcctgggtcctcggtgaaggtctcctgcaaggcttctggaggcaccttcagcagctatgctatcagctgggtgcgacaggcccctggacaagggcttgagtggatgggagggatcatccctatctttggtacagcaaactacgcacagaagttccagggcagagtcacgattaccgcggacgaatccacgagcacagcctacatggagctgagcagcctgagatctgaggacacggccgtgtattactgtgcgagagaggtatgggagctatcctactactttgactactggggccaaggaaccctggtcaccgtctcctca	IGHV1-69	IGHD1-26	IGHJ4	tgtgcgagagaggtatgggagctatcctactactttgactactgg	2	3.47892640331194e-05
gaggtgcagctgttggagtctgggggaggcttggtacagcctggggggtccctgagactctcctgtgcagcctctggattcacctttagcagctatgccatgagctgggtccgccaggctccagggaaggggctggagtgggtctcagctattagtggtagtggtggtagcacatactacgcagactccgtgaagggccggttcaccatctccagagacaattccaagaacacgctgtatctgcaaatgaacagcctgagagccgaggacacggccgtatattactgtgcgaaagaagagggtggtaacagggtctttgactactggggccaaggaaccctggtcaccgtctcctca	IGHV3-23	IGHD4-23	IGHJ4	tgtgcgaaagaagagggtggtaacagggtctttgactactgg	2	3.47892640331194e-05
gaggtgcagctggtggagtccgggggaggcttagttcagcctggggggtccctgagactctcctgtgcagcctctggattcaccttcagtagctactggatgcactgggtccgccaagctccagggaaggggctggtgtgggtctcacgtattaatagtgatgggagtagcacaagctacgcggactccgtgaagggccgattcaccatctccagagacaacgccaagaacacgctgtatctgcaaatgaacagtctgagagccgaggacacggctgtgtattactgtgcaagagagaagggagctactacctttgactactggggccaaggaaccctggtcaccgtctcctca	IGHV3-74	IGHD1-26	IGHJ4	tgtgcaagagagaagggagctactacctttgactactgg	2	3.47892640331194e-05
caggtgcagctggtgcagtctggggctgaggtgaagaagcctgggtcctcggtgaaggtctcctgcaaggcttctggaggcaccttcagcagctatgctatcagctgggtgcgacaggcccctggacaagggcttgagtggatgggagggatcatccctatctttggtacagcaaactacgcacagaagttccagggcagagtcacgattaccgcggacgaatccacgagcacagcctacatggagctgagcagcctgagatctgaggacacggccgtgtattactgtgcgagagagggtgactacggtgactacggtttggactactggggccaaggaaccctggtcaccgtctcctca	IGHV1-69	IGHD4-17	IGHJ4	tgtgcgagagagggtgactacggtgactacggtttggactactgg	2	3.47892640331194e-05
gaggtgcagctgttggagtctgggggaggcttggtacagcctggggggtccctgagactctcctgtgcagcctctggattcacctttagcagctatgccatgagctgggtccgccaggctccagggaaggggctggagtgggtctcagctattagtggtagtggtggtagcacatactacgcagactccgtgaagggccggttcaccatctccagagacaattccaagaacacgctgtatctgcaaatgaacagcctgagagccgaggacacggccgtatattactgtgcgaaagagcgggacactacggtgactacgttcgactcctggggccaaggaaccctggtcaccgtctcctca	IGHV3-23	IGHD4-17	IGHJ5	tgtgcgaaagagcgggacactacggtgactacgttcgactcctgg	2	3.47892640331194e-05
caggtgcagctggtgcagtctggggctgaggtgaagaagcctgggtcctcggtgaaggtctcctgcaaggcttctggaggcaccttcagcagctatgctatcagctgggtgcgacaggcccctggacaagggcttgagtggatgggagggatcatccctatctttggtacagcaaactacgcacagaagttccagggcagagtcacgattaccgcggacgaatccacgagcacagcctacatggagctgagcagcctgagatctgaggacacggccgtgtattactgtgcgagaggcgtccgaaaggactggttcgactcctggggccaaggaaccctggtcaccgtctcctca	IGHV1-69	IGHD6-6	IGHJ5	tgtgcgagaggcgtccgaaaggactggttcgactcctgg	2	3.47892640331194e-05
gaggtgcagctggtggagtctgggggaggcttggtaaagcctggggggtcccttagactctcctgtgcagcctctggattcactttcagtaacgcctggatgagctgggtccgccaggctccagggaaggggctggagtgggttggccgtattaaaagcaaaactgatggtgggacaacagactacgctgcacccgtgaaaggcagattcaccatctcaagagatgattcaaaaaacacgctgtatctgcaaatgaacagcctgaaaaccgaggacacagccgtgtattactgtaccacagagcttatagcagcagcctttgactactggggccaaggaaccctggtcaccgtctcctca	IGHV3-15	IGHD6-13	IGHJ4	tgtaccacagagcttatagcagcagcctttgactactgg	2	3.47892640331194e-05
gaggtgcagctggtggagtctgggggaggcttggtccagcctggggggtccctgagactctcctgtgcagcctctggattcaccttcagtagctatgctatgcactgggtccgccaggctccagggaagggactggaatatgtttcagctattagtagtaatgggggtagcacatattatgcaaactctgtgaagggcagattcaccatctccagagacaattccaagaacacgctgtatcttcaaatgggcagcctgagagctgaggacatggctgtgtattactgtgcgagagaggagggacggtactactacggtatggacgtctgggggcaagggaccacggtcaccgtctcctca	IGHV3-64	IGHD6-19	IGHJ6	tgtgcgagagaggagggacggtactactacggtatggacgtctgg	2	3.47892640331194e-05
gaggtgcagctggtggagtctggaggaggcttgatccagcctggggggtccctgagactctcctgtgcagcctctgggttcaccgtcagtagcaactacatgagctgggtccgccaggctccagggaaggggctggagtgggtctcagttatttatagcggtggtagcacatactacgcagactccgtgaagggccgattcaccatctccagagacaattccaagaacacgctgtatcttcaaatgaacagcctgagagccgaggacacggccgtgtattactgtgcgagagacccagcagctggtggctttgactactggggccaaggaaccctggtcaccgtctcctca	IGHV3-53	IGHD6-13	IGHJ4	tgtgcgagagacccagcagctggtggctttgactactgg	2	3.47892640331194e-05
gaggtgcagctggtggagtctgggggaggtgtggtacggcctggggggtccctgagactctcctgtgcagcctctggattcacctttgatgattatggcatgagctgggtccgccaagctccagggaaggggctggagtgggtctctggtattaattggaatggtggtagcacaggttatgcagactctgtgaagggccgattcaccatctccagagacaacgccaagaactccctgtatctgcaaatgaacagtctgagagccgaggacacggccttgtatcactgtgcgagagacatgggagctactgacaactggttcgactcctggggccaaggaaccctggtcaccgtctcctca	IGHV3-20	IGHD1-26	IGHJ5	tgtgcgagagacatgggagctactgacaactggttcgactcctgg	2	3.47892640331194e-05
caggtacagctgcagcagtcaggtccaggactggtgaagccctcgcagaccctctcactcacctgtgccatctccggggacagtgtctctagcaacagtgctgcttggaactggatcaggcagtccccatcgagaggccttgagtggctgggaaggacatactacaggtccaagtggtataatgattatgcagtatctgtgaaaagtcgaataaccatcaacccagacacatccaagaaccagttctccctgcagctgaactctgtgactcccgaggacacggctgtgtattactgtgcaagagatcattttgactggttattatcctttgactactggggccaaggaaccctggtcaccgtctcctca	IGHV6-1	IGHD3-9	IGHJ4	tgtgcaagagatcattttgactggttattatcctttgactactgg	2	3.47892640331194e-05
gaggtgcagctggtggagtctgggggaggcttggtccagcctggggggtccctgagactctcctgtgcagcctctggattcaccttcagtagctatgctatgcactgggtccgccaggctccagggaagggactggaatatgtttcagctattagtagtaatgggggtagcacatattatgcaaactctgtgaagggcagattcaccatctccagagacaattccaagaacacgctgtatcttcaaatgggcagcctgagagctgaggacatggctgtgtattactgtgcgagagatcgttcggggagttattataacgctgactactggggccaaggaaccctggtcaccgtctcctca	IGHV3-64	IGHD3-10	IGHJ4	tgtgcgagagatcgttcggggagttattataacgctgactactgg	2	3.47892640331194e-05
gaggtgcagctggtggagtctgggggaggcttggtaaagcctggggggtcccttagactctcctgtgcagcctctggattcactttcagtaacgcctggatgagctgggtccgccaggctccagggaaggggctggagtgggttggccgtattaaaagcaaaactgatggtgggacaacagactacgctgcacccgtgaaaggcagattcaccatctcaagagatgattcaaaaaacacgctgtatctgcaaatgaacagcctgaaaaccgaggacacagccgtgtattactgtaccagagggagtgggagctactacgatgcttttgatgtctggggccaagggacaatggtcaccgtctcttca	IGHV3-15	IGHD1-26	IGHJ3	tgtaccagagggagtgggagctactacgatgcttttgatgtctgg	2	3.47892640331194e-05
gaggtgcagctggtggagtctgggggaggtgtggtacggcctggggggtccctgagactctcctgtgcagcctctggattcacctttgatgattatggcatgagctgggtccgccaagctccagggaaggggctggagtgggtctctggtattaattggaatggtggtagcacaggttatgcagactctgtgaagggccgattcaccatctccagagacaacgccaagaactccctgtatctgcaaatgaacagtctgagagccgaggacacggccttgtatcactgtgcgagagagctgtatagcagcagctactttgactactggggccaaggaaccctggtcaccgtctcctca	IGHV3-20	IGHD6-13	IGHJ4	tgtgcgagagagctgtatagcagcagctactttgactactgg	2	3.47892640331194e-05
caggtgcagctggtgcagtctggggctgaggtgaagaagcctggggcctcagtgaaggtctcctgcaaggcttctggatacaccttcaccggctactatatgcactgggtgcgacaggcccctggacaagggcttgagtggatgggacggatcaaccctaacagtggtggcacaaactatgcacagaagtttcagggcagggtcaccagtaccagggacacgtccatcagcacagcctacatggagctgagcaggctgagatctgacgacacggtcgtgtattactgtgcgagagatagtgggagctactacttttttgactactggggccaaggaaccctggtcaccgtctcctca	IGHV1-2	IGHD1-26	IGHJ4	tgtgcgagagatagtgggagctactacttttttgactactgg	2	3.47892640331194e-05
gaggtgcagctgttggagtctgggggaggcttggtacagcctggggggtccctgagactctcctgtgcagcctctggattcacctttagcagctatgccatgagctgggtccgccaggctccagggaaggggctggagtgggtctcagctattagtggtagtggtggtagcacatactacgcagactccgtgaagggccggttcaccatctccagagacaattccaagaacacgctgtatctgcaaatgaacagcctgagagccgaggacacggccgtatattactgtgcgaaagatcggggatatagcagcagctactttgactactggggccaaggaaccctggtcaccgtctcctca	IGHV3-23	IGHD6-13	IGHJ4	tgtgcgaaagatcggggatatagcagcagctactttgactactgg	2	3.47892640331194e-05
caggtgcagctggtgcagtctggggctgaggtgaagaagcctggggcctcagtgaaggtctcctgcaaggcttctggatacaccttcaccggctactatatgcactgggtgcgacaggcccctggacaagggcttgagtggatgggacggatcaaccctaacagtggtggcacaaactatgcacagaagtttcagggcagggtcaccagtaccagggacacgtccatcagcacagcctacatggagctgagcaggctgagatctgacgacacggtcgtgtattactgtgcgagagagtcactatggttcggggaggtatttgactactggggccaaggaaccctggtcaccgtctcctca	IGHV1-2	IGHD3-10	IGHJ4	tgtgcgagagagtcactatggttcggggaggtatttgactactgg	2	3.47892640331194e-05
gaggtgcagctggtggagtctgggggaggcttggtacagccagggcggtccctgagactctcctgtacagcttctggattcacctttggtgattatgctatgagctggttccgccaggctccagggaaggggctggagtgggtaggtttcattagaagcaaagcttatggtgggacaacagaatacaccgcgtctgtgaaaggcagattcaccatctcaagagatggttccaaaagcatcgcctatctgcaaatgaacagcctgaaaaccgaggacacagccgtgtattactgtactagaagtgggagctactacactcactactttgactactggggccaaggaaccctggtcaccgtctcctca	IGHV3-49	IGHD1-26	IGHJ4	tgtactagaagtgggagctactacactcactactttgactactgg	2	3.47892640331194e-05
gaggtgcagctgttggagtctgggggaggcttggtacagcctggggggtccctgagactctcctgtgcagcctctggattcacctttagcagctatgccatgagctgggtccgccaggctccagggaaggggctggagtgggtctcagctattagtggtagtggtggtagcacatactacgcagactccgtgaagggccggttcaccatctccagagacaattccaagaacacgctgtatctgcaaatgaacagcctgagagccgaggacacggccgtatattactgtgcgaaagagaggcagcggctactcaactggttcgactcctggggccaaggaaccctggtcaccgtctcctca	IGHV3-23	IGHD6-25	IGHJ5	tgtgcgaaagagaggcagcggctactcaactggttcgactcctgg	2	3.47892640331194e-05
gaggtgcagctgttggagtctgggggaggcttggtacagcctggggggtccctgagactctcctgtgcagcctctggattcacctttagcagctatgccatgagctgggtccgccaggctccagggaaggggctggagtgggtctcagctattagtggtagtggtggtagcacatactacgcagactccgtgaagggccggttcaccatctccagagacaattccaagaacacgctgtatctgcaaatgaacagcctgagagccgaggacacggccgtatattactgtgcgaaaggatattttgactggttctttgactactggggccaaggaaccctggtcaccgtctcctca	IGHV3-23	IGHD3-9	IGHJ4	tgtgcgaaaggatattttgactggttctttgactactgg	2	3.47892640331194e-05
gaggtgcagctggtgcagtctggagcagaggtgaaaaagcccggggagtctctgaagatctcctgtaagggttctggatacagctttaccagctactggatcggctgggtgcgccagatgcccgggaaaggcctggagtggatggggatcatctatcctggtgactctgataccagatacagcccgtccttccaaggccaggtcaccatctcagccgacaagtccatcagcaccgcctacctgcagtggagcagcctgaaggcctcggacaccgccatgtattactgtgcgagacaaaggtacggtggtaactttgactactggggccaaggaaccctggtcaccgtctcctca	IGHV5-51	IGHD4-23	IGHJ4	tgtgcgagacaaaggtacggtggtaactttgactactgg	2	3.47892640331194e-05
caggttcagctggtgcagtctggagctgaggtgaagaagcctggggcctcagtgaaggtctcctgcaaggcttctggttacacctttaccagctatggtatcagctgggtgcgacaggcccctggacaagggcttgagtggatgggatggatcagcgcttacaatggtaacacaaactatgcacagaagctccagggcagagtcaccatgaccacagacacatccacgagcacagcctacatggagctgaggagcctgagatctgacgacacggccgtgtattactgtgcgagagacgggtatgatagtagtggtctccactggggccaaggaaccctggtcaccgtctcctca	IGHV1-18	IGHD3-22	IGHJ4	tgtgcgagagacgggtatgatagtagtggtctccactgg	2	3.47892640331194e-05
gaggtgcagctggtggagtctggaggaggcttgatccagcctggggggtccctgagactctcctgtgcagcctctgggttcaccgtcagtagcaactacatgagctgggtccgccaggctccagggaaggggctggagtgggtctcagttatttatagcggtggtagcacatactacgcagactccgtgaagggccgattcaccatctccagagacaattccaagaacacgctgtatcttcaaatgaacagcctgagagccgaggacacggccgtgtattactgtgcgagagacggcaagtatagcagctcgcgctttgactactggggccaaggaaccctggtcaccgtctcctca	IGHV3-53	IGHD6-6	IGHJ4	tgtgcgagagacggcaagtatagcagctcgcgctttgactactgg	2	3.47892640331194e-05
gaggtgcagctggtggagtctgggggaggcttggtaaagcctggggggtcccttagactctcctgtgcagcctctggattcactttcagtaacgcctggatgagctgggtccgccaggctccagggaaggggctggagtgggttggccgtattaaaagcaaaactgatggtgggacaacagactacgctgcacccgtgaaaggcagattcaccatctcaagagatgattcaaaaaacacgctgtatctgcaaatgaacagcctgaaaaccgaggacacagccgtgtattactgtaccacagtgtgctatgatagtagtgggggctttgactactggggccaaggaaccctggtcaccgtctcctca	IGHV3-15	IGHD3-22	IGHJ4	tgtaccacagtgtgctatgatagtagtgggggctttgactactgg	2	3.47892640331194e-05
caggtgcagctggtgcagtctggggctgaggtgaagaagcctggggcctcagtgaaggtttcctgcaaggcatctggatacaccttcaccagctactatatgcactgggtgcgacaggcccctggacaagggcttgagtggatgggaataatcaaccctagtggtggtagcacaagctacgcacagaagttccagggcagagtcaccatgaccagggacacgtccacgagcacagtctacatggagctgagcagcctgagatctgaggacacggccgtgtattactgtgcgagagaacggtggatagaggagtttgactactggggccaaggaaccctggtcaccgtctcctca	IGHV1-46	IGHD5-12	IGHJ4	tgtgcgagagaacggtggatagaggagtttgactactgg	2	3.47892640331194e-05
gaggtgcagctgttggagtctgggggaggcttggtacagcctggggggtccctgagactctcctgtgcagcctctggattcacctttagcagctatgccatgagctgggtccgccaggctccagggaaggggctggagtgggtctcagctattagtggtagtggtggtagcacatactacgcagactccgtgaagggccggttcaccatctccagagacaattccaagaacacgctgtatctgcaaatgaacagcctgagagccgaggacacggccgtatattactgtgcgaaagacggggagcagctggcctttgactactggggccaaggaaccctggtcaccgtctcctca	IGHV3-23	IGHD6-13	IGHJ4	tgtgcgaaagacggggagcagctggcctttgactactgg	2	3.47892640331194e-05
caggtgcagctggtgcagtctggggctgaggtgaagaagcctggggcctcagtgaaggtctcctgcaaggcttctggatacaccttcaccagttatgatatcaactgggtgcgacaggccactggacaagggcttgagtggatgggatggatgaaccctaacagtggtaacacaggctatgcacagaagttccagggcagagtcaccatgaccaggaacacctccataagcacagcctacatggagctgagcagcctgagatctgaggacacggccgtgtattactgtgcgaacctcactatgatagtagtggttaggtttgactactggggccaaggaaccctggtcaccgtctcctca	IGHV1-8	IGHD3-22	IGHJ4	tgtgcgaacctcactatgatagtagtggttaggtttgactactgg	2	3.47892640331194e-05
gaggtgcagctggtggagtctgggggaggcttggtacagccagggcggtccctgagactctcctgtacagcttctggattcacctttggtgattatgctatgagctggttccgccaggctccagggaaggggctggagtgggtaggtttcattagaagcaaagcttatggtgggacaacagaatacaccgcgtctgtgaaaggcagattcaccatctcaagagatggttccaaaagcatcgcctatctgcaaatgaacagcctgaaaaccgaggacacagccgtgtattactgtactagagagggtgtaactggaactactggctttgactactggggccaaggaaccctggtcaccgtctcctca	IGHV3-49	IGHD1-7	IGHJ4	tgtactagagagggtgtaactggaactactggctttgactactgg	2	3.47892640331194e-05
gaggtgcagctggtgcagtctggagcagaggtgaaaaagcccggggagtctctgaagatctcctgtaagggttctggatacagctttaccagctactggatcggctgggtgcgccagatgcccgggaaaggcctggagtggatggggatcatctatcctggtgactctgataccagatacagcccgtccttccaaggccaggtcaccatctcagccgacaagtccatcagcaccgcctacctgcagtggagcagcctgaaggcctcggacaccgccatgtattactgtgcgagacatagtagtaccagctgctatggctttgactactggggccaaggaaccctggtcaccgtctcctca	IGHV5-51	IGHD2-2	IGHJ4	tgtgcgagacatagtagtaccagctgctatggctttgactactgg	2	3.47892640331194e-05
caggtgcagctggtgcagtctggggctgaggtgaagaagcctgggtcctcggtgaaggtctcctgcaaggcttctggaggcaccttcagcagctatgctatcagctgggtgcgacaggcccctggacaagggcttgagtggatgggagggatcatccctatctttggtacagcaaactacgcacagaagttccagggcagagtcacgattaccgcggacgaatccacgagcacagcctacatggagctgagcagcctgagatctgaggacacggccgtgtattactgtgcgagagatggttcggggagttatccctttgactactggggccaaggaaccctggtcaccgtctcctca	IGHV1-69	IGHD3-10	IGHJ4	tgtgcgagagatggttcggggagttatccctttgactactgg	2	3.47892640331194e-05
gaggtgcagctgttggagtctgggggaggcttggtacagcctggggggtccctgagactctcctgtgcagcctctggattcacctttagcagctatgccatgagctgggtccgccaggctccagggaaggggctggagtgggtctcagctattagtggtagtggtggtagcacatactacgcagactccgtgaagggccggttcaccatctccagagacaattccaagaacacgctgtatctgcaaatgaacagcctgagagccgaggacacggccgtatattactgtgcgaaagacccagcagctgttccgtactttgactactggggccaaggaaccctggtcaccgtctcctca	IGHV3-23	IGHD6-13	IGHJ4	tgtgcgaaagacccagcagctgttccgtactttgactactgg	2	3.47892640331194e-05
caggtgcagctacagcagtggggcgcaggactgttgaagccttcggagaccctgtccctcacctgcgctgtctatggtgggtccttcagtggttactactggagctggatccgccagcccccagggaaggggctggagtggattggggaaatcaatcatagtggaagcaccaactacaacccgtccctcaagagtcgagtcaccatatcagtagacacgtccaagaaccagttctccctgaagctgagctctgtgaccgccgcggacacggctgtgtattactgtgcgagaggtccgtatagcagctactttgactactggggccaaggaaccctggtcaccgtctcctca	IGHV4-34	IGHD6-6	IGHJ4	tgtgcgagaggtccgtatagcagctactttgactactgg	2	3.47892640331194e-05
cagatcaccttgaaggagtctggtcctacgctggtgaaacccacacagaccctcacgctgacctgcaccttctctgggttctcactcagcactagtggagtgggtgtgggctggatccgtcagcccccaggaaaggccctggagtggcttgcactcatttattggaatgatgataagcgctacagcccatctctgaagagcaggctcaccatcaccaaggacacctccaaaaaccaggtggtccttacaatgaccaacatggaccctgtggacacagccacatattactgtgcacacgggcatggctacgtcttctactttgactactggggccaaggaaccctggtcaccgtctcctca	IGHV2-5	IGHD5-24	IGHJ4	tgtgcacacgggcatggctacgtcttctactttgactactgg	2	3.47892640331194e-05
caggtgcagctggtgcagtctggggctgaggtgaagaagcctgggtcctcggtgaaggtctcctgcaaggcttctggaggcaccttcagcagctatgctatcagctgggtgcgacaggcccctggacaagggcttgagtggatgggagggatcatccctatctttggtacagcaaactacgcacagaagttccagggcagagtcacgattaccgcggacgaatccacgagcacagcctacatggagctgagcagcctgagatctgaggacacggccgtgtattactgtgcgagagaacgggggcagctggtaccccacttcgatctctggggccgtggcaccctggtcactgtctcctca	IGHV1-69	IGHD6-13	IGHJ2	tgtgcgagagaacgggggcagctggtaccccacttcgatctctgg	2	3.47892640331194e-05
gaggtgcagctggtggagtctgggggaggcttggtaaagcctggggggtcccttagactctcctgtgcagcctctggattcactttcagtaacgcctggatgagctgggtccgccaggctccagggaaggggctggagtgggttggccgtattaaaagcaaaactgatggtgggacaacagactacgctgcacccgtgaaaggcagattcaccatctcaagagatgattcaaaaaacacgctgtatctgcaaatgaacagcctgaaaaccgaggacacagccgtgtattactgtaccacagggttactatggttcggggagttatttgactactggggccaaggaaccctggtcaccgtctcctca	IGHV3-15	IGHD3-10	IGHJ4	tgtaccacagggttactatggttcggggagttatttgactactgg	2	3.47892640331194e-05
gaggtgcagctggtggagtctgggggaggcttggtacagccagggcggtccctgagactctcctgtacagcttctggattcacctttggtgattatgctatgagctggttccgccaggctccagggaaggggctggagtgggtaggtttcattagaagcaaagcttatggtgggacaacagaatacaccgcgtctgtgaaaggcagattcaccatctcaagagatggttccaaaagcatcgcctatctgcaaatgaacagcctgaaaaccgaggacacagccgtgtattactgtactagagaggggagcggggggtacttcgatctctggggccgtggcaccctggtcactgtctcctca	IGHV3-49	IGHD1-1	IGHJ2	tgtactagagaggggagcggggggtacttcgatctctgg	1	1.73946320165597e-05
caggttcagctggtgcagtctggagctgaggtgaagaagcctggggcctcagtgaaggtctcctgcaaggcttctggttacacctttaccagctatggtatcagctgggtgcgacaggcccctggacaagggcttgagtggatgggatggatcagcgcttacaatggtaacacaaactatgcacagaagctccagggcagagtcaccatgaccacagacacatccacgagcacagcctacatggagctgaggagcctgagatctgacgacacggccgtgtattactgtgcgagagatattactacggtggtccactggttcgactcctggggccaaggaaccctggtcaccgtctcctca	IGHV1-18	IGHD4-23	IGHJ5	tgtgcgagagatattactacggtggtccactggttcgactcctgg	1	1.73946320165597e-05
gaggtgcagctggtgcagtctggagcagaggtgaaaaagcccggggagtctctgaagatctcctgtaagggttctggatacagctttaccagctactggatcggctgggtgcgccagatgcccgggaaaggcctggagtggatggggatcatctatcctggtgactctgataccagatacagcccgtccttccaaggccaggtcaccatctcagccgacaagtccatcagcaccgcctacctgcagtggagcagcctgaaggcctcggacaccgccatgtattactgtgcgagacaggggggagctactacgtttgactactggggccaaggaaccctggtcaccgtctcctca	IGHV5-51	IGHD1-26	IGHJ4	tgtgcgagacaggggggagctactacgtttgactactgg	1	1.73946320165597e-05
gaggtgcagctgttggagtctgggggaggcttggtacagcctggggggtccctgagactctcctgtgcagcctctggattcacctttagcagctatgccatgagctgggtccgccaggctccagggaaggggctggagtgggtctcagctattagtggtagtggtggtagcacatactacgcagactccgtgaagggccggttcaccatctccagagacaattccaagaacacgctgtatctgcaaatgaacagcctgagagccgaggacacggccgtatattactgtgcgaaagaagggcacgagctacccaactggttcgactcctggggccaaggaaccctggtcaccgtctcctca	IGHV3-23	IGHD1-26	IGHJ5	tgtgcgaaagaagggcacgagctacccaactggttcgactcctgg	1	1.73946320165597e-05
gaggtgcagctggtggagtctgggggaggcttggtacagccagggcggtccctgagactctcctgtacagcttctggattcacctttggtgattatgctatgagctggttccgccaggctccagggaaggggctggagtgggtaggtttcattagaagcaaagcttatggtgggacaacagaatacaccgcgtctgtgaaaggcagattcaccatctcaagagatggttccaaaagcatcgcctatctgcaaatgaacagcctgaaaaccgaggacacagccgtgtattactgtactagagatcccaggagctacgggaactttgactactggggccaaggaaccctggtcaccgtctcctca	IGHV3-49	IGHD1-26	IGHJ4	tgtactagagatcccaggagctacgggaactttgactactgg	1	1.73946320165597e-05
caggttcagctggtgcagtctggagctgaggtgaagaagcctggggcctcagtgaaggtctcctgcaaggcttctggttacacctttaccagctatggtatcagctgggtgcgacaggcccctggacaagggcttgagtggatgggatggatcagcgcttacaatggtaacacaaactatgcacagaagctccagggcagagtcaccatgaccacagacacatccacgagcacagcctacatggagctgaggagcctgagatctgacgacacggccgtgtattactgtgcgagagaggggagcagtggctccgactactttgactactggggccaaggaaccctggtcaccgtctcctca	IGHV1-18	IGHD6-19	IGHJ4	tgtgcgagagaggggagcagtggctccgactactttgactactgg	1	1.73946320165597e-05
caggtgcagctggtgcagtctggggctgaggtgaagaagcctggggcctcagtgaaggtttcctgcaaggcatctggatacaccttcaccagctactatatgcactgggtgcgacaggcccctggacaagggcttgagtggatgggaataatcaaccctagtggtggtagcacaagctacgcacagaagttccagggcagagtcaccatgaccagggacacgtccacgagcacagtctacatggagctgagcagcctgagatctgaggacacggccgtgtattactgtgcgaggcagggtatagcagtggctggtacctttgactactggggccaaggaaccctggtcaccgtctcctca	IGHV1-46	IGHD6-19	IGHJ4	tgtgcgaggcagggtatagcagtggctggtacctttgactactgg	1	1.73946320165597e-05
caggtgcagctacagcagtggggcgcaggactgttgaagccttcggagaccctgtccctcacctgcgctgtctatggtgggtccttcagtggttactactggagctggatccgccagcccccagggaaggggctggagtggattggggaaatcaatcatagtggaagcaccaactacaacccgtccctcaagagtcgagtcaccatatcagtagacacgtccaagaaccagttctccctgaagctgagctctgtgaccgccgcggacacggctgtgtattactgtgcgagagccaggaggagcagctgggactactttgactactggggccaaggaaccctggtcaccgtctcctca	IGHV4-34	IGHD6-13	IGHJ4	tgtgcgagagccaggaggagcagctgggactactttgactactgg	1	1.73946320165597e-05
gaggtgcagctggtggagtctggaggaggcttgatccagcctggggggtccctgagactctcctgtgcagcctctgggttcaccgtcagtagcaactacatgagctgggtccgccaggctccagggaaggggctggagtgggtctcagttatttatagcggtggtagcacatactacgcagactccgtgaagggccgattcaccatctccagagacaattccaagaacacgctgtatcttcaaatgaacagcctgagagccgaggacacggccgtgtattactgtgcgagagagtatagcagcagctggtacgtctctgactactggggccaaggaaccctggtcaccgtctcctca	IGHV3-53	IGHD6-13	IGHJ4	tgtgcgagagagtatagcagcagctggtacgtctctgactactgg	1	1.73946320165597e-05
caggtgcagctggtgcagtctggggctgaggtgaagaagcctgggtcctcggtgaaggtctcctgcaaggcttctggaggcaccttcagcagctatgctatcagctgggtgcgacaggcccctggacaagggcttgagtggatgggagggatcatccctatctttggtacagcaaactacgcacagaagttccagggcagagtcacgattaccgcggacgaatccacgagcacagcctacatggagctgagcagcctgagatctgaggacacggccgtgtattactgtgcgagagagtacggtggtggctactttgactactggggccaaggaaccctggtcaccgtctcctca	IGHV1-69	IGHD4-17	IGHJ4	tgtgcgagagagtacggtggtggctactttgactactgg	1	1.73946320165597e-05
gaggtgcagctgttggagtctgggggaggcttggtacagcctggggggtccctgagactctcctgtgcagcctctggattcacctttagcagctatgccatgagctgggtccgccaggctccagggaaggggctggagtgggtctcagctattagtggtagtggtggtagcacatactacgcagactccgtgaagggccggttcaccatctccagagacaattccaagaacacgctgtatctgcaaatgaacagcctgagagccgaggacacggccgtatattactgtgcgaaggttcggggagttattaatgcttttgatgtctggggccaagggacaatggtcaccgtctcttca	IGHV3-23	IGHD3-10	IGHJ3	tgtgcgaaggttcggggagttattaatgcttttgatgtctgg	1	1.73946320165597e-05
gaggtgcagctggtggagtctgggggaggcttggtaaagcctggggggtcccttagactctcctgtgcagcctctggattcactttcagtaacgcctggatgagctgggtccgccaggctccagggaaggggctggagtgggttggccgtattaaaagcaaaactgatggtgggacaacagactacgctgcacccgtgaaaggcagattcaccatctcaagagatgattcaaaaaacacgctgtatctgcaaatgaacagcctgaaaaccgaggacacagccgtgtattactgtaccacagagggtatagcagtggctgggaaggtgttctactggggccaaggaaccctggtcaccgtctcctca	IGHV3-15	IGHD6-19	IGHJ4	tgtaccacagagggtatagcagtggctgggaaggtgttctactgg	1	1.73946320165597e-05
caggtgcagctggtgcagtctggggctgaggtgaagaagcctgggtcctcggtgaaggtctcctgcaaggcttctggaggcaccttcagcagctatgctatcagctgggtgcgacaggcccctggacaagggcttgagtggatgggagggatcatccctatctttggtacagcaaactacgcacagaagttccagggcagagtcacgattaccgcggacgaatccacgagcacagcctacatggagctgagcagcctgagatctgaggacacggccgtgtattactgtgcgagagagggcagcagctggtcctactactttgactactggggccaaggaaccctggtcaccgtctcctca	IGHV1-69	IGHD6-13	IGHJ4	tgtgcgagagagggcagcagctggtcctactactttgactactgg	1	1.73946320165597e-05
caggtgcagctggtgcagtctggggctgaggtgaagaagcctgggtcctcggtgaaggtctcctgcaaggcttctggaggcaccttcagcagctatgctatcagctgggtgcgacaggcccctggacaagggcttgagtggatgggagggatcatccctatctttggtacagcaaactacgcacagaagttccagggcagagtcacgattaccgcggacgaatccacgagcacagcctacatggagctgagcagcctgagatctgaggacacggccgtgtattactgtgcgagagacgtagcagtggctggtacgtcttttgatgtctggggccaagggacaatggtcaccgtctcttca	IGHV1-69	IGHD6-19	IGHJ3	tgtgcgagagacgtagcagtggctggtacgtcttttgatgtctgg	1	1.73946320165597e-05
caggtgcagctacagcagtggggcgcaggactgttgaagccttcggagaccctgtccctcacctgcgctgtctatggtgggtccttcagtggttactactggagctggatccgccagcccccagggaaggggctggagtggattggggaaatcaatcatagtggaagcaccaactacaacccgtccctcaagagtcgagtcaccatatcagtagacacgtccaagaaccagttctccctgaagctgagctctgtgaccgccgcggacacggctgtgtattactgtgcgagagtctggtatagcagaggctactttgactactggggccaaggaaccctggtcaccgtctcctca	IGHV4-34	IGHD6-13	IGHJ4	tgtgcgagagtctggtatagcagaggctactttgactactgg	1	1.73946320165597e-05
gaggtgcagctggtggagtctggaggaggcttgatccagcctggggggtccctgagactctcctgtgcagcctctgggttcaccgtcagtagcaactacatgagctgggtccgccaggctccagggaaggggctggagtgggtctcagttatttatagcggtggtagcacatactacgcagactccgtgaagggccgattcaccatctccagagacaattccaagaacacgctgtatcttcaaatgaacagcctgagagccgaggacacggccgtgtattactgtgcgagagagacgggtatagcagtggactactttgactactggggccaaggaaccctggtcaccgtctcctca	IGHV3-53	IGHD6-19	IGHJ4	tgtgcgagagagacgggtatagcagtggactactttgactactgg	1	1.73946320165597e-05
cagatcaccttgaaggagtctggtcctacgctggtgaaacccacacagaccctcacgctgacctgcaccttctctgggttctcactcagcactagtggagtgggtgtgggctggatccgtcagcccccaggaaaggccctggagtggcttgcactcatttattggaatgatgataagcgctacagcccatctctgaagagcaggctcaccatcaccaaggacacctccaaaaaccaggtggtccttacaatgaccaacatggaccctgtggacacagccacatattactgtgcacacagactagcagcagctggtacggactttgactactggggccaaggaaccctggtcaccgtctcctca	IGHV2-5	IGHD6-13	IGHJ4	tgtgcacacagactagcagcagctggtacggactttgactactgg	1	1.73946320165597e-05
gaggtgcagctgttggagtctgggggaggcttggtacagcctggggggtccctgagactctcctgtgcagcctctggattcacctttagcagctatgccatgagctgggtccgccaggctccagggaaggggctggagtgggtctcagctattagtggtagtggtggtagcacatactacgcagactccgtgaagggccggttcaccatctccagagacaattccaagaacacgctgtatctgcaaatgaacagcctgagagccgaggacacggccgtatattactgtgcgaaagatttatatagcagctcctggttcgactcctggggccaaggaaccctggtcaccgtctcctca	IGHV3-23	IGHD6-6	IGHJ5	tgtgcgaaagatttatatagcagctcctggttcgactcctgg	1	1.73946320165597e-05
caggtgcagctggtgcagtctggggctgaggtgaagaagcctggggcctcagtgaaggtctcctgcaaggcttctggatacaccttcaccggctactatatgcactgggtgcgacaggcccctggacaagggcttgagtggatgggacggatcaaccctaacagtggtggcacaaactatgcacagaagtttcagggcagggtcaccagtaccagggacacgtccatcagcacagcctacatggagctgagcaggctgagatctgacgacacggtcgtgtattactgtgcgagagattgtagtagtaccaggtgctactttgactactggggccaaggaaccctggtcaccgtctcctca	IGHV1-2	IGHD2-2	IGHJ4	tgtgcgagagattgtagtagtaccaggtgctactttgactactgg	1	1.73946320165597e-05
gaggtgcagctggtggagtctgggggaggcttggtacagccagggcggtccctgagactctcctgtacagcttctggattcacctttggtgattatgctatgagctggttccgccaggctccagggaaggggctggagtgggtaggtttcattagaagcaaagcttatggtgggacaacagaatacaccgcgtctgtgaaaggcagattcaccatctcaagagatggttccaaaagcatcgcctatctgcaaatgaacagcctgaaaaccgaggacacagccgtgtattactgtactagagtggggactatgatagtagtggttatggactactggggccaaggaaccctggtcaccgtctcctca	IGHV3-49	IGHD3-22	IGHJ4	tgtactagagtggggactatgatagtagtggttatggactactgg	1	1.73946320165597e-05
gaggtgcagctgttggagtctgggggaggcttggtacagcctggggggtccctgagactctcctgtgcagcctctggattcacctttagcagctatgccatgagctgggtccgccaggctccagggaaggggctggagtgggtctcagctattagtggtagtggtggtagcacatactacgcagactccgtgaagggccggttcaccatctccagagacaattccaagaacacgctgtatctgcaaatgaacagcctgagagccgaggacacggccgtatattactgtgtttacaactggaatctctactggtacttcgatctctggggccgtggcaccctggtcactgtctcctca	IGHV3-23	IGHD1-1	IGHJ2	tgtgtttacaactggaatctctactggtacttcgatctctgg	1	1.73946320165597e-05
gaggtgcagctggtgcagtctggagcagaggtgaaaaagcccggggagtctctgaagatctcctgtaagggttctggatacagctttaccagctactggatcggctgggtgcgccagatgcccgggaaaggcctggagtggatggggatcatctatcctggtgactctgataccagatacagcccgtccttccaaggccaggtcaccatctcagccgacaagtccatcagcaccgcctacctgcagtggagcagcctgaaggcctcggacaccgccatgtattactgtgcgagacagacaatagcagctcgtgcccactttgactactggggccaaggaaccctggtcaccgtctcctca	IGHV5-51	IGHD6-6	IGHJ4	tgtgcgagacagacaatagcagctcgtgcccactttgactactgg	1	1.73946320165597e-05
caggtgcagctggtgcagtctggggctgaggtgaagaagcctgggtcctcggtgaaggtctcctgcaaggcttctggaggcaccttcagcagctatgctatcagctgggtgcgacaggcccctggacaagggcttgagtggatgggagggatcatccctatctttggtacagcaaactacgcacagaagttccagggcagagtcacgattaccgcggacgaatccacgagcacagcctacatggagctgagcagcctgagatctgaggacacggccgtgtattactgtgcgagaggaaagttattactccctgatgcttttgatgtctggggccaagggacaatggtcaccgtctcttca	IGHV1-69	IGHD3-3	IGHJ3	tgtgcgagaggaaagttattactccctgatgcttttgatgtctgg	1	1.73946320165597e-05
gaggtgcagctgttggagtctgggggaggcttggtacagcctggggggtccctgagactctcctgtgcagcctctggattcacctttagcagctatgccatgagctgggtccgccaggctccagggaaggggctggagtgggtctcagctattagtggtagtggtggtagcacatactacgcagactccgtgaagggccggttcaccatctccagagacaattccaagaacacgctgtatctgcaaatgaacagcctgagagccgaggacacggccgtatattactgtgcgaaagagtgggagctactaccctttgactactggggccaaggaaccctggtcaccgtctcctca	IGHV3-23	IGHD1-26	IGHJ4	tgtgcgaaagagtgggagctactaccctttgactactgg	1	1.73946320165597e-05
caggttcagctggtgcagtctggagctgaggtgaagaagcctggggcctcagtgaaggtctcctgcaaggcttctggttacacctttaccagctatggtatcagctgggtgcgacaggcccctggacaagggcttgagtggatgggatggatcagcgcttacaatggtaacacaaactatgcacagaagctccagggcagagtcaccatgaccacagacacatccacgagcacagcctacatggagctgaggagcctgagatctgacgacacggccgtgtattactgtgcgagagtggggggtgcgggcctgaactactttgactactggggccaaggaaccctggtcaccgtctcctca	IGHV1-18	IGHD6-19	IGHJ4	tgtgcgagagtggggggtgcgggcctgaactactttgactactgg	1	1.73946320165597e-05
cagatcaccttgaaggagtctggtcctacgctggtgaaacccacacagaccctcacgctgacctgcaccttctctgggttctcactcagcactagtggagtgggtgtgggctggatccgtcagcccccaggaaaggccctggagtggcttgcactcatttattggaatgatgataagcgctacagcccatctctgaagagcaggctcaccatcaccaaggacacctccaaaaaccaggtggtccttacaatgaccaacatggaccctgtggacacagccacatattactgtgcacacagtgtgagcagtggctggtacccctttgactactggggccaaggaaccctggtcaccgtctcctca	IGHV2-5	IGHD6-19	IGHJ4	tgtgcacacagtgtgagcagtggctggtacccctttgactactgg	1	1.73946320165597e-05
caggtgcagctggtgcagtctggggctgaggtgaagaagcctgggtcctcggtgaaggtctcctgcaaggcttctggaggcaccttcagcagctatgctatcagctgggtgcgacaggcccctggacaagggcttgagtggatgggagggatcatccctatctttggtacagcaaactacgcacagaagttccagggcagagtcacgattaccgcggacgaatccacgagcacagcctacatggagctgagcagcctgagatctgaggacacggccgtgtattactgtgcgagagatgccagtggctcccacaactggttcgactcctggggccaaggaaccctggtcaccgtctcctca	IGHV1-69	IGHD6-19	IGHJ5	tgtgcgagagatgccagtggctcccacaactggttcgactcctgg	1	1.73946320165597e-05
caggttcagctggtgcagtctggagctgaggtgaagaagcctggggcctcagtgaaggtctcctgcaaggcttctggttacacctttaccagctatggtatcagctgggtgcgacaggcccctggacaagggcttgagtggatgggatggatcagcgcttacaatggtaacacaaactatgcacagaagctccagggcagagtcaccatgaccacagacacatccacgagcacagcctacatggagctgaggagcctgagatctgacgacacggccgtgtattactgtgcgagatcggctggtcccgtatacttccagcactggggccagggcaccctggtcaccgtctcctca	IGHV1-18	IGHD6-19	IGHJ1	tgtgcgagatcggctggtcccgtatacttccagcactgg	1	1.73946320165597e-05
caggttcagctggtgcagtctggagctgaggtgaagaagcctggggcctcagtgaaggtctcctgcaaggcttctggttacacctttaccagctatggtatcagctgggtgcgacaggcccctggacaagggcttgagtggatgggatggatcagcgcttacaatggtaacacaaactatgcacagaagctccagggcagagtcaccatgaccacagacacatccacgagcacagcctacatggagctgaggagcctgagatctgacgacacggccgtgtattactgtgcgagtctgggtatagcagcagctggtacctttgactactggggccaaggaaccctggtcaccgtctcctca	IGHV1-18	IGHD6-13	IGHJ4	tgtgcgagtctgggtatagcagcagctggtacctttgactactgg	1	1.73946320165597e-05
caggtccagcttgtgcagtctggggctgaggtgaagaagcctggggcctcagtgaaggtttcctgcaaggcttctggatacaccttcactagctatgctatgcattgggtgcgccaggcccccggacaaaggcttgagtggatgggatggatcaacgctggcaatggtaacacaaaatattcacagaagttccagggcagagtcaccattaccagggacacatccgcgagcacagcctacatggagctgagcagcctgagatctgaagacacggctgtgtattactgtgcgagagatcatagtgggagctaccactactttgactactggggccaaggaaccctggtcaccgtctcctca	IGHV1-3	IGHD1-26	IGHJ4	tgtgcgagagatcatagtgggagctaccactactttgactactgg	1	1.73946320165597e-05
gaagtgcagctggtggagtctgggggagtcgtggtacagcctggggggtccctgagactctcctgtgcagcctctggattcacctttgatgattataccatgcactgggtccgtcaagctccggggaagggtctggagtgggtctctcttattagttgggatggtggtagcacatactatgcagactctgtgaagggccgattcaccatctccagagacaacagcaaaaactccctgtatctgcaaatgaacagtctgagaactgaggacaccgccttgtattactgtgcaaaagatagacgagcagtggctgggtttgactactggggccaaggaaccctggtcaccgtctcctca	IGHV3-43	IGHD6-19	IGHJ4	tgtgcaaaagatagacgagcagtggctgggtttgactactgg	1	1.73946320165597e-05
caggttcagctggtgcagtctggagctgaggtgaagaagcctggggcctcagtgaaggtctcctgcaaggcttctggttacacctttaccagctatggtatcagctgggtgcgacaggcccctggacaagggcttgagtggatgggatggatcagcgcttacaatggtaacacaaactatgcacagaagctccagggcagagtcaccatgaccacagacacatccacgagcacagcctacatggagctgaggagcctgagatctgacgacacggccgtgtattactgtgcgacatgtataactggaactctggggtttgactactggggccaaggaaccctggtcaccgtctcctca	IGHV1-18	IGHD1-7	IGHJ4	tgtgcgacatgtataactggaactctggggtttgactactgg	1	1.73946320165597e-05
caggttcagctggtgcagtctggagctgaggtgaagaagcctggggcctcagtgaaggtctcctgcaaggcttctggttacacctttaccagctatggtatcagctgggtgcgacaggcccctggacaagggcttgagtggatgggatggatcagcgcttacaatggtaacacaaactatgcacagaagctccagggcagagtcaccatgaccacagacacatccacgagcacagcctacatggagctgaggagcctgagatctgacgacacggccgtgtattactgtgcgagagagggggtggtggtagctgctacgggggactactggggccaaggaaccctggtcaccgtctcctca	IGHV1-18	IGHD2-15	IGHJ4	tgtgcgagagagggggtggtggtagctgctacgggggactactgg	1	1.73946320165597e-05
gaggtgcagctggtggagtctggaggaggcttgatccagcctggggggtccctgagactctcctgtgcagcctctgggttcaccgtcagtagcaactacatgagctgggtccgccaggctccagggaaggggctggagtgggtctcagttatttatagcggtggtagcacatactacgcagactccgtgaagggccgattcaccatctccagagacaattccaagaacacgctgtatcttcaaatgaacagcctgagagccgaggacacggccgtgtattactgtgcgagagatcggtatagcagcagatttcactttgactactggggccaaggaaccctggtcaccgtctcctca	IGHV3-53	IGHD6-13	IGHJ4	tgtgcgagagatcggtatagcagcagatttcactttgactactgg	1	1.73946320165597e-05
caggtgcagctggtgcagtctggggctgaggtgaagaagcctgggtcctcggtgaaggtctcctgcaaggcttctggaggcaccttcagcagctatgctatcagctgggtgcgacaggcccctggacaagggcttgagtggatgggagggatcatccctatctttggtacagcaaactacgcacagaagttccagggcagagtcacgattaccgcggacgaatccacgagcacagcctacatggagctgagcagcctgagatctgaggacacggccgtgtattactgtgcgagagagagtgggagctactacagtatggatgactactggggccaaggaaccctggtcaccgtctcctca	IGHV1-69	IGHD1-26	IGHJ4	tgtgcgagagagagtgggagctactacagtatggatgactactgg	1	1.73946320165597e-05
caggtgcagctggtgcagtctggggctgaggtgaagaagcctgggtcctcggtgaaggtctcctgcaaggcttctggaggcaccttcagcagctatgctatcagctgggtgcgacaggcccctggacaagggcttgagtggatgggagggatcatccctatctttggtacagcaaactacgcacagaagttccagggcagagtcacgattaccgcggacgaatccacgagcacagcctacatggagctgagcagcctgagatctgaggacacggccgtgtattactgtgcgagagagggtatagcagcagactttgactactggggccaaggaaccctggtcaccgtctcctca	IGHV1-69	IGHD6-13	IGHJ4	tgtgcgagagagggtatagcagcagactttgactactgg	1	1.73946320165597e-05
caggttcagctggtgcagtctggagctgaggtgaagaagcctggggcctcagtgaaggtctcctgcaaggcttctggttacacctttaccagctatggtatcagctgggtgcgacaggcccctggacaagggcttgagtggatgggatggatcagcgcttacaatggtaacacaaactatgcacagaagctccagggcagagtcaccatgaccacagacacatccacgagcacagcctacatggagctgaggagcctgagatctgacgacacggccgtgtattactgtgcgagagagagactacggtgggtggggtacttcgatctctggggccgtggcaccctggtcactgtctcctca	IGHV1-18	IGHD4-23	IGHJ2	tgtgcgagagagagactacggtgggtggggtacttcgatctctgg	1	1.73946320165597e-05
caggtgcagctggtggagtctgggggaggcttggtcaagcctggagggtccctgagactctcctgtgcagcctctggattcaccttcagtgactactacatgagctggatccgccaggctccagggaaggggctggagtgggtttcatacattagtagtagtggtagtaccatatactacgcagactctgtgaagggccgattcaccatctccagggacaacgccaagaactcactgtatctgcaaatgaacagcctgagagccgaggacacggccgtgtattactgtgcgagaggagatgggattcccaactggttcgactcctggggccaaggaaccctggtcaccgtctcctca	IGHV3-11	IGHD5-24	IGHJ5	tgtgcgagaggagatgggattcccaactggttcgactcctgg	1	1.73946320165597e-05
caggtgcagctggtgcagtctggggctgaggtgaagaagcctggggcctcagtgaaggtttcctgcaaggcatctggatacaccttcaccagctactatatgcactgggtgcgacaggcccctggacaagggcttgagtggatgggaataatcaaccctagtggtggtagcacaagctacgcacagaagttccagggcagagtcaccatgaccagggacacgtccacgagcacagtctacatggagctgagcagcctgagatctgaggacacggccgtgtattactgtgcgagagtcgggcgtacggcccactactttgactactggggccaaggaaccctggtcaccgtctcctca	IGHV1-46	IGHD4-17	IGHJ4	tgtgcgagagtcgggcgtacggcccactactttgactactgg	1	1.73946320165597e-05
caggtgcagctggtgcagtctggggctgaggtgaagaagcctggggcctcagtgaaggtctcctgcaaggcttctggatacaccttcaccagttatgatatcaactgggtgcgacaggccactggacaagggcttgagtggatgggatggatgaaccctaacagtggtaacacaggctatgcacagaagttccagggcagagtcaccatgaccaggaacacctccataagcacagcctacatggagctgagcagcctgagatctgaggacacggccgtgtattactgtgcgagaggtcagggtatagcagtggctggtacggactactggggccaaggaaccctggtcaccgtctcctca	IGHV1-8	IGHD6-19	IGHJ4	tgtgcgagaggtcagggtatagcagtggctggtacggactactgg	1	1.73946320165597e-05
gaggtgcagctggtgcagtctggagcagaggtgaaaaagcccggggagtctctgaagatctcctgtaagggttctggatacagctttaccagctactggatcggctgggtgcgccagatgcccgggaaaggcctggagtggatggggatcatctatcctggtgactctgataccagatacagcccgtccttccaaggccaggtcaccatctcagccgacaagtccatcagcaccgcctacctgcagtggagcagcctgaaggcctcggacaccgccatgtattactgtgcgagacaggggcaggggtactactacggtatggacgtctgggggcaagggaccacggtcaccgtctcctca	IGHV5-51	IGHD6-19	IGHJ6	tgtgcgagacaggggcaggggtactactacggtatggacgtctgg	1	1.73946320165597e-05
caggtgcagctggtgcagtctggggctgaggtgaagaagcctggggcctcagtgaaggtctcctgcaaggcttctggatacaccttcaccagttatgatatcaactgggtgcgacaggccactggacaagggcttgagtggatgggatggatgaaccctaacagtggtaacacaggctatgcacagaagttccagggcagagtcaccatgaccaggaacacctccataagcacagcctacatggagctgagcagcctgagatctgaggacacggccgtgtattactgtgcgagaggaggaagcagctcgcactactttgactactggggccaaggaaccctggtcaccgtctcctca	IGHV1-8	IGHD6-6	IGHJ4	tgtgcgagaggaggaagcagctcgcactactttgactactgg	1	1.73946320165597e-05
caggttcagctggtgcagtctggagctgaggtgaagaagcctggggcctcagtgaaggtctcctgcaaggcttctggttacacctttaccagctatggtatcagctgggtgcgacaggcccctggacaagggcttgagtggatgggatggatcagcgcttacaatggtaacacaaactatgcacagaagctccagggcagagtcaccatgaccacagacacatccacgagcacagcctacatggagctgaggagcctgagatctgacgacacggccgtgtattactgtgcgatacttctaactggggagcactactttgactactggggccaaggaaccctggtcaccgtctcctca	IGHV1-18	IGHD7-27	IGHJ4	tgtgcgatacttctaactggggagcactactttgactactgg	1	1.73946320165597e-05
caggtccagcttgtgcagtctggggctgaggtgaagaagcctggggcctcagtgaaggtttcctgcaaggcttctggatacaccttcactagctatgctatgcattgggtgcgccaggcccccggacaaaggcttgagtggatgggatggatcaacgctggcaatggtaacacaaaatattcacagaagttccagggcagagtcaccattaccagggacacatccgcgagcacagcctacatggagctgagcagcctgagatctgaagacacggctgtgtattactgtgacaactggaacgacgtggggtactttgactactggggccaaggaaccctggtcaccgtctcctca	IGHV1-3	IGHD1-1	IGHJ4	tgtgacaactggaacgacgtggggtactttgactactgg	1	1.73946320165597e-05
caggtgcagctggtgcagtctggggctgaggtgaagaagcctgggtcctcggtgaaggtctcctgcaaggcttctggaggcaccttcagcagctatgctatcagctgggtgcgacaggcccctggacaagggcttgagtggatgggagggatcatccctatctttggtacagcaaactacgcacagaagttccagggcagagtcacgattaccgcggacgaatccacgagcacagcctacatggagctgagcagcctgagatctgaggacacggccgtgtattactgtgcgagagagcagtgggagctacactggttcgactcctggggccaaggaaccctggtcaccgtctcctca	IGHV1-69	IGHD1-26	IGHJ5	tgtgcgagagagcagtgggagctacactggttcgactcctgg	1	1.73946320165597e-05
caggtcaccttgaaggagtctggtcctgtgctggtgaaacccacagagaccctcacgctgacctgcaccgtctctgggttctcactcagcaatgctagaatgggtgtgagctggatccgtcagcccccagggaaggccctggagtggcttgcacacattttttcgaatgacgaaaaatcctacagcacatctctgaagagcaggctcaccatctccaaggacacctccaaaagccaggtggtccttaccatgaccaacatggaccctgtggacacagccacatattactgtgcacggatacagggtatagtgggagactactttgactactggggccaaggaaccctggtcaccgtctcctca	IGHV2-26	IGHD1-26	IGHJ4	tgtgcacggatacagggtatagtgggagactactttgactactgg	1	1.73946320165597e-05
caggtgcagctggtgcagtctggggctgaggtgaagaagcctgggtcctcggtgaaggtctcctgcaaggcttctggaggcaccttcagcagctatgctatcagctgggtgcgacaggcccctggacaagggcttgagtggatgggagggatcatccctatctttggtacagcaaactacgcacagaagttccagggcagagtcacgattaccgcggacgaatccacgagcacagcctacatggagctgagcagcctgagatctgaggacacggccgtgtattactgtgcgagatcaggatattgtagtagtaccagctttgactactggggccaaggaaccctggtcaccgtctcctca	IGHV1-69	IGHD2-2	IGHJ4	tgtgcgagatcaggatattgtagtagtaccagctttgactactgg	1	1.73946320165597e-05
caggtgcagctggtgcagtctggggctgaggtgaagaagcctggggcctcagtgaaggtttcctgcaaggcatctggatacaccttcaccagctactatatgcactgggtgcgacaggcccctggacaagggcttgagtggatgggaataatcaaccctagtggtggtagcacaagctacgcacagaagttccagggcagagtcaccatgaccagggacacgtccacgagcacagtctacatggagctgagcagcctgagatctgaggacacggccgtgtattactgtgcgagagagagggggcggaccttttactactttgactactggggccaaggaaccctggtcaccgtctcctca	IGHV1-46	IGHD7-27	IGHJ4	tgtgcgagagagagggggcggaccttttactactttgactactgg	1	1.73946320165597e-05
caggtccagcttgtgcagtctggggctgaggtgaagaagcctggggcctcagtgaaggtttcctgcaaggcttctggatacaccttcactagctatgctatgcattgggtgcgccaggcccccggacaaaggcttgagtggatgggatggatcaacgctggcaatggtaacacaaaatattcacagaagttccagggcagagtcaccattaccagggacacatccgcgagcacagcctacatggagctgagcagcctgagatctgaagacacggctgtgtattactgtgcgagagaagggactggaagtaactggttcgactcctggggccaaggaaccctggtcaccgtctcctca	IGHV1-3	IGHD1-7	IGHJ5	tgtgcgagagaagggactggaagtaactggttcgactcctgg	1	1.73946320165597e-05
gaggtgcagctggtgcagtctggagcagaggtgaaaaagcccggggagtctctgaagatctcctgtaagggttctggatacagctttaccagctactggatcggctgggtgcgccagatgcccgggaaaggcctggagtggatggggatcatctatcctggtgactctgataccagatacagcccgtccttccaaggccaggtcaccatctcagccgacaagtccatcagcaccgcctacctgcagtggagcagcctgaaggcctcggacaccgccatgtattactgtgcgagacatgggtatagcagtggctggtcttttgatgtctggggccaagggacaatggtcaccgtctcttca	IGHV5-51	IGHD6-19	IGHJ3	tgtgcgagacatgggtatagcagtggctggtcttttgatgtctgg	1	1.73946320165597e-05
gaggtgcagctggtgcagtctggagcagaggtgaaaaagcccggggagtctctgaagatctcctgtaagggttctggatacagctttaccagctactggatcggctgggtgcgccagatgcccgggaaaggcctggagtggatggggatcatctatcctggtgactctgataccagatacagcccgtccttccaaggccaggtcaccatctcagccgacaagtccatcagcaccgcctacctgcagtggagcagcctgaaggcctcggacaccgccatgtattactgtgcgagacaaagagggtataaccggaaccactttgactactggggccaaggaaccctggtcaccgtctcctca	IGHV5-51	IGHD1-14	IGHJ4	tgtgcgagacaaagagggtataaccggaaccactttgactactgg	1	1.73946320165597e-05
gaggtgcagctggtggagtctgggggaggcttggtccagcctggggggtccctgaaactctcctgtgcagcctctgggttcaccttcagtggctctgctatgcactgggtccgccaggcttccgggaaagggctggagtgggttggccgtattagaagcaaagctaacagttacgcgacagcatatgctgcgtcggtgaaaggcaggttcaccatctccagagatgattcaaagaacacggcgtatctgcaaatgaacagcctgaaaaccgaggacacggccgtgtattactgtactaggactaggtactactactactacggtatggacgtctgggggcaagggaccacggtcaccgtctcctca	IGHV3-73	IGHD3-22	IGHJ6	tgtactaggactaggtactactactactacggtatggacgtctgg	1	1.73946320165597e-05
caggtgcagctggtggagtctgggggaggcttggtcaagcctggagggtccctgagactctcctgtgcagcctctggattcaccttcagtgactactacatgagctggatccgccaggctccagggaaggggctggagtgggtttcatacattagtagtagtggtagtaccatatactacgcagactctgtgaagggccgattcaccatctccagggacaacgccaagaactcactgtatctgcaaatgaacagcctgagagccgaggacacggccgtgtattactgtgcgagaggtggtgattgctatgctgaatacttccagcactggggccagggcaccctggtcaccgtctcctca	IGHV3-11	IGHD2-21	IGHJ1	tgtgcgagaggtggtgattgctatgctgaatacttccagcactgg	1	1.73946320165597e-05
caggttcagctggtgcagtctggagctgaggtgaagaagcctggggcctcagtgaaggtctcctgcaaggcttctggttacacctttaccagctatggtatcagctgggtgcgacaggcccctggacaagggcttgagtggatgggatggatcagcgcttacaatggtaacacaaactatgcacagaagctccagggcagagtcaccatgaccacagacacatccacgagcacagcctacatggagctgaggagcctgagatctgacgacacggccgtgtattactgtgcgagagaaagagcagcagctgccaactggttcgactcctggggccaaggaaccctggtcaccgtctcctca	IGHV1-18	IGHD6-13	IGHJ5	tgtgcgagagaaagagcagcagctgccaactggttcgactcctgg	1	1.73946320165597e-05
gaggtgcagctggtggagtctgggggaggcttggtccagcctggagggtccctgagactctcctgtgcagcctctggattcaccttcagtgaccactacatggactgggtccgccaggctccagggaaggggctggagtgggttggccgtactagaaacaaagctaacagttacaccacagaatacgccgcgtctgtgaaaggcagattcaccatctcaagagatgattcaaagaactcactgtatctgcaaatgaacagcctgaaaaccgaggacacggccgtgtattactgtgctagagcggggagctactactcccaggcttttgatgtctggggccaagggacaatggtcaccgtctcttca	IGHV3-72	IGHD1-26	IGHJ3	tgtgctagagcggggagctactactcccaggcttttgatgtctgg	1	1.73946320165597e-05
caggtgcagctggtgcagtctggggctgaggtgaagaagcctgggtcctcggtgaaggtctcctgcaaggcttctggaggcaccttcagcagctatgctatcagctgggtgcgacaggcccctggacaagggcttgagtggatgggagggatcatccctatctttggtacagcaaactacgcacagaagttccagggcagagtcacgattaccgcggacgaatccacgagcacagcctacatggagctgagcagcctgagatctgaggacacggccgtgtattactgtgcgagagatcggggtagcagtggctggtcgttcgactcctggggccaaggaaccctggtcaccgtctcctca	IGHV1-69	IGHD6-19	IGHJ5	tgtgcgagagatcggggtagcagtggctggtcgttcgactcctgg	1	1.73946320165597e-05
caggtgcagctggtgcagtctggggctgaggtgaagaagcctggggcctcagtgaaggtctcctgcaaggcttctggatacaccttcaccggctactatatgcactgggtgcgacaggcccctggacaagggcttgagtggatgggacggatcaaccctaacagtggtggcacaaactatgcacagaagtttcagggcagggtcaccagtaccagggacacgtccatcagcacagcctacatggagctgagcaggctgagatctgacgacacggtcgtgtattactgtgcgaatagcagcagccccaactggttcgactcctggggccaaggaaccctggtcaccgtctcctca	IGHV1-2	IGHD6-13	IGHJ5	tgtgcgaatagcagcagccccaactggttcgactcctgg	1	1.73946320165597e-05
caggttcagctggtgcagtctggagctgaggtgaagaagcctggggcctcagtgaaggtctcctgcaaggcttctggttacacctttaccagctatggtatcagctgggtgcgacaggcccctggacaagggcttgagtggatgggatggatcagcgcttacaatggtaacacaaactatgcacagaagctccagggcagagtcaccatgaccacagacacatccacgagcacagcctacatggagctgaggagcctgagatctgacgacacggccgtgtattactgtgcgagattcgtagcagcagctggtaccttccagcactggggccagggcaccctggtcaccgtctcctca	IGHV1-18	IGHD6-13	IGHJ1	tgtgcgagattcgtagcagcagctggtaccttccagcactgg	1	1.73946320165597e-05
caggtgcagctggtgcagtctggggctgaggtgaagaagcctgggtcctcggtgaaggtctcctgcaaggcttctggaggcaccttcagcagctatgctatcagctgggtgcgacaggcccctggacaagggcttgagtggatgggagggatcatccctatctttggtacagcaaactacgcacagaagttccagggcagagtcacgattaccgcggacgaatccacgagcacagcctacatggagctgagcagcctgagatctgaggacacggccgtgtattactgtgcgagagatagtatagcagtggcgcgaaggtttgactactggggccaaggaaccctggtcaccgtctcctca	IGHV1-69	IGHD6-19	IGHJ4	tgtgcgagagatagtatagcagtggcgcgaaggtttgactactgg	1	1.73946320165597e-05
caggtgcagctggtgcagtctggggctgaggtgaagaagcctgggtcctcggtgaaggtctcctgcaaggcttctggaggcaccttcagcagctatgctatcagctgggtgcgacaggcccctggacaagggcttgagtggatgggagggatcatccctatctttggtacagcaaactacgcacagaagttccagggcagagtcacgattaccgcggacgaatccacgagcacagcctacatggagctgagcagcctgagatctgaggacacggccgtgtattactgtgattactatgatagtagtggttgggcttttgatgtctggggccaagggacaatggtcaccgtctcttca	IGHV1-69	IGHD3-22	IGHJ3	tgtgattactatgatagtagtggttgggcttttgatgtctgg	1	1.73946320165597e-05
gaggtgcagctggtggagtctgggggaggcttggtaaagcctggggggtcccttagactctcctgtgcagcctctggattcactttcagtaacgcctggatgagctgggtccgccaggctccagggaaggggctggagtgggttggccgtattaaaagcaaaactgatggtgggacaacagactacgctgcacccgtgaaaggcagattcaccatctcaagagatgattcaaaaaacacgctgtatctgcaaatgaacagcctgaaaaccgaggacacagccgtgtattactgtaccacagatatagtgggagtgtactttgactactggggccaaggaaccctggtcaccgtctcctca	IGHV3-15	IGHD1-26	IGHJ4	tgtaccacagatatagtgggagtgtactttgactactgg	1	1.73946320165597e-05
caggtgcagctggtgcagtctggggctgaggtgaagaagcctggggcctcagtgaaggtttcctgcaaggcatctggatacaccttcaccagctactatatgcactgggtgcgacaggcccctggacaagggcttgagtggatgggaataatcaaccctagtggtggtagcacaagctacgcacagaagttccagggcagagtcaccatgaccagggacacgtccacgagcacagtctacatggagctgagcagcctgagatctgaggacacggccgtgtattactgtgcgagcggggcagcagctggtactgggtttgactactggggccaaggaaccctggtcaccgtctcctca	IGHV1-46	IGHD6-13	IGHJ4	tgtgcgagcggggcagcagctggtactgggtttgactactgg	1	1.73946320165597e-05
gaggtgcagctggtgcagtctggagcagaggtgaaaaagcccggggagtctctgaagatctcctgtaagggttctggatacagctttaccagctactggatcggctgggtgcgccagatgcccgggaaaggcctggagtggatggggatcatctatcctggtgactctgataccagatacagcccgtccttccaaggccaggtcaccatctcagccgacaagtccatcagcaccgcctacctgcagtggagcagcctgaaggcctcggacaccgccatgtattactgtgcgagacatcagggggtacagcaaccggaggactactggggccaaggaaccctggtcaccgtctcctca	IGHV5-51	IGHD6-6	IGHJ4	tgtgcgagacatcagggggtacagcaaccggaggactactgg	1	1.73946320165597e-05
caggtgcagctggtgcagtctggggctgaggtgaagaagcctgggtcctcggtgaaggtctcctgcaaggcttctggaggcaccttcagcagctatgctatcagctgggtgcgacaggcccctggacaagggcttgagtggatgggagggatcatccctatctttggtacagcaaactacgcacagaagttccagggcagagtcacgattaccgcggacgaatccacgagcacagcctacatggagctgagcagcctgagatctgaggacacggccgtgtattactgtgcgagagatggttcggggagttattataatgactactggggccaaggaaccctggtcaccgtctcctca	IGHV1-69	IGHD3-10	IGHJ4	tgtgcgagagatggttcggggagttattataatgactactgg	1	1.73946320165597e-05
caggtgcagctggtgcagtctggggctgaggtgaagaagcctgggtcctcggtgaaggtctcctgcaaggcttctggaggcaccttcagcagctatgctatcagctgggtgcgacaggcccctggacaagggcttgagtggatgggagggatcatccctatctttggtacagcaaactacgcacagaagttccagggcagagtcacgattaccgcggacgaatccacgagcacagcctacatggagctgagcagcctgagatctgaggacacggccgtgtattactgtgcttcccggcagcagctggtgaacaactggttcgactcctggggccaaggaaccctggtcaccgtctcctca	IGHV1-69	IGHD6-13	IGHJ5	tgtgcttcccggcagcagctggtgaacaactggttcgactcctgg	1	1.73946320165597e-05
caggtgcagctggtgcagtctggggctgaggtgaagaagcctgggtcctcggtgaaggtctcctgcaaggcttctggaggcaccttcagcagctatgctatcagctgggtgcgacaggcccctggacaagggcttgagtggatgggagggatcatccctatctttggtacagcaaactacgcacagaagttccagggcagagtcacgattaccgcggacgaatccacgagcacagcctacatggagctgagcagcctgagatctgaggacacggccgtgtattactgtgcgagtgggagctactacaactactttgactactggggccaaggaaccctggtcaccgtctcctca	IGHV1-69	IGHD1-26	IGHJ4	tgtgcgagtgggagctactacaactactttgactactgg	1	1.73946320165597e-05
gaggtgcagctgttggagtctgggggaggcttggtacagcctggggggtccctgagactctcctgtgcagcctctggattcacctttagcagctatgccatgagctgggtccgccaggctccagggaaggggctggagtgggtctcagctattagtggtagtggtggtagcacatactacgcagactccgtgaagggccggttcaccatctccagagacaattccaagaacacgctgtatctgcaaatgaacagcctgagagccgaggacacggccgtatattactgtgcgaaagaggaggagtactactacggtatggacgtctgggggcaagggaccacggtcaccgtctcctca	IGHV3-23	IGHD4-23	IGHJ6	tgtgcgaaagaggaggagtactactacggtatggacgtctgg	1	1.73946320165597e-05
caggtcaccttgagggagtctggtcctgcgctggtgaaacccacacagaccctcacactgacctgcaccttctctgggttctcactcagcactagtggaatgtgtgtgagctggatccgtcagcccccagggaaggccctggagtggcttgcactcattgattgggatgatgataaatactacagcacatctctgaagaccaggctcaccatctccaaggacacctccaaaaaccaggtggtccttacaatgaccaacatggaccctgtggacacagccacgtattactgtgcacggatacaactagcagtggcctttgactactggggccaaggaaccctggtcaccgtctcctca	IGHV2-70	IGHD6-19	IGHJ4	tgtgcacggatacaactagcagtggcctttgactactgg	1	1.73946320165597e-05
caggttcagctggtgcagtctggagctgaggtgaagaagcctggggcctcagtgaaggtctcctgcaaggcttctggttacacctttaccagctatggtatcagctgggtgcgacaggcccctggacaagggcttgagtggatgggatggatcagcgcttacaatggtaacacaaactatgcacagaagctccagggcagagtcaccatgaccacagacacatccacgagcacagcctacatggagctgaggagcctgagatctgacgacacggccgtgtattactgtgcgagagagcagtggctgtactactttgactactggggccaaggaaccctggtcaccgtctcctca	IGHV1-18	IGHD6-19	IGHJ4	tgtgcgagagagcagtggctgtactactttgactactgg	1	1.73946320165597e-05
gaggtgcagctggtggagtctgggggaggcttggtaaagcctggggggtcccttagactctcctgtgcagcctctggattcactttcagtaacgcctggatgagctgggtccgccaggctccagggaaggggctggagtgggttggccgtattaaaagcaaaactgatggtgggacaacagactacgctgcacccgtgaaaggcagattcaccatctcaagagatgattcaaaaaacacgctgtatctgcaaatgaacagcctgaaaaccgaggacacagccgtgtattactgtaccacagagggagcagcagctggtacctggttcgactcctggggccaaggaaccctggtcaccgtctcctca	IGHV3-15	IGHD6-13	IGHJ5	tgtaccacagagggagcagcagctggtacctggttcgactcctgg	1	1.73946320165597e-05
caggttcagctggtgcagtctggagctgaggtgaagaagcctggggcctcagtgaaggtctcctgcaaggcttctggttacacctttaccagctatggtatcagctgggtgcgacaggcccctggacaagggcttgagtggatgggatggatcagcgcttacaatggtaacacaaactatgcacagaagctccagggcagagtcaccatgaccacagacacatccacgagcacagcctacatggagctgaggagcctgagatctgacgacacggccgtgtattactgtgcgagagatacggtggtaactcccccctttgactactggggccaaggaaccctggtcaccgtctcctca	IGHV1-18	IGHD4-23	IGHJ4	tgtgcgagagatacggtggtaactcccccctttgactactgg	1	1.73946320165597e-05
caggtgcagctacagcagtggggcgcaggactgttgaagccttcggagaccctgtccctcacctgcgctgtctatggtgggtccttcagtggttactactggagctggatccgccagcccccagggaaggggctggagtggattggggaaatcaatcatagtggaagcaccaactacaacccgtccctcaagagtcgagtcaccatatcagtagacacgtccaagaaccagttctccctgaagctgagctctgtgaccgccgcggacacggctgtgtattactgtgcgagatgggacggtgactacgcctttgatgtctggggccaagggacaatggtcaccgtctcttca	IGHV4-34	IGHD4-17	IGHJ3	tgtgcgagatgggacggtgactacgcctttgatgtctgg	1	1.73946320165597e-05
caggttcagctggtgcagtctggagctgaggtgaagaagcctggggcctcagtgaaggtctcctgcaaggcttctggttacacctttaccagctatggtatcagctgggtgcgacaggcccctggacaagggcttgagtggatgggatggatcagcgcttacaatggtaacacaaactatgcacagaagctccagggcagagtcaccatgaccacagacacatccacgagcacagcctacatggagctgaggagcctgagatctgacgacacggccgtgtattactgtgcgagagatagcagctatcactactttgactactggggccaaggaaccctggtcaccgtctcctca	IGHV1-18	IGHD6-13	IGHJ4	tgtgcgagagatagcagctatcactactttgactactgg	1	1.73946320165597e-05
gaggtgcagctgttggagtctgggggaggcttggtacagcctggggggtccctgagactctcctgtgcagcctctggattcacctttagcagctatgccatgagctgggtccgccaggctccagggaaggggctggagtgggtctcagctattagtggtagtggtggtagcacatactacgcagactccgtgaagggccggttcaccatctccagagacaattccaagaacacgctgtatctgcaaatgaacagcctgagagccgaggacacggccgtatattactgtgcgaaagtggggggtatggggactatctttgactactggggccaaggaaccctggtcaccgtctcctca	IGHV3-23	IGHD6-19	IGHJ4	tgtgcgaaagtggggggtatggggactatctttgactactgg	1	1.73946320165597e-05
gaggtgcagctgttggagtctgggggaggcttggtacagcctggggggtccctgagactctcctgtgcagcctctggattcacctttagcagctatgccatgagctgggtccgccaggctccagggaaggggctggagtgggtctcagctattagtggtagtggtggtagcacatactacgcagactccgtgaagggccggttcaccatctccagagacaattccaagaacacgctgtatctgcaaatgaacagcctgagagccgaggacacggccgtatattactgtgcgaaagatcgtgggtggaggggctactttgactactggggccaaggaaccctggtcaccgtctcctca	IGHV3-23	IGHD1-26	IGHJ4	tgtgcgaaagatcgtgggtggaggggctactttgactactgg	1	1.73946320165597e-05
gaggtgcagctgttggagtctgggggaggcttggtacagcctggggggtccctgagactctcctgtgcagcctctggattcacctttagcagctatgccatgagctgggtccgccaggctccagggaaggggctggagtgggtctcagctattagtggtagtggtggtagcacatactacgcagactccgtgaagggccggttcaccatctccagagacaattccaagaacacgctgtatctgcaaatgaacagcctgagagccgaggacacggccgtatattactgtgcgaaagaggctacaattacctactttgactactggggccaaggaaccctggtcaccgtctcctca	IGHV3-23	IGHD5-24	IGHJ4	tgtgcgaaagaggctacaattacctactttgactactgg	1	1.73946320165597e-05
gaggtgcagctggtggagtctgggggaggcttggtacagccagggcggtccctgagactctcctgtacagcttctggattcacctttggtgattatgctatgagctggttccgccaggctccagggaaggggctggagtgggtaggtttcattagaagcaaagcttatggtgggacaacagaatacaccgcgtctgtgaaaggcagattcaccatctcaagagatggttccaaaagcatcgcctatctgcaaatgaacagcctgaaaaccgaggacacagccgtgtattactgtactagaagttactatgatagtactcctggctttgactactggggccaaggaaccctggtcaccgtctcctca	IGHV3-49	IGHD3-22	IGHJ4	tgtactagaagttactatgatagtactcctggctttgactactgg	1	1.73946320165597e-05
gaggtgcagctggtggagtctgggggaggcttggtacagccagggcggtccctgagactctcctgtacagcttctggattcacctttggtgattatgctatgagctggttccgccaggctccagggaaggggctggagtgggtaggtttcattagaagcaaagcttatggtgggacaacagaatacaccgcgtctgtgaaaggcagattcaccatctcaagagatggttccaaaagcatcgcctatctgcaaatgaacagcctgaaaaccgaggacacagccgtgtattactgtactagagagcggggagttattataacggggtttgactactggggccaaggaaccctggtcaccgtctcctca	IGHV3-49	IGHD3-10	IGHJ4	tgtactagagagcggggagttattataacggggtttgactactgg	1	1.73946320165597e-05
caggtgcagctggtgcagtctggggctgaggtgaagaagcctggggcctcagtgaaggtttcctgcaaggcatctggatacaccttcaccagctactatatgcactgggtgcgacaggcccctggacaagggcttgagtggatgggaataatcaaccctagtggtggtagcacaagctacgcacagaagttccagggcagagtcaccatgaccagggacacgtccacgagcacagtctacatggagctgagcagcctgagatctgaggacacggccgtgtattactgtgcgagagaatggttcggggagttattatactttgactactggggccaaggaaccctggtcaccgtctcctca	IGHV1-46	IGHD3-10	IGHJ4	tgtgcgagagaatggttcggggagttattatactttgactactgg	1	1.73946320165597e-05
gaggtgcagctgttggagtctgggggaggcttggtacagcctggggggtccctgagactctcctgtgcagcctctggattcacctttagcagctatgccatgagctgggtccgccaggctccagggaaggggctggagtgggtctcagctattagtggtagtggtggtagcacatactacgcagactccgtgaagggccggttcaccatctccagagacaattccaagaacacgctgtatctgcaaatgaacagcctgagagccgaggacacggccgtatattactgtgcagggactatgatagtagtggttattactattgactactggggccaaggaaccctggtcaccgtctcctca	IGHV3-23	IGHD3-22	IGHJ4	tgtgcagggactatgatagtagtggttattactattgactactgg	1	1.73946320165597e-05
caggtgcagctggtgcagtctggggctgaggtgaagaagcctgggtcctcggtgaaggtctcctgcaaggcttctggaggcaccttcagcagctatgctatcagctgggtgcgacaggcccctggacaagggcttgagtggatgggagggatcatccctatctttggtacagcaaactacgcacagaagttccagggcagagtcacgattaccgcggacgaatccacgagcacagcctacatggagctgagcagcctgagatctgaggacacggccgtgtattactgtgcgagagcgaggggtatagcagcagctgggtactggggccaaggaaccctggtcaccgtctcctca	IGHV1-69	IGHD6-13	IGHJ4	tgtgcgagagcgaggggtatagcagcagctgggtactgg	1	1.73946320165597e-05
gaggtgcagctgttggagtctgggggaggcttggtacagcctggggggtccctgagactctcctgtgcagcctctggattcacctttagcagctatgccatgagctgggtccgccaggctccagggaaggggctggagtgggtctcagctattagtggtagtggtggtagcacatactacgcagactccgtgaagggccggttcaccatctccagagacaattccaagaacacgctgtatctgcaaatgaacagcctgagagccgaggacacggccgtatattactgtgcgaaagaagtggctgcctcctactttgactactggggccaaggaaccctggtcaccgtctcctca	IGHV3-23	IGHD6-19	IGHJ4	tgtgcgaaagaagtggctgcctcctactttgactactgg	1	1.73946320165597e-05
caggtgcagctggtgcagtctggggctgaggtgaagaagcctgggtcctcggtgaaggtctcctgcaaggcttctggaggcaccttcagcagctatgctatcagctgggtgcgacaggcccctggacaagggcttgagtggatgggagggatcatccctatctttggtacagcaaactacgcacagaagttccagggcagagtcacgattaccgcggacgaatccacgagcacagcctacatggagctgagcagcctgagatctgaggacacggccgtgtattactgtgcgagagaagcagtgggcgactactttgactactggggccaaggaaccctggtcaccgtctcctca	IGHV1-69	IGHD6-19	IGHJ4	tgtgcgagagaagcagtgggcgactactttgactactgg	1	1.73946320165597e-05
caggttcagctggtgcagtctggagctgaggtgaagaagcctggggcctcagtgaaggtctcctgcaaggcttctggttacacctttaccagctatggtatcagctgggtgcgacaggcccctggacaagggcttgagtggatgggatggatcagcgcttacaatggtaacacaaactatgcacagaagctccagggcagagtcaccatgaccacagacacatccacgagcacagcctacatggagctgaggagcctgagatctgacgacacggccgtgtattactgtgcgagagagacagtggctggtacgcactactttgactactggggccaaggaaccctggtcaccgtctcctca	IGHV1-18	IGHD6-19	IGHJ4	tgtgcgagagagacagtggctggtacgcactactttgactactgg	1	1.73946320165597e-05
gaggtgcagctggtgcagtctggagcagaggtgaaaaagcccggggagtctctgaagatctcctgtaagggttctggatacagctttaccagctactggatcggctgggtgcgccagatgcccgggaaaggcctggagtggatggggatcatctatcctggtgactctgataccagatacagcccgtccttccaaggccaggtcaccatctcagccgacaagtccatcagcaccgcctacctgcagtggagcagcctgaaggcctcggacaccgccatgtattactgtgcgagatcggacagcagctggtacaggtttgatgtctggggccaagggacaatggtcaccgtctcttca	IGHV5-51	IGHD6-13	IGHJ3	tgtgcgagatcggacagcagctggtacaggtttgatgtctgg	1	1.73946320165597e-05
gaggtgcagctggtggagtctgggggaggcttggtaaagcctggggggtcccttagactctcctgtgcagcctctggattcactttcagtaacgcctggatgagctgggtccgccaggctccagggaaggggctggagtgggttggccgtattaaaagcaaaactgatggtgggacaacagactacgctgcacccgtgaaaggcagattcaccatctcaagagatgattcaaaaaacacgctgtatctgcaaatgaacagcctgaaaaccgaggacacagccgtgtattactgtaccacaagggagtatagcagctcgtccccagactactggggccaaggaaccctggtcaccgtctcctca	IGHV3-15	IGHD6-6	IGHJ4	tgtaccacaagggagtatagcagctcgtccccagactactgg	1	1.73946320165597e-05
gaggtgcagctgttggagtctgggggaggcttggtacagcctggggggtccctgagactctcctgtgcagcctctggattcacctttagcagctatgccatgagctgggtccgccaggctccagggaaggggctggagtgggtctcagctattagtggtagtggtggtagcacatactacgcagactccgtgaagggccggttcaccatctccagagacaattccaagaacacgctgtatctgcaaatgaacagcctgagagccgaggacacggccgtatattactgtgcgaaagatccttggaccaactggttcgactcctggggccaaggaaccctggtcaccgtctcctca	IGHV3-23	IGHD3-3	IGHJ5	tgtgcgaaagatccttggaccaactggttcgactcctgg	1	1.73946320165597e-05
caggtgcagctggtgcagtctggggctgaggtgaagaagcctgggtcctcggtgaaggtctcctgcaaggcttctggaggcaccttcagcagctatgctatcagctgggtgcgacaggcccctggacaagggcttgagtggatgggagggatcatccctatctttggtacagcaaactacgcacagaagttccagggcagagtcacgattaccgcggacgaatccacgagcacagcctacatggagctgagcagcctgagatctgaggacacggccgtgtattactgtgcgagagaacggtctcaggacaactggttcgactcctggggccaaggaaccctggtcaccgtctcctca	IGHV1-69	IGHD6-6	IGHJ5	tgtgcgagagaacggtctcaggacaactggttcgactcctgg	1	1.73946320165597e-05
caggtgcagctggtgcagtctggggctgaggtgaagaagcctggggcctcagtgaaggtctcctgcaaggcttctggatacaccttcaccagttatgatatcaactgggtgcgacaggccactggacaagggcttgagtggatgggatggatgaaccctaacagtggtaacacaggctatgcacagaagttccagggcagagtcaccatgaccaggaacacctccataagcacagcctacatggagctgagcagcctgagatctgaggacacggccgtgtattactgtgaccgtagtagtaccagctgctatgccgactttgactactggggccaaggaaccctggtcaccgtctcctca	IGHV1-8	IGHD2-2	IGHJ4	tgtgaccgtagtagtaccagctgctatgccgactttgactactgg	1	1.73946320165597e-05
caggtgcagctggtgcagtctggggctgaggtgaagaagcctggggcctcagtgaaggtctcctgcaaggcttctggatacaccttcaccagttatgatatcaactgggtgcgacaggccactggacaagggcttgagtggatgggatggatgaaccctaacagtggtaacacaggctatgcacagaagttccagggcagagtcaccatgaccaggaacacctccataagcacagcctacatggagctgagcagcctgagatctgaggacacggccgtgtattactgtgcgagaggaggggcagccccttggttcgactcctggggccaaggaaccctggtcaccgtctcctca	IGHV1-8	IGHD6-13	IGHJ5	tgtgcgagaggaggggcagccccttggttcgactcctgg	1	1.73946320165597e-05
gaggtgcagctgttggagtctgggggaggcttggtacagcctggggggtccctgagactctcctgtgcagcctctggattcacctttagcagctatgccatgagctgggtccgccaggctccagggaaggggctggagtgggtctcagctattagtggtagtggtggtagcacatactacgcagactccgtgaagggccggttcaccatctccagagacaattccaagaacacgctgtatctgcaaatgaacagcctgagagccgaggacacggccgtatattactgtgcgaaagagctgcccagagggtactttgactactggggccaaggaaccctggtcaccgtctcctca	IGHV3-23	IGHD6-19	IGHJ4	tgtgcgaaagagctgcccagagggtactttgactactgg	1	1.73946320165597e-05
gaggtgcagctgttggagtctgggggaggcttggtacagcctggggggtccctgagactctcctgtgcagcctctggattcacctttagcagctatgccatgagctgggtccgccaggctccagggaaggggctggagtgggtctcagctattagtggtagtggtggtagcacatactacgcagactccgtgaagggccggttcaccatctccagagacaattccaagaacacgctgtatctgcaaatgaacagcctgagagccgaggacacggccgtatattactgtgcttgtccggtgtgctactactactacggtatggacgtctgggggcaagggaccacggtcaccgtctcctca	IGHV3-23	IGHD2-21	IGHJ6	tgtgcttgtccggtgtgctactactactacggtatggacgtctgg	1	1.73946320165597e-05
cagctgcagctgcaggagtcgggcccaggactggtgaagccttcggagaccctgtccctcacctgcactgtctctggtggctccatcagcagtagtagttactactggggctggatccgccagcccccagggaaggggctggagtggattgggagtatctattatagtgggagcacctactacaacccgtccctcaagagtcgagtcaccatatccgtagacacgtccaagaaccagttctccctgaagctgagctctgtgaccgccgcagacacggctgtgtattactgttacggtggtaactcccttaactggttcgactcctggggccaaggaaccctggtcaccgtctcctca	IGHV4-39	IGHD4-23	IGHJ5	tgttacggtggtaactcccttaactggttcgactcctgg	1	1.73946320165597e-05
gaggtgcagctgttggagtctgggggaggcttggtacagcctggggggtccctgagactctcctgtgcagcctctggattcacctttagcagctatgccatgagctgggtccgccaggctccagggaaggggctggagtgggtctcagctattagtggtagtggtggtagcacatactacgcagactccgtgaagggccggttcaccatctccagagacaattccaagaacacgctgtatctgcaaatgaacagcctgagagccgaggacacggccgtatattactgtgcgaaagacagcggctaccactactttgactactggggccaaggaaccctggtcaccgtctcctca	IGHV3-23	IGHD6-25	IGHJ4	tgtgcgaaagacagcggctaccactactttgactactgg	1	1.73946320165597e-05
gaggtgcagctggtgcagtctggagcagaggtgaaaaagcccggggagtctctgaagatctcctgtaagggttctggatacagctttaccagctactggatcggctgggtgcgccagatgcccgggaaaggcctggagtggatggggatcatctatcctggtgactctgataccagatacagcccgtccttccaaggccaggtcaccatctcagccgacaagtccatcagcaccgcctacctgcagtggagcagcctgaaggcctcggacaccgccatgtattactgtgcgagacaccctatagcagactactttgactactggggccaaggaaccctggtcaccgtctcctca	IGHV5-51	IGHD6-13	IGHJ4	tgtgcgagacaccctatagcagactactttgactactgg	1	1.73946320165597e-05
gaggtgcagctggtggagtctgggggaggtgtggtacggcctggggggtccctgagactctcctgtgcagcctctggattcacctttgatgattatggcatgagctgggtccgccaagctccagggaaggggctggagtgggtctctggtattaattggaatggtggtagcacaggttatgcagactctgtgaagggccgattcaccatctccagagacaacgccaagaactccctgtatctgcaaatgaacagtctgagagccgaggacacggccttgtatcactgtgcgagcatagcagcagctggtacgttctttgactactggggccaaggaaccctggtcaccgtctcctca	IGHV3-20	IGHD6-13	IGHJ4	tgtgcgagcatagcagcagctggtacgttctttgactactgg	1	1.73946320165597e-05
caggtgcagctggtgcagtctggggctgaggtgaagaagcctggggcctcagtgaaggtttcctgcaaggcatctggatacaccttcaccagctactatatgcactgggtgcgacaggcccctggacaagggcttgagtggatgggaataatcaaccctagtggtggtagcacaagctacgcacagaagttccagggcagagtcaccatgaccagggacacgtccacgagcacagtctacatggagctgagcagcctgagatctgaggacacggccgtgtattactgtgcgagagaggccgtgatggctacaattaggggctactggggccaaggaaccctggtcaccgtctcctca	IGHV1-46	IGHD5-24	IGHJ4	tgtgcgagagaggccgtgatggctacaattaggggctactgg	1	1.73946320165597e-05
caggttcagctggtgcagtctggagctgaggtgaagaagcctggggcctcagtgaaggtctcctgcaaggcttctggttacacctttaccagctatggtatcagctgggtgcgacaggcccctggacaagggcttgagtggatgggatggatcagcgcttacaatggtaacacaaactatgcacagaagctccagggcagagtcaccatgaccacagacacatccacgagcacagcctacatggagctgaggagcctgagatctgacgacacggccgtgtattactgtgcgaggcgggaactggaactacactttgactactggggccaaggaaccctggtcaccgtctcctca	IGHV1-18	IGHD1-7	IGHJ4	tgtgcgaggcgggaactggaactacactttgactactgg	1	1.73946320165597e-05
caggtgcagctggtgcagtctggggctgaggtgaagaagcctggggcctcagtgaaggtctcctgcaaggcttctggatacaccttcaccggctactatatgcactgggtgcgacaggcccctggacaagggcttgagtggatgggacggatcaaccctaacagtggtggcacaaactatgcacagaagtttcagggcagggtcaccagtaccagggacacgtccatcagcacagcctacatggagctgagcaggctgagatctgacgacacggtcgtgtattactgtgcgagagaggggtatagggaatactttgactactggggccaaggaaccctggtcaccgtctcctca	IGHV1-2	IGHD6-19	IGHJ4	tgtgcgagagaggggtatagggaatactttgactactgg	1	1.73946320165597e-05
cagctgcagctgcaggagtcgggcccaggactggtgaagccttcggagaccctgtccctcacctgcactgtctctggtggctccatcagcagtagtagttactactggggctggatccgccagcccccagggaaggggctggagtggattgggagtatctattatagtgggagcacctactacaacccgtccctcaagagtcgagtcaccatatccgtagacacgtccaagaaccagttctccctgaagctgagctctgtgaccgccgcagacacggctgtgtattactgtgcgagacatttattactatggttcggggaggaggactggggccaaggaaccctggtcaccgtctcctca	IGHV4-39	IGHD3-10	IGHJ4	tgtgcgagacatttattactatggttcggggaggaggactgg	1	1.73946320165597e-05
caggtgcagctggtgcagtctggggctgaggtgaagaagcctggggcctcagtgaaggtttcctgcaaggcatctggatacaccttcaccagctactatatgcactgggtgcgacaggcccctggacaagggcttgagtggatgggaataatcaaccctagtggtggtagcacaagctacgcacagaagttccagggcagagtcaccatgaccagggacacgtccacgagcacagtctacatggagctgagcagcctgagatctgaggacacggccgtgtattactgtgcgagaggtgactacggtgactactggtacttcgatctctggggccgtggcaccctggtcactgtctcctca	IGHV1-46	IGHD4-17	IGHJ2	tgtgcgagaggtgactacggtgactactggtacttcgatctctgg	1	1.73946320165597e-05
gaagtgcagctggtggagtctgggggagtcgtggtacagcctggggggtccctgagactctcctgtgcagcctctggattcacctttgatgattataccatgcactgggtccgtcaagctccggggaagggtctggagtgggtctctcttattagttgggatggtggtagcacatactatgcagactctgtgaagggccgattcaccatctccagagacaacagcaaaaactccctgtatctgcaaatgaacagtctgagaactgaggacaccgccttgtattactgtgcaaaagatattctgagagttgacaactggttcgactcctggggccaaggaaccctggtcaccgtctcctca	IGHV3-43	IGHD7-27	IGHJ5	tgtgcaaaagatattctgagagttgacaactggttcgactcctgg	1	1.73946320165597e-05
caggtgcagctggtgcagtctggggctgaggtgaagaagcctgggtcctcggtgaaggtctcctgcaaggcttctggaggcaccttcagcagctatgctatcagctgggtgcgacaggcccctggacaagggcttgagtggatgggagggatcatccctatctttggtacagcaaactacgcacagaagttccagggcagagtcacgattaccgcggacgaatccacgagcacagcctacatggagctgagcagcctgagatctgaggacacggccgtgtattactgtgcgagagtcggtgactacggtgactacacctttgactactggggccaaggaaccctggtcaccgtctcctca	IGHV1-69	IGHD4-17	IGHJ4	tgtgcgagagtcggtgactacggtgactacacctttgactactgg	1	1.73946320165597e-05
gaggtgcagctgttggagtctgggggaggcttggtacagcctggggggtccctgagactctcctgtgcagcctctggattcacctttagcagctatgccatgagctgggtccgccaggctccagggaaggggctggagtgggtctcagctattagtggtagtggtggtagcacatactacgcagactccgtgaagggccggttcaccatctccagagacaattccaagaacacgctgtatctgcaaatgaacagcctgagagccgaggacacggccgtatattactgtgcgaaagaggaggtgaggctacaattctactttgactactggggccaaggaaccctggtcaccgtctcctca	IGHV3-23	IGHD5-24	IGHJ4	tgtgcgaaagaggaggtgaggctacaattctactttgactactgg	1	1.73946320165597e-05
caggtgcagctggtgcagtctggggctgaggtgaagaagcctgggtcctcggtgaaggtctcctgcaaggcttctggaggcaccttcagcagctatgctatcagctgggtgcgacaggcccctggacaagggcttgagtggatgggagggatcatccctatctttggtacagcaaactacgcacagaagttccagggcagagtcacgattaccgcggacgaatccacgagcacagcctacatggagctgagcagcctgagatctgaggacacggccgtgtattactgtgcgagagatcggagctaccactactttgactactggggccaaggaaccctggtcaccgtctcctca	IGHV1-69	IGHD1-26	IGHJ4	tgtgcgagagatcggagctaccactactttgactactgg	1	1.73946320165597e-05
caggtgcagctggtgcagtctggggctgaggtgaagaagcctgggtcctcggtgaaggtctcctgcaaggcttctggaggcaccttcagcagctatgctatcagctgggtgcgacaggcccctggacaagggcttgagtggatgggagggatcatccctatctttggtacagcaaactacgcacagaagttccagggcagagtcacgattaccgcggacgaatccacgagcacagcctacatggagctgagcagcctgagatctgaggacacggccgtgtattactgtgcgagagagatggctacaattaactactttgactactggggccaaggaaccctggtcaccgtctcctca	IGHV1-69	IGHD5-24	IGHJ4	tgtgcgagagagatggctacaattaactactttgactactgg	1	1.73946320165597e-05
gaggtgcagctggtggagtctgggggaggcttggtaaagcctggggggtcccttagactctcctgtgcagcctctggattcactttcagtaacgcctggatgagctgggtccgccaggctccagggaaggggctggagtgggttggccgtattaaaagcaaaactgatggtgggacaacagactacgctgcacccgtgaaaggcagattcaccatctcaagagatgattcaaaaaacacgctgtatctgcaaatgaacagcctgaaaaccgaggacacagccgtgtattactgtaccacagagccgtatagcagtggctggttcgactcctggggccaaggaaccctggtcaccgtctcctca	IGHV3-15	IGHD6-19	IGHJ5	tgtaccacagagccgtatagcagtggctggttcgactcctgg	1	1.73946320165597e-05
caggttcagctggtgcagtctggagctgaggtgaagaagcctggggcctcagtgaaggtctcctgcaaggcttctggttacacctttaccagctatggtatcagctgggtgcgacaggcccctggacaagggcttgagtggatgggatggatcagcgcttacaatggtaacacaaactatgcacagaagctccagggcagagtcaccatgaccacagacacatccacgagcacagcctacatggagctgaggagcctgagatctgacgacacggccgtgtattactgtgcgagagaagaagtggctggtacggagaatgtctggggccaagggacaatggtcaccgtctcttca	IGHV1-18	IGHD6-19	IGHJ3	tgtgcgagagaagaagtggctggtacggagaatgtctgg	1	1.73946320165597e-05
caggtgcagctggtgcagtctggggctgaggtgaagaagcctgggtcctcggtgaaggtctcctgcaaggcttctggaggcaccttcagcagctatgctatcagctgggtgcgacaggcccctggacaagggcttgagtggatgggagggatcatccctatctttggtacagcaaactacgcacagaagttccagggcagagtcacgattaccgcggacgaatccacgagcacagcctacatggagctgagcagcctgagatctgaggacacggccgtgtattactgtgcgagaggaaccgggagctactactcttttgatgtctggggccaagggacaatggtcaccgtctcttca	IGHV1-69	IGHD1-26	IGHJ3	tgtgcgagaggaaccgggagctactactcttttgatgtctgg	1	1.73946320165597e-05
gaggtgcagctggtgcagtctggagcagaggtgaaaaagcccggggagtctctgaagatctcctgtaagggttctggatacagctttaccagctactggatcggctgggtgcgccagatgcccgggaaaggcctggagtggatggggatcatctatcctggtgactctgataccagatacagcccgtccttccaaggccaggtcaccatctcagccgacaagtccatcagcaccgcctacctgcagtggagcagcctgaaggcctcggacaccgccatgtattactgtttgtattacgatttttggagtggttactggttcgactcctggggccaaggaaccctggtcaccgtctcctca	IGHV5-51	IGHD3-3	IGHJ5	tgtttgtattacgatttttggagtggttactggttcgactcctgg	1	1.73946320165597e-05
caggtgcagctggtgcagtctggggctgaggtgaagaagcctgggtcctcggtgaaggtctcctgcaaggcttctggaggcaccttcagcagctatgctatcagctgggtgcgacaggcccctggacaagggcttgagtggatgggagggatcatccctatctttggtacagcaaactacgcacagaagttccagggcagagtcacgattaccgcggacgaatccacgagcacagcctacatggagctgagcagcctgagatctgaggacacggccgtgtattactgtgcgagagagagaggtataaccggaacctggttcgactcctggggccaaggaaccctggtcaccgtctcctca	IGHV1-69	IGHD1-14	IGHJ5	tgtgcgagagagagaggtataaccggaacctggttcgactcctgg	1	1.73946320165597e-05
cagatcaccttgaaggagtctggtcctacgctggtgaaacccacacagaccctcacgctgacctgcaccttctctgggttctcactcagcactagtggagtgggtgtgggctggatccgtcagcccccaggaaaggccctggagtggcttgcactcatttattggaatgatgataagcgctacagcccatctctgaagagcaggctcaccatcaccaaggacacctccaaaaaccaggtggtccttacaatgaccaacatggaccctgtggacacagccacatattactgtgcacacaggactacggtgacggactttgactactggggccaaggaaccctggtcaccgtctcctca	IGHV2-5	IGHD4-17	IGHJ4	tgtgcacacaggactacggtgacggactttgactactgg	1	1.73946320165597e-05
gaggtgcagctggtgcagtctggagcagaggtgaaaaagcccggggagtctctgaagatctcctgtaagggttctggatacagctttaccagctactggatcggctgggtgcgccagatgcccgggaaaggcctggagtggatggggatcatctatcctggtgactctgataccagatacagcccgtccttccaaggccaggtcaccatctcagccgacaagtccatcagcaccgcctacctgcagtggagcagcctgaaggcctcggacaccgccatgtattactgtgcgagacatacggtggtaactcccgactactttgactactggggccaaggaaccctggtcaccgtctcctca	IGHV5-51	IGHD4-23	IGHJ4	tgtgcgagacatacggtggtaactcccgactactttgactactgg	1	1.73946320165597e-05
gaggtgcagctgttggagtctgggggaggcttggtacagcctggggggtccctgagactctcctgtgcagcctctggattcacctttagcagctatgccatgagctgggtccgccaggctccagggaaggggctggagtgggtctcagctattagtggtagtggtggtagcacatactacgcagactccgtgaagggccggttcaccatctccagagacaattccaagaacacgctgtatctgcaaatgaacagcctgagagccgaggacacggccgtatattactgtgcgaaagatcggatagtgggagctaatcactttgactactggggccaaggaaccctggtcaccgtctcctca	IGHV3-23	IGHD1-26	IGHJ4	tgtgcgaaagatcggatagtgggagctaatcactttgactactgg	1	1.73946320165597e-05
gaggtgcagctggtggagtctggaggaggcttgatccagcctggggggtccctgagactctcctgtgcagcctctgggttcaccgtcagtagcaactacatgagctgggtccgccaggctccagggaaggggctggagtgggtctcagttatttatagcggtggtagcacatactacgcagactccgtgaagggccgattcaccatctccagagacaattccaagaacacgctgtatcttcaaatgaacagcctgagagccgaggacacggccgtgtattactgtgcgagagagggcagtggctggtacccctactttgactactggggccaaggaaccctggtcaccgtctcctca	IGHV3-53	IGHD6-19	IGHJ4	tgtgcgagagagggcagtggctggtacccctactttgactactgg	1	1.73946320165597e-05
caggtgcagctacagcagtggggcgcaggactgttgaagccttcggagaccctgtccctcacctgcgctgtctatggtgggtccttcagtggttactactggagctggatccgccagcccccagggaaggggctggagtggattggggaaatcaatcatagtggaagcaccaactacaacccgtccctcaagagtcgagtcaccatatcagtagacacgtccaagaaccagttctccctgaagctgagctctgtgaccgccgcggacacggctgtgtattactgtgcgagaggtaggggtatagtgggagggtttgactactggggccaaggaaccctggtcaccgtctcctca	IGHV4-34	IGHD1-26	IGHJ4	tgtgcgagaggtaggggtatagtgggagggtttgactactgg	1	1.73946320165597e-05
gaggtgcagctggtggagtctgggggaggcttggtacagccagggcggtccctgagactctcctgtacagcttctggattcacctttggtgattatgctatgagctggttccgccaggctccagggaaggggctggagtgggtaggtttcattagaagcaaagcttatggtgggacaacagaatacaccgcgtctgtgaaaggcagattcaccatctcaagagatggttccaaaagcatcgcctatctgcaaatgaacagcctgaaaaccgaggacacagccgtgtattactgtactagagagaggggagctactacctggttcgactcctggggccaaggaaccctggtcaccgtctcctca	IGHV3-49	IGHD1-26	IGHJ5	tgtactagagagaggggagctactacctggttcgactcctgg	1	1.73946320165597e-05
gaggtgcagctggtgcagtctggagcagaggtgaaaaagcccggggagtctctgaagatctcctgtaagggttctggatacagctttaccagctactggatcggctgggtgcgccagatgcccgggaaaggcctggagtggatggggatcatctatcctggtgactctgataccagatacagcccgtccttccaaggccaggtcaccatctcagccgacaagtccatcagcaccgcctacctgcagtggagcagcctgaaggcctcggacaccgccatgtattactgtgcgagaactatggttcggggagttatcccctttgactactggggccaaggaaccctggtcaccgtctcctca	IGHV5-51	IGHD3-10	IGHJ4	tgtgcgagaactatggttcggggagttatcccctttgactactgg	1	1.73946320165597e-05
caggtcaccttgagggagtctggtcctgcgctggtgaaacccacacagaccctcacactgacctgcaccttctctgggttctcactcagcactagtggaatgtgtgtgagctggatccgtcagcccccagggaaggccctggagtggcttgcactcattgattgggatgatgataaatactacagcacatctctgaagaccaggctcaccatctccaaggacacctccaaaaaccaggtggtccttacaatgaccaacatggaccctgtggacacagccacgtattactgtgcacggatacataaccggaacgttgatgcttttgatgtctggggccaagggacaatggtcaccgtctcttca	IGHV2-70	IGHD1-14	IGHJ3	tgtgcacggatacataaccggaacgttgatgcttttgatgtctgg	1	1.73946320165597e-05
caggtgcagctggtgcagtctggggctgaggtgaagaagcctggggcctcagtgaaggtctcctgcaaggcttctggatacaccttcaccggctactatatgcactgggtgcgacaggcccctggacaagggcttgagtggatgggacggatcaaccctaacagtggtggcacaaactatgcacagaagtttcagggcagggtcaccagtaccagggacacgtccatcagcacagcctacatggagctgagcaggctgagatctgacgacacggtcgtgtattactgtgcgagagaatattacgatattttgactggttttgactactggggccaaggaaccctggtcaccgtctcctca	IGHV1-2	IGHD3-9	IGHJ4	tgtgcgagagaatattacgatattttgactggttttgactactgg	1	1.73946320165597e-05
gaggtgcagctggtggagtctgggggaggcttggtaaagcctggggggtcccttagactctcctgtgcagcctctggattcactttcagtaacgcctggatgagctgggtccgccaggctccagggaaggggctggagtgggttggccgtattaaaagcaaaactgatggtgggacaacagactacgctgcacccgtgaaaggcagattcaccatctcaagagatgattcaaaaaacacgctgtatctgcaaatgaacagcctgaaaaccgaggacacagccgtgtattactgtaccacagaggctacaattgtggagtactttgactactggggccaaggaaccctggtcaccgtctcctca	IGHV3-15	IGHD5-24	IGHJ4	tgtaccacagaggctacaattgtggagtactttgactactgg	1	1.73946320165597e-05
caaatgcagctggtgcagtctgggcctgaggtgaagaagcctgggacctcagtgaaggtctcctgcaaggcttctggattcacctttactagctctgctgtgcagtgggtgcgacaggctcgtggacaacgccttgagtggataggatggatcgtcgttggcagtggtaacacaaactacgcacagaagttccaggaaagagtcaccattaccagggacatgtccacaagcacagcctacatggagctgagcagcctgagatccgaggacacggccgtgtattactgtgcggcagtgagggggtatagcagcagctcctactggggccaaggaaccctggtcaccgtctcctca	IGHV1-58	IGHD6-13	IGHJ4	tgtgcggcagtgagggggtatagcagcagctcctactgg	1	1.73946320165597e-05
caggtgcagctggtgcagtctggggctgaggtgaagaagcctgggtcctcggtgaaggtctcctgcaaggcttctggaggcaccttcagcagctatgctatcagctgggtgcgacaggcccctggacaagggcttgagtggatgggagggatcatccctatctttggtacagcaaactacgcacagaagttccagggcagagtcacgattaccgcggacgaatccacgagcacagcctacatggagctgagcagcctgagatctgaggacacggccgtgtattactgtgcgagagatcggggggcagcagctggctttgactactggggccaaggaaccctggtcaccgtctcctca	IGHV1-69	IGHD6-13	IGHJ4	tgtgcgagagatcggggggcagcagctggctttgactactgg	1	1.73946320165597e-05
caggtccagcttgtgcagtctggggctgaggtgaagaagcctggggcctcagtgaaggtttcctgcaaggcttctggatacaccttcactagctatgctatgcattgggtgcgccaggcccccggacaaaggcttgagtggatgggatggatcaacgctggcaatggtaacacaaaatattcacagaagttccagggcagagtcaccattaccagggacacatccgcgagcacagcctacatggagctgagcagcctgagatctgaagacacggctgtgtattactgtgtgggtattactatgatagtaagggactactttgactactggggccaaggaaccctggtcaccgtctcctca	IGHV1-3	IGHD3-22	IGHJ4	tgtgtgggtattactatgatagtaagggactactttgactactgg	1	1.73946320165597e-05
gaggtgcagctgttggagtctgggggaggcttggtacagcctggggggtccctgagactctcctgtgcagcctctggattcacctttagcagctatgccatgagctgggtccgccaggctccagggaaggggctggagtgggtctcagctattagtggtagtggtggtagcacatactacgcagactccgtgaagggccggttcaccatctccagagacaattccaagaacacgctgtatctgcaaatgaacagcctgagagccgaggacacggccgtatattactgtgcgaaatggtatagcagttactactttgactactggggccaaggaaccctggtcaccgtctcctca	IGHV3-23	IGHD6-13	IGHJ4	tgtgcgaaatggtatagcagttactactttgactactgg	1	1.73946320165597e-05
caggtcaccttgaaggagtctggtcctgtgctggtgaaacccacagagaccctcacgctgacctgcaccgtctctgggttctcactcagcaatgctagaatgggtgtgagctggatccgtcagcccccagggaaggccctggagtggcttgcacacattttttcgaatgacgaaaaatcctacagcacatctctgaagagcaggctcaccatctccaaggacacctccaaaagccaggtggtccttaccatgaccaacatggaccctgtggacacagccacatattactgtgcagatagtgggagctataactggttcgactcctggggccaaggaaccctggtcaccgtctcctca	IGHV2-26	IGHD1-26	IGHJ5	tgtgcagatagtgggagctataactggttcgactcctgg	1	1.73946320165597e-05
gaggtgcagctgttggagtctgggggaggcttggtacagcctggggggtccctgagactctcctgtgcagcctctggattcacctttagcagctatgccatgagctgggtccgccaggctccagggaaggggctggagtgggtctcagctattagtggtagtggtggtagcacatactacgcagactccgtgaagggccggttcaccatctccagagacaattccaagaacacgctgtatctgcaaatgaacagcctgagagccgaggacacggccgtatattactgtgcgagagtatggttcggggagttctggggctttgactactggggccaaggaaccctggtcaccgtctcctca	IGHV3-23	IGHD3-10	IGHJ4	tgtgcgagagtatggttcggggagttctggggctttgactactgg	1	1.73946320165597e-05
cagctgcagctgcaggagtccggctcaggactggtgaagccttcacagaccctgtccctcacctgcgctgtctctggtggctccatcagcagtggtggttactcctggagctggatccggcagccaccagggaagggcctggagtggattgggtacatctatcatagtgggagcacctactacaacccgtccctcaagagtcgagtcaccatatcagtagacaggtccaagaaccagttctccctgaagctgagctctgtgaccgccgcggacacggccgtgtattactgtgccagagagcggtgtatagcagtggctggttttgactactggggccaaggaaccctggtcaccgtctcctca	IGHV4-30-2	IGHD6-19	IGHJ4	tgtgccagagagcggtgtatagcagtggctggttttgactactgg	1	1.73946320165597e-05
gaggtgcagctgttggagtctgggggaggcttggtacagcctggggggtccctgagactctcctgtgcagcctctggattcacctttagcagctatgccatgagctgggtccgccaggctccagggaaggggctggagtgggtctcagctattagtggtagtggtggtagcacatactacgcagactccgtgaagggccggttcaccatctccagagacaattccaagaacacgctgtatctgcaaatgaacagcctgagagccgaggacacggccgtatattactgtgcgaaagacatagcagcagctggtacccggttcgactcctggggccaaggaaccctggtcaccgtctcctca	IGHV3-23	IGHD6-13	IGHJ5	tgtgcgaaagacatagcagcagctggtacccggttcgactcctgg	1	1.73946320165597e-05
caggttcagctggtgcagtctggagctgaggtgaagaagcctggggcctcagtgaaggtctcctgcaaggcttctggttacacctttaccagctatggtatcagctgggtgcgacaggcccctggacaagggcttgagtggatgggatggatcagcgcttacaatggtaacacaaactatgcacagaagctccagggcagagtcaccatgaccacagacacatccacgagcacagcctacatggagctgaggagcctgagatctgacgacacggccgtgtattactgtgcgagagaggggggtatagcaggctttgactactggggccaaggaaccctggtcaccgtctcctca	IGHV1-18	IGHD6-19	IGHJ4	tgtgcgagagaggggggtatagcaggctttgactactgg	1	1.73946320165597e-05
gaggtgcagctgttggagtctgggggaggcttggtacagcctggggggtccctgagactctcctgtgcagcctctggattcacctttagcagctatgccatgagctgggtccgccaggctccagggaaggggctggagtgggtctcagctattagtggtagtggtggtagcacatactacgcagactccgtgaagggccggttcaccatctccagagacaattccaagaacacgctgtatctgcaaatgaacagcctgagagccgaggacacggccgtatattactgtgcgaaagagcgtatagcagcagctggtacctactggggccaaggaaccctggtcaccgtctcctca	IGHV3-23	IGHD6-13	IGHJ4	tgtgcgaaagagcgtatagcagcagctggtacctactgg	1	1.73946320165597e-05
caggttcagctggtgcagtctggagctgaggtgaagaagcctggggcctcagtgaaggtctcctgcaaggcttctggttacacctttaccagctatggtatcagctgggtgcgacaggcccctggacaagggcttgagtggatgggatggatcagcgcttacaatggtaacacaaactatgcacagaagctccagggcagagtcaccatgaccacagacacatccacgagcacagcctacatggagctgaggagcctgagatctgacgacacggccgtgtattactgtgcgagagatcgagagagcagtggctactttgactactggggccaaggaaccctggtcaccgtctcctca	IGHV1-18	IGHD6-19	IGHJ4	tgtgcgagagatcgagagagcagtggctactttgactactgg	1	1.73946320165597e-05
gaggtgcagctggtggagtccgggggaggcttagttcagcctggggggtccctgagactctcctgtgcagcctctggattcaccttcagtagctactggatgcactgggtccgccaagctccagggaaggggctggtgtgggtctcacgtattaatagtgatgggagtagcacaagctacgcggactccgtgaagggccgattcaccatctccagagacaacgccaagaacacgctgtatctgcaaatgaacagtctgagagccgaggacacggctgtgtattactgtgcaagagacctccttagcagtggctgccgctttgactactggggccaaggaaccctggtcaccgtctcctca	IGHV3-74	IGHD6-19	IGHJ4	tgtgcaagagacctccttagcagtggctgccgctttgactactgg	1	1.73946320165597e-05
caggtccagcttgtgcagtctggggctgaggtgaagaagcctggggcctcagtgaaggtttcctgcaaggcttctggatacaccttcactagctatgctatgcattgggtgcgccaggcccccggacaaaggcttgagtggatgggatggatcaacgctggcaatggtaacacaaaatattcacagaagttccagggcagagtcaccattaccagggacacatccgcgagcacagcctacatggagctgagcagcctgagatctgaagacacggctgtgtattactgtgcgggggtagtagtaccagctgctatgcgtgactactggggccaaggaaccctggtcaccgtctcctca	IGHV1-3	IGHD2-2	IGHJ4	tgtgcgggggtagtagtaccagctgctatgcgtgactactgg	1	1.73946320165597e-05
caggtgcagctggtgcagtctggggctgaggtgaagaagcctggggcctcagtgaaggtctcctgcaaggcttctggatacaccttcaccggctactatatgcactgggtgcgacaggcccctggacaagggcttgagtggatgggacggatcaaccctaacagtggtggcacaaactatgcacagaagtttcagggcagggtcaccagtaccagggacacgtccatcagcacagcctacatggagctgagcaggctgagatctgacgacacggtcgtgtattactgtgcgagagagaggctcgtccactactttgactactggggccaaggaaccctggtcaccgtctcctca	IGHV1-2	IGHD6-6	IGHJ4	tgtgcgagagagaggctcgtccactactttgactactgg	1	1.73946320165597e-05
caggtgcagctggtgcagtctggggctgaggtgaagaagcctggggcctcagtgaaggtctcctgcaaggcttctggatacaccttcaccggctactatatgcactgggtgcgacaggcccctggacaagggcttgagtggatgggacggatcaaccctaacagtggtggcacaaactatgcacagaagtttcagggcagggtcaccagtaccagggacacgtccatcagcacagcctacatggagctgagcaggctgagatctgacgacacggtcgtgtattactgtgcgagatcagcagtggctggtacctttgactactggggccaaggaaccctggtcaccgtctcctca	IGHV1-2	IGHD6-19	IGHJ4	tgtgcgagatcagcagtggctggtacctttgactactgg	1	1.73946320165597e-05
gaggtgcagctgttggagtctgggggaggcttggtacagcctggggggtccctgagactctcctgtgcagcctctggattcacctttagcagctatgccatgagctgggtccgccaggctccagggaaggggctggagtgggtctcagctattagtggtagtggtggtagcacatactacgcagactccgtgaagggccggttcaccatctccagagacaattccaagaacacgctgtatctgcaaatgaacagcctgagagccgaggacacggccgtatattactgtgcgaaagacatagcagcagctgcgtactttgactactggggccaaggaaccctggtcaccgtctcctca	IGHV3-23	IGHD6-13	IGHJ4	tgtgcgaaagacatagcagcagctgcgtactttgactactgg	1	1.73946320165597e-05
caggtgcagctggtgcagtctggggctgaggtgaagaagcctggggcctcagtgaaggtctcctgcaaggcttctggatacaccttcaccggctactatatgcactgggtgcgacaggcccctggacaagggcttgagtggatgggacggatcaaccctaacagtggtggcacaaactatgcacagaagtttcagggcagggtcaccagtaccagggacacgtccatcagcacagcctacatggagctgagcaggctgagatctgacgacacggtcgtgtattactgtgcgagagagggggactacggggactttgactactggggccaaggaaccctggtcaccgtctcctca	IGHV1-2	IGHD4-17	IGHJ4	tgtgcgagagagggggactacggggactttgactactgg	1	1.73946320165597e-05
gaggtgcagctggtggagtctgggggaggcttggtaaagcctggggggtcccttagactctcctgtgcagcctctggattcactttcagtaacgcctggatgagctgggtccgccaggctccagggaaggggctggagtgggttggccgtattaaaagcaaaactgatggtgggacaacagactacgctgcacccgtgaaaggcagattcaccatctcaagagatgattcaaaaaacacgctgtatctgcaaatgaacagcctgaaaaccgaggacacagccgtgtattactgtaccacagatcacccagactacggtgactactttgactactggggccaaggaaccctggtcaccgtctcctca	IGHV3-15	IGHD4-17	IGHJ4	tgtaccacagatcacccagactacggtgactactttgactactgg	1	1.73946320165597e-05
gaggtgcagctggtggagtctggaggaggcttgatccagcctggggggtccctgagactctcctgtgcagcctctgggttcaccgtcagtagcaactacatgagctgggtccgccaggctccagggaaggggctggagtgggtctcagttatttatagcggtggtagcacatactacgcagactccgtgaagggccgattcaccatctccagagacaattccaagaacacgctgtatcttcaaatgaacagcctgagagccgaggacacggccgtgtattactgtgcgagagagaggggggtagagatggtttactttgactactggggccaaggaaccctggtcaccgtctcctca	IGHV3-53	IGHD5-24	IGHJ4	tgtgcgagagagaggggggtagagatggtttactttgactactgg	1	1.73946320165597e-05
gaggtgcagctgttggagtctgggggaggcttggtacagcctggggggtccctgagactctcctgtgcagcctctggattcacctttagcagctatgccatgagctgggtccgccaggctccagggaaggggctggagtgggtctcagctattagtggtagtggtggtagcacatactacgcagactccgtgaagggccggttcaccatctccagagacaattccaagaacacgctgtatctgcaaatgaacagcctgagagccgaggacacggccgtatattactgtgcgaatagtaccagctgctatacggcttttgatgtctggggccaagggacaatggtcaccgtctcttca	IGHV3-23	IGHD2-2	IGHJ3	tgtgcgaatagtaccagctgctatacggcttttgatgtctgg	1	1.73946320165597e-05
gaggtgcagctgttggagtctgggggaggcttggtacagcctggggggtccctgagactctcctgtgcagcctctggattcacctttagcagctatgccatgagctgggtccgccaggctccagggaaggggctggagtgggtctcagctattagtggtagtggtggtagcacatactacgcagactccgtgaagggccggttcaccatctccagagacaattccaagaacacgctgtatctgcaaatgaacagcctgagagccgaggacacggccgtatattactgtgcgaaagagtatagtgggagctactacccttttgatgtctggggccaagggacaatggtcaccgtctcttca	IGHV3-23	IGHD1-26	IGHJ3	tgtgcgaaagagtatagtgggagctactacccttttgatgtctgg	1	1.73946320165597e-05
gaggtgcagctgttggagtctgggggaggcttggtacagcctggggggtccctgagactctcctgtgcagcctctggattcacctttagcagctatgccatgagctgggtccgccaggctccagggaaggggctggagtgggtctcagctattagtggtagtggtggtagcacatactacgcagactccgtgaagggccggttcaccatctccagagacaattccaagaacacgctgtatctgcaaatgaacagcctgagagccgaggacacggccgtatattactgtgcgaaagatgcagtggctggtacctttgactactggggccaaggaaccctggtcaccgtctcctca	IGHV3-23	IGHD6-19	IGHJ4	tgtgcgaaagatgcagtggctggtacctttgactactgg	1	1.73946320165597e-05
caggtgcagctacagcagtggggcgcaggactgttgaagccttcggagaccctgtccctcacctgcgctgtctatggtgggtccttcagtggttactactggagctggatccgccagcccccagggaaggggctggagtggattggggaaatcaatcatagtggaagcaccaactacaacccgtccctcaagagtcgagtcaccatatcagtagacacgtccaagaaccagttctccctgaagctgagctctgtgaccgccgcggacacggctgtgtattactgtgcgagagggagggggctggaacgacgctactttgactactggggccaaggaaccctggtcaccgtctcctca	IGHV4-34	IGHD1-20	IGHJ4	tgtgcgagagggagggggctggaacgacgctactttgactactgg	1	1.73946320165597e-05
gaggtgcagctgttggagtctgggggaggcttggtacagcctggggggtccctgagactctcctgtgcagcctctggattcacctttagcagctatgccatgagctgggtccgccaggctccagggaaggggctggagtgggtctcagctattagtggtagtggtggtagcacatactacgcagactccgtgaagggccggttcaccatctccagagacaattccaagaacacgctgtatctgcaaatgaacagcctgagagccgaggacacggccgtatattactgtgcgaaagagggggacggtgagggggcttttgatgtctggggccaagggacaatggtcaccgtctcttca	IGHV3-23	IGHD4-17	IGHJ3	tgtgcgaaagagggggacggtgagggggcttttgatgtctgg	1	1.73946320165597e-05
gaggtgcagctggtggagtctgggggaggcttggtacagccagggcggtccctgagactctcctgtacagcttctggattcacctttggtgattatgctatgagctggttccgccaggctccagggaaggggctggagtgggtaggtttcattagaagcaaagcttatggtgggacaacagaatacaccgcgtctgtgaaaggcagattcaccatctcaagagatggttccaaaagcatcgcctatctgcaaatgaacagcctgaaaaccgaggacacagccgtgtattactgtactagagtggttcggggagtagggtttgactactggggccaaggaaccctggtcaccgtctcctca	IGHV3-49	IGHD3-10	IGHJ4	tgtactagagtggttcggggagtagggtttgactactgg	1	1.73946320165597e-05
gaggtgcagctggtgcagtctggagcagaggtgaaaaagcccggggagtctctgaagatctcctgtaagggttctggatacagctttaccagctactggatcggctgggtgcgccagatgcccgggaaaggcctggagtggatggggatcatctatcctggtgactctgataccagatacagcccgtccttccaaggccaggtcaccatctcagccgacaagtccatcagcaccgcctacctgcagtggagcagcctgaaggcctcggacaccgccatgtattactgtgcgagacagaggcgatatagcagcagctactttgactactggggccaaggaaccctggtcaccgtctcctca	IGHV5-51	IGHD6-13	IGHJ4	tgtgcgagacagaggcgatatagcagcagctactttgactactgg	1	1.73946320165597e-05
gaggtgcagctgttggagtctgggggaggcttggtacagcctggggggtccctgagactctcctgtgcagcctctggattcacctttagcagctatgccatgagctgggtccgccaggctccagggaaggggctggagtgggtctcagctattagtggtagtggtggtagcacatactacgcagactccgtgaagggccggttcaccatctccagagacaattccaagaacacgctgtatctgcaaatgaacagcctgagagccgaggacacggccgtatattactgtgcgaaagatagtgggagaagtgcttttgatgtctggggccaagggacaatggtcaccgtctcttca	IGHV3-23	IGHD1-26	IGHJ3	tgtgcgaaagatagtgggagaagtgcttttgatgtctgg	1	1.73946320165597e-05
gaggtgcagctggtggagtctgggggaggtgtggtacggcctggggggtccctgagactctcctgtgcagcctctggattcacctttgatgattatggcatgagctgggtccgccaagctccagggaaggggctggagtgggtctctggtattaattggaatggtggtagcacaggttatgcagactctgtgaagggccgattcaccatctccagagacaacgccaagaactccctgtatctgcaaatgaacagtctgagagccgaggacacggccttgtatcactgtgcgaggcggggactatggttcggggagttatctgactactggggccaaggaaccctggtcaccgtctcctca	IGHV3-20	IGHD3-10	IGHJ4	tgtgcgaggcggggactatggttcggggagttatctgactactgg	1	1.73946320165597e-05
gaggtgcagctgttggagtctgggggaggcttggtacagcctggggggtccctgagactctcctgtgcagcctctggattcacctttagcagctatgccatgagctgggtccgccaggctccagggaaggggctggagtgggtctcagctattagtggtagtggtggtagcacatactacgcagactccgtgaagggccggttcaccatctccagagacaattccaagaacacgctgtatctgcaaatgaacagcctgagagccgaggacacggccgtatattactgtgcgaaacttcggggagttattataactttcgatctctggggccgtggcaccctggtcactgtctcctca	IGHV3-23	IGHD3-10	IGHJ2	tgtgcgaaacttcggggagttattataactttcgatctctgg	1	1.73946320165597e-05
caggttcagctggtgcagtctggagctgaggtgaagaagcctggggcctcagtgaaggtctcctgcaaggcttctggttacacctttaccagctatggtatcagctgggtgcgacaggcccctggacaagggcttgagtggatgggatggatcagcgcttacaatggtaacacaaactatgcacagaagctccagggcagagtcaccatgaccacagacacatccacgagcacagcctacatggagctgaggagcctgagatctgacgacacggccgtgtattactgtgcgagagattggacttgggtgactcactttgactactggggccaaggaaccctggtcaccgtctcctca	IGHV1-18	IGHD4-17	IGHJ4	tgtgcgagagattggacttgggtgactcactttgactactgg	1	1.73946320165597e-05
caggttcagctggtgcagtctggagctgaggtgaagaagcctggggcctcagtgaaggtctcctgcaaggcttctggttacacctttaccagctatggtatcagctgggtgcgacaggcccctggacaagggcttgagtggatgggatggatcagcgcttacaatggtaacacaaactatgcacagaagctccagggcagagtcaccatgaccacagacacatccacgagcacagcctacatggagctgaggagcctgagatctgacgacacggccgtgtattactgtgcgagagatccgtggctggactactttgactactggggccaaggaaccctggtcaccgtctcctca	IGHV1-18	IGHD6-19	IGHJ4	tgtgcgagagatccgtggctggactactttgactactgg	1	1.73946320165597e-05
caggtccagcttgtgcagtctggggctgaggtgaagaagcctggggcctcagtgaaggtttcctgcaaggcttctggatacaccttcactagctatgctatgcattgggtgcgccaggcccccggacaaaggcttgagtggatgggatggatcaacgctggcaatggtaacacaaaatattcacagaagttccagggcagagtcaccattaccagggacacatccgcgagcacagcctacatggagctgagcagcctgagatctgaagacacggctgtgtattactgtgcgagaggagctactggggaccactactttgactactggggccaaggaaccctggtcaccgtctcctca	IGHV1-3	IGHD1-26	IGHJ4	tgtgcgagaggagctactggggaccactactttgactactgg	1	1.73946320165597e-05
gaggtgcagctgttggagtctgggggaggcttggtacagcctggggggtccctgagactctcctgtgcagcctctggattcacctttagcagctatgccatgagctgggtccgccaggctccagggaaggggctggagtgggtctcagctattagtggtagtggtggtagcacatactacgcagactccgtgaagggccggttcaccatctccagagacaattccaagaacacgctgtatctgcaaatgaacagcctgagagccgaggacacggccgtatattactgtgcgaaaggaactagcagcagctggtatccttatatctggggccaaggaaccctggtcaccgtctcctca	IGHV3-23	IGHD6-13	IGHJ4	tgtgcgaaaggaactagcagcagctggtatccttatatctgg	1	1.73946320165597e-05
caggtgcagctggtgcagtctggggctgaggtgaagaagcctgggtcctcggtgaaggtctcctgcaaggcttctggaggcaccttcagcagctatgctatcagctgggtgcgacaggcccctggacaagggcttgagtggatgggagggatcatccctatctttggtacagcaaactacgcacagaagttccagggcagagtcacgattaccgcggacgaatccacgagcacagcctacatggagctgagcagcctgagatctgaggacacggccgtgtattactgtgcgagaccctgttacgatattttggtctttgactactggggccaaggaaccctggtcaccgtctcctca	IGHV1-69	IGHD3-9	IGHJ4	tgtgcgagaccctgttacgatattttggtctttgactactgg	1	1.73946320165597e-05
gaggtgcagctgttggagtctgggggaggcttggtacagcctggggggtccctgagactctcctgtgcagcctctggattcacctttagcagctatgccatgagctgggtccgccaggctccagggaaggggctggagtgggtctcagctattagtggtagtggtggtagcacatactacgcagactccgtgaagggccggttcaccatctccagagacaattccaagaacacgctgtatctgcaaatgaacagcctgagagccgaggacacggccgtatattactgtattattacgatttttggagtggcctactttgactactggggccaaggaaccctggtcaccgtctcctca	IGHV3-23	IGHD3-3	IGHJ4	tgtattattacgatttttggagtggcctactttgactactgg	1	1.73946320165597e-05
caggtgcagctggtgcagtctggggctgaggtgaagaagcctgggtcctcggtgaaggtctcctgcaaggcttctggaggcaccttcagcagctatgctatcagctgggtgcgacaggcccctggacaagggcttgagtggatgggagggatcatccctatctttggtacagcaaactacgcacagaagttccagggcagagtcacgattaccgcggacgaatccacgagcacagcctacatggagctgagcagcctgagatctgaggacacggccgtgtattactgtgcgagagagaggctaactgggaactggttcgactcctggggccaaggaaccctggtcaccgtctcctca	IGHV1-69	IGHD7-27	IGHJ5	tgtgcgagagagaggctaactgggaactggttcgactcctgg	1	1.73946320165597e-05
cagctgcagctgcaggagtcgggcccaggactggtgaagccttcggagaccctgtccctcacctgcactgtctctggtggctccatcagcagtagtagttactactggggctggatccgccagcccccagggaaggggctggagtggattgggagtatctattatagtgggagcacctactacaacccgtccctcaagagtcgagtcaccatatccgtagacacgtccaagaaccagttctccctgaagctgagctctgtgaccgccgcagacacggctgtgtattactgtgcgagacagggcgctggggactacaactggttcgactcctggggccaaggaaccctggtcaccgtctcctca	IGHV4-39	IGHD7-27	IGHJ5	tgtgcgagacagggcgctggggactacaactggttcgactcctgg	1	1.73946320165597e-05
caggtccagctggtacagtctggggctgaggtgaagaagcctggggcctcagtgaaggtctcctgcaaggtttccggatacaccctcactgaattatccatgcactgggtgcgacaggctcctggaaaagggcttgagtggatgggaggttttgatcctgaagatggtgaaacaatctacgcacagaagttccagggcagagtcaccatgaccgaggacacatctacagacacagcctacatggagctgagcagcctgagatctgaggacacggccgtgtattactgtgcaacagaacccagtgggagctactacgactttgactactggggccaaggaaccctggtcaccgtctcctca	IGHV1-24	IGHD1-26	IGHJ4	tgtgcaacagaacccagtgggagctactacgactttgactactgg	1	1.73946320165597e-05
caggtacagctgcagcagtcaggtccaggactggtgaagccctcgcagaccctctcactcacctgtgccatctccggggacagtgtctctagcaacagtgctgcttggaactggatcaggcagtccccatcgagaggccttgagtggctgggaaggacatactacaggtccaagtggtataatgattatgcagtatctgtgaaaagtcgaataaccatcaacccagacacatccaagaaccagttctccctgcagctgaactctgtgactcccgaggacacggctgtgtattactgtgcaagattggcgggtgggagctactactactttgactactggggccaaggaaccctggtcaccgtctcctca	IGHV6-1	IGHD1-26	IGHJ4	tgtgcaagattggcgggtgggagctactactactttgactactgg	1	1.73946320165597e-05
caggttcagctggtgcagtctggagctgaggtgaagaagcctggggcctcagtgaaggtctcctgcaaggcttctggttacacctttaccagctatggtatcagctgggtgcgacaggcccctggacaagggcttgagtggatgggatggatcagcgcttacaatggtaacacaaactatgcacagaagctccagggcagagtcaccatgaccacagacacatccacgagcacagcctacatggagctgaggagcctgagatctgacgacacggccgtgtattactgtgccggtatagcagtggctggtaccccctactttgactactggggccaaggaaccctggtcaccgtctcctca	IGHV1-18	IGHD6-19	IGHJ4	tgtgccggtatagcagtggctggtaccccctactttgactactgg	1	1.73946320165597e-05
caggttcagctggtgcagtctggagctgaggtgaagaagcctggggcctcagtgaaggtctcctgcaaggcttctggttacacctttaccagctatggtatcagctgggtgcgacaggcccctggacaagggcttgagtggatgggatggatcagcgcttacaatggtaacacaaactatgcacagaagctccagggcagagtcaccatgaccacagacacatccacgagcacagcctacatggagctgaggagcctgagatctgacgacacggccgtgtattactgtgcgagagaacagccagagatgggttggttcgactcctggggccaaggaaccctggtcaccgtctcctca	IGHV1-18	IGHD5-24	IGHJ5	tgtgcgagagaacagccagagatgggttggttcgactcctgg	1	1.73946320165597e-05
caggtgcagctggtgcagtctggggctgaggtgaagaagcctggggcctcagtgaaggtttcctgcaaggcatctggatacaccttcaccagctactatatgcactgggtgcgacaggcccctggacaagggcttgagtggatgggaataatcaaccctagtggtggtagcacaagctacgcacagaagttccagggcagagtcaccatgaccagggacacgtccacgagcacagtctacatggagctgagcagcctgagatctgaggacacggccgtgtattactgtgcgagagaggggtatagcagcagctggtacatggacgtctgggggcaagggaccacggtcaccgtctcctca	IGHV1-46	IGHD6-13	IGHJ6	tgtgcgagagaggggtatagcagcagctggtacatggacgtctgg	1	1.73946320165597e-05
caggtgcagctggtgcagtctggggctgaggtgaagaagcctggggcctcagtgaaggtttcctgcaaggcatctggatacaccttcaccagctactatatgcactgggtgcgacaggcccctggacaagggcttgagtggatgggaataatcaaccctagtggtggtagcacaagctacgcacagaagttccagggcagagtcaccatgaccagggacacgtccacgagcacagtctacatggagctgagcagcctgagatctgaggacacggccgtgtattactgtgcgagagattatggagctactacggggtggttcgactcctggggccaaggaaccctggtcaccgtctcctca	IGHV1-46	IGHD1-26	IGHJ5	tgtgcgagagattatggagctactacggggtggttcgactcctgg	1	1.73946320165597e-05
caggtgcagctacagcagtggggcgcaggactgttgaagccttcggagaccctgtccctcacctgcgctgtctatggtgggtccttcagtggttactactggagctggatccgccagcccccagggaaggggctggagtggattggggaaatcaatcatagtggaagcaccaactacaacccgtccctcaagagtcgagtcaccatatcagtagacacgtccaagaaccagttctccctgaagctgagctctgtgaccgccgcggacacggctgtgtattactgtgcgagagggggagctacagggaacaactggttcgactcctggggccaaggaaccctggtcaccgtctcctca	IGHV4-34	IGHD1-26	IGHJ5	tgtgcgagagggggagctacagggaacaactggttcgactcctgg	1	1.73946320165597e-05
caggtgcagctggtgcagtctggggctgaggtgaagaagcctggggcctcagtgaaggtctcctgcaaggcttctggatacaccttcaccggctactatatgcactgggtgcgacaggcccctggacaagggcttgagtggatgggacggatcaaccctaacagtggtggcacaaactatgcacagaagtttcagggcagggtcaccagtaccagggacacgtccatcagcacagcctacatggagctgagcaggctgagatctgacgacacggtcgtgtattactgtgcgagagcgtggggtatagcagtggactactttgactactggggccaaggaaccctggtcaccgtctcctca	IGHV1-2	IGHD6-19	IGHJ4	tgtgcgagagcgtggggtatagcagtggactactttgactactgg	1	1.73946320165597e-05
cagctgcagctgcaggagtccggctcaggactggtgaagccttcacagaccctgtccctcacctgcgctgtctctggtggctccatcagcagtggtggttactcctggagctggatccggcagccaccagggaagggcctggagtggattgggtacatctatcatagtgggagcacctactacaacccgtccctcaagagtcgagtcaccatatcagtagacaggtccaagaaccagttctccctgaagctgagctctgtgaccgccgcggacacggccgtgtattactgtgccagagagggttcggggagttattccaggttcgactcctggggccaaggaaccctggtcaccgtctcctca	IGHV4-30-2	IGHD3-10	IGHJ5	tgtgccagagagggttcggggagttattccaggttcgactcctgg	1	1.73946320165597e-05
gaggtgcagctgttggagtctgggggaggcttggtacagcctggggggtccctgagactctcctgtgcagcctctggattcacctttagcagctatgccatgagctgggtccgccaggctccagggaaggggctggagtgggtctcagctattagtggtagtggtggtagcacatactacgcagactccgtgaagggccggttcaccatctccagagacaattccaagaacacgctgtatctgcaaatgaacagcctgagagccgaggacacggccgtatattactgtgcgaaagacagcagctggtacgtagactactttgactactggggccaaggaaccctggtcaccgtctcctca	IGHV3-23	IGHD6-13	IGHJ4	tgtgcgaaagacagcagctggtacgtagactactttgactactgg	1	1.73946320165597e-05
caggttcagctggtgcagtctggagctgaggtgaagaagcctggggcctcagtgaaggtctcctgcaaggcttctggttacacctttaccagctatggtatcagctgggtgcgacaggcccctggacaagggcttgagtggatgggatggatcagcgcttacaatggtaacacaaactatgcacagaagctccagggcagagtcaccatgaccacagacacatccacgagcacagcctacatggagctgaggagcctgagatctgacgacacggccgtgtattactgtgcgagacactatgatagtagtggctactttgactactggggccaaggaaccctggtcaccgtctcctca	IGHV1-18	IGHD3-22	IGHJ4	tgtgcgagacactatgatagtagtggctactttgactactgg	1	1.73946320165597e-05
gaggtgcagctggtggagtctgggggaggcttggtaaagcctggggggtcccttagactctcctgtgcagcctctggattcactttcagtaacgcctggatgagctgggtccgccaggctccagggaaggggctggagtgggttggccgtattaaaagcaaaactgatggtgggacaacagactacgctgcacccgtgaaaggcagattcaccatctcaagagatgattcaaaaaacacgctgtatctgcaaatgaacagcctgaaaaccgaggacacagccgtgtattactgtaccacagatatagcagcaggagggaactactttgactactggggccaaggaaccctggtcaccgtctcctca	IGHV3-15	IGHD6-13	IGHJ4	tgtaccacagatatagcagcaggagggaactactttgactactgg	1	1.73946320165597e-05
caggtgcagctggtgcagtctggggctgaggtgaagaagcctggggcctcagtgaaggtttcctgcaaggcatctggatacaccttcaccagctactatatgcactgggtgcgacaggcccctggacaagggcttgagtggatgggaataatcaaccctagtggtggtagcacaagctacgcacagaagttccagggcagagtcaccatgaccagggacacgtccacgagcacagtctacatggagctgagcagcctgagatctgaggacacggccgtgtattactgtgcgagagaacatagcggctactacgactttgactactggggccaaggaaccctggtcaccgtctcctca	IGHV1-46	IGHD6-25	IGHJ4	tgtgcgagagaacatagcggctactacgactttgactactgg	1	1.73946320165597e-05
gaggtgcagctggtgcagtctggagcagaggtgaaaaagcccggggagtctctgaagatctcctgtaagggttctggatacagctttaccagctactggatcggctgggtgcgccagatgcccgggaaaggcctggagtggatggggatcatctatcctggtgactctgataccagatacagcccgtccttccaaggccaggtcaccatctcagccgacaagtccatcagcaccgcctacctgcagtggagcagcctgaaggcctcggacaccgccatgtattactgtgcgagacagaggggtacgacgggcctgttcgactcctggggccaaggaaccctggtcaccgtctcctca	IGHV5-51	IGHD4-17	IGHJ5	tgtgcgagacagaggggtacgacgggcctgttcgactcctgg	1	1.73946320165597e-05
gaggtgcagctggtggagtctgggggaggcttggtaaagcctggggggtcccttagactctcctgtgcagcctctggattcactttcagtaacgcctggatgagctgggtccgccaggctccagggaaggggctggagtgggttggccgtattaaaagcaaaactgatggtgggacaacagactacgctgcacccgtgaaaggcagattcaccatctcaagagatgattcaaaaaacacgctgtatctgcaaatgaacagcctgaaaaccgaggacacagccgtgtattactgtaccacagggtatagtgggaggtgggggtactttgactactggggccaaggaaccctggtcaccgtctcctca	IGHV3-15	IGHD1-26	IGHJ4	tgtaccacagggtatagtgggaggtgggggtactttgactactgg	1	1.73946320165597e-05
gaggtgcagctggtggagtctgggggaggtgtggtacggcctggggggtccctgagactctcctgtgcagcctctggattcacctttgatgattatggcatgagctgggtccgccaagctccagggaaggggctggagtgggtctctggtattaattggaatggtggtagcacaggttatgcagactctgtgaagggccgattcaccatctccagagacaacgccaagaactccctgtatctgcaaatgaacagtctgagagccgaggacacggccttgtatcactgtgcgagagagacggcccacaactggttcgactcctggggccaaggaaccctggtcaccgtctcctca	IGHV3-20	IGHD4-17	IGHJ5	tgtgcgagagagacggcccacaactggttcgactcctgg	1	1.73946320165597e-05
gaggtgcagctggtggagtctgggggaggcttggtaaagcctggggggtcccttagactctcctgtgcagcctctggattcactttcagtaacgcctggatgagctgggtccgccaggctccagggaaggggctggagtgggttggccgtattaaaagcaaaactgatggtgggacaacagactacgctgcacccgtgaaaggcagattcaccatctcaagagatgattcaaaaaacacgctgtatctgcaaatgaacagcctgaaaaccgaggacacagccgtgtattactgtaccacagatggggggatgatagcttttgatgtctggggccaagggacaatggtcaccgtctcttca	IGHV3-15	IGHD3-22	IGHJ3	tgtaccacagatggggggatgatagcttttgatgtctgg	1	1.73946320165597e-05
caggtcaccttgagggagtctggtcctgcgctggtgaaacccacacagaccctcacactgacctgcaccttctctgggttctcactcagcactagtggaatgtgtgtgagctggatccgtcagcccccagggaaggccctggagtggcttgcactcattgattgggatgatgataaatactacagcacatctctgaagaccaggctcaccatctccaaggacacctccaaaaaccaggtggtccttacaatgaccaacatggaccctgtggacacagccacgtattactgtgcacgggatatagtggctacgattaactactttgactactggggccaaggaaccctggtcaccgtctcctca	IGHV2-70	IGHD5-12	IGHJ4	tgtgcacgggatatagtggctacgattaactactttgactactgg	1	1.73946320165597e-05
caggttcagctggtgcagtctggagctgaggtgaagaagcctggggcctcagtgaaggtctcctgcaaggcttctggttacacctttaccagctatggtatcagctgggtgcgacaggcccctggacaagggcttgagtggatgggatggatcagcgcttacaatggtaacacaaactatgcacagaagctccagggcagagtcaccatgaccacagacacatccacgagcacagcctacatggagctgaggagcctgagatctgacgacacggccgtgtattactgtgcgagagaggcctggaacgactgcaactggttcgactcctggggccaaggaaccctggtcaccgtctcctca	IGHV1-18	IGHD1-1	IGHJ5	tgtgcgagagaggcctggaacgactgcaactggttcgactcctgg	1	1.73946320165597e-05
caggttcagctggtgcagtctggagctgaggtgaagaagcctggggcctcagtgaaggtctcctgcaaggcttctggttacacctttaccagctatggtatcagctgggtgcgacaggcccctggacaagggcttgagtggatgggatggatcagcgcttacaatggtaacacaaactatgcacagaagctccagggcagagtcaccatgaccacagacacatccacgagcacagcctacatggagctgaggagcctgagatctgacgacacggccgtgtattactgtgcgagatcagtggctggccctctctttgactactggggccaaggaaccctggtcaccgtctcctca	IGHV1-18	IGHD6-19	IGHJ4	tgtgcgagatcagtggctggccctctctttgactactgg	1	1.73946320165597e-05
caggttcagctggtgcagtctggagctgaggtgaagaagcctggggcctcagtgaaggtctcctgcaaggcttctggttacacctttaccagctatggtatcagctgggtgcgacaggcccctggacaagggcttgagtggatgggatggatcagcgcttacaatggtaacacaaactatgcacagaagctccagggcagagtcaccatgaccacagacacatccacgagcacagcctacatggagctgaggagcctgagatctgacgacacggccgtgtattactgtgcgagagagaggaaccaccatcactactttgactactggggccaaggaaccctggtcaccgtctcctca	IGHV1-18	IGHD1-14	IGHJ4	tgtgcgagagagaggaaccaccatcactactttgactactgg	1	1.73946320165597e-05
caggtgcagctggtgcagtctggggctgaggtgaagaagcctgggtcctcggtgaaggtctcctgcaaggcttctggaggcaccttcagcagctatgctatcagctgggtgcgacaggcccctggacaagggcttgagtggatgggagggatcatccctatctttggtacagcaaactacgcacagaagttccagggcagagtcacgattaccgcggacgaatccacgagcacagcctacatggagctgagcagcctgagatctgaggacacggccgtgtattactgtgcgagagataaggggtataactggaagagagttgactactggggccaaggaaccctggtcaccgtctcctca	IGHV1-69	IGHD1-7	IGHJ4	tgtgcgagagataaggggtataactggaagagagttgactactgg	1	1.73946320165597e-05
gaggtgcagctggtggagtctgggggaggcttggtaaagcctggggggtcccttagactctcctgtgcagcctctggattcactttcagtaacgcctggatgagctgggtccgccaggctccagggaaggggctggagtgggttggccgtattaaaagcaaaactgatggtgggacaacagactacgctgcacccgtgaaaggcagattcaccatctcaagagatgattcaaaaaacacgctgtatctgcaaatgaacagcctgaaaaccgaggacacagccgtgtattactgtaccacagagaagaaagattactatgttcactttgactactggggccaaggaaccctggtcaccgtctcctca	IGHV3-15	IGHD3-22	IGHJ4	tgtaccacagagaagaaagattactatgttcactttgactactgg	1	1.73946320165597e-05
gaggtgcagctggtggagtctgggggaggcttggtaaagcctggggggtcccttagactctcctgtgcagcctctggattcactttcagtaacgcctggatgagctgggtccgccaggctccagggaaggggctggagtgggttggccgtattaaaagcaaaactgatggtgggacaacagactacgctgcacccgtgaaaggcagattcaccatctcaagagatgattcaaaaaacacgctgtatctgcaaatgaacagcctgaaaaccgaggacacagccgtgtattactgtaccacagaagtgggagctactacgtactttgactactggggccaaggaaccctggtcaccgtctcctca	IGHV3-15	IGHD1-26	IGHJ4	tgtaccacagaagtgggagctactacgtactttgactactgg	1	1.73946320165597e-05
gaggtgcagctgttggagtctgggggaggcttggtacagcctggggggtccctgagactctcctgtgcagcctctggattcacctttagcagctatgccatgagctgggtccgccaggctccagggaaggggctggagtgggtctcagctattagtggtagtggtggtagcacatactacgcagactccgtgaagggccggttcaccatctccagagacaattccaagaacacgctgtatctgcaaatgaacagcctgagagccgaggacacggccgtatattactgtgcgaaccctacggtgacccactactttgactactggggccaaggaaccctggtcaccgtctcctca	IGHV3-23	IGHD4-17	IGHJ4	tgtgcgaaccctacggtgacccactactttgactactgg	1	1.73946320165597e-05
caggtgcagctggtgcagtctggggctgaggtgaagaagcctggggcctcagtgaaggtctcctgcaaggcttctggatacaccttcaccggctactatatgcactgggtgcgacaggcccctggacaagggcttgagtggatgggacggatcaaccctaacagtggtggcacaaactatgcacagaagtttcagggcagggtcaccagtaccagggacacgtccatcagcacagcctacatggagctgagcaggctgagatctgacgacacggtcgtgtattactgtgcgagagagggtacggtgacccactggttcgactcctggggccaaggaaccctggtcaccgtctcctca	IGHV1-2	IGHD4-17	IGHJ5	tgtgcgagagagggtacggtgacccactggttcgactcctgg	1	1.73946320165597e-05
caggtgcagctggtgcagtctggggctgaggtgaagaagcctggggcctcagtgaaggtctcctgcaaggcttctggatacaccttcaccagttatgatatcaactgggtgcgacaggccactggacaagggcttgagtggatgggatggatgaaccctaacagtggtaacacaggctatgcacagaagttccagggcagagtcaccatgaccaggaacacctccataagcacagcctacatggagctgagcagcctgagatctgaggacacggccgtgtattactgtgcgagaggaggggcaactggaaccgactttgactactggggccaaggaaccctggtcaccgtctcctca	IGHV1-8	IGHD1-1	IGHJ4	tgtgcgagaggaggggcaactggaaccgactttgactactgg	1	1.73946320165597e-05
gaggtgcagctgttggagtctgggggaggcttggtacagcctggggggtccctgagactctcctgtgcagcctctggattcacctttagcagctatgccatgagctgggtccgccaggctccagggaaggggctggagtgggtctcagctattagtggtagtggtggtagcacatactacgcagactccgtgaagggccggttcaccatctccagagacaattccaagaacacgctgtatctgcaaatgaacagcctgagagccgaggacacggccgtatattactgtgcgaaagaagtgggagctgaggactttgactactggggccaaggaaccctggtcaccgtctcctca	IGHV3-23	IGHD1-26	IGHJ4	tgtgcgaaagaagtgggagctgaggactttgactactgg	1	1.73946320165597e-05
gaggtgcagctggtggagtctgggggaggcttggtaaagcctggggggtcccttagactctcctgtgcagcctctggattcactttcagtaacgcctggatgagctgggtccgccaggctccagggaaggggctggagtgggttggccgtattaaaagcaaaactgatggtgggacaacagactacgctgcacccgtgaaaggcagattcaccatctcaagagatgattcaaaaaacacgctgtatctgcaaatgaacagcctgaaaaccgaggacacagccgtgtattactgtaccacgctaactggggatgggtggttcgactcctggggccaaggaaccctggtcaccgtctcctca	IGHV3-15	IGHD7-27	IGHJ5	tgtaccacgctaactggggatgggtggttcgactcctgg	1	1.73946320165597e-05
caggtgcagctggtgcagtctggggctgaggtgaagaagcctggggcctcagtgaaggtctcctgcaaggcttctggatacaccttcaccggctactatatgcactgggtgcgacaggcccctggacaagggcttgagtggatgggacggatcaaccctaacagtggtggcacaaactatgcacagaagtttcagggcagggtcaccagtaccagggacacgtccatcagcacagcctacatggagctgagcaggctgagatctgacgacacggtcgtgtattactgtgcgaccgccagcagcagctggtacccatactttgactactggggccaaggaaccctggtcaccgtctcctca	IGHV1-2	IGHD6-13	IGHJ4	tgtgcgaccgccagcagcagctggtacccatactttgactactgg	1	1.73946320165597e-05
caggtgcagctggtgcagtctggggctgaggtgaagaagcctgggtcctcggtgaaggtctcctgcaaggcttctggaggcaccttcagcagctatgctatcagctgggtgcgacaggcccctggacaagggcttgagtggatgggagggatcatccctatctttggtacagcaaactacgcacagaagttccagggcagagtcacgattaccgcggacgaatccacgagcacagcctacatggagctgagcagcctgagatctgaggacacggccgtgtattactgtgcgagagacacgattatcggtgatgcttttgatgtctggggccaagggacaatggtcaccgtctcttca	IGHV1-69	IGHD3-3	IGHJ3	tgtgcgagagacacgattatcggtgatgcttttgatgtctgg	1	1.73946320165597e-05
caggtgcagctggtgcagtctggggctgaggtgaagaagcctgggtcctcggtgaaggtctcctgcaaggcttctggaggcaccttcagcagctatgctatcagctgggtgcgacaggcccctggacaagggcttgagtggatgggagggatcatccctatctttggtacagcaaactacgcacagaagttccagggcagagtcacgattaccgcggacgaatccacgagcacagcctacatggagctgagcagcctgagatctgaggacacggccgtgtattactgtgcgagagacccctgctacggtgactacctctttgactactggggccaaggaaccctggtcaccgtctcctca	IGHV1-69	IGHD4-17	IGHJ4	tgtgcgagagacccctgctacggtgactacctctttgactactgg	1	1.73946320165597e-05
