clone_id	n_seq	freq	cum_freq	rank
2442	20	0.0020008003201280513	0.0020008003201280513	1
6701	11	0.0011004401760704283	0.0031012404961984798	2
2422	8	8.003201280512205e-4	0.0039015606242497	3
9324	8	8.003201280512205e-4	0.004701880752300921	4
7440	7	7.002801120448179e-4	0.005402160864345739	5
5501	6	6.002400960384153e-4	0.006002400960384154	6
6556	6	6.002400960384153e-4	0.006602641056422569	7
9305	6	6.002400960384153e-4	0.007202881152460984	8
2546	5	5.002000800320128e-4	0.007703081232492998	9
3860	5	5.002000800320128e-4	0.00820328131252501	10
3866	5	5.002000800320128e-4	0.008703481392557022	11
5519	5	5.002000800320128e-4	0.009203681472589036	12
8261	5	5.002000800320128e-4	0.009703881552621049	13
425	4	4.0016006402561027e-4	0.010104041616646658	14
565	4	4.0016006402561027e-4	0.01050420168067227	15
625	4	4.0016006402561027e-4	0.01090436174469788	16
764	4	4.0016006402561027e-4	0.011304521808723489	17
1345	4	4.0016006402561027e-4	0.0117046818727491	18
1637	4	4.0016006402561027e-4	0.01210484193677471	19
1651	4	4.0016006402561027e-4	0.012505002000800321	20
2342	4	4.0016006402561027e-4	0.01290516206482593	21
2580	4	4.0016006402561027e-4	0.013305322128851542	22
2618	4	4.0016006402561027e-4	0.013705482192877151	23
2955	4	4.0016006402561027e-4	0.014105642256902761	24
3332	4	4.0016006402561027e-4	0.014505802320928372	25
3491	4	4.0016006402561027e-4	0.014905962384953982	26
3669	4	4.0016006402561027e-4	0.015306122448979593	27
3847	4	4.0016006402561027e-4	0.015706282513005203	28
3865	4	4.0016006402561027e-4	0.016106442577030814	29
4949	4	4.0016006402561027e-4	0.016506602641056422	30
5527	4	4.0016006402561027e-4	0.016906762705082033	31
5779	4	4.0016006402561027e-4	0.017306922769107645	32
7457	4	4.0016006402561027e-4	0.017707082833133256	33
8257	4	4.0016006402561027e-4	0.018107242897158864	34
8285	4	4.0016006402561027e-4	0.018507402961184475	35
8309	4	4.0016006402561027e-4	0.018907563025210086	36
8385	4	4.0016006402561027e-4	0.019307723089235694	37
9313	4	4.0016006402561027e-4	0.019707883153261305	38
122	3	3.0012004801920766e-4	0.020008003201280513	39
135	3	3.0012004801920766e-4	0.02030812324929972	40
473	3	3.0012004801920766e-4	0.020608243297318928	41
514	3	3.0012004801920766e-4	0.020908363345338136	42
1028	3	3.0012004801920766e-4	0.021208483393357343	43
1192	3	3.0012004801920766e-4	0.02150860344137655	44
1368	3	3.0012004801920766e-4	0.02180872348939576	45
2031	3	3.0012004801920766e-4	0.022108843537414966	46
2055	3	3.0012004801920766e-4	0.022408963585434174	47
2113	3	3.0012004801920766e-4	0.02270908363345338	48
2333	3	3.0012004801920766e-4	0.02300920368147259	49
2399	3	3.0012004801920766e-4	0.023309323729491797	50
2467	3	3.0012004801920766e-4	0.023609443777511004	51
2568	3	3.0012004801920766e-4	0.023909563825530212	52
2574	3	3.0012004801920766e-4	0.02420968387354942	53
2599	3	3.0012004801920766e-4	0.024509803921568627	54
2600	3	3.0012004801920766e-4	0.024809923969587835	55
3073	3	3.0012004801920766e-4	0.025110044017607042	56
3336	3	3.0012004801920766e-4	0.02541016406562625	57
3494	3	3.0012004801920766e-4	0.025710284113645458	58
3637	3	3.0012004801920766e-4	0.026010404161664665	59
3638	3	3.0012004801920766e-4	0.026310524209683873	60
3652	3	3.0012004801920766e-4	0.02661064425770308	61
3674	3	3.0012004801920766e-4	0.026910764305722288	62
3685	3	3.0012004801920766e-4	0.027210884353741496	63
3853	3	3.0012004801920766e-4	0.027511004401760703	64
3870	3	3.0012004801920766e-4	0.02781112444977991	65
4199	3	3.0012004801920766e-4	0.02811124449779912	66
4233	3	3.0012004801920766e-4	0.028411364545818326	67
4338	3	3.0012004801920766e-4	0.028711484593837534	68
4950	3	3.0012004801920766e-4	0.029011604641856745	69
5494	3	3.0012004801920766e-4	0.029311724689875952	70
5510	3	3.0012004801920766e-4	0.02961184473789516	71
5526	3	3.0012004801920766e-4	0.029911964785914368	72
5529	3	3.0012004801920766e-4	0.030212084833933575	73
5546	3	3.0012004801920766e-4	0.030512204881952783	74
5547	3	3.0012004801920766e-4	0.03081232492997199	75
5554	3	3.0012004801920766e-4	0.031112444977991198	76
5883	3	3.0012004801920766e-4	0.031412565026010406	77
6333	3	3.0012004801920766e-4	0.03171268507402961	78
6560	3	3.0012004801920766e-4	0.03201280512204882	79
6595	3	3.0012004801920766e-4	0.03231292517006803	80
6605	3	3.0012004801920766e-4	0.032613045218087236	81
6624	3	3.0012004801920766e-4	0.032913165266106444	82
6702	3	3.0012004801920766e-4	0.03321328531412565	83
6768	3	3.0012004801920766e-4	0.03351340536214486	84
6802	3	3.0012004801920766e-4	0.033813525410164066	85
6827	3	3.0012004801920766e-4	0.034113645458183274	86
6833	3	3.0012004801920766e-4	0.03441376550620248	87
6932	3	3.0012004801920766e-4	0.03471388555422169	88
7193	3	3.0012004801920766e-4	0.0350140056022409	89
7439	3	3.0012004801920766e-4	0.035314125650260104	90
7634	3	3.0012004801920766e-4	0.03561424569827931	91
7888	3	3.0012004801920766e-4	0.03591436574629852	92
8157	3	3.0012004801920766e-4	0.03621448579431773	93
8245	3	3.0012004801920766e-4	0.036514605842336935	94
8274	3	3.0012004801920766e-4	0.03681472589035614	95
8421	3	3.0012004801920766e-4	0.03711484593837535	96
8844	3	3.0012004801920766e-4	0.03741496598639456	97
9243	3	3.0012004801920766e-4	0.037715086034413765	98
9346	3	3.0012004801920766e-4	0.03801520608243297	99
21	2	2.0008003201280514e-4	0.03821528611444578	100
163	2	2.0008003201280514e-4	0.03841536614645858	101
164	2	2.0008003201280514e-4	0.03861544617847139	102
206	2	2.0008003201280514e-4	0.038815526210484196	103
208	2	2.0008003201280514e-4	0.039015606242496996	104
210	2	2.0008003201280514e-4	0.0392156862745098	105
211	2	2.0008003201280514e-4	0.03941576630652261	106
256	2	2.0008003201280514e-4	0.03961584633853541	107
263	2	2.0008003201280514e-4	0.03981592637054822	108
431	2	2.0008003201280514e-4	0.040016006402561026	109
439	2	2.0008003201280514e-4	0.040216086434573826	110
475	2	2.0008003201280514e-4	0.040416166466586634	111
551	2	2.0008003201280514e-4	0.04061624649859944	112
560	2	2.0008003201280514e-4	0.04081632653061224	113
569	2	2.0008003201280514e-4	0.04101640656262505	114
589	2	2.0008003201280514e-4	0.041216486594637856	115
590	2	2.0008003201280514e-4	0.04141656662665066	116
596	2	2.0008003201280514e-4	0.041616646658663464	117
601	2	2.0008003201280514e-4	0.04181672669067627	118
620	2	2.0008003201280514e-4	0.04201680672268908	119
631	2	2.0008003201280514e-4	0.04221688675470188	120
655	2	2.0008003201280514e-4	0.04241696678671469	121
719	2	2.0008003201280514e-4	0.042617046818727494	122
735	2	2.0008003201280514e-4	0.042817126850740295	123
750	2	2.0008003201280514e-4	0.0430172068827531	124
757	2	2.0008003201280514e-4	0.04321728691476591	125
772	2	2.0008003201280514e-4	0.04341736694677871	126
799	2	2.0008003201280514e-4	0.04361744697879152	127
855	2	2.0008003201280514e-4	0.043817527010804325	128
868	2	2.0008003201280514e-4	0.044017607042817125	129
876	2	2.0008003201280514e-4	0.04421768707482993	130
878	2	2.0008003201280514e-4	0.04441776710684274	131
943	2	2.0008003201280514e-4	0.04461784713885554	132
964	2	2.0008003201280514e-4	0.04481792717086835	133
979	2	2.0008003201280514e-4	0.045018007202881155	134
1017	2	2.0008003201280514e-4	0.045218087234893956	135
1026	2	2.0008003201280514e-4	0.04541816726690676	136
1035	2	2.0008003201280514e-4	0.04561824729891957	137
1039	2	2.0008003201280514e-4	0.04581832733093237	138
1071	2	2.0008003201280514e-4	0.04601840736294518	139
1085	2	2.0008003201280514e-4	0.046218487394957986	140
1148	2	2.0008003201280514e-4	0.046418567426970786	141
1150	2	2.0008003201280514e-4	0.04661864745898359	142
1196	2	2.0008003201280514e-4	0.0468187274909964	143
1347	2	2.0008003201280514e-4	0.0470188075230092	144
1399	2	2.0008003201280514e-4	0.04721888755502201	145
1464	2	2.0008003201280514e-4	0.047418967587034816	146
1486	2	2.0008003201280514e-4	0.047619047619047616	147
1491	2	2.0008003201280514e-4	0.047819127651060424	148
1498	2	2.0008003201280514e-4	0.04801920768307323	149
1534	2	2.0008003201280514e-4	0.04821928771508603	150
1630	2	2.0008003201280514e-4	0.04841936774709884	151
1633	2	2.0008003201280514e-4	0.048619447779111646	152
1650	2	2.0008003201280514e-4	0.04881952781112445	153
1653	2	2.0008003201280514e-4	0.049019607843137254	154
1654	2	2.0008003201280514e-4	0.04921968787515006	155
1661	2	2.0008003201280514e-4	0.04941976790716287	156
1666	2	2.0008003201280514e-4	0.04961984793917567	157
1804	2	2.0008003201280514e-4	0.04981992797118848	158
1883	2	2.0008003201280514e-4	0.050020008003201284	159
1887	2	2.0008003201280514e-4	0.050220088035214085	160
1924	2	2.0008003201280514e-4	0.05042016806722689	161
1984	2	2.0008003201280514e-4	0.0506202480992397	162
1992	2	2.0008003201280514e-4	0.0508203281312525	163
2019	2	2.0008003201280514e-4	0.05102040816326531	164
2033	2	2.0008003201280514e-4	0.051220488195278115	165
2037	2	2.0008003201280514e-4	0.051420568227290915	166
2039	2	2.0008003201280514e-4	0.05162064825930372	167
2100	2	2.0008003201280514e-4	0.05182072829131653	168
2115	2	2.0008003201280514e-4	0.05202080832332933	169
2132	2	2.0008003201280514e-4	0.05222088835534214	170
2164	2	2.0008003201280514e-4	0.052420968387354945	171
2168	2	2.0008003201280514e-4	0.052621048419367746	172
2199	2	2.0008003201280514e-4	0.05282112845138055	173
2223	2	2.0008003201280514e-4	0.05302120848339336	174
2230	2	2.0008003201280514e-4	0.05322128851540616	175
2313	2	2.0008003201280514e-4	0.05342136854741897	176
2323	2	2.0008003201280514e-4	0.053621448579431776	177
2332	2	2.0008003201280514e-4	0.053821528611444576	178
2388	2	2.0008003201280514e-4	0.05402160864345738	179
2404	2	2.0008003201280514e-4	0.05422168867547019	180
2420	2	2.0008003201280514e-4	0.05442176870748299	181
2425	2	2.0008003201280514e-4	0.0546218487394958	182
2428	2	2.0008003201280514e-4	0.054821928771508606	183
2534	2	2.0008003201280514e-4	0.055022008803521406	184
2566	2	2.0008003201280514e-4	0.055222088835534214	185
2598	2	2.0008003201280514e-4	0.05542216886754702	186
2607	2	2.0008003201280514e-4	0.05562224889955982	187
2657	2	2.0008003201280514e-4	0.05582232893157263	188
2703	2	2.0008003201280514e-4	0.056022408963585436	189
2732	2	2.0008003201280514e-4	0.05622248899559824	190
2826	2	2.0008003201280514e-4	0.056422569027611044	191
2921	2	2.0008003201280514e-4	0.05662264905962385	192
2977	2	2.0008003201280514e-4	0.05682272909163666	193
2984	2	2.0008003201280514e-4	0.05702280912364946	194
3049	2	2.0008003201280514e-4	0.05722288915566227	195
3075	2	2.0008003201280514e-4	0.057422969187675074	196
3084	2	2.0008003201280514e-4	0.057623049219687875	197
3130	2	2.0008003201280514e-4	0.05782312925170068	198
3150	2	2.0008003201280514e-4	0.05802320928371349	199
3151	2	2.0008003201280514e-4	0.05822328931572629	200
3176	2	2.0008003201280514e-4	0.0584233693477391	201
3209	2	2.0008003201280514e-4	0.058623449379751905	202
3277	2	2.0008003201280514e-4	0.058823529411764705	203
3329	2	2.0008003201280514e-4	0.05902360944377751	204
3373	2	2.0008003201280514e-4	0.05922368947579032	205
3383	2	2.0008003201280514e-4	0.05942376950780312	206
3450	2	2.0008003201280514e-4	0.05962384953981593	207
3521	2	2.0008003201280514e-4	0.059823929571828735	208
3604	2	2.0008003201280514e-4	0.060024009603841535	209
3624	2	2.0008003201280514e-4	0.06022408963585434	210
3636	2	2.0008003201280514e-4	0.06042416966786715	211
3640	2	2.0008003201280514e-4	0.06062424969987995	212
3650	2	2.0008003201280514e-4	0.06082432973189276	213
3654	2	2.0008003201280514e-4	0.061024409763905565	214
3676	2	2.0008003201280514e-4	0.061224489795918366	215
3682	2	2.0008003201280514e-4	0.06142456982793117	216
3707	2	2.0008003201280514e-4	0.06162464985994398	217
3720	2	2.0008003201280514e-4	0.06182472989195678	218
3827	2	2.0008003201280514e-4	0.06202480992396959	219
3857	2	2.0008003201280514e-4	0.062224889955982396	220
3894	2	2.0008003201280514e-4	0.062424969987995196	221
3900	2	2.0008003201280514e-4	0.06262505002000801	222
3905	2	2.0008003201280514e-4	0.06282513005202081	223
3918	2	2.0008003201280514e-4	0.06302521008403361	224
3933	2	2.0008003201280514e-4	0.06322529011604643	225
3983	2	2.0008003201280514e-4	0.06342537014805923	226
3986	2	2.0008003201280514e-4	0.06362545018007203	227
3995	2	2.0008003201280514e-4	0.06382553021208484	228
4025	2	2.0008003201280514e-4	0.06402561024409764	229
4028	2	2.0008003201280514e-4	0.06422569027611044	230
4035	2	2.0008003201280514e-4	0.06442577030812326	231
4039	2	2.0008003201280514e-4	0.06462585034013606	232
4048	2	2.0008003201280514e-4	0.06482593037214886	233
4071	2	2.0008003201280514e-4	0.06502601040416167	234
4145	2	2.0008003201280514e-4	0.06522609043617447	235
4164	2	2.0008003201280514e-4	0.06542617046818727	236
4168	2	2.0008003201280514e-4	0.06562625050020009	237
4175	2	2.0008003201280514e-4	0.06582633053221289	238
4188	2	2.0008003201280514e-4	0.06602641056422569	239
4250	2	2.0008003201280514e-4	0.0662264905962385	240
4264	2	2.0008003201280514e-4	0.0664265706282513	241
4265	2	2.0008003201280514e-4	0.0666266506602641	242
4266	2	2.0008003201280514e-4	0.06682673069227692	243
4269	2	2.0008003201280514e-4	0.06702681072428972	244
4275	2	2.0008003201280514e-4	0.06722689075630252	245
4340	2	2.0008003201280514e-4	0.06742697078831533	246
4344	2	2.0008003201280514e-4	0.06762705082032813	247
4377	2	2.0008003201280514e-4	0.06782713085234093	248
4384	2	2.0008003201280514e-4	0.06802721088435375	249
4385	2	2.0008003201280514e-4	0.06822729091636655	250
4406	2	2.0008003201280514e-4	0.06842737094837935	251
4408	2	2.0008003201280514e-4	0.06862745098039216	252
4425	2	2.0008003201280514e-4	0.06882753101240496	253
4432	2	2.0008003201280514e-4	0.06902761104441776	254
4519	2	2.0008003201280514e-4	0.06922769107643058	255
4547	2	2.0008003201280514e-4	0.06942777110844338	256
4557	2	2.0008003201280514e-4	0.06962785114045618	257
4609	2	2.0008003201280514e-4	0.069827931172469	258
4633	2	2.0008003201280514e-4	0.0700280112044818	259
4664	2	2.0008003201280514e-4	0.0702280912364946	260
4674	2	2.0008003201280514e-4	0.07042817126850741	261
4675	2	2.0008003201280514e-4	0.07062825130052021	262
4681	2	2.0008003201280514e-4	0.07082833133253301	263
4723	2	2.0008003201280514e-4	0.07102841136454582	264
4743	2	2.0008003201280514e-4	0.07122849139655862	265
4769	2	2.0008003201280514e-4	0.07142857142857142	266
4841	2	2.0008003201280514e-4	0.07162865146058424	267
5121	2	2.0008003201280514e-4	0.07182873149259704	268
5182	2	2.0008003201280514e-4	0.07202881152460984	269
5183	2	2.0008003201280514e-4	0.07222889155662265	270
5202	2	2.0008003201280514e-4	0.07242897158863545	271
5208	2	2.0008003201280514e-4	0.07262905162064826	272
5236	2	2.0008003201280514e-4	0.07282913165266107	273
5244	2	2.0008003201280514e-4	0.07302921168467387	274
5301	2	2.0008003201280514e-4	0.07322929171668667	275
5321	2	2.0008003201280514e-4	0.07342937174869948	276
5322	2	2.0008003201280514e-4	0.07362945178071229	277
5351	2	2.0008003201280514e-4	0.07382953181272509	278
5358	2	2.0008003201280514e-4	0.0740296118447379	279
5419	2	2.0008003201280514e-4	0.0742296918767507	280
5466	2	2.0008003201280514e-4	0.0744297719087635	281
5498	2	2.0008003201280514e-4	0.07462985194077632	282
5513	2	2.0008003201280514e-4	0.07482993197278912	283
5549	2	2.0008003201280514e-4	0.07503001200480193	284
5551	2	2.0008003201280514e-4	0.07523009203681473	285
5566	2	2.0008003201280514e-4	0.07543017206882753	286
5588	2	2.0008003201280514e-4	0.075630252100840345	287
5597	2	2.0008003201280514e-4	0.07583033213285315	288
5669	2	2.0008003201280514e-4	0.07603041216486595	289
5735	2	2.0008003201280514e-4	0.07623049219687876	290
5740	2	2.0008003201280514e-4	0.07643057222889156	291
5772	2	2.0008003201280514e-4	0.07663065226090436	292
5790	2	2.0008003201280514e-4	0.07683073229291718	293
5889	2	2.0008003201280514e-4	0.07703081232492998	294
5892	2	2.0008003201280514e-4	0.07723089235694278	295
5909	2	2.0008003201280514e-4	0.07743097238895559	296
5919	2	2.0008003201280514e-4	0.07763105242096839	297
6089	2	2.0008003201280514e-4	0.07783113245298119	298
6131	2	2.0008003201280514e-4	0.078031212484994	299
6134	2	2.0008003201280514e-4	0.0782312925170068	300
6146	2	2.0008003201280514e-4	0.0784313725490196	301
6147	2	2.0008003201280514e-4	0.07863145258103242	302
6166	2	2.0008003201280514e-4	0.07883153261304522	303
6195	2	2.0008003201280514e-4	0.07903161264505802	304
6200	2	2.0008003201280514e-4	0.07923169267707084	305
6278	2	2.0008003201280514e-4	0.07943177270908364	306
6528	2	2.0008003201280514e-4	0.07963185274109644	307
6559	2	2.0008003201280514e-4	0.07983193277310925	308
6570	2	2.0008003201280514e-4	0.08003201280512205	309
6573	2	2.0008003201280514e-4	0.08023209283713485	310
6588	2	2.0008003201280514e-4	0.08043217286914767	311
6599	2	2.0008003201280514e-4	0.08063225290116047	312
6607	2	2.0008003201280514e-4	0.08083233293317327	313
6612	2	2.0008003201280514e-4	0.08103241296518608	314
6616	2	2.0008003201280514e-4	0.08123249299719888	315
6621	2	2.0008003201280514e-4	0.08143257302921168	316
6643	2	2.0008003201280514e-4	0.0816326530612245	317
6707	2	2.0008003201280514e-4	0.0818327330932373	318
6710	2	2.0008003201280514e-4	0.0820328131252501	319
6840	2	2.0008003201280514e-4	0.08223289315726291	320
6893	2	2.0008003201280514e-4	0.08243297318927571	321
6938	2	2.0008003201280514e-4	0.08263305322128851	322
6942	2	2.0008003201280514e-4	0.08283313325330133	323
6951	2	2.0008003201280514e-4	0.08303321328531413	324
6972	2	2.0008003201280514e-4	0.08323329331732693	325
7077	2	2.0008003201280514e-4	0.08343337334933974	326
7148	2	2.0008003201280514e-4	0.08363345338135254	327
7166	2	2.0008003201280514e-4	0.08383353341336534	328
7196	2	2.0008003201280514e-4	0.08403361344537816	329
7204	2	2.0008003201280514e-4	0.08423369347739096	330
7330	2	2.0008003201280514e-4	0.08443377350940376	331
7401	2	2.0008003201280514e-4	0.08463385354141657	332
7416	2	2.0008003201280514e-4	0.08483393357342937	333
7472	2	2.0008003201280514e-4	0.08503401360544217	334
7577	2	2.0008003201280514e-4	0.08523409363745499	335
7619	2	2.0008003201280514e-4	0.08543417366946779	336
7620	2	2.0008003201280514e-4	0.08563425370148059	337
7629	2	2.0008003201280514e-4	0.0858343337334934	338
7664	2	2.0008003201280514e-4	0.0860344137655062	339
7686	2	2.0008003201280514e-4	0.086234493797519	340
7724	2	2.0008003201280514e-4	0.08643457382953182	341
7767	2	2.0008003201280514e-4	0.08663465386154462	342
7792	2	2.0008003201280514e-4	0.08683473389355742	343
7795	2	2.0008003201280514e-4	0.08703481392557023	344
7813	2	2.0008003201280514e-4	0.08723489395758303	345
7814	2	2.0008003201280514e-4	0.087434973989595835	346
7815	2	2.0008003201280514e-4	0.08763505402160865	347
7816	2	2.0008003201280514e-4	0.08783513405362145	348
7825	2	2.0008003201280514e-4	0.08803521408563425	349
7922	2	2.0008003201280514e-4	0.08823529411764706	350
7938	2	2.0008003201280514e-4	0.08843537414965986	351
7946	2	2.0008003201280514e-4	0.08863545418167267	352
8016	2	2.0008003201280514e-4	0.08883553421368548	353
8018	2	2.0008003201280514e-4	0.08903561424569828	354
8079	2	2.0008003201280514e-4	0.08923569427771108	355
8083	2	2.0008003201280514e-4	0.0894357743097239	356
8103	2	2.0008003201280514e-4	0.0896358543417367	357
8107	2	2.0008003201280514e-4	0.08983593437374951	358
8131	2	2.0008003201280514e-4	0.09003601440576231	359
8203	2	2.0008003201280514e-4	0.09023609443777511	360
8224	2	2.0008003201280514e-4	0.09043617446978792	361
8336	2	2.0008003201280514e-4	0.09063625450180073	362
8359	2	2.0008003201280514e-4	0.09083633453381353	363
8391	2	2.0008003201280514e-4	0.09103641456582634	364
8401	2	2.0008003201280514e-4	0.09123649459783914	365
8409	2	2.0008003201280514e-4	0.09143657462985194	366
8417	2	2.0008003201280514e-4	0.09163665466186476	367
8453	2	2.0008003201280514e-4	0.09183673469387756	368
8455	2	2.0008003201280514e-4	0.09203681472589036	369
8469	2	2.0008003201280514e-4	0.09223689475790317	370
8536	2	2.0008003201280514e-4	0.09243697478991597	371
8551	2	2.0008003201280514e-4	0.09263705482192877	372
8581	2	2.0008003201280514e-4	0.09283713485394159	373
8583	2	2.0008003201280514e-4	0.09303721488595439	374
8643	2	2.0008003201280514e-4	0.09323729491796719	375
8709	2	2.0008003201280514e-4	0.09343737494998	376
8897	2	2.0008003201280514e-4	0.0936374549819928	377
8925	2	2.0008003201280514e-4	0.0938375350140056	378
8928	2	2.0008003201280514e-4	0.09403761504601842	379
8995	2	2.0008003201280514e-4	0.09423769507803122	380
9017	2	2.0008003201280514e-4	0.09443777511004402	381
9164	2	2.0008003201280514e-4	0.09463785514205683	382
9275	2	2.0008003201280514e-4	0.09483793517406963	383
9320	2	2.0008003201280514e-4	0.09503801520608243	384
9326	2	2.0008003201280514e-4	0.09523809523809525	385
9362	2	2.0008003201280514e-4	0.09543817527010805	386
9373	2	2.0008003201280514e-4	0.09563825530212085	387
9404	2	2.0008003201280514e-4	0.09583833533413366	388
1	1	1.0004001600640257e-4	0.09593837535014006	389
2	1	1.0004001600640257e-4	0.09603841536614646	390
3	1	1.0004001600640257e-4	0.09613845538215286	391
4	1	1.0004001600640257e-4	0.09623849539815926	392
5	1	1.0004001600640257e-4	0.09633853541416566	393
6	1	1.0004001600640257e-4	0.09643857543017208	394
7	1	1.0004001600640257e-4	0.09653861544617848	395
8	1	1.0004001600640257e-4	0.09663865546218488	396
9	1	1.0004001600640257e-4	0.09673869547819128	397
10	1	1.0004001600640257e-4	0.09683873549419768	398
11	1	1.0004001600640257e-4	0.09693877551020409	399
12	1	1.0004001600640257e-4	0.09703881552621049	400
13	1	1.0004001600640257e-4	0.09713885554221689	401
14	1	1.0004001600640257e-4	0.09723889555822329	402
15	1	1.0004001600640257e-4	0.09733893557422969	403
16	1	1.0004001600640257e-4	0.0974389755902361	404
17	1	1.0004001600640257e-4	0.09753901560624251	405
18	1	1.0004001600640257e-4	0.09763905562224891	406
19	1	1.0004001600640257e-4	0.09773909563825531	407
20	1	1.0004001600640257e-4	0.09783913565426171	408
22	1	1.0004001600640257e-4	0.09793917567026811	409
23	1	1.0004001600640257e-4	0.09803921568627451	410
24	1	1.0004001600640257e-4	0.09813925570228092	411
25	1	1.0004001600640257e-4	0.09823929571828732	412
26	1	1.0004001600640257e-4	0.09833933573429372	413
27	1	1.0004001600640257e-4	0.09843937575030012	414
28	1	1.0004001600640257e-4	0.09853941576630652	415
29	1	1.0004001600640257e-4	0.09863945578231292	416
30	1	1.0004001600640257e-4	0.09873949579831934	417
31	1	1.0004001600640257e-4	0.09883953581432574	418
32	1	1.0004001600640257e-4	0.09893957583033214	419
33	1	1.0004001600640257e-4	0.09903961584633854	420
34	1	1.0004001600640257e-4	0.09913965586234494	421
35	1	1.0004001600640257e-4	0.09923969587835134	422
36	1	1.0004001600640257e-4	0.09933973589435775	423
37	1	1.0004001600640257e-4	0.09943977591036415	424
38	1	1.0004001600640257e-4	0.09953981592637055	425
39	1	1.0004001600640257e-4	0.09963985594237695	426
40	1	1.0004001600640257e-4	0.09973989595838335	427
41	1	1.0004001600640257e-4	0.09983993597438975	428
42	1	1.0004001600640257e-4	0.09993997599039617	429
43	1	1.0004001600640257e-4	0.10004001600640257	430
44	1	1.0004001600640257e-4	0.10014005602240897	431
45	1	1.0004001600640257e-4	0.10024009603841537	432
46	1	1.0004001600640257e-4	0.10034013605442177	433
47	1	1.0004001600640257e-4	0.10044017607042817	434
48	1	1.0004001600640257e-4	0.10054021608643458	435
49	1	1.0004001600640257e-4	0.10064025610244098	436
50	1	1.0004001600640257e-4	0.10074029611844738	437
51	1	1.0004001600640257e-4	0.10084033613445378	438
52	1	1.0004001600640257e-4	0.10094037615046018	439
53	1	1.0004001600640257e-4	0.10104041616646658	440
54	1	1.0004001600640257e-4	0.101140456182473	441
55	1	1.0004001600640257e-4	0.1012404961984794	442
56	1	1.0004001600640257e-4	0.1013405362144858	443
57	1	1.0004001600640257e-4	0.1014405762304922	444
58	1	1.0004001600640257e-4	0.1015406162464986	445
59	1	1.0004001600640257e-4	0.101640656262505	446
60	1	1.0004001600640257e-4	0.10174069627851141	447
61	1	1.0004001600640257e-4	0.10184073629451781	448
62	1	1.0004001600640257e-4	0.10194077631052421	449
63	1	1.0004001600640257e-4	0.10204081632653061	450
64	1	1.0004001600640257e-4	0.10214085634253701	451
65	1	1.0004001600640257e-4	0.10224089635854341	452
66	1	1.0004001600640257e-4	0.10234093637454983	453
67	1	1.0004001600640257e-4	0.10244097639055623	454
68	1	1.0004001600640257e-4	0.10254101640656263	455
69	1	1.0004001600640257e-4	0.10264105642256903	456
70	1	1.0004001600640257e-4	0.10274109643857543	457
71	1	1.0004001600640257e-4	0.10284113645458183	458
72	1	1.0004001600640257e-4	0.10294117647058824	459
73	1	1.0004001600640257e-4	0.10304121648659464	460
74	1	1.0004001600640257e-4	0.10314125650260104	461
75	1	1.0004001600640257e-4	0.10324129651860744	462
76	1	1.0004001600640257e-4	0.10334133653461385	463
77	1	1.0004001600640257e-4	0.10344137655062025	464
78	1	1.0004001600640257e-4	0.10354141656662666	465
79	1	1.0004001600640257e-4	0.10364145658263306	466
80	1	1.0004001600640257e-4	0.10374149659863946	467
81	1	1.0004001600640257e-4	0.10384153661464586	468
82	1	1.0004001600640257e-4	0.10394157663065226	469
83	1	1.0004001600640257e-4	0.10404161664665866	470
84	1	1.0004001600640257e-4	0.10414165666266507	471
85	1	1.0004001600640257e-4	0.10424169667867147	472
86	1	1.0004001600640257e-4	0.10434173669467788	473
87	1	1.0004001600640257e-4	0.10444177671068428	474
88	1	1.0004001600640257e-4	0.10454181672669068	475
89	1	1.0004001600640257e-4	0.10464185674269709	476
90	1	1.0004001600640257e-4	0.10474189675870349	477
91	1	1.0004001600640257e-4	0.10484193677470989	478
92	1	1.0004001600640257e-4	0.10494197679071629	479
93	1	1.0004001600640257e-4	0.10504201680672269	480
94	1	1.0004001600640257e-4	0.10514205682272909	481
95	1	1.0004001600640257e-4	0.1052420968387355	482
96	1	1.0004001600640257e-4	0.1053421368547419	483
97	1	1.0004001600640257e-4	0.1054421768707483	484
98	1	1.0004001600640257e-4	0.1055422168867547	485
99	1	1.0004001600640257e-4	0.1056422569027611	486
100	1	1.0004001600640257e-4	0.1057422969187675	487
101	1	1.0004001600640257e-4	0.10584233693477392	488
102	1	1.0004001600640257e-4	0.10594237695078032	489
103	1	1.0004001600640257e-4	0.10604241696678672	490
104	1	1.0004001600640257e-4	0.10614245698279312	491
105	1	1.0004001600640257e-4	0.10624249699879952	492
106	1	1.0004001600640257e-4	0.10634253701480592	493
107	1	1.0004001600640257e-4	0.10644257703081234	494
108	1	1.0004001600640257e-4	0.10654261704681874	495
109	1	1.0004001600640257e-4	0.10664265706282514	496
110	1	1.0004001600640257e-4	0.10674269707883154	497
111	1	1.0004001600640257e-4	0.10684273709483794	498
112	1	1.0004001600640257e-4	0.10694277711084434	499
113	1	1.0004001600640257e-4	0.10704281712685075	500
114	1	1.0004001600640257e-4	0.10714285714285715	501
115	1	1.0004001600640257e-4	0.10724289715886355	502
116	1	1.0004001600640257e-4	0.10734293717486995	503
117	1	1.0004001600640257e-4	0.10744297719087635	504
118	1	1.0004001600640257e-4	0.10754301720688275	505
119	1	1.0004001600640257e-4	0.10764305722288917	506
120	1	1.0004001600640257e-4	0.10774309723889557	507
121	1	1.0004001600640257e-4	0.10784313725490197	508
123	1	1.0004001600640257e-4	0.10794317727090837	509
124	1	1.0004001600640257e-4	0.10804321728691477	510
125	1	1.0004001600640257e-4	0.10814325730292117	511
126	1	1.0004001600640257e-4	0.10824329731892758	512
127	1	1.0004001600640257e-4	0.10834333733493398	513
128	1	1.0004001600640257e-4	0.10844337735094038	514
129	1	1.0004001600640257e-4	0.10854341736694678	515
130	1	1.0004001600640257e-4	0.10864345738295318	516
131	1	1.0004001600640257e-4	0.10874349739895958	517
132	1	1.0004001600640257e-4	0.108843537414966	518
133	1	1.0004001600640257e-4	0.1089435774309724	519
134	1	1.0004001600640257e-4	0.1090436174469788	520
136	1	1.0004001600640257e-4	0.1091436574629852	521
137	1	1.0004001600640257e-4	0.1092436974789916	522
138	1	1.0004001600640257e-4	0.109343737494998	523
139	1	1.0004001600640257e-4	0.10944377751100441	524
140	1	1.0004001600640257e-4	0.10954381752701081	525
141	1	1.0004001600640257e-4	0.10964385754301721	526
142	1	1.0004001600640257e-4	0.10974389755902361	527
143	1	1.0004001600640257e-4	0.10984393757503001	528
144	1	1.0004001600640257e-4	0.10994397759103641	529
145	1	1.0004001600640257e-4	0.11004401760704283	530
146	1	1.0004001600640257e-4	0.11014405762304923	531
147	1	1.0004001600640257e-4	0.11024409763905563	532
148	1	1.0004001600640257e-4	0.11034413765506203	533
149	1	1.0004001600640257e-4	0.11044417767106843	534
150	1	1.0004001600640257e-4	0.11054421768707483	535
151	1	1.0004001600640257e-4	0.11064425770308124	536
152	1	1.0004001600640257e-4	0.11074429771908764	537
153	1	1.0004001600640257e-4	0.11084433773509404	538
154	1	1.0004001600640257e-4	0.11094437775110044	539
155	1	1.0004001600640257e-4	0.11104441776710684	540
156	1	1.0004001600640257e-4	0.11114445778311324	541
157	1	1.0004001600640257e-4	0.11124449779911966	542
158	1	1.0004001600640257e-4	0.11134453781512606	543
159	1	1.0004001600640257e-4	0.11144457783113246	544
160	1	1.0004001600640257e-4	0.11154461784713886	545
161	1	1.0004001600640257e-4	0.11164465786314526	546
162	1	1.0004001600640257e-4	0.11174469787915167	547
165	1	1.0004001600640257e-4	0.11184473789515807	548
166	1	1.0004001600640257e-4	0.11194477791116447	549
167	1	1.0004001600640257e-4	0.11204481792717087	550
168	1	1.0004001600640257e-4	0.11214485794317727	551
169	1	1.0004001600640257e-4	0.11224489795918367	552
170	1	1.0004001600640257e-4	0.11234493797519009	553
171	1	1.0004001600640257e-4	0.11244497799119649	554
172	1	1.0004001600640257e-4	0.11254501800720289	555
173	1	1.0004001600640257e-4	0.11264505802320929	556
174	1	1.0004001600640257e-4	0.11274509803921569	557
175	1	1.0004001600640257e-4	0.11284513805522209	558
176	1	1.0004001600640257e-4	0.1129451780712285	559
177	1	1.0004001600640257e-4	0.1130452180872349	560
178	1	1.0004001600640257e-4	0.1131452581032413	561
179	1	1.0004001600640257e-4	0.1132452981192477	562
180	1	1.0004001600640257e-4	0.1133453381352541	563
181	1	1.0004001600640257e-4	0.1134453781512605	564
182	1	1.0004001600640257e-4	0.11354541816726692	565
183	1	1.0004001600640257e-4	0.11364545818327332	566
184	1	1.0004001600640257e-4	0.11374549819927972	567
185	1	1.0004001600640257e-4	0.11384553821528612	568
186	1	1.0004001600640257e-4	0.11394557823129252	569
187	1	1.0004001600640257e-4	0.11404561824729892	570
188	1	1.0004001600640257e-4	0.11414565826330533	571
189	1	1.0004001600640257e-4	0.11424569827931173	572
190	1	1.0004001600640257e-4	0.11434573829531813	573
191	1	1.0004001600640257e-4	0.11444577831132453	574
192	1	1.0004001600640257e-4	0.11454581832733093	575
193	1	1.0004001600640257e-4	0.11464585834333733	576
194	1	1.0004001600640257e-4	0.11474589835934375	577
195	1	1.0004001600640257e-4	0.11484593837535015	578
196	1	1.0004001600640257e-4	0.11494597839135655	579
197	1	1.0004001600640257e-4	0.11504601840736295	580
198	1	1.0004001600640257e-4	0.11514605842336935	581
199	1	1.0004001600640257e-4	0.11524609843937575	582
200	1	1.0004001600640257e-4	0.11534613845538216	583
201	1	1.0004001600640257e-4	0.11544617847138856	584
202	1	1.0004001600640257e-4	0.11554621848739496	585
203	1	1.0004001600640257e-4	0.11564625850340136	586
204	1	1.0004001600640257e-4	0.11574629851940776	587
205	1	1.0004001600640257e-4	0.11584633853541416	588
207	1	1.0004001600640257e-4	0.11594637855142058	589
209	1	1.0004001600640257e-4	0.11604641856742698	590
212	1	1.0004001600640257e-4	0.11614645858343338	591
213	1	1.0004001600640257e-4	0.11624649859943978	592
214	1	1.0004001600640257e-4	0.11634653861544618	593
215	1	1.0004001600640257e-4	0.11644657863145258	594
216	1	1.0004001600640257e-4	0.116546618647459	595
217	1	1.0004001600640257e-4	0.1166466586634654	596
218	1	1.0004001600640257e-4	0.1167466986794718	597
219	1	1.0004001600640257e-4	0.1168467386954782	598
220	1	1.0004001600640257e-4	0.1169467787114846	599
221	1	1.0004001600640257e-4	0.117046818727491	600
222	1	1.0004001600640257e-4	0.11714685874349741	601
223	1	1.0004001600640257e-4	0.11724689875950381	602
224	1	1.0004001600640257e-4	0.11734693877551021	603
225	1	1.0004001600640257e-4	0.11744697879151661	604
226	1	1.0004001600640257e-4	0.11754701880752301	605
227	1	1.0004001600640257e-4	0.11764705882352941	606
228	1	1.0004001600640257e-4	0.11774709883953582	607
229	1	1.0004001600640257e-4	0.11784713885554222	608
230	1	1.0004001600640257e-4	0.11794717887154862	609
231	1	1.0004001600640257e-4	0.11804721888755502	610
232	1	1.0004001600640257e-4	0.11814725890356143	611
233	1	1.0004001600640257e-4	0.11824729891956783	612
234	1	1.0004001600640257e-4	0.11834733893557424	613
235	1	1.0004001600640257e-4	0.11844737895158064	614
236	1	1.0004001600640257e-4	0.11854741896758704	615
237	1	1.0004001600640257e-4	0.11864745898359344	616
238	1	1.0004001600640257e-4	0.11874749899959984	617
239	1	1.0004001600640257e-4	0.11884753901560624	618
240	1	1.0004001600640257e-4	0.11894757903161265	619
241	1	1.0004001600640257e-4	0.11904761904761905	620
242	1	1.0004001600640257e-4	0.11914765906362546	621
243	1	1.0004001600640257e-4	0.11924769907963186	622
244	1	1.0004001600640257e-4	0.11934773909563826	623
245	1	1.0004001600640257e-4	0.11944777911164467	624
246	1	1.0004001600640257e-4	0.11954781912765107	625
247	1	1.0004001600640257e-4	0.11964785914365747	626
248	1	1.0004001600640257e-4	0.11974789915966387	627
249	1	1.0004001600640257e-4	0.11984793917567027	628
250	1	1.0004001600640257e-4	0.11994797919167667	629
251	1	1.0004001600640257e-4	0.12004801920768308	630
252	1	1.0004001600640257e-4	0.12014805922368949	631
253	1	1.0004001600640257e-4	0.12024809923969589	632
254	1	1.0004001600640257e-4	0.12034813925570229	633
255	1	1.0004001600640257e-4	0.12044817927170869	634
257	1	1.0004001600640257e-4	0.12054821928771509	635
258	1	1.0004001600640257e-4	0.1206482593037215	636
259	1	1.0004001600640257e-4	0.1207482993197279	637
260	1	1.0004001600640257e-4	0.1208483393357343	638
261	1	1.0004001600640257e-4	0.1209483793517407	639
262	1	1.0004001600640257e-4	0.1210484193677471	640
264	1	1.0004001600640257e-4	0.1211484593837535	641
265	1	1.0004001600640257e-4	0.12124849939975992	642
266	1	1.0004001600640257e-4	0.12134853941576632	643
267	1	1.0004001600640257e-4	0.12144857943177272	644
268	1	1.0004001600640257e-4	0.12154861944777912	645
269	1	1.0004001600640257e-4	0.12164865946378552	646
270	1	1.0004001600640257e-4	0.12174869947979192	647
271	1	1.0004001600640257e-4	0.12184873949579833	648
272	1	1.0004001600640257e-4	0.12194877951180473	649
273	1	1.0004001600640257e-4	0.12204881952781113	650
274	1	1.0004001600640257e-4	0.12214885954381753	651
275	1	1.0004001600640257e-4	0.12224889955982393	652
276	1	1.0004001600640257e-4	0.12234893957583033	653
277	1	1.0004001600640257e-4	0.12244897959183675	654
278	1	1.0004001600640257e-4	0.12254901960784315	655
279	1	1.0004001600640257e-4	0.12264905962384955	656
280	1	1.0004001600640257e-4	0.12274909963985595	657
281	1	1.0004001600640257e-4	0.12284913965586235	658
282	1	1.0004001600640257e-4	0.12294917967186875	659
283	1	1.0004001600640257e-4	0.12304921968787516	660
284	1	1.0004001600640257e-4	0.12314925970388156	661
285	1	1.0004001600640257e-4	0.12324929971988796	662
286	1	1.0004001600640257e-4	0.12334933973589436	663
287	1	1.0004001600640257e-4	0.12344937975190076	664
288	1	1.0004001600640257e-4	0.12354941976790716	665
289	1	1.0004001600640257e-4	0.12364945978391358	666
290	1	1.0004001600640257e-4	0.12374949979991998	667
291	1	1.0004001600640257e-4	0.12384953981592638	668
292	1	1.0004001600640257e-4	0.12394957983193278	669
293	1	1.0004001600640257e-4	0.12404961984793918	670
294	1	1.0004001600640257e-4	0.12414965986394558	671
295	1	1.0004001600640257e-4	0.12424969987995199	672
296	1	1.0004001600640257e-4	0.12434973989595839	673
297	1	1.0004001600640257e-4	0.12444977991196479	674
298	1	1.0004001600640257e-4	0.12454981992797119	675
299	1	1.0004001600640257e-4	0.12464985994397759	676
300	1	1.0004001600640257e-4	0.12474989995998399	677
301	1	1.0004001600640257e-4	0.1248499399759904	678
302	1	1.0004001600640257e-4	0.1249499799919968	679
303	1	1.0004001600640257e-4	0.1250500200080032	680
304	1	1.0004001600640257e-4	0.1251500600240096	681
305	1	1.0004001600640257e-4	0.12525010004001602	682
306	1	1.0004001600640257e-4	0.1253501400560224	683
307	1	1.0004001600640257e-4	0.12545018007202882	684
308	1	1.0004001600640257e-4	0.1255502200880352	685
309	1	1.0004001600640257e-4	0.12565026010404162	686
310	1	1.0004001600640257e-4	0.12575030012004804	687
311	1	1.0004001600640257e-4	0.12585034013605442	688
312	1	1.0004001600640257e-4	0.12595038015206084	689
313	1	1.0004001600640257e-4	0.12605042016806722	690
314	1	1.0004001600640257e-4	0.12615046018407364	691
315	1	1.0004001600640257e-4	0.12625050020008005	692
316	1	1.0004001600640257e-4	0.12635054021608644	693
317	1	1.0004001600640257e-4	0.12645058023209285	694
318	1	1.0004001600640257e-4	0.12655062024809924	695
319	1	1.0004001600640257e-4	0.12665066026410565	696
320	1	1.0004001600640257e-4	0.12675070028011204	697
321	1	1.0004001600640257e-4	0.12685074029611845	698
322	1	1.0004001600640257e-4	0.12695078031212487	699
323	1	1.0004001600640257e-4	0.12705082032813125	700
324	1	1.0004001600640257e-4	0.12715086034413767	701
325	1	1.0004001600640257e-4	0.12725090036014405	702
326	1	1.0004001600640257e-4	0.12735094037615047	703
327	1	1.0004001600640257e-4	0.12745098039215688	704
328	1	1.0004001600640257e-4	0.12755102040816327	705
329	1	1.0004001600640257e-4	0.12765106042416968	706
330	1	1.0004001600640257e-4	0.12775110044017607	707
331	1	1.0004001600640257e-4	0.12785114045618248	708
332	1	1.0004001600640257e-4	0.12795118047218887	709
333	1	1.0004001600640257e-4	0.12805122048819528	710
334	1	1.0004001600640257e-4	0.1281512605042017	711
335	1	1.0004001600640257e-4	0.12825130052020808	712
336	1	1.0004001600640257e-4	0.1283513405362145	713
337	1	1.0004001600640257e-4	0.12845138055222088	714
338	1	1.0004001600640257e-4	0.1285514205682273	715
339	1	1.0004001600640257e-4	0.1286514605842337	716
340	1	1.0004001600640257e-4	0.1287515006002401	717
341	1	1.0004001600640257e-4	0.1288515406162465	718
342	1	1.0004001600640257e-4	0.1289515806322529	719
343	1	1.0004001600640257e-4	0.1290516206482593	720
344	1	1.0004001600640257e-4	0.1291516606642657	721
345	1	1.0004001600640257e-4	0.1292517006802721	722
346	1	1.0004001600640257e-4	0.12935174069627853	723
347	1	1.0004001600640257e-4	0.12945178071228491	724
348	1	1.0004001600640257e-4	0.12955182072829133	725
349	1	1.0004001600640257e-4	0.12965186074429771	726
350	1	1.0004001600640257e-4	0.12975190076030413	727
351	1	1.0004001600640257e-4	0.12985194077631054	728
352	1	1.0004001600640257e-4	0.12995198079231693	729
353	1	1.0004001600640257e-4	0.13005202080832334	730
354	1	1.0004001600640257e-4	0.13015206082432973	731
355	1	1.0004001600640257e-4	0.13025210084033614	732
356	1	1.0004001600640257e-4	0.13035214085634253	733
357	1	1.0004001600640257e-4	0.13045218087234894	734
358	1	1.0004001600640257e-4	0.13055222088835536	735
359	1	1.0004001600640257e-4	0.13065226090436174	736
360	1	1.0004001600640257e-4	0.13075230092036816	737
361	1	1.0004001600640257e-4	0.13085234093637454	738
362	1	1.0004001600640257e-4	0.13095238095238096	739
363	1	1.0004001600640257e-4	0.13105242096838737	740
364	1	1.0004001600640257e-4	0.13115246098439376	741
365	1	1.0004001600640257e-4	0.13125250100040017	742
366	1	1.0004001600640257e-4	0.13135254101640656	743
367	1	1.0004001600640257e-4	0.13145258103241297	744
368	1	1.0004001600640257e-4	0.13155262104841936	745
369	1	1.0004001600640257e-4	0.13165266106442577	746
370	1	1.0004001600640257e-4	0.1317527010804322	747
371	1	1.0004001600640257e-4	0.13185274109643857	748
372	1	1.0004001600640257e-4	0.131952781112445	749
373	1	1.0004001600640257e-4	0.13205282112845138	750
374	1	1.0004001600640257e-4	0.1321528611444578	751
375	1	1.0004001600640257e-4	0.1322529011604642	752
376	1	1.0004001600640257e-4	0.1323529411764706	753
377	1	1.0004001600640257e-4	0.132452981192477	754
378	1	1.0004001600640257e-4	0.1325530212084834	755
379	1	1.0004001600640257e-4	0.1326530612244898	756
380	1	1.0004001600640257e-4	0.1327531012404962	757
381	1	1.0004001600640257e-4	0.1328531412565026	758
382	1	1.0004001600640257e-4	0.13295318127250902	759
383	1	1.0004001600640257e-4	0.1330532212885154	760
384	1	1.0004001600640257e-4	0.13315326130452182	761
385	1	1.0004001600640257e-4	0.1332533013205282	762
386	1	1.0004001600640257e-4	0.13335334133653462	763
387	1	1.0004001600640257e-4	0.13345338135254103	764
388	1	1.0004001600640257e-4	0.13355342136854742	765
389	1	1.0004001600640257e-4	0.13365346138455383	766
390	1	1.0004001600640257e-4	0.13375350140056022	767
391	1	1.0004001600640257e-4	0.13385354141656663	768
392	1	1.0004001600640257e-4	0.13395358143257305	769
393	1	1.0004001600640257e-4	0.13405362144857944	770
394	1	1.0004001600640257e-4	0.13415366146458585	771
395	1	1.0004001600640257e-4	0.13425370148059224	772
396	1	1.0004001600640257e-4	0.13435374149659865	773
397	1	1.0004001600640257e-4	0.13445378151260504	774
398	1	1.0004001600640257e-4	0.13455382152861145	775
399	1	1.0004001600640257e-4	0.13465386154461786	776
400	1	1.0004001600640257e-4	0.13475390156062425	777
401	1	1.0004001600640257e-4	0.13485394157663066	778
402	1	1.0004001600640257e-4	0.13495398159263705	779
403	1	1.0004001600640257e-4	0.13505402160864347	780
404	1	1.0004001600640257e-4	0.13515406162464988	781
405	1	1.0004001600640257e-4	0.13525410164065627	782
406	1	1.0004001600640257e-4	0.13535414165666268	783
407	1	1.0004001600640257e-4	0.13545418167266907	784
408	1	1.0004001600640257e-4	0.13555422168867548	785
409	1	1.0004001600640257e-4	0.13565426170468187	786
410	1	1.0004001600640257e-4	0.13575430172068828	787
411	1	1.0004001600640257e-4	0.1358543417366947	788
412	1	1.0004001600640257e-4	0.13595438175270108	789
413	1	1.0004001600640257e-4	0.1360544217687075	790
414	1	1.0004001600640257e-4	0.13615446178471388	791
415	1	1.0004001600640257e-4	0.1362545018007203	792
416	1	1.0004001600640257e-4	0.1363545418167267	793
417	1	1.0004001600640257e-4	0.1364545818327331	794
418	1	1.0004001600640257e-4	0.1365546218487395	795
419	1	1.0004001600640257e-4	0.1366546618647459	796
420	1	1.0004001600640257e-4	0.1367547018807523	797
421	1	1.0004001600640257e-4	0.1368547418967587	798
422	1	1.0004001600640257e-4	0.1369547819127651	799
423	1	1.0004001600640257e-4	0.13705482192877153	800
424	1	1.0004001600640257e-4	0.1371548619447779	801
426	1	1.0004001600640257e-4	0.13725490196078433	802
427	1	1.0004001600640257e-4	0.1373549419767907	803
428	1	1.0004001600640257e-4	0.13745498199279713	804
429	1	1.0004001600640257e-4	0.13755502200880354	805
430	1	1.0004001600640257e-4	0.13765506202480993	806
432	1	1.0004001600640257e-4	0.13775510204081634	807
433	1	1.0004001600640257e-4	0.13785514205682273	808
434	1	1.0004001600640257e-4	0.13795518207282914	809
435	1	1.0004001600640257e-4	0.13805522208883553	810
436	1	1.0004001600640257e-4	0.13815526210484194	811
437	1	1.0004001600640257e-4	0.13825530212084836	812
438	1	1.0004001600640257e-4	0.13835534213685474	813
440	1	1.0004001600640257e-4	0.13845538215286116	814
441	1	1.0004001600640257e-4	0.13855542216886754	815
442	1	1.0004001600640257e-4	0.13865546218487396	816
443	1	1.0004001600640257e-4	0.13875550220088037	817
444	1	1.0004001600640257e-4	0.13885554221688676	818
445	1	1.0004001600640257e-4	0.13895558223289317	819
446	1	1.0004001600640257e-4	0.13905562224889956	820
447	1	1.0004001600640257e-4	0.13915566226490597	821
448	1	1.0004001600640257e-4	0.13925570228091236	822
449	1	1.0004001600640257e-4	0.13935574229691877	823
450	1	1.0004001600640257e-4	0.13945578231292519	824
451	1	1.0004001600640257e-4	0.13955582232893157	825
452	1	1.0004001600640257e-4	0.139655862344938	826
453	1	1.0004001600640257e-4	0.13975590236094437	827
454	1	1.0004001600640257e-4	0.1398559423769508	828
455	1	1.0004001600640257e-4	0.1399559823929572	829
456	1	1.0004001600640257e-4	0.1400560224089636	830
457	1	1.0004001600640257e-4	0.14015606242497	831
458	1	1.0004001600640257e-4	0.1402561024409764	832
459	1	1.0004001600640257e-4	0.1403561424569828	833
460	1	1.0004001600640257e-4	0.1404561824729892	834
461	1	1.0004001600640257e-4	0.1405562224889956	835
462	1	1.0004001600640257e-4	0.14065626250500202	836
463	1	1.0004001600640257e-4	0.1407563025210084	837
464	1	1.0004001600640257e-4	0.14085634253701482	838
465	1	1.0004001600640257e-4	0.1409563825530212	839
466	1	1.0004001600640257e-4	0.14105642256902762	840
467	1	1.0004001600640257e-4	0.14115646258503403	841
468	1	1.0004001600640257e-4	0.14125650260104042	842
469	1	1.0004001600640257e-4	0.14135654261704683	843
470	1	1.0004001600640257e-4	0.14145658263305322	844
471	1	1.0004001600640257e-4	0.14155662264905963	845
472	1	1.0004001600640257e-4	0.14165666266506605	846
474	1	1.0004001600640257e-4	0.14175670268107243	847
476	1	1.0004001600640257e-4	0.14185674269707885	848
477	1	1.0004001600640257e-4	0.14195678271308523	849
478	1	1.0004001600640257e-4	0.14205682272909165	850
479	1	1.0004001600640257e-4	0.14215686274509803	851
480	1	1.0004001600640257e-4	0.14225690276110445	852
481	1	1.0004001600640257e-4	0.14235694277711086	853
482	1	1.0004001600640257e-4	0.14245698279311725	854
483	1	1.0004001600640257e-4	0.14255702280912366	855
484	1	1.0004001600640257e-4	0.14265706282513005	856
485	1	1.0004001600640257e-4	0.14275710284113646	857
486	1	1.0004001600640257e-4	0.14285714285714288	858
487	1	1.0004001600640257e-4	0.14295718287314926	859
488	1	1.0004001600640257e-4	0.14305722288915568	860
489	1	1.0004001600640257e-4	0.14315726290516206	861
490	1	1.0004001600640257e-4	0.14325730292116848	862
491	1	1.0004001600640257e-4	0.14335734293717486	863
492	1	1.0004001600640257e-4	0.14345738295318128	864
493	1	1.0004001600640257e-4	0.1435574229691877	865
494	1	1.0004001600640257e-4	0.14365746298519408	866
495	1	1.0004001600640257e-4	0.1437575030012005	867
496	1	1.0004001600640257e-4	0.14385754301720688	868
497	1	1.0004001600640257e-4	0.1439575830332133	869
498	1	1.0004001600640257e-4	0.1440576230492197	870
499	1	1.0004001600640257e-4	0.1441576630652261	871
500	1	1.0004001600640257e-4	0.1442577030812325	872
501	1	1.0004001600640257e-4	0.1443577430972389	873
502	1	1.0004001600640257e-4	0.1444577831132453	874
503	1	1.0004001600640257e-4	0.1445578231292517	875
504	1	1.0004001600640257e-4	0.1446578631452581	876
505	1	1.0004001600640257e-4	0.14475790316126452	877
506	1	1.0004001600640257e-4	0.1448579431772709	878
507	1	1.0004001600640257e-4	0.14495798319327732	879
508	1	1.0004001600640257e-4	0.1450580232092837	880
509	1	1.0004001600640257e-4	0.14515806322529012	881
510	1	1.0004001600640257e-4	0.14525810324129654	882
511	1	1.0004001600640257e-4	0.14535814325730292	883
512	1	1.0004001600640257e-4	0.14545818327330934	884
513	1	1.0004001600640257e-4	0.14555822328931572	885
515	1	1.0004001600640257e-4	0.14565826330532214	886
516	1	1.0004001600640257e-4	0.14575830332132853	887
517	1	1.0004001600640257e-4	0.14585834333733494	888
518	1	1.0004001600640257e-4	0.14595838335334135	889
519	1	1.0004001600640257e-4	0.14605842336934774	890
520	1	1.0004001600640257e-4	0.14615846338535415	891
521	1	1.0004001600640257e-4	0.14625850340136054	892
522	1	1.0004001600640257e-4	0.14635854341736695	893
523	1	1.0004001600640257e-4	0.14645858343337337	894
524	1	1.0004001600640257e-4	0.14655862344937975	895
525	1	1.0004001600640257e-4	0.14665866346538617	896
526	1	1.0004001600640257e-4	0.14675870348139256	897
527	1	1.0004001600640257e-4	0.14685874349739897	898
528	1	1.0004001600640257e-4	0.14695878351340536	899
529	1	1.0004001600640257e-4	0.14705882352941177	900
530	1	1.0004001600640257e-4	0.14715886354541818	901
531	1	1.0004001600640257e-4	0.14725890356142457	902
532	1	1.0004001600640257e-4	0.14735894357743098	903
533	1	1.0004001600640257e-4	0.14745898359343737	904
534	1	1.0004001600640257e-4	0.14755902360944378	905
535	1	1.0004001600640257e-4	0.1476590636254502	906
536	1	1.0004001600640257e-4	0.14775910364145659	907
537	1	1.0004001600640257e-4	0.147859143657463	908
538	1	1.0004001600640257e-4	0.14795918367346939	909
539	1	1.0004001600640257e-4	0.1480592236894758	910
540	1	1.0004001600640257e-4	0.1481592637054822	911
541	1	1.0004001600640257e-4	0.1482593037214886	912
542	1	1.0004001600640257e-4	0.14835934373749501	913
543	1	1.0004001600640257e-4	0.1484593837535014	914
544	1	1.0004001600640257e-4	0.14855942376950781	915
545	1	1.0004001600640257e-4	0.1486594637855142	916
546	1	1.0004001600640257e-4	0.14875950380152062	917
547	1	1.0004001600640257e-4	0.14885954381752703	918
548	1	1.0004001600640257e-4	0.14895958383353342	919
549	1	1.0004001600640257e-4	0.14905962384953983	920
550	1	1.0004001600640257e-4	0.14915966386554622	921
552	1	1.0004001600640257e-4	0.14925970388155263	922
553	1	1.0004001600640257e-4	0.14935974389755904	923
554	1	1.0004001600640257e-4	0.14945978391356543	924
555	1	1.0004001600640257e-4	0.14955982392957184	925
556	1	1.0004001600640257e-4	0.14965986394557823	926
557	1	1.0004001600640257e-4	0.14975990396158465	927
558	1	1.0004001600640257e-4	0.14985994397759103	928
559	1	1.0004001600640257e-4	0.14995998399359745	929
561	1	1.0004001600640257e-4	0.15006002400960386	930
562	1	1.0004001600640257e-4	0.15016006402561025	931
563	1	1.0004001600640257e-4	0.15026010404161666	932
564	1	1.0004001600640257e-4	0.15036014405762305	933
566	1	1.0004001600640257e-4	0.15046018407362946	934
567	1	1.0004001600640257e-4	0.15056022408963587	935
568	1	1.0004001600640257e-4	0.15066026410564226	936
570	1	1.0004001600640257e-4	0.15076030412164868	937
571	1	1.0004001600640257e-4	0.15086034413765506	938
572	1	1.0004001600640257e-4	0.15096038415366148	939
573	1	1.0004001600640257e-4	0.15106042416966786	940
574	1	1.0004001600640257e-4	0.15116046418567428	941
575	1	1.0004001600640257e-4	0.1512605042016807	942
576	1	1.0004001600640257e-4	0.15136054421768708	943
577	1	1.0004001600640257e-4	0.1514605842336935	944
578	1	1.0004001600640257e-4	0.15156062424969988	945
579	1	1.0004001600640257e-4	0.1516606642657063	946
580	1	1.0004001600640257e-4	0.1517607042817127	947
581	1	1.0004001600640257e-4	0.1518607442977191	948
582	1	1.0004001600640257e-4	0.1519607843137255	949
583	1	1.0004001600640257e-4	0.1520608243297319	950
584	1	1.0004001600640257e-4	0.1521608643457383	951
585	1	1.0004001600640257e-4	0.1522609043617447	952
586	1	1.0004001600640257e-4	0.1523609443777511	953
587	1	1.0004001600640257e-4	0.15246098439375752	954
588	1	1.0004001600640257e-4	0.1525610244097639	955
591	1	1.0004001600640257e-4	0.15266106442577032	956
592	1	1.0004001600640257e-4	0.1527611044417767	957
593	1	1.0004001600640257e-4	0.15286114445778312	958
594	1	1.0004001600640257e-4	0.15296118447378954	959
595	1	1.0004001600640257e-4	0.15306122448979592	960
597	1	1.0004001600640257e-4	0.15316126450580234	961
598	1	1.0004001600640257e-4	0.15326130452180872	962
599	1	1.0004001600640257e-4	0.15336134453781514	963
600	1	1.0004001600640257e-4	0.15346138455382152	964
602	1	1.0004001600640257e-4	0.15356142456982794	965
603	1	1.0004001600640257e-4	0.15366146458583435	966
604	1	1.0004001600640257e-4	0.15376150460184074	967
605	1	1.0004001600640257e-4	0.15386154461784715	968
606	1	1.0004001600640257e-4	0.15396158463385354	969
607	1	1.0004001600640257e-4	0.15406162464985995	970
608	1	1.0004001600640257e-4	0.15416166466586637	971
609	1	1.0004001600640257e-4	0.15426170468187275	972
610	1	1.0004001600640257e-4	0.15436174469787917	973
611	1	1.0004001600640257e-4	0.15446178471388555	974
612	1	1.0004001600640257e-4	0.15456182472989197	975
613	1	1.0004001600640257e-4	0.15466186474589835	976
614	1	1.0004001600640257e-4	0.15476190476190477	977
615	1	1.0004001600640257e-4	0.15486194477791118	978
616	1	1.0004001600640257e-4	0.15496198479391757	979
617	1	1.0004001600640257e-4	0.15506202480992398	980
618	1	1.0004001600640257e-4	0.15516206482593037	981
619	1	1.0004001600640257e-4	0.15526210484193678	982
621	1	1.0004001600640257e-4	0.1553621448579432	983
622	1	1.0004001600640257e-4	0.15546218487394958	984
623	1	1.0004001600640257e-4	0.155562224889956	985
624	1	1.0004001600640257e-4	0.15566226490596238	986
626	1	1.0004001600640257e-4	0.1557623049219688	987
627	1	1.0004001600640257e-4	0.1558623449379752	988
628	1	1.0004001600640257e-4	0.1559623849539816	989
629	1	1.0004001600640257e-4	0.156062424969988	990
630	1	1.0004001600640257e-4	0.1561624649859944	991
632	1	1.0004001600640257e-4	0.1562625050020008	992
633	1	1.0004001600640257e-4	0.1563625450180072	993
634	1	1.0004001600640257e-4	0.1564625850340136	994
635	1	1.0004001600640257e-4	0.15656262505002003	995
636	1	1.0004001600640257e-4	0.1566626650660264	996
637	1	1.0004001600640257e-4	0.15676270508203283	997
638	1	1.0004001600640257e-4	0.1568627450980392	998
639	1	1.0004001600640257e-4	0.15696278511404563	999
640	1	1.0004001600640257e-4	0.15706282513005204	1000
641	1	1.0004001600640257e-4	0.15716286514605843	1001
642	1	1.0004001600640257e-4	0.15726290516206484	1002
643	1	1.0004001600640257e-4	0.15736294517807123	1003
644	1	1.0004001600640257e-4	0.15746298519407764	1004
645	1	1.0004001600640257e-4	0.15756302521008403	1005
646	1	1.0004001600640257e-4	0.15766306522609044	1006
647	1	1.0004001600640257e-4	0.15776310524209686	1007
648	1	1.0004001600640257e-4	0.15786314525810324	1008
649	1	1.0004001600640257e-4	0.15796318527410966	1009
650	1	1.0004001600640257e-4	0.15806322529011604	1010
651	1	1.0004001600640257e-4	0.15816326530612246	1011
652	1	1.0004001600640257e-4	0.15826330532212887	1012
653	1	1.0004001600640257e-4	0.15836334533813526	1013
654	1	1.0004001600640257e-4	0.15846338535414167	1014
656	1	1.0004001600640257e-4	0.15856342537014806	1015
657	1	1.0004001600640257e-4	0.15866346538615447	1016
658	1	1.0004001600640257e-4	0.15876350540216086	1017
659	1	1.0004001600640257e-4	0.15886354541816727	1018
660	1	1.0004001600640257e-4	0.1589635854341737	1019
661	1	1.0004001600640257e-4	0.15906362545018007	1020
662	1	1.0004001600640257e-4	0.1591636654661865	1021
663	1	1.0004001600640257e-4	0.15926370548219287	1022
664	1	1.0004001600640257e-4	0.1593637454981993	1023
665	1	1.0004001600640257e-4	0.1594637855142057	1024
666	1	1.0004001600640257e-4	0.1595638255302121	1025
667	1	1.0004001600640257e-4	0.1596638655462185	1026
668	1	1.0004001600640257e-4	0.1597639055622249	1027
669	1	1.0004001600640257e-4	0.1598639455782313	1028
670	1	1.0004001600640257e-4	0.1599639855942377	1029
671	1	1.0004001600640257e-4	0.1600640256102441	1030
672	1	1.0004001600640257e-4	0.16016406562625052	1031
673	1	1.0004001600640257e-4	0.1602641056422569	1032
674	1	1.0004001600640257e-4	0.16036414565826332	1033
675	1	1.0004001600640257e-4	0.1604641856742697	1034
676	1	1.0004001600640257e-4	0.16056422569027612	1035
677	1	1.0004001600640257e-4	0.16066426570628253	1036
678	1	1.0004001600640257e-4	0.16076430572228892	1037
679	1	1.0004001600640257e-4	0.16086434573829533	1038
680	1	1.0004001600640257e-4	0.16096438575430172	1039
681	1	1.0004001600640257e-4	0.16106442577030813	1040
682	1	1.0004001600640257e-4	0.16116446578631452	1041
683	1	1.0004001600640257e-4	0.16126450580232093	1042
684	1	1.0004001600640257e-4	0.16136454581832735	1043
685	1	1.0004001600640257e-4	0.16146458583433373	1044
686	1	1.0004001600640257e-4	0.16156462585034015	1045
687	1	1.0004001600640257e-4	0.16166466586634654	1046
688	1	1.0004001600640257e-4	0.16176470588235295	1047
689	1	1.0004001600640257e-4	0.16186474589835936	1048
690	1	1.0004001600640257e-4	0.16196478591436575	1049
691	1	1.0004001600640257e-4	0.16206482593037216	1050
692	1	1.0004001600640257e-4	0.16216486594637855	1051
693	1	1.0004001600640257e-4	0.16226490596238496	1052
694	1	1.0004001600640257e-4	0.16236494597839135	1053
695	1	1.0004001600640257e-4	0.16246498599439776	1054
696	1	1.0004001600640257e-4	0.16256502601040418	1055
697	1	1.0004001600640257e-4	0.16266506602641057	1056
698	1	1.0004001600640257e-4	0.16276510604241698	1057
699	1	1.0004001600640257e-4	0.16286514605842337	1058
700	1	1.0004001600640257e-4	0.16296518607442978	1059
701	1	1.0004001600640257e-4	0.1630652260904362	1060
702	1	1.0004001600640257e-4	0.16316526610644258	1061
703	1	1.0004001600640257e-4	0.163265306122449	1062
704	1	1.0004001600640257e-4	0.16336534613845538	1063
705	1	1.0004001600640257e-4	0.1634653861544618	1064
706	1	1.0004001600640257e-4	0.1635654261704682	1065
707	1	1.0004001600640257e-4	0.1636654661864746	1066
708	1	1.0004001600640257e-4	0.163765506202481	1067
709	1	1.0004001600640257e-4	0.1638655462184874	1068
710	1	1.0004001600640257e-4	0.1639655862344938	1069
711	1	1.0004001600640257e-4	0.1640656262505002	1070
712	1	1.0004001600640257e-4	0.1641656662665066	1071
713	1	1.0004001600640257e-4	0.16426570628251302	1072
714	1	1.0004001600640257e-4	0.1643657462985194	1073
715	1	1.0004001600640257e-4	0.16446578631452582	1074
716	1	1.0004001600640257e-4	0.1645658263305322	1075
717	1	1.0004001600640257e-4	0.16466586634653863	1076
718	1	1.0004001600640257e-4	0.16476590636254504	1077
720	1	1.0004001600640257e-4	0.16486594637855143	1078
721	1	1.0004001600640257e-4	0.16496598639455784	1079
722	1	1.0004001600640257e-4	0.16506602641056423	1080
723	1	1.0004001600640257e-4	0.16516606642657064	1081
724	1	1.0004001600640257e-4	0.16526610644257703	1082
725	1	1.0004001600640257e-4	0.16536614645858344	1083
726	1	1.0004001600640257e-4	0.16546618647458985	1084
727	1	1.0004001600640257e-4	0.16556622649059624	1085
728	1	1.0004001600640257e-4	0.16566626650660266	1086
729	1	1.0004001600640257e-4	0.16576630652260904	1087
730	1	1.0004001600640257e-4	0.16586634653861546	1088
731	1	1.0004001600640257e-4	0.16596638655462187	1089
732	1	1.0004001600640257e-4	0.16606642657062826	1090
733	1	1.0004001600640257e-4	0.16616646658663467	1091
734	1	1.0004001600640257e-4	0.16626650660264106	1092
736	1	1.0004001600640257e-4	0.16636654661864747	1093
737	1	1.0004001600640257e-4	0.16646658663465386	1094
738	1	1.0004001600640257e-4	0.16656662665066027	1095
739	1	1.0004001600640257e-4	0.16666666666666669	1096
740	1	1.0004001600640257e-4	0.16676670668267307	1097
741	1	1.0004001600640257e-4	0.16686674669867949	1098
742	1	1.0004001600640257e-4	0.16696678671468587	1099
743	1	1.0004001600640257e-4	0.16706682673069229	1100
744	1	1.0004001600640257e-4	0.1671668667466987	1101
745	1	1.0004001600640257e-4	0.1672669067627051	1102
746	1	1.0004001600640257e-4	0.1673669467787115	1103
747	1	1.0004001600640257e-4	0.1674669867947179	1104
748	1	1.0004001600640257e-4	0.1675670268107243	1105
749	1	1.0004001600640257e-4	0.1676670668267307	1106
751	1	1.0004001600640257e-4	0.1677671068427371	1107
752	1	1.0004001600640257e-4	0.16786714685874352	1108
753	1	1.0004001600640257e-4	0.1679671868747499	1109
754	1	1.0004001600640257e-4	0.16806722689075632	1110
755	1	1.0004001600640257e-4	0.1681672669067627	1111
756	1	1.0004001600640257e-4	0.16826730692276912	1112
758	1	1.0004001600640257e-4	0.16836734693877553	1113
759	1	1.0004001600640257e-4	0.16846738695478192	1114
760	1	1.0004001600640257e-4	0.16856742697078833	1115
761	1	1.0004001600640257e-4	0.16866746698679472	1116
762	1	1.0004001600640257e-4	0.16876750700280113	1117
763	1	1.0004001600640257e-4	0.16886754701880752	1118
765	1	1.0004001600640257e-4	0.16896758703481393	1119
766	1	1.0004001600640257e-4	0.16906762705082035	1120
767	1	1.0004001600640257e-4	0.16916766706682673	1121
768	1	1.0004001600640257e-4	0.16926770708283315	1122
769	1	1.0004001600640257e-4	0.16936774709883953	1123
770	1	1.0004001600640257e-4	0.16946778711484595	1124
771	1	1.0004001600640257e-4	0.16956782713085236	1125
773	1	1.0004001600640257e-4	0.16966786714685875	1126
774	1	1.0004001600640257e-4	0.16976790716286516	1127
775	1	1.0004001600640257e-4	0.16986794717887155	1128
776	1	1.0004001600640257e-4	0.16996798719487796	1129
777	1	1.0004001600640257e-4	0.17006802721088438	1130
778	1	1.0004001600640257e-4	0.17016806722689076	1131
779	1	1.0004001600640257e-4	0.17026810724289718	1132
780	1	1.0004001600640257e-4	0.17036814725890356	1133
781	1	1.0004001600640257e-4	0.17046818727490998	1134
782	1	1.0004001600640257e-4	0.17056822729091636	1135
783	1	1.0004001600640257e-4	0.17066826730692278	1136
784	1	1.0004001600640257e-4	0.1707683073229292	1137
785	1	1.0004001600640257e-4	0.17086834733893558	1138
786	1	1.0004001600640257e-4	0.170968387354942	1139
787	1	1.0004001600640257e-4	0.17106842737094838	1140
788	1	1.0004001600640257e-4	0.1711684673869548	1141
789	1	1.0004001600640257e-4	0.1712685074029612	1142
790	1	1.0004001600640257e-4	0.1713685474189676	1143
791	1	1.0004001600640257e-4	0.171468587434974	1144
792	1	1.0004001600640257e-4	0.1715686274509804	1145
793	1	1.0004001600640257e-4	0.1716686674669868	1146
794	1	1.0004001600640257e-4	0.1717687074829932	1147
795	1	1.0004001600640257e-4	0.1718687474989996	1148
796	1	1.0004001600640257e-4	0.17196878751500602	1149
797	1	1.0004001600640257e-4	0.1720688275310124	1150
798	1	1.0004001600640257e-4	0.17216886754701882	1151
800	1	1.0004001600640257e-4	0.1722689075630252	1152
801	1	1.0004001600640257e-4	0.17236894757903162	1153
802	1	1.0004001600640257e-4	0.17246898759503804	1154
803	1	1.0004001600640257e-4	0.17256902761104442	1155
804	1	1.0004001600640257e-4	0.17266906762705084	1156
805	1	1.0004001600640257e-4	0.17276910764305722	1157
806	1	1.0004001600640257e-4	0.17286914765906364	1158
807	1	1.0004001600640257e-4	0.17296918767507002	1159
808	1	1.0004001600640257e-4	0.17306922769107644	1160
809	1	1.0004001600640257e-4	0.17316926770708285	1161
810	1	1.0004001600640257e-4	0.17326930772308924	1162
811	1	1.0004001600640257e-4	0.17336934773909565	1163
812	1	1.0004001600640257e-4	0.17346938775510204	1164
813	1	1.0004001600640257e-4	0.17356942777110845	1165
814	1	1.0004001600640257e-4	0.17366946778711487	1166
815	1	1.0004001600640257e-4	0.17376950780312125	1167
816	1	1.0004001600640257e-4	0.17386954781912767	1168
817	1	1.0004001600640257e-4	0.17396958783513405	1169
818	1	1.0004001600640257e-4	0.17406962785114047	1170
819	1	1.0004001600640257e-4	0.17416966786714685	1171
820	1	1.0004001600640257e-4	0.17426970788315327	1172
821	1	1.0004001600640257e-4	0.17436974789915968	1173
822	1	1.0004001600640257e-4	0.17446978791516607	1174
823	1	1.0004001600640257e-4	0.17456982793117248	1175
824	1	1.0004001600640257e-4	0.17466986794717887	1176
825	1	1.0004001600640257e-4	0.17476990796318528	1177
826	1	1.0004001600640257e-4	0.1748699479791917	1178
827	1	1.0004001600640257e-4	0.17496998799519808	1179
828	1	1.0004001600640257e-4	0.1750700280112045	1180
829	1	1.0004001600640257e-4	0.17517006802721088	1181
830	1	1.0004001600640257e-4	0.1752701080432173	1182
831	1	1.0004001600640257e-4	0.17537014805922368	1183
832	1	1.0004001600640257e-4	0.1754701880752301	1184
833	1	1.0004001600640257e-4	0.1755702280912365	1185
834	1	1.0004001600640257e-4	0.1756702681072429	1186
835	1	1.0004001600640257e-4	0.1757703081232493	1187
836	1	1.0004001600640257e-4	0.1758703481392557	1188
837	1	1.0004001600640257e-4	0.17597038815526211	1189
838	1	1.0004001600640257e-4	0.17607042817126853	1190
839	1	1.0004001600640257e-4	0.17617046818727491	1191
840	1	1.0004001600640257e-4	0.17627050820328133	1192
841	1	1.0004001600640257e-4	0.17637054821928771	1193
842	1	1.0004001600640257e-4	0.17647058823529413	1194
843	1	1.0004001600640257e-4	0.17657062825130052	1195
844	1	1.0004001600640257e-4	0.17667066826730693	1196
845	1	1.0004001600640257e-4	0.17677070828331334	1197
846	1	1.0004001600640257e-4	0.17687074829931973	1198
847	1	1.0004001600640257e-4	0.17697078831532614	1199
848	1	1.0004001600640257e-4	0.17707082833133253	1200
849	1	1.0004001600640257e-4	0.17717086834733894	1201
850	1	1.0004001600640257e-4	0.17727090836334536	1202
851	1	1.0004001600640257e-4	0.17737094837935174	1203
852	1	1.0004001600640257e-4	0.17747098839535816	1204
853	1	1.0004001600640257e-4	0.17757102841136455	1205
854	1	1.0004001600640257e-4	0.17767106842737096	1206
856	1	1.0004001600640257e-4	0.17777110844337737	1207
857	1	1.0004001600640257e-4	0.17787114845938376	1208
858	1	1.0004001600640257e-4	0.17797118847539017	1209
859	1	1.0004001600640257e-4	0.17807122849139656	1210
860	1	1.0004001600640257e-4	0.17817126850740297	1211
861	1	1.0004001600640257e-4	0.17827130852340936	1212
862	1	1.0004001600640257e-4	0.17837134853941577	1213
863	1	1.0004001600640257e-4	0.1784713885554222	1214
864	1	1.0004001600640257e-4	0.17857142857142858	1215
865	1	1.0004001600640257e-4	0.178671468587435	1216
866	1	1.0004001600640257e-4	0.17877150860344138	1217
867	1	1.0004001600640257e-4	0.1788715486194478	1218
869	1	1.0004001600640257e-4	0.1789715886354542	1219
870	1	1.0004001600640257e-4	0.1790716286514606	1220
871	1	1.0004001600640257e-4	0.179171668667467	1221
872	1	1.0004001600640257e-4	0.1792717086834734	1222
873	1	1.0004001600640257e-4	0.1793717486994798	1223
874	1	1.0004001600640257e-4	0.1794717887154862	1224
875	1	1.0004001600640257e-4	0.1795718287314926	1225
877	1	1.0004001600640257e-4	0.17967186874749902	1226
879	1	1.0004001600640257e-4	0.1797719087635054	1227
880	1	1.0004001600640257e-4	0.17987194877951182	1228
881	1	1.0004001600640257e-4	0.1799719887955182	1229
882	1	1.0004001600640257e-4	0.18007202881152462	1230
883	1	1.0004001600640257e-4	0.18017206882753103	1231
884	1	1.0004001600640257e-4	0.18027210884353742	1232
885	1	1.0004001600640257e-4	0.18037214885954383	1233
886	1	1.0004001600640257e-4	0.18047218887555022	1234
887	1	1.0004001600640257e-4	0.18057222889155664	1235
888	1	1.0004001600640257e-4	0.18067226890756302	1236
889	1	1.0004001600640257e-4	0.18077230892356944	1237
890	1	1.0004001600640257e-4	0.18087234893957585	1238
891	1	1.0004001600640257e-4	0.18097238895558224	1239
892	1	1.0004001600640257e-4	0.18107242897158865	1240
893	1	1.0004001600640257e-4	0.18117246898759504	1241
894	1	1.0004001600640257e-4	0.18127250900360145	1242
895	1	1.0004001600640257e-4	0.18137254901960786	1243
896	1	1.0004001600640257e-4	0.18147258903561425	1244
897	1	1.0004001600640257e-4	0.18157262905162067	1245
898	1	1.0004001600640257e-4	0.18167266906762705	1246
899	1	1.0004001600640257e-4	0.18177270908363347	1247
900	1	1.0004001600640257e-4	0.18187274909963985	1248
901	1	1.0004001600640257e-4	0.18197278911564627	1249
902	1	1.0004001600640257e-4	0.18207282913165268	1250
903	1	1.0004001600640257e-4	0.18217286914765907	1251
904	1	1.0004001600640257e-4	0.18227290916366548	1252
905	1	1.0004001600640257e-4	0.18237294917967187	1253
906	1	1.0004001600640257e-4	0.18247298919567828	1254
907	1	1.0004001600640257e-4	0.1825730292116847	1255
908	1	1.0004001600640257e-4	0.18267306922769108	1256
909	1	1.0004001600640257e-4	0.1827731092436975	1257
910	1	1.0004001600640257e-4	0.18287314925970388	1258
911	1	1.0004001600640257e-4	0.1829731892757103	1259
912	1	1.0004001600640257e-4	0.18307322929171668	1260
913	1	1.0004001600640257e-4	0.1831732693077231	1261
914	1	1.0004001600640257e-4	0.1832733093237295	1262
915	1	1.0004001600640257e-4	0.1833733493397359	1263
916	1	1.0004001600640257e-4	0.1834733893557423	1264
917	1	1.0004001600640257e-4	0.1835734293717487	1265
918	1	1.0004001600640257e-4	0.1836734693877551	1266
919	1	1.0004001600640257e-4	0.18377350940376153	1267
920	1	1.0004001600640257e-4	0.1838735494197679	1268
921	1	1.0004001600640257e-4	0.18397358943577433	1269
922	1	1.0004001600640257e-4	0.1840736294517807	1270
923	1	1.0004001600640257e-4	0.18417366946778713	1271
924	1	1.0004001600640257e-4	0.1842737094837935	1272
925	1	1.0004001600640257e-4	0.18437374949979993	1273
926	1	1.0004001600640257e-4	0.18447378951580634	1274
927	1	1.0004001600640257e-4	0.18457382953181273	1275
928	1	1.0004001600640257e-4	0.18467386954781914	1276
929	1	1.0004001600640257e-4	0.18477390956382553	1277
930	1	1.0004001600640257e-4	0.18487394957983194	1278
931	1	1.0004001600640257e-4	0.18497398959583836	1279
932	1	1.0004001600640257e-4	0.18507402961184474	1280
933	1	1.0004001600640257e-4	0.18517406962785116	1281
934	1	1.0004001600640257e-4	0.18527410964385754	1282
935	1	1.0004001600640257e-4	0.18537414965986396	1283
936	1	1.0004001600640257e-4	0.18547418967587037	1284
937	1	1.0004001600640257e-4	0.18557422969187676	1285
938	1	1.0004001600640257e-4	0.18567426970788317	1286
939	1	1.0004001600640257e-4	0.18577430972388956	1287
940	1	1.0004001600640257e-4	0.18587434973989597	1288
941	1	1.0004001600640257e-4	0.18597438975590236	1289
942	1	1.0004001600640257e-4	0.18607442977190877	1290
944	1	1.0004001600640257e-4	0.1861744697879152	1291
945	1	1.0004001600640257e-4	0.18627450980392157	1292
946	1	1.0004001600640257e-4	0.186374549819928	1293
947	1	1.0004001600640257e-4	0.18647458983593437	1294
948	1	1.0004001600640257e-4	0.1865746298519408	1295
949	1	1.0004001600640257e-4	0.1866746698679472	1296
950	1	1.0004001600640257e-4	0.1867747098839536	1297
951	1	1.0004001600640257e-4	0.18687474989996	1298
952	1	1.0004001600640257e-4	0.1869747899159664	1299
953	1	1.0004001600640257e-4	0.1870748299319728	1300
954	1	1.0004001600640257e-4	0.1871748699479792	1301
955	1	1.0004001600640257e-4	0.1872749099639856	1302
956	1	1.0004001600640257e-4	0.18737494997999202	1303
957	1	1.0004001600640257e-4	0.1874749899959984	1304
958	1	1.0004001600640257e-4	0.18757503001200482	1305
959	1	1.0004001600640257e-4	0.1876750700280112	1306
960	1	1.0004001600640257e-4	0.18777511004401762	1307
961	1	1.0004001600640257e-4	0.18787515006002403	1308
962	1	1.0004001600640257e-4	0.18797519007603042	1309
963	1	1.0004001600640257e-4	0.18807523009203683	1310
965	1	1.0004001600640257e-4	0.18817527010804322	1311
966	1	1.0004001600640257e-4	0.18827531012404963	1312
967	1	1.0004001600640257e-4	0.18837535014005602	1313
968	1	1.0004001600640257e-4	0.18847539015606243	1314
969	1	1.0004001600640257e-4	0.18857543017206885	1315
970	1	1.0004001600640257e-4	0.18867547018807523	1316
971	1	1.0004001600640257e-4	0.18877551020408165	1317
972	1	1.0004001600640257e-4	0.18887555022008803	1318
973	1	1.0004001600640257e-4	0.18897559023609445	1319
974	1	1.0004001600640257e-4	0.18907563025210086	1320
975	1	1.0004001600640257e-4	0.18917567026810725	1321
976	1	1.0004001600640257e-4	0.18927571028411366	1322
977	1	1.0004001600640257e-4	0.18937575030012005	1323
978	1	1.0004001600640257e-4	0.18947579031612646	1324
980	1	1.0004001600640257e-4	0.18957583033213285	1325
981	1	1.0004001600640257e-4	0.18967587034813926	1326
982	1	1.0004001600640257e-4	0.18977591036414568	1327
983	1	1.0004001600640257e-4	0.18987595038015206	1328
984	1	1.0004001600640257e-4	0.18997599039615848	1329
985	1	1.0004001600640257e-4	0.19007603041216486	1330
986	1	1.0004001600640257e-4	0.19017607042817128	1331
987	1	1.0004001600640257e-4	0.1902761104441777	1332
988	1	1.0004001600640257e-4	0.19037615046018408	1333
989	1	1.0004001600640257e-4	0.1904761904761905	1334
990	1	1.0004001600640257e-4	0.19057623049219688	1335
991	1	1.0004001600640257e-4	0.1906762705082033	1336
992	1	1.0004001600640257e-4	0.19077631052420968	1337
993	1	1.0004001600640257e-4	0.1908763505402161	1338
994	1	1.0004001600640257e-4	0.1909763905562225	1339
995	1	1.0004001600640257e-4	0.1910764305722289	1340
996	1	1.0004001600640257e-4	0.1911764705882353	1341
997	1	1.0004001600640257e-4	0.1912765106042417	1342
998	1	1.0004001600640257e-4	0.1913765506202481	1343
999	1	1.0004001600640257e-4	0.19147659063625452	1344
1000	1	1.0004001600640257e-4	0.1915766306522609	1345
1001	1	1.0004001600640257e-4	0.19167667066826732	1346
1002	1	1.0004001600640257e-4	0.1917767106842737	1347
1003	1	1.0004001600640257e-4	0.19187675070028012	1348
1004	1	1.0004001600640257e-4	0.1919767907162865	1349
1005	1	1.0004001600640257e-4	0.19207683073229292	1350
1006	1	1.0004001600640257e-4	0.19217687074829934	1351
1007	1	1.0004001600640257e-4	0.19227691076430573	1352
1008	1	1.0004001600640257e-4	0.19237695078031214	1353
1009	1	1.0004001600640257e-4	0.19247699079631853	1354
1010	1	1.0004001600640257e-4	0.19257703081232494	1355
1011	1	1.0004001600640257e-4	0.19267707082833135	1356
1012	1	1.0004001600640257e-4	0.19277711084433774	1357
1013	1	1.0004001600640257e-4	0.19287715086034415	1358
1014	1	1.0004001600640257e-4	0.19297719087635054	1359
1015	1	1.0004001600640257e-4	0.19307723089235695	1360
1016	1	1.0004001600640257e-4	0.19317727090836337	1361
1018	1	1.0004001600640257e-4	0.19327731092436976	1362
1019	1	1.0004001600640257e-4	0.19337735094037617	1363
1020	1	1.0004001600640257e-4	0.19347739095638256	1364
1021	1	1.0004001600640257e-4	0.19357743097238897	1365
1022	1	1.0004001600640257e-4	0.19367747098839536	1366
1023	1	1.0004001600640257e-4	0.19377751100440177	1367
1024	1	1.0004001600640257e-4	0.19387755102040818	1368
1025	1	1.0004001600640257e-4	0.19397759103641457	1369
1027	1	1.0004001600640257e-4	0.19407763105242098	1370
1029	1	1.0004001600640257e-4	0.19417767106842737	1371
1030	1	1.0004001600640257e-4	0.19427771108443379	1372
1031	1	1.0004001600640257e-4	0.1943777511004402	1373
1032	1	1.0004001600640257e-4	0.19447779111644659	1374
1033	1	1.0004001600640257e-4	0.194577831132453	1375
1034	1	1.0004001600640257e-4	0.19467787114845939	1376
1036	1	1.0004001600640257e-4	0.1947779111644658	1377
1037	1	1.0004001600640257e-4	0.1948779511804722	1378
1038	1	1.0004001600640257e-4	0.1949779911964786	1379
1040	1	1.0004001600640257e-4	0.19507803121248501	1380
1041	1	1.0004001600640257e-4	0.1951780712284914	1381
1042	1	1.0004001600640257e-4	0.19527811124449782	1382
1043	1	1.0004001600640257e-4	0.1953781512605042	1383
1044	1	1.0004001600640257e-4	0.19547819127651062	1384
1045	1	1.0004001600640257e-4	0.19557823129251703	1385
1046	1	1.0004001600640257e-4	0.19567827130852342	1386
1047	1	1.0004001600640257e-4	0.19577831132452983	1387
1048	1	1.0004001600640257e-4	0.19587835134053622	1388
1049	1	1.0004001600640257e-4	0.19597839135654263	1389
1050	1	1.0004001600640257e-4	0.19607843137254902	1390
1051	1	1.0004001600640257e-4	0.19617847138855543	1391
1052	1	1.0004001600640257e-4	0.19627851140456185	1392
1053	1	1.0004001600640257e-4	0.19637855142056823	1393
1054	1	1.0004001600640257e-4	0.19647859143657465	1394
1055	1	1.0004001600640257e-4	0.19657863145258103	1395
1056	1	1.0004001600640257e-4	0.19667867146858745	1396
1057	1	1.0004001600640257e-4	0.19677871148459386	1397
1058	1	1.0004001600640257e-4	0.19687875150060025	1398
1059	1	1.0004001600640257e-4	0.19697879151660666	1399
1060	1	1.0004001600640257e-4	0.19707883153261305	1400
1061	1	1.0004001600640257e-4	0.19717887154861946	1401
1062	1	1.0004001600640257e-4	0.19727891156462585	1402
1063	1	1.0004001600640257e-4	0.19737895158063226	1403
1064	1	1.0004001600640257e-4	0.19747899159663868	1404
1065	1	1.0004001600640257e-4	0.19757903161264506	1405
1066	1	1.0004001600640257e-4	0.19767907162865148	1406
1067	1	1.0004001600640257e-4	0.19777911164465786	1407
1068	1	1.0004001600640257e-4	0.19787915166066428	1408
1069	1	1.0004001600640257e-4	0.1979791916766707	1409
1070	1	1.0004001600640257e-4	0.19807923169267708	1410
1072	1	1.0004001600640257e-4	0.1981792717086835	1411
1073	1	1.0004001600640257e-4	0.19827931172468988	1412
1074	1	1.0004001600640257e-4	0.1983793517406963	1413
1075	1	1.0004001600640257e-4	0.19847939175670268	1414
1076	1	1.0004001600640257e-4	0.1985794317727091	1415
1077	1	1.0004001600640257e-4	0.1986794717887155	1416
1078	1	1.0004001600640257e-4	0.1987795118047219	1417
1079	1	1.0004001600640257e-4	0.1988795518207283	1418
1080	1	1.0004001600640257e-4	0.1989795918367347	1419
1081	1	1.0004001600640257e-4	0.1990796318527411	1420
1082	1	1.0004001600640257e-4	0.19917967186874752	1421
1083	1	1.0004001600640257e-4	0.1992797118847539	1422
1084	1	1.0004001600640257e-4	0.19937975190076032	1423
1086	1	1.0004001600640257e-4	0.1994797919167667	1424
1087	1	1.0004001600640257e-4	0.19957983193277312	1425
1088	1	1.0004001600640257e-4	0.19967987194877954	1426
1089	1	1.0004001600640257e-4	0.19977991196478592	1427
1090	1	1.0004001600640257e-4	0.19987995198079234	1428
1091	1	1.0004001600640257e-4	0.19997999199679872	1429
1092	1	1.0004001600640257e-4	0.20008003201280514	1430
1093	1	1.0004001600640257e-4	0.20018007202881152	1431
1094	1	1.0004001600640257e-4	0.20028011204481794	1432
1095	1	1.0004001600640257e-4	0.20038015206082435	1433
1096	1	1.0004001600640257e-4	0.20048019207683074	1434
1097	1	1.0004001600640257e-4	0.20058023209283715	1435
1098	1	1.0004001600640257e-4	0.20068027210884354	1436
1099	1	1.0004001600640257e-4	0.20078031212484995	1437
1100	1	1.0004001600640257e-4	0.20088035214085637	1438
1101	1	1.0004001600640257e-4	0.20098039215686275	1439
1102	1	1.0004001600640257e-4	0.20108043217286917	1440
1103	1	1.0004001600640257e-4	0.20118047218887555	1441
1104	1	1.0004001600640257e-4	0.20128051220488197	1442
1105	1	1.0004001600640257e-4	0.20138055222088835	1443
1106	1	1.0004001600640257e-4	0.20148059223689477	1444
1107	1	1.0004001600640257e-4	0.20158063225290118	1445
1108	1	1.0004001600640257e-4	0.20168067226890757	1446
1109	1	1.0004001600640257e-4	0.20178071228491398	1447
1110	1	1.0004001600640257e-4	0.20188075230092037	1448
1111	1	1.0004001600640257e-4	0.20198079231692678	1449
1112	1	1.0004001600640257e-4	0.2020808323329332	1450
1113	1	1.0004001600640257e-4	0.20218087234893958	1451
1114	1	1.0004001600640257e-4	0.202280912364946	1452
1115	1	1.0004001600640257e-4	0.20238095238095238	1453
1116	1	1.0004001600640257e-4	0.2024809923969588	1454
1117	1	1.0004001600640257e-4	0.20258103241296518	1455
1118	1	1.0004001600640257e-4	0.2026810724289716	1456
1119	1	1.0004001600640257e-4	0.202781112444978	1457
1120	1	1.0004001600640257e-4	0.2028811524609844	1458
1121	1	1.0004001600640257e-4	0.2029811924769908	1459
1122	1	1.0004001600640257e-4	0.2030812324929972	1460
1123	1	1.0004001600640257e-4	0.2031812725090036	1461
1124	1	1.0004001600640257e-4	0.20328131252501003	1462
1125	1	1.0004001600640257e-4	0.2033813525410164	1463
1126	1	1.0004001600640257e-4	0.20348139255702283	1464
1127	1	1.0004001600640257e-4	0.20358143257302921	1465
1128	1	1.0004001600640257e-4	0.20368147258903563	1466
1129	1	1.0004001600640257e-4	0.20378151260504201	1467
1130	1	1.0004001600640257e-4	0.20388155262104843	1468
1131	1	1.0004001600640257e-4	0.20398159263705484	1469
1132	1	1.0004001600640257e-4	0.20408163265306123	1470
1133	1	1.0004001600640257e-4	0.20418167266906764	1471
1134	1	1.0004001600640257e-4	0.20428171268507403	1472
1135	1	1.0004001600640257e-4	0.20438175270108044	1473
1136	1	1.0004001600640257e-4	0.20448179271708686	1474
1137	1	1.0004001600640257e-4	0.20458183273309324	1475
1138	1	1.0004001600640257e-4	0.20468187274909966	1476
1139	1	1.0004001600640257e-4	0.20478191276510604	1477
1140	1	1.0004001600640257e-4	0.20488195278111246	1478
1141	1	1.0004001600640257e-4	0.20498199279711884	1479
1142	1	1.0004001600640257e-4	0.20508203281312526	1480
1143	1	1.0004001600640257e-4	0.20518207282913167	1481
1144	1	1.0004001600640257e-4	0.20528211284513806	1482
1145	1	1.0004001600640257e-4	0.20538215286114447	1483
1146	1	1.0004001600640257e-4	0.20548219287715086	1484
1147	1	1.0004001600640257e-4	0.20558223289315727	1485
1149	1	1.0004001600640257e-4	0.2056822729091637	1486
1151	1	1.0004001600640257e-4	0.20578231292517007	1487
1152	1	1.0004001600640257e-4	0.2058823529411765	1488
1153	1	1.0004001600640257e-4	0.20598239295718287	1489
1154	1	1.0004001600640257e-4	0.2060824329731893	1490
1155	1	1.0004001600640257e-4	0.20618247298919568	1491
1156	1	1.0004001600640257e-4	0.2062825130052021	1492
1157	1	1.0004001600640257e-4	0.2063825530212085	1493
1158	1	1.0004001600640257e-4	0.2064825930372149	1494
1159	1	1.0004001600640257e-4	0.2065826330532213	1495
1160	1	1.0004001600640257e-4	0.2066826730692277	1496
1161	1	1.0004001600640257e-4	0.2067827130852341	1497
1162	1	1.0004001600640257e-4	0.20688275310124052	1498
1163	1	1.0004001600640257e-4	0.2069827931172469	1499
1164	1	1.0004001600640257e-4	0.20708283313325332	1500
1165	1	1.0004001600640257e-4	0.2071828731492597	1501
1166	1	1.0004001600640257e-4	0.20728291316526612	1502
1167	1	1.0004001600640257e-4	0.20738295318127253	1503
1168	1	1.0004001600640257e-4	0.20748299319727892	1504
1169	1	1.0004001600640257e-4	0.20758303321328533	1505
1170	1	1.0004001600640257e-4	0.20768307322929172	1506
1171	1	1.0004001600640257e-4	0.20778311324529813	1507
1172	1	1.0004001600640257e-4	0.20788315326130452	1508
1173	1	1.0004001600640257e-4	0.20798319327731093	1509
1174	1	1.0004001600640257e-4	0.20808323329331735	1510
1175	1	1.0004001600640257e-4	0.20818327330932374	1511
1176	1	1.0004001600640257e-4	0.20828331332533015	1512
1177	1	1.0004001600640257e-4	0.20838335334133654	1513
1178	1	1.0004001600640257e-4	0.20848339335734295	1514
1179	1	1.0004001600640257e-4	0.20858343337334936	1515
1180	1	1.0004001600640257e-4	0.20868347338935575	1516
1181	1	1.0004001600640257e-4	0.20878351340536216	1517
1182	1	1.0004001600640257e-4	0.20888355342136855	1518
1183	1	1.0004001600640257e-4	0.20898359343737496	1519
1184	1	1.0004001600640257e-4	0.20908363345338135	1520
1185	1	1.0004001600640257e-4	0.20918367346938777	1521
1186	1	1.0004001600640257e-4	0.20928371348539418	1522
1187	1	1.0004001600640257e-4	0.20938375350140057	1523
1188	1	1.0004001600640257e-4	0.20948379351740698	1524
1189	1	1.0004001600640257e-4	0.20958383353341337	1525
1190	1	1.0004001600640257e-4	0.20968387354941978	1526
1191	1	1.0004001600640257e-4	0.2097839135654262	1527
1193	1	1.0004001600640257e-4	0.20988395358143258	1528
1194	1	1.0004001600640257e-4	0.209983993597439	1529
1195	1	1.0004001600640257e-4	0.21008403361344538	1530
1197	1	1.0004001600640257e-4	0.2101840736294518	1531
1198	1	1.0004001600640257e-4	0.21028411364545818	1532
1199	1	1.0004001600640257e-4	0.2103841536614646	1533
1200	1	1.0004001600640257e-4	0.210484193677471	1534
1201	1	1.0004001600640257e-4	0.2105842336934774	1535
1202	1	1.0004001600640257e-4	0.2106842737094838	1536
1203	1	1.0004001600640257e-4	0.2107843137254902	1537
1204	1	1.0004001600640257e-4	0.2108843537414966	1538
1205	1	1.0004001600640257e-4	0.21098439375750302	1539
1206	1	1.0004001600640257e-4	0.2110844337735094	1540
1207	1	1.0004001600640257e-4	0.21118447378951583	1541
1208	1	1.0004001600640257e-4	0.2112845138055222	1542
1209	1	1.0004001600640257e-4	0.21138455382152863	1543
1210	1	1.0004001600640257e-4	0.211484593837535	1544
1211	1	1.0004001600640257e-4	0.21158463385354143	1545
1212	1	1.0004001600640257e-4	0.21168467386954784	1546
1213	1	1.0004001600640257e-4	0.21178471388555423	1547
1214	1	1.0004001600640257e-4	0.21188475390156064	1548
1215	1	1.0004001600640257e-4	0.21198479391756703	1549
1216	1	1.0004001600640257e-4	0.21208483393357344	1550
1217	1	1.0004001600640257e-4	0.21218487394957986	1551
1218	1	1.0004001600640257e-4	0.21228491396558624	1552
1219	1	1.0004001600640257e-4	0.21238495398159266	1553
1220	1	1.0004001600640257e-4	0.21248499399759904	1554
1221	1	1.0004001600640257e-4	0.21258503401360546	1555
1222	1	1.0004001600640257e-4	0.21268507402961184	1556
1223	1	1.0004001600640257e-4	0.21278511404561826	1557
1224	1	1.0004001600640257e-4	0.21288515406162467	1558
1225	1	1.0004001600640257e-4	0.21298519407763106	1559
1226	1	1.0004001600640257e-4	0.21308523409363747	1560
1227	1	1.0004001600640257e-4	0.21318527410964386	1561
1228	1	1.0004001600640257e-4	0.21328531412565027	1562
1229	1	1.0004001600640257e-4	0.21338535414165669	1563
1230	1	1.0004001600640257e-4	0.21348539415766307	1564
1231	1	1.0004001600640257e-4	0.21358543417366949	1565
1232	1	1.0004001600640257e-4	0.21368547418967587	1566
1233	1	1.0004001600640257e-4	0.2137855142056823	1567
1234	1	1.0004001600640257e-4	0.21388555422168867	1568
1235	1	1.0004001600640257e-4	0.2139855942376951	1569
1236	1	1.0004001600640257e-4	0.2140856342537015	1570
1237	1	1.0004001600640257e-4	0.2141856742697079	1571
1238	1	1.0004001600640257e-4	0.2142857142857143	1572
1239	1	1.0004001600640257e-4	0.2143857543017207	1573
1240	1	1.0004001600640257e-4	0.2144857943177271	1574
1241	1	1.0004001600640257e-4	0.21458583433373352	1575
1242	1	1.0004001600640257e-4	0.2146858743497399	1576
1243	1	1.0004001600640257e-4	0.21478591436574632	1577
1244	1	1.0004001600640257e-4	0.2148859543817527	1578
1245	1	1.0004001600640257e-4	0.21498599439775912	1579
1246	1	1.0004001600640257e-4	0.21508603441376553	1580
1247	1	1.0004001600640257e-4	0.21518607442977192	1581
1248	1	1.0004001600640257e-4	0.21528611444577833	1582
1249	1	1.0004001600640257e-4	0.21538615446178472	1583
1250	1	1.0004001600640257e-4	0.21548619447779113	1584
1251	1	1.0004001600640257e-4	0.21558623449379752	1585
1252	1	1.0004001600640257e-4	0.21568627450980393	1586
1253	1	1.0004001600640257e-4	0.21578631452581035	1587
1254	1	1.0004001600640257e-4	0.21588635454181673	1588
1255	1	1.0004001600640257e-4	0.21598639455782315	1589
1256	1	1.0004001600640257e-4	0.21608643457382953	1590
1257	1	1.0004001600640257e-4	0.21618647458983595	1591
1258	1	1.0004001600640257e-4	0.21628651460584236	1592
1259	1	1.0004001600640257e-4	0.21638655462184875	1593
1260	1	1.0004001600640257e-4	0.21648659463785516	1594
1261	1	1.0004001600640257e-4	0.21658663465386155	1595
1262	1	1.0004001600640257e-4	0.21668667466986796	1596
1263	1	1.0004001600640257e-4	0.21678671468587435	1597
1264	1	1.0004001600640257e-4	0.21688675470188076	1598
1265	1	1.0004001600640257e-4	0.21698679471788718	1599
1266	1	1.0004001600640257e-4	0.21708683473389356	1600
1267	1	1.0004001600640257e-4	0.21718687474989998	1601
1268	1	1.0004001600640257e-4	0.21728691476590636	1602
1269	1	1.0004001600640257e-4	0.21738695478191278	1603
1270	1	1.0004001600640257e-4	0.2174869947979192	1604
1271	1	1.0004001600640257e-4	0.21758703481392558	1605
1272	1	1.0004001600640257e-4	0.217687074829932	1606
1273	1	1.0004001600640257e-4	0.21778711484593838	1607
1274	1	1.0004001600640257e-4	0.2178871548619448	1608
1275	1	1.0004001600640257e-4	0.21798719487795118	1609
1276	1	1.0004001600640257e-4	0.2180872348939576	1610
1277	1	1.0004001600640257e-4	0.218187274909964	1611
1278	1	1.0004001600640257e-4	0.2182873149259704	1612
1279	1	1.0004001600640257e-4	0.2183873549419768	1613
1280	1	1.0004001600640257e-4	0.2184873949579832	1614
1281	1	1.0004001600640257e-4	0.2185874349739896	1615
1282	1	1.0004001600640257e-4	0.21868747498999602	1616
1283	1	1.0004001600640257e-4	0.2187875150060024	1617
1284	1	1.0004001600640257e-4	0.21888755502200882	1618
1285	1	1.0004001600640257e-4	0.2189875950380152	1619
1286	1	1.0004001600640257e-4	0.21908763505402162	1620
1287	1	1.0004001600640257e-4	0.219187675070028	1621
1288	1	1.0004001600640257e-4	0.21928771508603442	1622
1289	1	1.0004001600640257e-4	0.21938775510204084	1623
1290	1	1.0004001600640257e-4	0.21948779511804722	1624
1291	1	1.0004001600640257e-4	0.21958783513405364	1625
1292	1	1.0004001600640257e-4	0.21968787515006002	1626
1293	1	1.0004001600640257e-4	0.21978791516606644	1627
1294	1	1.0004001600640257e-4	0.21988795518207285	1628
1295	1	1.0004001600640257e-4	0.21998799519807924	1629
1296	1	1.0004001600640257e-4	0.22008803521408565	1630
1297	1	1.0004001600640257e-4	0.22018807523009204	1631
1298	1	1.0004001600640257e-4	0.22028811524609845	1632
1299	1	1.0004001600640257e-4	0.22038815526210484	1633
1300	1	1.0004001600640257e-4	0.22048819527811125	1634
1301	1	1.0004001600640257e-4	0.22058823529411767	1635
1302	1	1.0004001600640257e-4	0.22068827531012405	1636
1303	1	1.0004001600640257e-4	0.22078831532613047	1637
1304	1	1.0004001600640257e-4	0.22088835534213686	1638
1305	1	1.0004001600640257e-4	0.22098839535814327	1639
1306	1	1.0004001600640257e-4	0.22108843537414968	1640
1307	1	1.0004001600640257e-4	0.22118847539015607	1641
1308	1	1.0004001600640257e-4	0.22128851540616248	1642
1309	1	1.0004001600640257e-4	0.22138855542216887	1643
1310	1	1.0004001600640257e-4	0.22148859543817528	1644
1311	1	1.0004001600640257e-4	0.2215886354541817	1645
1312	1	1.0004001600640257e-4	0.22168867547018808	1646
1313	1	1.0004001600640257e-4	0.2217887154861945	1647
1314	1	1.0004001600640257e-4	0.22188875550220089	1648
1315	1	1.0004001600640257e-4	0.2219887955182073	1649
1316	1	1.0004001600640257e-4	0.22208883553421369	1650
1317	1	1.0004001600640257e-4	0.2221888755502201	1651
1318	1	1.0004001600640257e-4	0.2222889155662265	1652
1319	1	1.0004001600640257e-4	0.2223889555822329	1653
1320	1	1.0004001600640257e-4	0.22248899559823931	1654
1321	1	1.0004001600640257e-4	0.2225890356142457	1655
1322	1	1.0004001600640257e-4	0.22268907563025211	1656
1323	1	1.0004001600640257e-4	0.22278911564625853	1657
1324	1	1.0004001600640257e-4	0.22288915566226492	1658
1325	1	1.0004001600640257e-4	0.22298919567827133	1659
1326	1	1.0004001600640257e-4	0.22308923569427772	1660
1327	1	1.0004001600640257e-4	0.22318927571028413	1661
1328	1	1.0004001600640257e-4	0.22328931572629052	1662
1329	1	1.0004001600640257e-4	0.22338935574229693	1663
1330	1	1.0004001600640257e-4	0.22348939575830334	1664
1331	1	1.0004001600640257e-4	0.22358943577430973	1665
1332	1	1.0004001600640257e-4	0.22368947579031614	1666
1333	1	1.0004001600640257e-4	0.22378951580632253	1667
1334	1	1.0004001600640257e-4	0.22388955582232895	1668
1335	1	1.0004001600640257e-4	0.22398959583833536	1669
1336	1	1.0004001600640257e-4	0.22408963585434175	1670
1337	1	1.0004001600640257e-4	0.22418967587034816	1671
1338	1	1.0004001600640257e-4	0.22428971588635455	1672
1339	1	1.0004001600640257e-4	0.22438975590236096	1673
1340	1	1.0004001600640257e-4	0.22448979591836735	1674
1341	1	1.0004001600640257e-4	0.22458983593437376	1675
1342	1	1.0004001600640257e-4	0.22468987595038017	1676
1343	1	1.0004001600640257e-4	0.22478991596638656	1677
1344	1	1.0004001600640257e-4	0.22488995598239298	1678
1346	1	1.0004001600640257e-4	0.22498999599839936	1679
1348	1	1.0004001600640257e-4	0.22509003601440578	1680
1349	1	1.0004001600640257e-4	0.2251900760304122	1681
1350	1	1.0004001600640257e-4	0.22529011604641858	1682
1351	1	1.0004001600640257e-4	0.225390156062425	1683
1352	1	1.0004001600640257e-4	0.22549019607843138	1684
1353	1	1.0004001600640257e-4	0.2255902360944378	1685
1354	1	1.0004001600640257e-4	0.22569027611044418	1686
1355	1	1.0004001600640257e-4	0.2257903161264506	1687
1356	1	1.0004001600640257e-4	0.225890356142457	1688
1357	1	1.0004001600640257e-4	0.2259903961584634	1689
1358	1	1.0004001600640257e-4	0.2260904361744698	1690
1359	1	1.0004001600640257e-4	0.2261904761904762	1691
1360	1	1.0004001600640257e-4	0.2262905162064826	1692
1361	1	1.0004001600640257e-4	0.22639055622248902	1693
1362	1	1.0004001600640257e-4	0.2264905962384954	1694
1363	1	1.0004001600640257e-4	0.22659063625450182	1695
1364	1	1.0004001600640257e-4	0.2266906762705082	1696
1365	1	1.0004001600640257e-4	0.22679071628651462	1697
1366	1	1.0004001600640257e-4	0.226890756302521	1698
1367	1	1.0004001600640257e-4	0.22699079631852742	1699
1369	1	1.0004001600640257e-4	0.22709083633453384	1700
1370	1	1.0004001600640257e-4	0.22719087635054022	1701
1371	1	1.0004001600640257e-4	0.22729091636654664	1702
1372	1	1.0004001600640257e-4	0.22739095638255302	1703
1373	1	1.0004001600640257e-4	0.22749099639855944	1704
1374	1	1.0004001600640257e-4	0.22759103641456585	1705
1375	1	1.0004001600640257e-4	0.22769107643057224	1706
1376	1	1.0004001600640257e-4	0.22779111644657865	1707
1377	1	1.0004001600640257e-4	0.22789115646258504	1708
1378	1	1.0004001600640257e-4	0.22799119647859145	1709
1379	1	1.0004001600640257e-4	0.22809123649459784	1710
1380	1	1.0004001600640257e-4	0.22819127651060425	1711
1381	1	1.0004001600640257e-4	0.22829131652661067	1712
1382	1	1.0004001600640257e-4	0.22839135654261705	1713
1383	1	1.0004001600640257e-4	0.22849139655862347	1714
1384	1	1.0004001600640257e-4	0.22859143657462985	1715
1385	1	1.0004001600640257e-4	0.22869147659063627	1716
1386	1	1.0004001600640257e-4	0.22879151660664268	1717
1387	1	1.0004001600640257e-4	0.22889155662264907	1718
1388	1	1.0004001600640257e-4	0.22899159663865548	1719
1389	1	1.0004001600640257e-4	0.22909163665466187	1720
1390	1	1.0004001600640257e-4	0.22919167667066828	1721
1391	1	1.0004001600640257e-4	0.2292917166866747	1722
1392	1	1.0004001600640257e-4	0.22939175670268108	1723
1393	1	1.0004001600640257e-4	0.2294917967186875	1724
1394	1	1.0004001600640257e-4	0.22959183673469388	1725
1395	1	1.0004001600640257e-4	0.2296918767507003	1726
1396	1	1.0004001600640257e-4	0.22979191676670668	1727
1397	1	1.0004001600640257e-4	0.2298919567827131	1728
1398	1	1.0004001600640257e-4	0.2299919967987195	1729
1400	1	1.0004001600640257e-4	0.2300920368147259	1730
1401	1	1.0004001600640257e-4	0.2301920768307323	1731
1402	1	1.0004001600640257e-4	0.2302921168467387	1732
1403	1	1.0004001600640257e-4	0.2303921568627451	1733
1404	1	1.0004001600640257e-4	0.23049219687875153	1734
1405	1	1.0004001600640257e-4	0.2305922368947579	1735
1406	1	1.0004001600640257e-4	0.23069227691076433	1736
1407	1	1.0004001600640257e-4	0.2307923169267707	1737
1408	1	1.0004001600640257e-4	0.23089235694277713	1738
1409	1	1.0004001600640257e-4	0.2309923969587835	1739
1410	1	1.0004001600640257e-4	0.23109243697478993	1740
1411	1	1.0004001600640257e-4	0.23119247699079634	1741
1412	1	1.0004001600640257e-4	0.23129251700680273	1742
1413	1	1.0004001600640257e-4	0.23139255702280914	1743
1414	1	1.0004001600640257e-4	0.23149259703881553	1744
1415	1	1.0004001600640257e-4	0.23159263705482194	1745
1416	1	1.0004001600640257e-4	0.23169267707082836	1746
1417	1	1.0004001600640257e-4	0.23179271708683474	1747
1418	1	1.0004001600640257e-4	0.23189275710284116	1748
1419	1	1.0004001600640257e-4	0.23199279711884754	1749
1420	1	1.0004001600640257e-4	0.23209283713485396	1750
1421	1	1.0004001600640257e-4	0.23219287715086034	1751
1422	1	1.0004001600640257e-4	0.23229291716686676	1752
1423	1	1.0004001600640257e-4	0.23239295718287317	1753
1424	1	1.0004001600640257e-4	0.23249299719887956	1754
1425	1	1.0004001600640257e-4	0.23259303721488597	1755
1426	1	1.0004001600640257e-4	0.23269307723089236	1756
1427	1	1.0004001600640257e-4	0.23279311724689877	1757
1428	1	1.0004001600640257e-4	0.2328931572629052	1758
1429	1	1.0004001600640257e-4	0.23299319727891157	1759
1430	1	1.0004001600640257e-4	0.233093237294918	1760
1431	1	1.0004001600640257e-4	0.23319327731092437	1761
1432	1	1.0004001600640257e-4	0.2332933173269308	1762
1433	1	1.0004001600640257e-4	0.23339335734293717	1763
1434	1	1.0004001600640257e-4	0.2334933973589436	1764
1435	1	1.0004001600640257e-4	0.23359343737495	1765
1436	1	1.0004001600640257e-4	0.2336934773909564	1766
1437	1	1.0004001600640257e-4	0.2337935174069628	1767
1438	1	1.0004001600640257e-4	0.2338935574229692	1768
1439	1	1.0004001600640257e-4	0.2339935974389756	1769
1440	1	1.0004001600640257e-4	0.23409363745498202	1770
1441	1	1.0004001600640257e-4	0.2341936774709884	1771
1442	1	1.0004001600640257e-4	0.23429371748699482	1772
1443	1	1.0004001600640257e-4	0.2343937575030012	1773
1444	1	1.0004001600640257e-4	0.23449379751900762	1774
1445	1	1.0004001600640257e-4	0.234593837535014	1775
1446	1	1.0004001600640257e-4	0.23469387755102042	1776
1447	1	1.0004001600640257e-4	0.23479391756702683	1777
1448	1	1.0004001600640257e-4	0.23489395758303322	1778
1449	1	1.0004001600640257e-4	0.23499399759903963	1779
1450	1	1.0004001600640257e-4	0.23509403761504602	1780
1451	1	1.0004001600640257e-4	0.23519407763105243	1781
1452	1	1.0004001600640257e-4	0.23529411764705885	1782
1453	1	1.0004001600640257e-4	0.23539415766306523	1783
1454	1	1.0004001600640257e-4	0.23549419767907165	1784
1455	1	1.0004001600640257e-4	0.23559423769507803	1785
1456	1	1.0004001600640257e-4	0.23569427771108445	1786
1457	1	1.0004001600640257e-4	0.23579431772709084	1787
1458	1	1.0004001600640257e-4	0.23589435774309725	1788
1459	1	1.0004001600640257e-4	0.23599439775910366	1789
1460	1	1.0004001600640257e-4	0.23609443777511005	1790
1461	1	1.0004001600640257e-4	0.23619447779111646	1791
1462	1	1.0004001600640257e-4	0.23629451780712285	1792
1463	1	1.0004001600640257e-4	0.23639455782312926	1793
1465	1	1.0004001600640257e-4	0.23649459783913568	1794
1466	1	1.0004001600640257e-4	0.23659463785514206	1795
1467	1	1.0004001600640257e-4	0.23669467787114848	1796
1468	1	1.0004001600640257e-4	0.23679471788715487	1797
1469	1	1.0004001600640257e-4	0.23689475790316128	1798
1470	1	1.0004001600640257e-4	0.2369947979191677	1799
1471	1	1.0004001600640257e-4	0.23709483793517408	1800
1472	1	1.0004001600640257e-4	0.2371948779511805	1801
1473	1	1.0004001600640257e-4	0.23729491796718688	1802
1474	1	1.0004001600640257e-4	0.2373949579831933	1803
1475	1	1.0004001600640257e-4	0.23749499799919968	1804
1476	1	1.0004001600640257e-4	0.2375950380152061	1805
1477	1	1.0004001600640257e-4	0.2376950780312125	1806
1478	1	1.0004001600640257e-4	0.2377951180472189	1807
1479	1	1.0004001600640257e-4	0.2378951580632253	1808
1480	1	1.0004001600640257e-4	0.2379951980792317	1809
1481	1	1.0004001600640257e-4	0.2380952380952381	1810
1482	1	1.0004001600640257e-4	0.23819527811124452	1811
1483	1	1.0004001600640257e-4	0.2382953181272509	1812
1484	1	1.0004001600640257e-4	0.23839535814325732	1813
1485	1	1.0004001600640257e-4	0.2384953981592637	1814
1487	1	1.0004001600640257e-4	0.23859543817527012	1815
1488	1	1.0004001600640257e-4	0.2386954781912765	1816
1489	1	1.0004001600640257e-4	0.23879551820728293	1817
1490	1	1.0004001600640257e-4	0.23889555822328934	1818
1492	1	1.0004001600640257e-4	0.23899559823929573	1819
1493	1	1.0004001600640257e-4	0.23909563825530214	1820
1494	1	1.0004001600640257e-4	0.23919567827130853	1821
1495	1	1.0004001600640257e-4	0.23929571828731494	1822
1496	1	1.0004001600640257e-4	0.23939575830332135	1823
1497	1	1.0004001600640257e-4	0.23949579831932774	1824
1499	1	1.0004001600640257e-4	0.23959583833533415	1825
1500	1	1.0004001600640257e-4	0.23969587835134054	1826
1501	1	1.0004001600640257e-4	0.23979591836734696	1827
1502	1	1.0004001600640257e-4	0.23989595838335334	1828
1503	1	1.0004001600640257e-4	0.23999599839935976	1829
1504	1	1.0004001600640257e-4	0.24009603841536617	1830
1505	1	1.0004001600640257e-4	0.24019607843137256	1831
1506	1	1.0004001600640257e-4	0.24029611844737897	1832
1507	1	1.0004001600640257e-4	0.24039615846338536	1833
1508	1	1.0004001600640257e-4	0.24049619847939177	1834
1509	1	1.0004001600640257e-4	0.24059623849539818	1835
1510	1	1.0004001600640257e-4	0.24069627851140457	1836
1511	1	1.0004001600640257e-4	0.24079631852741099	1837
1512	1	1.0004001600640257e-4	0.24089635854341737	1838
1513	1	1.0004001600640257e-4	0.24099639855942379	1839
1514	1	1.0004001600640257e-4	0.24109643857543017	1840
1515	1	1.0004001600640257e-4	0.24119647859143659	1841
1516	1	1.0004001600640257e-4	0.241296518607443	1842
1517	1	1.0004001600640257e-4	0.2413965586234494	1843
1518	1	1.0004001600640257e-4	0.2414965986394558	1844
1519	1	1.0004001600640257e-4	0.2415966386554622	1845
1520	1	1.0004001600640257e-4	0.2416966786714686	1846
1521	1	1.0004001600640257e-4	0.24179671868747502	1847
1522	1	1.0004001600640257e-4	0.2418967587034814	1848
1523	1	1.0004001600640257e-4	0.24199679871948782	1849
1524	1	1.0004001600640257e-4	0.2420968387354942	1850
1525	1	1.0004001600640257e-4	0.24219687875150062	1851
1526	1	1.0004001600640257e-4	0.242296918767507	1852
1527	1	1.0004001600640257e-4	0.24239695878351342	1853
1528	1	1.0004001600640257e-4	0.24249699879951983	1854
1529	1	1.0004001600640257e-4	0.24259703881552622	1855
1530	1	1.0004001600640257e-4	0.24269707883153263	1856
1531	1	1.0004001600640257e-4	0.24279711884753902	1857
1532	1	1.0004001600640257e-4	0.24289715886354543	1858
1533	1	1.0004001600640257e-4	0.24299719887955185	1859
1535	1	1.0004001600640257e-4	0.24309723889555823	1860
1536	1	1.0004001600640257e-4	0.24319727891156465	1861
1537	1	1.0004001600640257e-4	0.24329731892757103	1862
1538	1	1.0004001600640257e-4	0.24339735894357745	1863
1539	1	1.0004001600640257e-4	0.24349739895958386	1864
1540	1	1.0004001600640257e-4	0.24359743897559025	1865
1541	1	1.0004001600640257e-4	0.24369747899159666	1866
1542	1	1.0004001600640257e-4	0.24379751900760305	1867
1543	1	1.0004001600640257e-4	0.24389755902360946	1868
1544	1	1.0004001600640257e-4	0.24399759903961585	1869
1545	1	1.0004001600640257e-4	0.24409763905562226	1870
1546	1	1.0004001600640257e-4	0.24419767907162868	1871
1547	1	1.0004001600640257e-4	0.24429771908763506	1872
1548	1	1.0004001600640257e-4	0.24439775910364148	1873
1549	1	1.0004001600640257e-4	0.24449779911964786	1874
1550	1	1.0004001600640257e-4	0.24459783913565428	1875
1551	1	1.0004001600640257e-4	0.2446978791516607	1876
1552	1	1.0004001600640257e-4	0.24479791916766708	1877
1553	1	1.0004001600640257e-4	0.2448979591836735	1878
1554	1	1.0004001600640257e-4	0.24499799919967988	1879
1555	1	1.0004001600640257e-4	0.2450980392156863	1880
1556	1	1.0004001600640257e-4	0.24519807923169268	1881
1557	1	1.0004001600640257e-4	0.2452981192476991	1882
1558	1	1.0004001600640257e-4	0.2453981592637055	1883
1559	1	1.0004001600640257e-4	0.2454981992797119	1884
1560	1	1.0004001600640257e-4	0.2455982392957183	1885
1561	1	1.0004001600640257e-4	0.2456982793117247	1886
1562	1	1.0004001600640257e-4	0.2457983193277311	1887
1563	1	1.0004001600640257e-4	0.24589835934373752	1888
1564	1	1.0004001600640257e-4	0.2459983993597439	1889
1565	1	1.0004001600640257e-4	0.24609843937575032	1890
1566	1	1.0004001600640257e-4	0.2461984793917567	1891
1567	1	1.0004001600640257e-4	0.24629851940776312	1892
1568	1	1.0004001600640257e-4	0.2463985594237695	1893
1569	1	1.0004001600640257e-4	0.24649859943977592	1894
1570	1	1.0004001600640257e-4	0.24659863945578234	1895
1571	1	1.0004001600640257e-4	0.24669867947178872	1896
1572	1	1.0004001600640257e-4	0.24679871948779514	1897
1573	1	1.0004001600640257e-4	0.24689875950380152	1898
1574	1	1.0004001600640257e-4	0.24699879951980794	1899
1575	1	1.0004001600640257e-4	0.24709883953581435	1900
1576	1	1.0004001600640257e-4	0.24719887955182074	1901
1577	1	1.0004001600640257e-4	0.24729891956782715	1902
1578	1	1.0004001600640257e-4	0.24739895958383354	1903
1579	1	1.0004001600640257e-4	0.24749899959983995	1904
1580	1	1.0004001600640257e-4	0.24759903961584634	1905
1581	1	1.0004001600640257e-4	0.24769907963185275	1906
1582	1	1.0004001600640257e-4	0.24779911964785917	1907
1583	1	1.0004001600640257e-4	0.24789915966386555	1908
1584	1	1.0004001600640257e-4	0.24799919967987197	1909
1585	1	1.0004001600640257e-4	0.24809923969587835	1910
1586	1	1.0004001600640257e-4	0.24819927971188477	1911
1587	1	1.0004001600640257e-4	0.24829931972789118	1912
1588	1	1.0004001600640257e-4	0.24839935974389757	1913
1589	1	1.0004001600640257e-4	0.24849939975990398	1914
1590	1	1.0004001600640257e-4	0.24859943977591037	1915
1591	1	1.0004001600640257e-4	0.24869947979191678	1916
1592	1	1.0004001600640257e-4	0.24879951980792317	1917
1593	1	1.0004001600640257e-4	0.24889955982392958	1918
1594	1	1.0004001600640257e-4	0.248999599839936	1919
1595	1	1.0004001600640257e-4	0.24909963985594238	1920
1596	1	1.0004001600640257e-4	0.2491996798719488	1921
1597	1	1.0004001600640257e-4	0.24929971988795518	1922
1598	1	1.0004001600640257e-4	0.2493997599039616	1923
1599	1	1.0004001600640257e-4	0.249499799919968	1924
1600	1	1.0004001600640257e-4	0.2495998399359744	1925
1601	1	1.0004001600640257e-4	0.2496998799519808	1926
1602	1	1.0004001600640257e-4	0.2497999199679872	1927
1603	1	1.0004001600640257e-4	0.2498999599839936	1928
1604	1	1.0004001600640257e-4	0.25	1929
1605	1	1.0004001600640257e-4	0.25010004001600644	1930
1606	1	1.0004001600640257e-4	0.25020008003201283	1931
1607	1	1.0004001600640257e-4	0.2503001200480192	1932
1608	1	1.0004001600640257e-4	0.2504001600640256	1933
1609	1	1.0004001600640257e-4	0.25050020008003204	1934
1610	1	1.0004001600640257e-4	0.25060024009603843	1935
1611	1	1.0004001600640257e-4	0.2507002801120448	1936
1612	1	1.0004001600640257e-4	0.25080032012805126	1937
1613	1	1.0004001600640257e-4	0.25090036014405764	1938
1614	1	1.0004001600640257e-4	0.25100040016006403	1939
1615	1	1.0004001600640257e-4	0.2511004401760704	1940
1616	1	1.0004001600640257e-4	0.25120048019207686	1941
1617	1	1.0004001600640257e-4	0.25130052020808324	1942
1618	1	1.0004001600640257e-4	0.25140056022408963	1943
1619	1	1.0004001600640257e-4	0.2515006002400961	1944
1620	1	1.0004001600640257e-4	0.25160064025610246	1945
1621	1	1.0004001600640257e-4	0.25170068027210885	1946
1622	1	1.0004001600640257e-4	0.2518007202881153	1947
1623	1	1.0004001600640257e-4	0.2519007603041217	1948
1624	1	1.0004001600640257e-4	0.25200080032012806	1949
1625	1	1.0004001600640257e-4	0.25210084033613445	1950
1626	1	1.0004001600640257e-4	0.2522008803521409	1951
1627	1	1.0004001600640257e-4	0.2523009203681473	1952
1628	1	1.0004001600640257e-4	0.25240096038415366	1953
1629	1	1.0004001600640257e-4	0.2525010004001601	1954
1631	1	1.0004001600640257e-4	0.2526010404161665	1955
1632	1	1.0004001600640257e-4	0.2527010804321729	1956
1634	1	1.0004001600640257e-4	0.25280112044817926	1957
1635	1	1.0004001600640257e-4	0.2529011604641857	1958
1636	1	1.0004001600640257e-4	0.2530012004801921	1959
1638	1	1.0004001600640257e-4	0.2531012404961985	1960
1639	1	1.0004001600640257e-4	0.2532012805122049	1961
1640	1	1.0004001600640257e-4	0.2533013205282113	1962
1641	1	1.0004001600640257e-4	0.2534013605442177	1963
1642	1	1.0004001600640257e-4	0.2535014005602241	1964
1643	1	1.0004001600640257e-4	0.2536014405762305	1965
1644	1	1.0004001600640257e-4	0.2537014805922369	1966
1645	1	1.0004001600640257e-4	0.2538015206082433	1967
1646	1	1.0004001600640257e-4	0.25390156062424973	1968
1647	1	1.0004001600640257e-4	0.2540016006402561	1969
1648	1	1.0004001600640257e-4	0.2541016406562625	1970
1649	1	1.0004001600640257e-4	0.25420168067226895	1971
1652	1	1.0004001600640257e-4	0.25430172068827533	1972
1655	1	1.0004001600640257e-4	0.2544017607042817	1973
1656	1	1.0004001600640257e-4	0.2545018007202881	1974
1657	1	1.0004001600640257e-4	0.25460184073629455	1975
1658	1	1.0004001600640257e-4	0.25470188075230094	1976
1659	1	1.0004001600640257e-4	0.2548019207683073	1977
1660	1	1.0004001600640257e-4	0.25490196078431376	1978
1662	1	1.0004001600640257e-4	0.25500200080032015	1979
1663	1	1.0004001600640257e-4	0.25510204081632654	1980
1664	1	1.0004001600640257e-4	0.2552020808323329	1981
1665	1	1.0004001600640257e-4	0.25530212084833936	1982
1667	1	1.0004001600640257e-4	0.25540216086434575	1983
1668	1	1.0004001600640257e-4	0.25550220088035214	1984
1669	1	1.0004001600640257e-4	0.2556022408963586	1985
1670	1	1.0004001600640257e-4	0.25570228091236497	1986
1671	1	1.0004001600640257e-4	0.25580232092837135	1987
1672	1	1.0004001600640257e-4	0.25590236094437774	1988
1673	1	1.0004001600640257e-4	0.2560024009603842	1989
1674	1	1.0004001600640257e-4	0.25610244097639057	1990
1675	1	1.0004001600640257e-4	0.25620248099239695	1991
1676	1	1.0004001600640257e-4	0.2563025210084034	1992
1677	1	1.0004001600640257e-4	0.2564025610244098	1993
1678	1	1.0004001600640257e-4	0.25650260104041617	1994
1679	1	1.0004001600640257e-4	0.2566026410564226	1995
1680	1	1.0004001600640257e-4	0.256702681072429	1996
1681	1	1.0004001600640257e-4	0.2568027210884354	1997
1682	1	1.0004001600640257e-4	0.25690276110444177	1998
1683	1	1.0004001600640257e-4	0.2570028011204482	1999
1684	1	1.0004001600640257e-4	0.2571028411364546	2000
1685	1	1.0004001600640257e-4	0.257202881152461	2001
1686	1	1.0004001600640257e-4	0.2573029211684674	2002
1687	1	1.0004001600640257e-4	0.2574029611844738	2003
1688	1	1.0004001600640257e-4	0.2575030012004802	2004
1689	1	1.0004001600640257e-4	0.2576030412164866	2005
1690	1	1.0004001600640257e-4	0.257703081232493	2006
1691	1	1.0004001600640257e-4	0.2578031212484994	2007
1692	1	1.0004001600640257e-4	0.2579031612645058	2008
1693	1	1.0004001600640257e-4	0.25800320128051224	2009
1694	1	1.0004001600640257e-4	0.2581032412965186	2010
1695	1	1.0004001600640257e-4	0.258203281312525	2011
1696	1	1.0004001600640257e-4	0.2583033213285314	2012
1697	1	1.0004001600640257e-4	0.25840336134453784	2013
1698	1	1.0004001600640257e-4	0.2585034013605442	2014
1699	1	1.0004001600640257e-4	0.2586034413765506	2015
1700	1	1.0004001600640257e-4	0.25870348139255706	2016
1701	1	1.0004001600640257e-4	0.25880352140856344	2017
1702	1	1.0004001600640257e-4	0.25890356142456983	2018
1703	1	1.0004001600640257e-4	0.25900360144057627	2019
1704	1	1.0004001600640257e-4	0.25910364145658266	2020
1705	1	1.0004001600640257e-4	0.25920368147258904	2021
1706	1	1.0004001600640257e-4	0.25930372148859543	2022
1707	1	1.0004001600640257e-4	0.25940376150460187	2023
1708	1	1.0004001600640257e-4	0.25950380152060826	2024
1709	1	1.0004001600640257e-4	0.25960384153661464	2025
1710	1	1.0004001600640257e-4	0.2597038815526211	2026
1711	1	1.0004001600640257e-4	0.25980392156862747	2027
1712	1	1.0004001600640257e-4	0.25990396158463386	2028
1713	1	1.0004001600640257e-4	0.26000400160064024	2029
1714	1	1.0004001600640257e-4	0.2601040416166467	2030
1715	1	1.0004001600640257e-4	0.2602040816326531	2031
1716	1	1.0004001600640257e-4	0.26030412164865946	2032
1717	1	1.0004001600640257e-4	0.2604041616646659	2033
1718	1	1.0004001600640257e-4	0.2605042016806723	2034
1719	1	1.0004001600640257e-4	0.2606042416966787	2035
1720	1	1.0004001600640257e-4	0.26070428171268506	2036
1721	1	1.0004001600640257e-4	0.2608043217286915	2037
1722	1	1.0004001600640257e-4	0.2609043617446979	2038
1723	1	1.0004001600640257e-4	0.2610044017607043	2039
1724	1	1.0004001600640257e-4	0.2611044417767107	2040
1725	1	1.0004001600640257e-4	0.2612044817927171	2041
1726	1	1.0004001600640257e-4	0.2613045218087235	2042
1727	1	1.0004001600640257e-4	0.26140456182472993	2043
1728	1	1.0004001600640257e-4	0.2615046018407363	2044
1729	1	1.0004001600640257e-4	0.2616046418567427	2045
1730	1	1.0004001600640257e-4	0.2617046818727491	2046
1731	1	1.0004001600640257e-4	0.26180472188875553	2047
1732	1	1.0004001600640257e-4	0.2619047619047619	2048
1733	1	1.0004001600640257e-4	0.2620048019207683	2049
1734	1	1.0004001600640257e-4	0.26210484193677475	2050
1735	1	1.0004001600640257e-4	0.26220488195278113	2051
1736	1	1.0004001600640257e-4	0.2623049219687875	2052
1737	1	1.0004001600640257e-4	0.2624049619847939	2053
1738	1	1.0004001600640257e-4	0.26250500200080035	2054
1739	1	1.0004001600640257e-4	0.26260504201680673	2055
1740	1	1.0004001600640257e-4	0.2627050820328131	2056
1741	1	1.0004001600640257e-4	0.26280512204881956	2057
1742	1	1.0004001600640257e-4	0.26290516206482595	2058
1743	1	1.0004001600640257e-4	0.26300520208083233	2059
1744	1	1.0004001600640257e-4	0.2631052420968387	2060
1745	1	1.0004001600640257e-4	0.26320528211284516	2061
1746	1	1.0004001600640257e-4	0.26330532212885155	2062
1747	1	1.0004001600640257e-4	0.26340536214485794	2063
1748	1	1.0004001600640257e-4	0.2635054021608644	2064
1749	1	1.0004001600640257e-4	0.26360544217687076	2065
1750	1	1.0004001600640257e-4	0.26370548219287715	2066
1751	1	1.0004001600640257e-4	0.2638055222088836	2067
1752	1	1.0004001600640257e-4	0.26390556222489	2068
1753	1	1.0004001600640257e-4	0.26400560224089636	2069
1754	1	1.0004001600640257e-4	0.26410564225690275	2070
1755	1	1.0004001600640257e-4	0.2642056822729092	2071
1756	1	1.0004001600640257e-4	0.2643057222889156	2072
1757	1	1.0004001600640257e-4	0.26440576230492197	2073
1758	1	1.0004001600640257e-4	0.2645058023209284	2074
1759	1	1.0004001600640257e-4	0.2646058423369348	2075
1760	1	1.0004001600640257e-4	0.2647058823529412	2076
1761	1	1.0004001600640257e-4	0.26480592236894757	2077
1762	1	1.0004001600640257e-4	0.264905962384954	2078
1763	1	1.0004001600640257e-4	0.2650060024009604	2079
1764	1	1.0004001600640257e-4	0.2651060424169668	2080
1765	1	1.0004001600640257e-4	0.2652060824329732	2081
1766	1	1.0004001600640257e-4	0.2653061224489796	2082
1767	1	1.0004001600640257e-4	0.265406162464986	2083
1768	1	1.0004001600640257e-4	0.26550620248099244	2084
1769	1	1.0004001600640257e-4	0.2656062424969988	2085
1770	1	1.0004001600640257e-4	0.2657062825130052	2086
1771	1	1.0004001600640257e-4	0.2658063225290116	2087
1772	1	1.0004001600640257e-4	0.26590636254501804	2088
1773	1	1.0004001600640257e-4	0.2660064025610244	2089
1774	1	1.0004001600640257e-4	0.2661064425770308	2090
1775	1	1.0004001600640257e-4	0.26620648259303725	2091
1776	1	1.0004001600640257e-4	0.26630652260904364	2092
1777	1	1.0004001600640257e-4	0.26640656262505	2093
1778	1	1.0004001600640257e-4	0.2665066026410564	2094
1779	1	1.0004001600640257e-4	0.26660664265706285	2095
1780	1	1.0004001600640257e-4	0.26670668267306924	2096
1781	1	1.0004001600640257e-4	0.2668067226890756	2097
1782	1	1.0004001600640257e-4	0.26690676270508207	2098
1783	1	1.0004001600640257e-4	0.26700680272108845	2099
1784	1	1.0004001600640257e-4	0.26710684273709484	2100
1785	1	1.0004001600640257e-4	0.2672068827531012	2101
1786	1	1.0004001600640257e-4	0.26730692276910767	2102
1787	1	1.0004001600640257e-4	0.26740696278511406	2103
1788	1	1.0004001600640257e-4	0.26750700280112044	2104
1789	1	1.0004001600640257e-4	0.2676070428171269	2105
1790	1	1.0004001600640257e-4	0.26770708283313327	2106
1791	1	1.0004001600640257e-4	0.26780712284913966	2107
1792	1	1.0004001600640257e-4	0.2679071628651461	2108
1793	1	1.0004001600640257e-4	0.2680072028811525	2109
1794	1	1.0004001600640257e-4	0.26810724289715887	2110
1795	1	1.0004001600640257e-4	0.26820728291316526	2111
1796	1	1.0004001600640257e-4	0.2683073229291717	2112
1797	1	1.0004001600640257e-4	0.2684073629451781	2113
1798	1	1.0004001600640257e-4	0.26850740296118447	2114
1799	1	1.0004001600640257e-4	0.2686074429771909	2115
1800	1	1.0004001600640257e-4	0.2687074829931973	2116
1801	1	1.0004001600640257e-4	0.2688075230092037	2117
1802	1	1.0004001600640257e-4	0.2689075630252101	2118
1803	1	1.0004001600640257e-4	0.2690076030412165	2119
1805	1	1.0004001600640257e-4	0.2691076430572229	2120
1806	1	1.0004001600640257e-4	0.2692076830732293	2121
1807	1	1.0004001600640257e-4	0.26930772308923573	2122
1808	1	1.0004001600640257e-4	0.2694077631052421	2123
1809	1	1.0004001600640257e-4	0.2695078031212485	2124
1810	1	1.0004001600640257e-4	0.2696078431372549	2125
1811	1	1.0004001600640257e-4	0.26970788315326133	2126
1812	1	1.0004001600640257e-4	0.2698079231692677	2127
1813	1	1.0004001600640257e-4	0.2699079631852741	2128
1814	1	1.0004001600640257e-4	0.27000800320128054	2129
1815	1	1.0004001600640257e-4	0.27010804321728693	2130
1816	1	1.0004001600640257e-4	0.2702080832332933	2131
1817	1	1.0004001600640257e-4	0.27030812324929976	2132
1818	1	1.0004001600640257e-4	0.27040816326530615	2133
1819	1	1.0004001600640257e-4	0.27050820328131253	2134
1820	1	1.0004001600640257e-4	0.2706082432973189	2135
1821	1	1.0004001600640257e-4	0.27070828331332536	2136
1822	1	1.0004001600640257e-4	0.27080832332933175	2137
1823	1	1.0004001600640257e-4	0.27090836334533813	2138
1824	1	1.0004001600640257e-4	0.2710084033613446	2139
1825	1	1.0004001600640257e-4	0.27110844337735096	2140
1826	1	1.0004001600640257e-4	0.27120848339335735	2141
1827	1	1.0004001600640257e-4	0.27130852340936373	2142
1828	1	1.0004001600640257e-4	0.2714085634253702	2143
1829	1	1.0004001600640257e-4	0.27150860344137656	2144
1830	1	1.0004001600640257e-4	0.27160864345738295	2145
1831	1	1.0004001600640257e-4	0.2717086834733894	2146
1832	1	1.0004001600640257e-4	0.2718087234893958	2147
1833	1	1.0004001600640257e-4	0.27190876350540216	2148
1834	1	1.0004001600640257e-4	0.27200880352140855	2149
1835	1	1.0004001600640257e-4	0.272108843537415	2150
1836	1	1.0004001600640257e-4	0.2722088835534214	2151
1837	1	1.0004001600640257e-4	0.27230892356942776	2152
1838	1	1.0004001600640257e-4	0.2724089635854342	2153
1839	1	1.0004001600640257e-4	0.2725090036014406	2154
1840	1	1.0004001600640257e-4	0.272609043617447	2155
1841	1	1.0004001600640257e-4	0.2727090836334534	2156
1842	1	1.0004001600640257e-4	0.2728091236494598	2157
1843	1	1.0004001600640257e-4	0.2729091636654662	2158
1844	1	1.0004001600640257e-4	0.2730092036814726	2159
1845	1	1.0004001600640257e-4	0.273109243697479	2160
1846	1	1.0004001600640257e-4	0.2732092837134854	2161
1847	1	1.0004001600640257e-4	0.2733093237294918	2162
1848	1	1.0004001600640257e-4	0.27340936374549824	2163
1849	1	1.0004001600640257e-4	0.2735094037615046	2164
1850	1	1.0004001600640257e-4	0.273609443777511	2165
1851	1	1.0004001600640257e-4	0.2737094837935174	2166
1852	1	1.0004001600640257e-4	0.27380952380952384	2167
1853	1	1.0004001600640257e-4	0.2739095638255302	2168
1854	1	1.0004001600640257e-4	0.2740096038415366	2169
1855	1	1.0004001600640257e-4	0.27410964385754305	2170
1856	1	1.0004001600640257e-4	0.27420968387354944	2171
1857	1	1.0004001600640257e-4	0.2743097238895558	2172
1858	1	1.0004001600640257e-4	0.2744097639055622	2173
1859	1	1.0004001600640257e-4	0.27450980392156865	2174
1860	1	1.0004001600640257e-4	0.27460984393757504	2175
1861	1	1.0004001600640257e-4	0.2747098839535814	2176
1862	1	1.0004001600640257e-4	0.27480992396958787	2177
1863	1	1.0004001600640257e-4	0.27490996398559425	2178
1864	1	1.0004001600640257e-4	0.27501000400160064	2179
1865	1	1.0004001600640257e-4	0.2751100440176071	2180
1866	1	1.0004001600640257e-4	0.27521008403361347	2181
1867	1	1.0004001600640257e-4	0.27531012404961985	2182
1868	1	1.0004001600640257e-4	0.27541016406562624	2183
1869	1	1.0004001600640257e-4	0.2755102040816327	2184
1870	1	1.0004001600640257e-4	0.27561024409763907	2185
1871	1	1.0004001600640257e-4	0.27571028411364545	2186
1872	1	1.0004001600640257e-4	0.2758103241296519	2187
1873	1	1.0004001600640257e-4	0.2759103641456583	2188
1874	1	1.0004001600640257e-4	0.27601040416166467	2189
1875	1	1.0004001600640257e-4	0.27611044417767105	2190
1876	1	1.0004001600640257e-4	0.2762104841936775	2191
1877	1	1.0004001600640257e-4	0.2763105242096839	2192
1878	1	1.0004001600640257e-4	0.27641056422569027	2193
1879	1	1.0004001600640257e-4	0.2765106042416967	2194
1880	1	1.0004001600640257e-4	0.2766106442577031	2195
1881	1	1.0004001600640257e-4	0.2767106842737095	2196
1882	1	1.0004001600640257e-4	0.2768107242897159	2197
1884	1	1.0004001600640257e-4	0.2769107643057223	2198
1885	1	1.0004001600640257e-4	0.2770108043217287	2199
1886	1	1.0004001600640257e-4	0.2771108443377351	2200
1888	1	1.0004001600640257e-4	0.2772108843537415	2201
1889	1	1.0004001600640257e-4	0.2773109243697479	2202
1890	1	1.0004001600640257e-4	0.2774109643857543	2203
1891	1	1.0004001600640257e-4	0.27751100440176074	2204
1892	1	1.0004001600640257e-4	0.27761104441776713	2205
1893	1	1.0004001600640257e-4	0.2777110844337735	2206
1894	1	1.0004001600640257e-4	0.2778111244497799	2207
1895	1	1.0004001600640257e-4	0.27791116446578634	2208
1896	1	1.0004001600640257e-4	0.27801120448179273	2209
1897	1	1.0004001600640257e-4	0.2781112444977991	2210
1898	1	1.0004001600640257e-4	0.27821128451380556	2211
1899	1	1.0004001600640257e-4	0.27831132452981194	2212
1900	1	1.0004001600640257e-4	0.27841136454581833	2213
1901	1	1.0004001600640257e-4	0.2785114045618247	2214
1902	1	1.0004001600640257e-4	0.27861144457783116	2215
1903	1	1.0004001600640257e-4	0.27871148459383754	2216
1904	1	1.0004001600640257e-4	0.27881152460984393	2217
1905	1	1.0004001600640257e-4	0.27891156462585037	2218
1906	1	1.0004001600640257e-4	0.27901160464185676	2219
1907	1	1.0004001600640257e-4	0.27911164465786314	2220
1908	1	1.0004001600640257e-4	0.2792116846738696	2221
1909	1	1.0004001600640257e-4	0.279311724689876	2222
1910	1	1.0004001600640257e-4	0.27941176470588236	2223
1911	1	1.0004001600640257e-4	0.27951180472188875	2224
1912	1	1.0004001600640257e-4	0.2796118447378952	2225
1913	1	1.0004001600640257e-4	0.2797118847539016	2226
1914	1	1.0004001600640257e-4	0.27981192476990796	2227
1915	1	1.0004001600640257e-4	0.2799119647859144	2228
1916	1	1.0004001600640257e-4	0.2800120048019208	2229
1917	1	1.0004001600640257e-4	0.2801120448179272	2230
1918	1	1.0004001600640257e-4	0.28021208483393356	2231
1919	1	1.0004001600640257e-4	0.28031212484994	2232
1920	1	1.0004001600640257e-4	0.2804121648659464	2233
1921	1	1.0004001600640257e-4	0.2805122048819528	2234
1922	1	1.0004001600640257e-4	0.2806122448979592	2235
1923	1	1.0004001600640257e-4	0.2807122849139656	2236
1925	1	1.0004001600640257e-4	0.280812324929972	2237
1926	1	1.0004001600640257e-4	0.2809123649459784	2238
1927	1	1.0004001600640257e-4	0.2810124049619848	2239
1928	1	1.0004001600640257e-4	0.2811124449779912	2240
1929	1	1.0004001600640257e-4	0.2812124849939976	2241
1930	1	1.0004001600640257e-4	0.28131252501000403	2242
1931	1	1.0004001600640257e-4	0.2814125650260104	2243
1932	1	1.0004001600640257e-4	0.2815126050420168	2244
1933	1	1.0004001600640257e-4	0.28161264505802325	2245
1934	1	1.0004001600640257e-4	0.28171268507402963	2246
1935	1	1.0004001600640257e-4	0.281812725090036	2247
1936	1	1.0004001600640257e-4	0.2819127651060424	2248
1937	1	1.0004001600640257e-4	0.28201280512204885	2249
1938	1	1.0004001600640257e-4	0.28211284513805523	2250
1939	1	1.0004001600640257e-4	0.2822128851540616	2251
1940	1	1.0004001600640257e-4	0.28231292517006806	2252
1941	1	1.0004001600640257e-4	0.28241296518607445	2253
1942	1	1.0004001600640257e-4	0.28251300520208084	2254
1943	1	1.0004001600640257e-4	0.2826130452180872	2255
1944	1	1.0004001600640257e-4	0.28271308523409366	2256
1945	1	1.0004001600640257e-4	0.28281312525010005	2257
1946	1	1.0004001600640257e-4	0.28291316526610644	2258
1947	1	1.0004001600640257e-4	0.2830132052821129	2259
1948	1	1.0004001600640257e-4	0.28311324529811926	2260
1949	1	1.0004001600640257e-4	0.28321328531412565	2261
1950	1	1.0004001600640257e-4	0.28331332533013204	2262
1951	1	1.0004001600640257e-4	0.2834133653461385	2263
1952	1	1.0004001600640257e-4	0.28351340536214487	2264
1953	1	1.0004001600640257e-4	0.28361344537815125	2265
1954	1	1.0004001600640257e-4	0.2837134853941577	2266
1955	1	1.0004001600640257e-4	0.2838135254101641	2267
1956	1	1.0004001600640257e-4	0.28391356542617047	2268
1957	1	1.0004001600640257e-4	0.2840136054421769	2269
1958	1	1.0004001600640257e-4	0.2841136454581833	2270
1959	1	1.0004001600640257e-4	0.2842136854741897	2271
1960	1	1.0004001600640257e-4	0.28431372549019607	2272
1961	1	1.0004001600640257e-4	0.2844137655062025	2273
1962	1	1.0004001600640257e-4	0.2845138055222089	2274
1963	1	1.0004001600640257e-4	0.2846138455382153	2275
1964	1	1.0004001600640257e-4	0.2847138855542217	2276
1965	1	1.0004001600640257e-4	0.2848139255702281	2277
1966	1	1.0004001600640257e-4	0.2849139655862345	2278
1967	1	1.0004001600640257e-4	0.2850140056022409	2279
1968	1	1.0004001600640257e-4	0.2851140456182473	2280
1969	1	1.0004001600640257e-4	0.2852140856342537	2281
1970	1	1.0004001600640257e-4	0.2853141256502601	2282
1971	1	1.0004001600640257e-4	0.28541416566626654	2283
1972	1	1.0004001600640257e-4	0.2855142056822729	2284
1973	1	1.0004001600640257e-4	0.2856142456982793	2285
1974	1	1.0004001600640257e-4	0.2857142857142857	2286
1975	1	1.0004001600640257e-4	0.28581432573029214	2287
1976	1	1.0004001600640257e-4	0.2859143657462985	2288
1977	1	1.0004001600640257e-4	0.2860144057623049	2289
1978	1	1.0004001600640257e-4	0.28611444577831135	2290
1979	1	1.0004001600640257e-4	0.28621448579431774	2291
1980	1	1.0004001600640257e-4	0.2863145258103241	2292
1981	1	1.0004001600640257e-4	0.28641456582633057	2293
1982	1	1.0004001600640257e-4	0.28651460584233696	2294
1983	1	1.0004001600640257e-4	0.28661464585834334	2295
1985	1	1.0004001600640257e-4	0.28671468587434973	2296
1986	1	1.0004001600640257e-4	0.28681472589035617	2297
1987	1	1.0004001600640257e-4	0.28691476590636256	2298
1988	1	1.0004001600640257e-4	0.28701480592236894	2299
1989	1	1.0004001600640257e-4	0.2871148459383754	2300
1990	1	1.0004001600640257e-4	0.28721488595438177	2301
1991	1	1.0004001600640257e-4	0.28731492597038816	2302
1993	1	1.0004001600640257e-4	0.28741496598639454	2303
1994	1	1.0004001600640257e-4	0.287515006002401	2304
1995	1	1.0004001600640257e-4	0.28761504601840737	2305
1996	1	1.0004001600640257e-4	0.28771508603441376	2306
1997	1	1.0004001600640257e-4	0.2878151260504202	2307
1998	1	1.0004001600640257e-4	0.2879151660664266	2308
1999	1	1.0004001600640257e-4	0.288015206082433	2309
2000	1	1.0004001600640257e-4	0.28811524609843936	2310
2001	1	1.0004001600640257e-4	0.2882152861144458	2311
2002	1	1.0004001600640257e-4	0.2883153261304522	2312
2003	1	1.0004001600640257e-4	0.2884153661464586	2313
2004	1	1.0004001600640257e-4	0.288515406162465	2314
2005	1	1.0004001600640257e-4	0.2886154461784714	2315
2006	1	1.0004001600640257e-4	0.2887154861944778	2316
2007	1	1.0004001600640257e-4	0.28881552621048423	2317
2008	1	1.0004001600640257e-4	0.2889155662264906	2318
2009	1	1.0004001600640257e-4	0.289015606242497	2319
2010	1	1.0004001600640257e-4	0.2891156462585034	2320
2011	1	1.0004001600640257e-4	0.28921568627450983	2321
2012	1	1.0004001600640257e-4	0.2893157262905162	2322
2013	1	1.0004001600640257e-4	0.2894157663065226	2323
2014	1	1.0004001600640257e-4	0.28951580632252905	2324
2015	1	1.0004001600640257e-4	0.28961584633853543	2325
2016	1	1.0004001600640257e-4	0.2897158863545418	2326
2017	1	1.0004001600640257e-4	0.2898159263705482	2327
2018	1	1.0004001600640257e-4	0.28991596638655465	2328
2020	1	1.0004001600640257e-4	0.29001600640256103	2329
2021	1	1.0004001600640257e-4	0.2901160464185674	2330
2022	1	1.0004001600640257e-4	0.29021608643457386	2331
2023	1	1.0004001600640257e-4	0.29031612645058025	2332
2024	1	1.0004001600640257e-4	0.29041616646658663	2333
2025	1	1.0004001600640257e-4	0.2905162064825931	2334
2026	1	1.0004001600640257e-4	0.29061624649859946	2335
2027	1	1.0004001600640257e-4	0.29071628651460585	2336
2028	1	1.0004001600640257e-4	0.29081632653061223	2337
2029	1	1.0004001600640257e-4	0.2909163665466187	2338
2030	1	1.0004001600640257e-4	0.29101640656262506	2339
2032	1	1.0004001600640257e-4	0.29111644657863145	2340
2034	1	1.0004001600640257e-4	0.2912164865946379	2341
2035	1	1.0004001600640257e-4	0.2913165266106443	2342
2036	1	1.0004001600640257e-4	0.29141656662665066	2343
2038	1	1.0004001600640257e-4	0.29151660664265705	2344
2040	1	1.0004001600640257e-4	0.2916166466586635	2345
2041	1	1.0004001600640257e-4	0.2917166866746699	2346
2042	1	1.0004001600640257e-4	0.29181672669067626	2347
2043	1	1.0004001600640257e-4	0.2919167667066827	2348
2044	1	1.0004001600640257e-4	0.2920168067226891	2349
2045	1	1.0004001600640257e-4	0.2921168467386955	2350
2046	1	1.0004001600640257e-4	0.29221688675470187	2351
2047	1	1.0004001600640257e-4	0.2923169267707083	2352
2048	1	1.0004001600640257e-4	0.2924169667867147	2353
2049	1	1.0004001600640257e-4	0.2925170068027211	2354
2050	1	1.0004001600640257e-4	0.2926170468187275	2355
2051	1	1.0004001600640257e-4	0.2927170868347339	2356
2052	1	1.0004001600640257e-4	0.2928171268507403	2357
2053	1	1.0004001600640257e-4	0.29291716686674674	2358
2054	1	1.0004001600640257e-4	0.2930172068827531	2359
2056	1	1.0004001600640257e-4	0.2931172468987595	2360
2057	1	1.0004001600640257e-4	0.2932172869147659	2361
2058	1	1.0004001600640257e-4	0.29331732693077234	2362
2059	1	1.0004001600640257e-4	0.2934173669467787	2363
2060	1	1.0004001600640257e-4	0.2935174069627851	2364
2061	1	1.0004001600640257e-4	0.29361744697879155	2365
2062	1	1.0004001600640257e-4	0.29371748699479794	2366
2063	1	1.0004001600640257e-4	0.2938175270108043	2367
2064	1	1.0004001600640257e-4	0.2939175670268107	2368
2065	1	1.0004001600640257e-4	0.29401760704281715	2369
2066	1	1.0004001600640257e-4	0.29411764705882354	2370
2067	1	1.0004001600640257e-4	0.2942176870748299	2371
2068	1	1.0004001600640257e-4	0.29431772709083637	2372
2069	1	1.0004001600640257e-4	0.29441776710684275	2373
2070	1	1.0004001600640257e-4	0.29451780712284914	2374
2071	1	1.0004001600640257e-4	0.2946178471388555	2375
2072	1	1.0004001600640257e-4	0.29471788715486197	2376
2073	1	1.0004001600640257e-4	0.29481792717086835	2377
2074	1	1.0004001600640257e-4	0.29491796718687474	2378
2075	1	1.0004001600640257e-4	0.2950180072028812	2379
2076	1	1.0004001600640257e-4	0.29511804721888757	2380
2077	1	1.0004001600640257e-4	0.29521808723489396	2381
2078	1	1.0004001600640257e-4	0.2953181272509004	2382
2079	1	1.0004001600640257e-4	0.2954181672669068	2383
2080	1	1.0004001600640257e-4	0.29551820728291317	2384
2081	1	1.0004001600640257e-4	0.29561824729891956	2385
2082	1	1.0004001600640257e-4	0.295718287314926	2386
2083	1	1.0004001600640257e-4	0.2958183273309324	2387
2084	1	1.0004001600640257e-4	0.29591836734693877	2388
2085	1	1.0004001600640257e-4	0.2960184073629452	2389
2086	1	1.0004001600640257e-4	0.2961184473789516	2390
2087	1	1.0004001600640257e-4	0.296218487394958	2391
2088	1	1.0004001600640257e-4	0.29631852741096437	2392
2089	1	1.0004001600640257e-4	0.2964185674269708	2393
2090	1	1.0004001600640257e-4	0.2965186074429772	2394
2091	1	1.0004001600640257e-4	0.2966186474589836	2395
2092	1	1.0004001600640257e-4	0.29671868747499003	2396
2093	1	1.0004001600640257e-4	0.2968187274909964	2397
2094	1	1.0004001600640257e-4	0.2969187675070028	2398
2095	1	1.0004001600640257e-4	0.2970188075230092	2399
2096	1	1.0004001600640257e-4	0.29711884753901563	2400
2097	1	1.0004001600640257e-4	0.297218887555022	2401
2098	1	1.0004001600640257e-4	0.2973189275710284	2402
2099	1	1.0004001600640257e-4	0.29741896758703484	2403
2101	1	1.0004001600640257e-4	0.29751900760304123	2404
2102	1	1.0004001600640257e-4	0.2976190476190476	2405
2103	1	1.0004001600640257e-4	0.29771908763505406	2406
2104	1	1.0004001600640257e-4	0.29781912765106044	2407
2105	1	1.0004001600640257e-4	0.29791916766706683	2408
2106	1	1.0004001600640257e-4	0.2980192076830732	2409
2107	1	1.0004001600640257e-4	0.29811924769907966	2410
2108	1	1.0004001600640257e-4	0.29821928771508605	2411
2109	1	1.0004001600640257e-4	0.29831932773109243	2412
2110	1	1.0004001600640257e-4	0.2984193677470989	2413
2111	1	1.0004001600640257e-4	0.29851940776310526	2414
2112	1	1.0004001600640257e-4	0.29861944777911165	2415
2114	1	1.0004001600640257e-4	0.29871948779511803	2416
2116	1	1.0004001600640257e-4	0.2988195278111245	2417
2117	1	1.0004001600640257e-4	0.29891956782713086	2418
2118	1	1.0004001600640257e-4	0.29901960784313725	2419
2119	1	1.0004001600640257e-4	0.2991196478591437	2420
2120	1	1.0004001600640257e-4	0.2992196878751501	2421
2121	1	1.0004001600640257e-4	0.29931972789115646	2422
2122	1	1.0004001600640257e-4	0.29941976790716285	2423
2123	1	1.0004001600640257e-4	0.2995198079231693	2424
2124	1	1.0004001600640257e-4	0.2996198479391757	2425
2125	1	1.0004001600640257e-4	0.29971988795518206	2426
2126	1	1.0004001600640257e-4	0.2998199279711885	2427
2127	1	1.0004001600640257e-4	0.2999199679871949	2428
2128	1	1.0004001600640257e-4	0.3000200080032013	2429
2129	1	1.0004001600640257e-4	0.3001200480192077	2430
2130	1	1.0004001600640257e-4	0.3002200880352141	2431
2131	1	1.0004001600640257e-4	0.3003201280512205	2432
2133	1	1.0004001600640257e-4	0.3004201680672269	2433
2134	1	1.0004001600640257e-4	0.3005202080832333	2434
2135	1	1.0004001600640257e-4	0.3006202480992397	2435
2136	1	1.0004001600640257e-4	0.3007202881152461	2436
2137	1	1.0004001600640257e-4	0.30082032813125253	2437
2138	1	1.0004001600640257e-4	0.3009203681472589	2438
2139	1	1.0004001600640257e-4	0.3010204081632653	2439
2140	1	1.0004001600640257e-4	0.3011204481792717	2440
2141	1	1.0004001600640257e-4	0.30122048819527814	2441
2142	1	1.0004001600640257e-4	0.3013205282112845	2442
2143	1	1.0004001600640257e-4	0.3014205682272909	2443
2144	1	1.0004001600640257e-4	0.30152060824329735	2444
2145	1	1.0004001600640257e-4	0.30162064825930374	2445
2146	1	1.0004001600640257e-4	0.3017206882753101	2446
2147	1	1.0004001600640257e-4	0.3018207282913165	2447
2148	1	1.0004001600640257e-4	0.30192076830732295	2448
2149	1	1.0004001600640257e-4	0.30202080832332934	2449
2150	1	1.0004001600640257e-4	0.3021208483393357	2450
2151	1	1.0004001600640257e-4	0.30222088835534217	2451
2152	1	1.0004001600640257e-4	0.30232092837134855	2452
2153	1	1.0004001600640257e-4	0.30242096838735494	2453
2154	1	1.0004001600640257e-4	0.3025210084033614	2454
2155	1	1.0004001600640257e-4	0.30262104841936777	2455
2156	1	1.0004001600640257e-4	0.30272108843537415	2456
2157	1	1.0004001600640257e-4	0.30282112845138054	2457
2158	1	1.0004001600640257e-4	0.302921168467387	2458
2159	1	1.0004001600640257e-4	0.30302120848339337	2459
2160	1	1.0004001600640257e-4	0.30312124849939975	2460
2161	1	1.0004001600640257e-4	0.3032212885154062	2461
2162	1	1.0004001600640257e-4	0.3033213285314126	2462
2163	1	1.0004001600640257e-4	0.30342136854741897	2463
2165	1	1.0004001600640257e-4	0.30352140856342535	2464
2166	1	1.0004001600640257e-4	0.3036214485794318	2465
2167	1	1.0004001600640257e-4	0.3037214885954382	2466
2169	1	1.0004001600640257e-4	0.30382152861144457	2467
2170	1	1.0004001600640257e-4	0.303921568627451	2468
2171	1	1.0004001600640257e-4	0.3040216086434574	2469
2172	1	1.0004001600640257e-4	0.3041216486594638	2470
2173	1	1.0004001600640257e-4	0.3042216886754702	2471
2174	1	1.0004001600640257e-4	0.3043217286914766	2472
2175	1	1.0004001600640257e-4	0.304421768707483	2473
2176	1	1.0004001600640257e-4	0.3045218087234894	2474
2177	1	1.0004001600640257e-4	0.3046218487394958	2475
2178	1	1.0004001600640257e-4	0.3047218887555022	2476
2179	1	1.0004001600640257e-4	0.3048219287715086	2477
2180	1	1.0004001600640257e-4	0.30492196878751504	2478
2181	1	1.0004001600640257e-4	0.3050220088035214	2479
2182	1	1.0004001600640257e-4	0.3051220488195278	2480
2183	1	1.0004001600640257e-4	0.3052220888355342	2481
2184	1	1.0004001600640257e-4	0.30532212885154064	2482
2185	1	1.0004001600640257e-4	0.30542216886754703	2483
2186	1	1.0004001600640257e-4	0.3055222088835534	2484
2187	1	1.0004001600640257e-4	0.30562224889955986	2485
2188	1	1.0004001600640257e-4	0.30572228891556624	2486
2189	1	1.0004001600640257e-4	0.30582232893157263	2487
2190	1	1.0004001600640257e-4	0.305922368947579	2488
2191	1	1.0004001600640257e-4	0.30602240896358546	2489
2192	1	1.0004001600640257e-4	0.30612244897959184	2490
2193	1	1.0004001600640257e-4	0.30622248899559823	2491
2194	1	1.0004001600640257e-4	0.30632252901160467	2492
2195	1	1.0004001600640257e-4	0.30642256902761106	2493
2196	1	1.0004001600640257e-4	0.30652260904361744	2494
2197	1	1.0004001600640257e-4	0.3066226490596239	2495
2198	1	1.0004001600640257e-4	0.3067226890756303	2496
2200	1	1.0004001600640257e-4	0.30682272909163666	2497
2201	1	1.0004001600640257e-4	0.30692276910764305	2498
2202	1	1.0004001600640257e-4	0.3070228091236495	2499
2203	1	1.0004001600640257e-4	0.3071228491396559	2500
2204	1	1.0004001600640257e-4	0.30722288915566226	2501
2205	1	1.0004001600640257e-4	0.3073229291716687	2502
2206	1	1.0004001600640257e-4	0.3074229691876751	2503
2207	1	1.0004001600640257e-4	0.3075230092036815	2504
2208	1	1.0004001600640257e-4	0.30762304921968786	2505
2209	1	1.0004001600640257e-4	0.3077230892356943	2506
2210	1	1.0004001600640257e-4	0.3078231292517007	2507
2211	1	1.0004001600640257e-4	0.3079231692677071	2508
2212	1	1.0004001600640257e-4	0.3080232092837135	2509
2213	1	1.0004001600640257e-4	0.3081232492997199	2510
2214	1	1.0004001600640257e-4	0.3082232893157263	2511
2215	1	1.0004001600640257e-4	0.3083233293317327	2512
2216	1	1.0004001600640257e-4	0.3084233693477391	2513
2217	1	1.0004001600640257e-4	0.3085234093637455	2514
2218	1	1.0004001600640257e-4	0.3086234493797519	2515
2219	1	1.0004001600640257e-4	0.30872348939575833	2516
2220	1	1.0004001600640257e-4	0.3088235294117647	2517
2221	1	1.0004001600640257e-4	0.3089235694277711	2518
2222	1	1.0004001600640257e-4	0.30902360944377755	2519
2224	1	1.0004001600640257e-4	0.30912364945978393	2520
2225	1	1.0004001600640257e-4	0.3092236894757903	2521
2226	1	1.0004001600640257e-4	0.3093237294917967	2522
2227	1	1.0004001600640257e-4	0.30942376950780315	2523
2228	1	1.0004001600640257e-4	0.30952380952380953	2524
2229	1	1.0004001600640257e-4	0.3096238495398159	2525
2231	1	1.0004001600640257e-4	0.30972388955582236	2526
2232	1	1.0004001600640257e-4	0.30982392957182875	2527
2233	1	1.0004001600640257e-4	0.30992396958783514	2528
2234	1	1.0004001600640257e-4	0.3100240096038415	2529
2235	1	1.0004001600640257e-4	0.31012404961984796	2530
2236	1	1.0004001600640257e-4	0.31022408963585435	2531
2237	1	1.0004001600640257e-4	0.31032412965186074	2532
2238	1	1.0004001600640257e-4	0.3104241696678672	2533
2239	1	1.0004001600640257e-4	0.31052420968387356	2534
2240	1	1.0004001600640257e-4	0.31062424969987995	2535
2241	1	1.0004001600640257e-4	0.31072428971588634	2536
2242	1	1.0004001600640257e-4	0.3108243297318928	2537
2243	1	1.0004001600640257e-4	0.31092436974789917	2538
2244	1	1.0004001600640257e-4	0.31102440976390555	2539
2245	1	1.0004001600640257e-4	0.311124449779912	2540
2246	1	1.0004001600640257e-4	0.3112244897959184	2541
2247	1	1.0004001600640257e-4	0.31132452981192477	2542
2248	1	1.0004001600640257e-4	0.3114245698279312	2543
2249	1	1.0004001600640257e-4	0.3115246098439376	2544
2250	1	1.0004001600640257e-4	0.311624649859944	2545
2251	1	1.0004001600640257e-4	0.31172468987595037	2546
2252	1	1.0004001600640257e-4	0.3118247298919568	2547
2253	1	1.0004001600640257e-4	0.3119247699079632	2548
2254	1	1.0004001600640257e-4	0.3120248099239696	2549
2255	1	1.0004001600640257e-4	0.312124849939976	2550
2256	1	1.0004001600640257e-4	0.3122248899559824	2551
2257	1	1.0004001600640257e-4	0.3123249299719888	2552
2258	1	1.0004001600640257e-4	0.3124249699879952	2553
2259	1	1.0004001600640257e-4	0.3125250100040016	2554
2260	1	1.0004001600640257e-4	0.312625050020008	2555
2261	1	1.0004001600640257e-4	0.3127250900360144	2556
2262	1	1.0004001600640257e-4	0.31282513005202084	2557
2263	1	1.0004001600640257e-4	0.3129251700680272	2558
2264	1	1.0004001600640257e-4	0.3130252100840336	2559
2265	1	1.0004001600640257e-4	0.31312525010004	2560
2266	1	1.0004001600640257e-4	0.31322529011604644	2561
2267	1	1.0004001600640257e-4	0.3133253301320528	2562
2268	1	1.0004001600640257e-4	0.3134253701480592	2563
2269	1	1.0004001600640257e-4	0.31352541016406565	2564
2270	1	1.0004001600640257e-4	0.31362545018007204	2565
2271	1	1.0004001600640257e-4	0.3137254901960784	2566
2272	1	1.0004001600640257e-4	0.31382553021208487	2567
2273	1	1.0004001600640257e-4	0.31392557022809126	2568
2274	1	1.0004001600640257e-4	0.31402561024409764	2569
2275	1	1.0004001600640257e-4	0.31412565026010403	2570
2276	1	1.0004001600640257e-4	0.31422569027611047	2571
2277	1	1.0004001600640257e-4	0.31432573029211686	2572
2278	1	1.0004001600640257e-4	0.31442577030812324	2573
2279	1	1.0004001600640257e-4	0.3145258103241297	2574
2280	1	1.0004001600640257e-4	0.31462585034013607	2575
2281	1	1.0004001600640257e-4	0.31472589035614246	2576
2282	1	1.0004001600640257e-4	0.31482593037214884	2577
2283	1	1.0004001600640257e-4	0.3149259703881553	2578
2284	1	1.0004001600640257e-4	0.31502601040416167	2579
2285	1	1.0004001600640257e-4	0.31512605042016806	2580
2286	1	1.0004001600640257e-4	0.3152260904361745	2581
2287	1	1.0004001600640257e-4	0.3153261304521809	2582
2288	1	1.0004001600640257e-4	0.3154261704681873	2583
2289	1	1.0004001600640257e-4	0.3155262104841937	2584
2290	1	1.0004001600640257e-4	0.3156262505002001	2585
2291	1	1.0004001600640257e-4	0.3157262905162065	2586
2292	1	1.0004001600640257e-4	0.3158263305322129	2587
2293	1	1.0004001600640257e-4	0.3159263705482193	2588
2294	1	1.0004001600640257e-4	0.3160264105642257	2589
2295	1	1.0004001600640257e-4	0.3161264505802321	2590
2296	1	1.0004001600640257e-4	0.31622649059623853	2591
2297	1	1.0004001600640257e-4	0.3163265306122449	2592
2298	1	1.0004001600640257e-4	0.3164265706282513	2593
2299	1	1.0004001600640257e-4	0.3165266106442577	2594
2300	1	1.0004001600640257e-4	0.31662665066026413	2595
2301	1	1.0004001600640257e-4	0.3167266906762705	2596
2302	1	1.0004001600640257e-4	0.3168267306922769	2597
2303	1	1.0004001600640257e-4	0.31692677070828335	2598
2304	1	1.0004001600640257e-4	0.31702681072428973	2599
2305	1	1.0004001600640257e-4	0.3171268507402961	2600
2306	1	1.0004001600640257e-4	0.3172268907563025	2601
2307	1	1.0004001600640257e-4	0.31732693077230895	2602
2308	1	1.0004001600640257e-4	0.31742697078831533	2603
2309	1	1.0004001600640257e-4	0.3175270108043217	2604
2310	1	1.0004001600640257e-4	0.31762705082032816	2605
2311	1	1.0004001600640257e-4	0.31772709083633455	2606
2312	1	1.0004001600640257e-4	0.31782713085234093	2607
2314	1	1.0004001600640257e-4	0.3179271708683474	2608
2315	1	1.0004001600640257e-4	0.31802721088435376	2609
2316	1	1.0004001600640257e-4	0.31812725090036015	2610
2317	1	1.0004001600640257e-4	0.31822729091636653	2611
2318	1	1.0004001600640257e-4	0.318327330932373	2612
2319	1	1.0004001600640257e-4	0.31842737094837936	2613
2320	1	1.0004001600640257e-4	0.31852741096438575	2614
2321	1	1.0004001600640257e-4	0.3186274509803922	2615
2322	1	1.0004001600640257e-4	0.3187274909963986	2616
2324	1	1.0004001600640257e-4	0.31882753101240496	2617
2325	1	1.0004001600640257e-4	0.31892757102841135	2618
2326	1	1.0004001600640257e-4	0.3190276110444178	2619
2327	1	1.0004001600640257e-4	0.3191276510604242	2620
2328	1	1.0004001600640257e-4	0.31922769107643056	2621
2329	1	1.0004001600640257e-4	0.319327731092437	2622
2330	1	1.0004001600640257e-4	0.3194277711084434	2623
2331	1	1.0004001600640257e-4	0.3195278111244498	2624
2334	1	1.0004001600640257e-4	0.31962785114045617	2625
2335	1	1.0004001600640257e-4	0.3197278911564626	2626
2336	1	1.0004001600640257e-4	0.319827931172469	2627
2337	1	1.0004001600640257e-4	0.3199279711884754	2628
2338	1	1.0004001600640257e-4	0.3200280112044818	2629
2339	1	1.0004001600640257e-4	0.3201280512204882	2630
2340	1	1.0004001600640257e-4	0.3202280912364946	2631
2341	1	1.0004001600640257e-4	0.32032813125250104	2632
2343	1	1.0004001600640257e-4	0.3204281712685074	2633
2344	1	1.0004001600640257e-4	0.3205282112845138	2634
2345	1	1.0004001600640257e-4	0.3206282513005202	2635
2346	1	1.0004001600640257e-4	0.32072829131652664	2636
2347	1	1.0004001600640257e-4	0.320828331332533	2637
2348	1	1.0004001600640257e-4	0.3209283713485394	2638
2349	1	1.0004001600640257e-4	0.32102841136454585	2639
2350	1	1.0004001600640257e-4	0.32112845138055224	2640
2351	1	1.0004001600640257e-4	0.3212284913965586	2641
2352	1	1.0004001600640257e-4	0.321328531412565	2642
2353	1	1.0004001600640257e-4	0.32142857142857145	2643
2354	1	1.0004001600640257e-4	0.32152861144457784	2644
2355	1	1.0004001600640257e-4	0.3216286514605842	2645
2356	1	1.0004001600640257e-4	0.32172869147659067	2646
2357	1	1.0004001600640257e-4	0.32182873149259705	2647
2358	1	1.0004001600640257e-4	0.32192877150860344	2648
2359	1	1.0004001600640257e-4	0.3220288115246098	2649
2360	1	1.0004001600640257e-4	0.32212885154061627	2650
2361	1	1.0004001600640257e-4	0.32222889155662265	2651
2362	1	1.0004001600640257e-4	0.32232893157262904	2652
2363	1	1.0004001600640257e-4	0.3224289715886355	2653
2364	1	1.0004001600640257e-4	0.32252901160464187	2654
2365	1	1.0004001600640257e-4	0.32262905162064826	2655
2366	1	1.0004001600640257e-4	0.3227290916366547	2656
2367	1	1.0004001600640257e-4	0.3228291316526611	2657
2368	1	1.0004001600640257e-4	0.32292917166866747	2658
2369	1	1.0004001600640257e-4	0.32302921168467386	2659
2370	1	1.0004001600640257e-4	0.3231292517006803	2660
2371	1	1.0004001600640257e-4	0.3232292917166867	2661
2372	1	1.0004001600640257e-4	0.32332933173269307	2662
2373	1	1.0004001600640257e-4	0.3234293717486995	2663
2374	1	1.0004001600640257e-4	0.3235294117647059	2664
2375	1	1.0004001600640257e-4	0.3236294517807123	2665
2376	1	1.0004001600640257e-4	0.32372949179671867	2666
2377	1	1.0004001600640257e-4	0.3238295318127251	2667
2378	1	1.0004001600640257e-4	0.3239295718287315	2668
2379	1	1.0004001600640257e-4	0.3240296118447379	2669
2380	1	1.0004001600640257e-4	0.32412965186074433	2670
2381	1	1.0004001600640257e-4	0.3242296918767507	2671
2382	1	1.0004001600640257e-4	0.3243297318927571	2672
2383	1	1.0004001600640257e-4	0.3244297719087635	2673
2384	1	1.0004001600640257e-4	0.32452981192476993	2674
2385	1	1.0004001600640257e-4	0.3246298519407763	2675
2386	1	1.0004001600640257e-4	0.3247298919567827	2676
2387	1	1.0004001600640257e-4	0.32482993197278914	2677
2389	1	1.0004001600640257e-4	0.32492997198879553	2678
2390	1	1.0004001600640257e-4	0.3250300120048019	2679
2391	1	1.0004001600640257e-4	0.32513005202080836	2680
2392	1	1.0004001600640257e-4	0.32523009203681474	2681
2393	1	1.0004001600640257e-4	0.32533013205282113	2682
2394	1	1.0004001600640257e-4	0.3254301720688275	2683
2395	1	1.0004001600640257e-4	0.32553021208483396	2684
2396	1	1.0004001600640257e-4	0.32563025210084034	2685
2397	1	1.0004001600640257e-4	0.32573029211684673	2686
2398	1	1.0004001600640257e-4	0.3258303321328532	2687
2400	1	1.0004001600640257e-4	0.32593037214885956	2688
2401	1	1.0004001600640257e-4	0.32603041216486595	2689
2402	1	1.0004001600640257e-4	0.32613045218087233	2690
2403	1	1.0004001600640257e-4	0.3262304921968788	2691
2405	1	1.0004001600640257e-4	0.32633053221288516	2692
2406	1	1.0004001600640257e-4	0.32643057222889155	2693
2407	1	1.0004001600640257e-4	0.326530612244898	2694
2408	1	1.0004001600640257e-4	0.3266306522609044	2695
2409	1	1.0004001600640257e-4	0.32673069227691076	2696
2410	1	1.0004001600640257e-4	0.32683073229291715	2697
2411	1	1.0004001600640257e-4	0.3269307723089236	2698
2412	1	1.0004001600640257e-4	0.32703081232493	2699
2413	1	1.0004001600640257e-4	0.32713085234093636	2700
2414	1	1.0004001600640257e-4	0.3272308923569428	2701
2415	1	1.0004001600640257e-4	0.3273309323729492	2702
2416	1	1.0004001600640257e-4	0.3274309723889556	2703
2417	1	1.0004001600640257e-4	0.327531012404962	2704
2418	1	1.0004001600640257e-4	0.3276310524209684	2705
2419	1	1.0004001600640257e-4	0.3277310924369748	2706
2421	1	1.0004001600640257e-4	0.3278311324529812	2707
2423	1	1.0004001600640257e-4	0.3279311724689876	2708
2424	1	1.0004001600640257e-4	0.328031212484994	2709
2426	1	1.0004001600640257e-4	0.3281312525010004	2710
2427	1	1.0004001600640257e-4	0.32823129251700683	2711
2429	1	1.0004001600640257e-4	0.3283313325330132	2712
2430	1	1.0004001600640257e-4	0.3284313725490196	2713
2431	1	1.0004001600640257e-4	0.328531412565026	2714
2432	1	1.0004001600640257e-4	0.32863145258103243	2715
2433	1	1.0004001600640257e-4	0.3287314925970388	2716
2434	1	1.0004001600640257e-4	0.3288315326130452	2717
2435	1	1.0004001600640257e-4	0.32893157262905165	2718
2436	1	1.0004001600640257e-4	0.32903161264505804	2719
2437	1	1.0004001600640257e-4	0.3291316526610644	2720
2438	1	1.0004001600640257e-4	0.32923169267707086	2721
2439	1	1.0004001600640257e-4	0.32933173269307725	2722
2440	1	1.0004001600640257e-4	0.32943177270908364	2723
2441	1	1.0004001600640257e-4	0.32953181272509	2724
2443	1	1.0004001600640257e-4	0.32963185274109646	2725
2444	1	1.0004001600640257e-4	0.32973189275710285	2726
2445	1	1.0004001600640257e-4	0.32983193277310924	2727
2446	1	1.0004001600640257e-4	0.3299319727891157	2728
2447	1	1.0004001600640257e-4	0.33003201280512207	2729
2448	1	1.0004001600640257e-4	0.33013205282112845	2730
2449	1	1.0004001600640257e-4	0.33023209283713484	2731
2450	1	1.0004001600640257e-4	0.3303321328531413	2732
2451	1	1.0004001600640257e-4	0.33043217286914767	2733
2452	1	1.0004001600640257e-4	0.33053221288515405	2734
2453	1	1.0004001600640257e-4	0.3306322529011605	2735
2454	1	1.0004001600640257e-4	0.3307322929171669	2736
2455	1	1.0004001600640257e-4	0.33083233293317327	2737
2456	1	1.0004001600640257e-4	0.33093237294917965	2738
2457	1	1.0004001600640257e-4	0.3310324129651861	2739
2458	1	1.0004001600640257e-4	0.3311324529811925	2740
2459	1	1.0004001600640257e-4	0.33123249299719887	2741
2460	1	1.0004001600640257e-4	0.3313325330132053	2742
2461	1	1.0004001600640257e-4	0.3314325730292117	2743
2462	1	1.0004001600640257e-4	0.3315326130452181	2744
2463	1	1.0004001600640257e-4	0.3316326530612245	2745
2464	1	1.0004001600640257e-4	0.3317326930772309	2746
2465	1	1.0004001600640257e-4	0.3318327330932373	2747
2466	1	1.0004001600640257e-4	0.3319327731092437	2748
2468	1	1.0004001600640257e-4	0.3320328131252501	2749
2469	1	1.0004001600640257e-4	0.3321328531412565	2750
2470	1	1.0004001600640257e-4	0.3322328931572629	2751
2471	1	1.0004001600640257e-4	0.33233293317326934	2752
2472	1	1.0004001600640257e-4	0.3324329731892757	2753
2473	1	1.0004001600640257e-4	0.3325330132052821	2754
2474	1	1.0004001600640257e-4	0.3326330532212885	2755
2475	1	1.0004001600640257e-4	0.33273309323729494	2756
2476	1	1.0004001600640257e-4	0.3328331332533013	2757
2477	1	1.0004001600640257e-4	0.3329331732693077	2758
2478	1	1.0004001600640257e-4	0.33303321328531416	2759
2479	1	1.0004001600640257e-4	0.33313325330132054	2760
2480	1	1.0004001600640257e-4	0.33323329331732693	2761
2481	1	1.0004001600640257e-4	0.3333333333333333	2762
2482	1	1.0004001600640257e-4	0.33343337334933976	2763
2483	1	1.0004001600640257e-4	0.33353341336534614	2764
2484	1	1.0004001600640257e-4	0.33363345338135253	2765
2485	1	1.0004001600640257e-4	0.33373349339735897	2766
2486	1	1.0004001600640257e-4	0.33383353341336536	2767
2487	1	1.0004001600640257e-4	0.33393357342937174	2768
2488	1	1.0004001600640257e-4	0.3340336134453782	2769
2489	1	1.0004001600640257e-4	0.33413365346138457	2770
2490	1	1.0004001600640257e-4	0.33423369347739096	2771
2491	1	1.0004001600640257e-4	0.33433373349339734	2772
2492	1	1.0004001600640257e-4	0.3344337735094038	2773
2493	1	1.0004001600640257e-4	0.3345338135254102	2774
2494	1	1.0004001600640257e-4	0.33463385354141656	2775
2495	1	1.0004001600640257e-4	0.334733893557423	2776
2496	1	1.0004001600640257e-4	0.3348339335734294	2777
2497	1	1.0004001600640257e-4	0.3349339735894358	2778
2498	1	1.0004001600640257e-4	0.33503401360544216	2779
2499	1	1.0004001600640257e-4	0.3351340536214486	2780
2500	1	1.0004001600640257e-4	0.335234093637455	2781
2501	1	1.0004001600640257e-4	0.3353341336534614	2782
2502	1	1.0004001600640257e-4	0.3354341736694678	2783
2503	1	1.0004001600640257e-4	0.3355342136854742	2784
2504	1	1.0004001600640257e-4	0.3356342537014806	2785
2505	1	1.0004001600640257e-4	0.335734293717487	2786
2506	1	1.0004001600640257e-4	0.3358343337334934	2787
2507	1	1.0004001600640257e-4	0.3359343737494998	2788
2508	1	1.0004001600640257e-4	0.3360344137655062	2789
2509	1	1.0004001600640257e-4	0.33613445378151263	2790
2510	1	1.0004001600640257e-4	0.336234493797519	2791
2511	1	1.0004001600640257e-4	0.3363345338135254	2792
2512	1	1.0004001600640257e-4	0.33643457382953185	2793
2513	1	1.0004001600640257e-4	0.33653461384553823	2794
2514	1	1.0004001600640257e-4	0.3366346538615446	2795
2515	1	1.0004001600640257e-4	0.336734693877551	2796
2516	1	1.0004001600640257e-4	0.33683473389355745	2797
2517	1	1.0004001600640257e-4	0.33693477390956383	2798
2518	1	1.0004001600640257e-4	0.3370348139255702	2799
2519	1	1.0004001600640257e-4	0.33713485394157666	2800
2520	1	1.0004001600640257e-4	0.33723489395758305	2801
2521	1	1.0004001600640257e-4	0.33733493397358943	2802
2522	1	1.0004001600640257e-4	0.3374349739895958	2803
2523	1	1.0004001600640257e-4	0.33753501400560226	2804
2524	1	1.0004001600640257e-4	0.33763505402160865	2805
2525	1	1.0004001600640257e-4	0.33773509403761504	2806
2526	1	1.0004001600640257e-4	0.3378351340536215	2807
2527	1	1.0004001600640257e-4	0.33793517406962786	2808
2528	1	1.0004001600640257e-4	0.33803521408563425	2809
2529	1	1.0004001600640257e-4	0.33813525410164064	2810
2530	1	1.0004001600640257e-4	0.3382352941176471	2811
2531	1	1.0004001600640257e-4	0.33833533413365346	2812
2532	1	1.0004001600640257e-4	0.33843537414965985	2813
2533	1	1.0004001600640257e-4	0.3385354141656663	2814
2535	1	1.0004001600640257e-4	0.3386354541816727	2815
2536	1	1.0004001600640257e-4	0.33873549419767907	2816
2537	1	1.0004001600640257e-4	0.3388355342136855	2817
2538	1	1.0004001600640257e-4	0.3389355742296919	2818
2539	1	1.0004001600640257e-4	0.3390356142456983	2819
2540	1	1.0004001600640257e-4	0.33913565426170467	2820
2541	1	1.0004001600640257e-4	0.3392356942777111	2821
2542	1	1.0004001600640257e-4	0.3393357342937175	2822
2543	1	1.0004001600640257e-4	0.3394357743097239	2823
2544	1	1.0004001600640257e-4	0.3395358143257303	2824
2545	1	1.0004001600640257e-4	0.3396358543417367	2825
2547	1	1.0004001600640257e-4	0.3397358943577431	2826
2548	1	1.0004001600640257e-4	0.3398359343737495	2827
2549	1	1.0004001600640257e-4	0.3399359743897559	2828
2550	1	1.0004001600640257e-4	0.3400360144057623	2829
2551	1	1.0004001600640257e-4	0.3401360544217687	2830
2552	1	1.0004001600640257e-4	0.34023609443777514	2831
2553	1	1.0004001600640257e-4	0.3403361344537815	2832
2554	1	1.0004001600640257e-4	0.3404361744697879	2833
2555	1	1.0004001600640257e-4	0.3405362144857943	2834
2556	1	1.0004001600640257e-4	0.34063625450180074	2835
2557	1	1.0004001600640257e-4	0.3407362945178071	2836
2558	1	1.0004001600640257e-4	0.3408363345338135	2837
2559	1	1.0004001600640257e-4	0.34093637454981995	2838
2560	1	1.0004001600640257e-4	0.34103641456582634	2839
2561	1	1.0004001600640257e-4	0.3411364545818327	2840
2562	1	1.0004001600640257e-4	0.34123649459783917	2841
2563	1	1.0004001600640257e-4	0.34133653461384555	2842
2564	1	1.0004001600640257e-4	0.34143657462985194	2843
2565	1	1.0004001600640257e-4	0.3415366146458583	2844
2567	1	1.0004001600640257e-4	0.34163665466186477	2845
2569	1	1.0004001600640257e-4	0.34173669467787116	2846
2570	1	1.0004001600640257e-4	0.34183673469387754	2847
2571	1	1.0004001600640257e-4	0.341936774709884	2848
2572	1	1.0004001600640257e-4	0.34203681472589037	2849
2573	1	1.0004001600640257e-4	0.34213685474189676	2850
2575	1	1.0004001600640257e-4	0.34223689475790314	2851
2576	1	1.0004001600640257e-4	0.3423369347739096	2852
2577	1	1.0004001600640257e-4	0.34243697478991597	2853
2578	1	1.0004001600640257e-4	0.34253701480592236	2854
2579	1	1.0004001600640257e-4	0.3426370548219288	2855
2581	1	1.0004001600640257e-4	0.3427370948379352	2856
2582	1	1.0004001600640257e-4	0.34283713485394157	2857
2583	1	1.0004001600640257e-4	0.342937174869948	2858
2584	1	1.0004001600640257e-4	0.3430372148859544	2859
2585	1	1.0004001600640257e-4	0.3431372549019608	2860
2586	1	1.0004001600640257e-4	0.3432372949179672	2861
2587	1	1.0004001600640257e-4	0.3433373349339736	2862
2588	1	1.0004001600640257e-4	0.34343737494998	2863
2589	1	1.0004001600640257e-4	0.3435374149659864	2864
2590	1	1.0004001600640257e-4	0.34363745498199283	2865
2591	1	1.0004001600640257e-4	0.3437374949979992	2866
2592	1	1.0004001600640257e-4	0.3438375350140056	2867
2593	1	1.0004001600640257e-4	0.343937575030012	2868
2594	1	1.0004001600640257e-4	0.34403761504601843	2869
2595	1	1.0004001600640257e-4	0.3441376550620248	2870
2596	1	1.0004001600640257e-4	0.3442376950780312	2871
2597	1	1.0004001600640257e-4	0.34433773509403764	2872
2601	1	1.0004001600640257e-4	0.34443777511004403	2873
2602	1	1.0004001600640257e-4	0.3445378151260504	2874
2603	1	1.0004001600640257e-4	0.3446378551420568	2875
2604	1	1.0004001600640257e-4	0.34473789515806325	2876
2605	1	1.0004001600640257e-4	0.34483793517406963	2877
2606	1	1.0004001600640257e-4	0.344937975190076	2878
2608	1	1.0004001600640257e-4	0.34503801520608246	2879
2609	1	1.0004001600640257e-4	0.34513805522208885	2880
2610	1	1.0004001600640257e-4	0.34523809523809523	2881
2611	1	1.0004001600640257e-4	0.3453381352541017	2882
2612	1	1.0004001600640257e-4	0.34543817527010806	2883
2613	1	1.0004001600640257e-4	0.34553821528611445	2884
2614	1	1.0004001600640257e-4	0.34563825530212083	2885
2615	1	1.0004001600640257e-4	0.3457382953181273	2886
2616	1	1.0004001600640257e-4	0.34583833533413366	2887
2617	1	1.0004001600640257e-4	0.34593837535014005	2888
2619	1	1.0004001600640257e-4	0.3460384153661465	2889
2620	1	1.0004001600640257e-4	0.3461384553821529	2890
2621	1	1.0004001600640257e-4	0.34623849539815926	2891
2622	1	1.0004001600640257e-4	0.34633853541416565	2892
2623	1	1.0004001600640257e-4	0.3464385754301721	2893
2624	1	1.0004001600640257e-4	0.3465386154461785	2894
2625	1	1.0004001600640257e-4	0.34663865546218486	2895
2626	1	1.0004001600640257e-4	0.3467386954781913	2896
2627	1	1.0004001600640257e-4	0.3468387354941977	2897
2628	1	1.0004001600640257e-4	0.3469387755102041	2898
2629	1	1.0004001600640257e-4	0.34703881552621046	2899
2630	1	1.0004001600640257e-4	0.3471388555422169	2900
2631	1	1.0004001600640257e-4	0.3472388955582233	2901
2632	1	1.0004001600640257e-4	0.3473389355742297	2902
2633	1	1.0004001600640257e-4	0.3474389755902361	2903
2634	1	1.0004001600640257e-4	0.3475390156062425	2904
2635	1	1.0004001600640257e-4	0.3476390556222489	2905
2636	1	1.0004001600640257e-4	0.34773909563825534	2906
2637	1	1.0004001600640257e-4	0.3478391356542617	2907
2638	1	1.0004001600640257e-4	0.3479391756702681	2908
2639	1	1.0004001600640257e-4	0.3480392156862745	2909
2640	1	1.0004001600640257e-4	0.34813925570228094	2910
2641	1	1.0004001600640257e-4	0.3482392957182873	2911
2642	1	1.0004001600640257e-4	0.3483393357342937	2912
2643	1	1.0004001600640257e-4	0.34843937575030015	2913
2644	1	1.0004001600640257e-4	0.34853941576630654	2914
2645	1	1.0004001600640257e-4	0.3486394557823129	2915
2646	1	1.0004001600640257e-4	0.3487394957983193	2916
2647	1	1.0004001600640257e-4	0.34883953581432575	2917
2648	1	1.0004001600640257e-4	0.34893957583033214	2918
2649	1	1.0004001600640257e-4	0.3490396158463385	2919
2650	1	1.0004001600640257e-4	0.34913965586234497	2920
2651	1	1.0004001600640257e-4	0.34923969587835135	2921
2652	1	1.0004001600640257e-4	0.34933973589435774	2922
2653	1	1.0004001600640257e-4	0.3494397759103641	2923
2654	1	1.0004001600640257e-4	0.34953981592637057	2924
2655	1	1.0004001600640257e-4	0.34963985594237695	2925
2656	1	1.0004001600640257e-4	0.34973989595838334	2926
2658	1	1.0004001600640257e-4	0.3498399359743898	2927
2659	1	1.0004001600640257e-4	0.34993997599039617	2928
2660	1	1.0004001600640257e-4	0.35004001600640255	2929
2661	1	1.0004001600640257e-4	0.350140056022409	2930
2662	1	1.0004001600640257e-4	0.3502400960384154	2931
2663	1	1.0004001600640257e-4	0.35034013605442177	2932
2664	1	1.0004001600640257e-4	0.35044017607042816	2933
2665	1	1.0004001600640257e-4	0.3505402160864346	2934
2666	1	1.0004001600640257e-4	0.350640256102441	2935
2667	1	1.0004001600640257e-4	0.35074029611844737	2936
2668	1	1.0004001600640257e-4	0.3508403361344538	2937
2669	1	1.0004001600640257e-4	0.3509403761504602	2938
2670	1	1.0004001600640257e-4	0.3510404161664666	2939
2671	1	1.0004001600640257e-4	0.35114045618247297	2940
2672	1	1.0004001600640257e-4	0.3512404961984794	2941
2673	1	1.0004001600640257e-4	0.3513405362144858	2942
2674	1	1.0004001600640257e-4	0.3514405762304922	2943
2675	1	1.0004001600640257e-4	0.3515406162464986	2944
2676	1	1.0004001600640257e-4	0.351640656262505	2945
2677	1	1.0004001600640257e-4	0.3517406962785114	2946
2678	1	1.0004001600640257e-4	0.3518407362945178	2947
2679	1	1.0004001600640257e-4	0.35194077631052423	2948
2680	1	1.0004001600640257e-4	0.3520408163265306	2949
2681	1	1.0004001600640257e-4	0.352140856342537	2950
2682	1	1.0004001600640257e-4	0.35224089635854344	2951
2683	1	1.0004001600640257e-4	0.35234093637454983	2952
2684	1	1.0004001600640257e-4	0.3524409763905562	2953
2685	1	1.0004001600640257e-4	0.35254101640656266	2954
2686	1	1.0004001600640257e-4	0.35264105642256904	2955
2687	1	1.0004001600640257e-4	0.35274109643857543	2956
2688	1	1.0004001600640257e-4	0.3528411364545818	2957
2689	1	1.0004001600640257e-4	0.35294117647058826	2958
2690	1	1.0004001600640257e-4	0.35304121648659464	2959
2691	1	1.0004001600640257e-4	0.35314125650260103	2960
2692	1	1.0004001600640257e-4	0.3532412965186075	2961
2693	1	1.0004001600640257e-4	0.35334133653461386	2962
2694	1	1.0004001600640257e-4	0.35344137655062025	2963
2695	1	1.0004001600640257e-4	0.35354141656662663	2964
2696	1	1.0004001600640257e-4	0.3536414565826331	2965
2697	1	1.0004001600640257e-4	0.35374149659863946	2966
2698	1	1.0004001600640257e-4	0.35384153661464585	2967
2699	1	1.0004001600640257e-4	0.3539415766306523	2968
2700	1	1.0004001600640257e-4	0.3540416166466587	2969
2701	1	1.0004001600640257e-4	0.35414165666266506	2970
2702	1	1.0004001600640257e-4	0.3542416966786715	2971
2704	1	1.0004001600640257e-4	0.3543417366946779	2972
2705	1	1.0004001600640257e-4	0.3544417767106843	2973
2706	1	1.0004001600640257e-4	0.35454181672669066	2974
2707	1	1.0004001600640257e-4	0.3546418567426971	2975
2708	1	1.0004001600640257e-4	0.3547418967587035	2976
2709	1	1.0004001600640257e-4	0.3548419367747099	2977
2710	1	1.0004001600640257e-4	0.3549419767907163	2978
2711	1	1.0004001600640257e-4	0.3550420168067227	2979
2712	1	1.0004001600640257e-4	0.3551420568227291	2980
2713	1	1.0004001600640257e-4	0.3552420968387355	2981
2714	1	1.0004001600640257e-4	0.3553421368547419	2982
2715	1	1.0004001600640257e-4	0.3554421768707483	2983
2716	1	1.0004001600640257e-4	0.3555422168867547	2984
2717	1	1.0004001600640257e-4	0.35564225690276113	2985
2718	1	1.0004001600640257e-4	0.3557422969187675	2986
2719	1	1.0004001600640257e-4	0.3558423369347739	2987
2720	1	1.0004001600640257e-4	0.3559423769507803	2988
2721	1	1.0004001600640257e-4	0.35604241696678673	2989
2722	1	1.0004001600640257e-4	0.3561424569827931	2990
2723	1	1.0004001600640257e-4	0.3562424969987995	2991
2724	1	1.0004001600640257e-4	0.35634253701480595	2992
2725	1	1.0004001600640257e-4	0.35644257703081234	2993
2726	1	1.0004001600640257e-4	0.3565426170468187	2994
2727	1	1.0004001600640257e-4	0.35664265706282516	2995
2728	1	1.0004001600640257e-4	0.35674269707883155	2996
2729	1	1.0004001600640257e-4	0.35684273709483794	2997
2730	1	1.0004001600640257e-4	0.3569427771108443	2998
2731	1	1.0004001600640257e-4	0.35704281712685076	2999
2733	1	1.0004001600640257e-4	0.35714285714285715	3000
2734	1	1.0004001600640257e-4	0.35724289715886354	3001
2735	1	1.0004001600640257e-4	0.35734293717487	3002
2736	1	1.0004001600640257e-4	0.35744297719087637	3003
2737	1	1.0004001600640257e-4	0.35754301720688275	3004
2738	1	1.0004001600640257e-4	0.35764305722288914	3005
2739	1	1.0004001600640257e-4	0.3577430972388956	3006
2740	1	1.0004001600640257e-4	0.35784313725490197	3007
2741	1	1.0004001600640257e-4	0.35794317727090835	3008
2742	1	1.0004001600640257e-4	0.3580432172869148	3009
2743	1	1.0004001600640257e-4	0.3581432573029212	3010
2744	1	1.0004001600640257e-4	0.35824329731892757	3011
2745	1	1.0004001600640257e-4	0.35834333733493395	3012
2746	1	1.0004001600640257e-4	0.3584433773509404	3013
2747	1	1.0004001600640257e-4	0.3585434173669468	3014
2748	1	1.0004001600640257e-4	0.35864345738295317	3015
2749	1	1.0004001600640257e-4	0.3587434973989596	3016
2750	1	1.0004001600640257e-4	0.358843537414966	3017
2751	1	1.0004001600640257e-4	0.3589435774309724	3018
2752	1	1.0004001600640257e-4	0.3590436174469788	3019
2753	1	1.0004001600640257e-4	0.3591436574629852	3020
2754	1	1.0004001600640257e-4	0.3592436974789916	3021
2755	1	1.0004001600640257e-4	0.359343737494998	3022
2756	1	1.0004001600640257e-4	0.3594437775110044	3023
2757	1	1.0004001600640257e-4	0.3595438175270108	3024
2758	1	1.0004001600640257e-4	0.3596438575430172	3025
2759	1	1.0004001600640257e-4	0.35974389755902364	3026
2760	1	1.0004001600640257e-4	0.35984393757503	3027
2761	1	1.0004001600640257e-4	0.3599439775910364	3028
2762	1	1.0004001600640257e-4	0.3600440176070428	3029
2763	1	1.0004001600640257e-4	0.36014405762304924	3030
2764	1	1.0004001600640257e-4	0.3602440976390556	3031
2765	1	1.0004001600640257e-4	0.360344137655062	3032
2766	1	1.0004001600640257e-4	0.36044417767106846	3033
2767	1	1.0004001600640257e-4	0.36054421768707484	3034
2768	1	1.0004001600640257e-4	0.36064425770308123	3035
2769	1	1.0004001600640257e-4	0.3607442977190876	3036
2770	1	1.0004001600640257e-4	0.36084433773509406	3037
2771	1	1.0004001600640257e-4	0.36094437775110044	3038
2772	1	1.0004001600640257e-4	0.36104441776710683	3039
2773	1	1.0004001600640257e-4	0.36114445778311327	3040
2774	1	1.0004001600640257e-4	0.36124449779911966	3041
2775	1	1.0004001600640257e-4	0.36134453781512604	3042
2776	1	1.0004001600640257e-4	0.3614445778311325	3043
2777	1	1.0004001600640257e-4	0.36154461784713887	3044
2778	1	1.0004001600640257e-4	0.36164465786314526	3045
2779	1	1.0004001600640257e-4	0.36174469787915164	3046
2780	1	1.0004001600640257e-4	0.3618447378951581	3047
2781	1	1.0004001600640257e-4	0.3619447779111645	3048
2782	1	1.0004001600640257e-4	0.36204481792717086	3049
2783	1	1.0004001600640257e-4	0.3621448579431773	3050
2784	1	1.0004001600640257e-4	0.3622448979591837	3051
2785	1	1.0004001600640257e-4	0.3623449379751901	3052
2786	1	1.0004001600640257e-4	0.36244497799119646	3053
2787	1	1.0004001600640257e-4	0.3625450180072029	3054
2788	1	1.0004001600640257e-4	0.3626450580232093	3055
2789	1	1.0004001600640257e-4	0.3627450980392157	3056
2790	1	1.0004001600640257e-4	0.3628451380552221	3057
2791	1	1.0004001600640257e-4	0.3629451780712285	3058
2792	1	1.0004001600640257e-4	0.3630452180872349	3059
2793	1	1.0004001600640257e-4	0.3631452581032413	3060
2794	1	1.0004001600640257e-4	0.3632452981192477	3061
2795	1	1.0004001600640257e-4	0.3633453381352541	3062
2796	1	1.0004001600640257e-4	0.3634453781512605	3063
2797	1	1.0004001600640257e-4	0.36354541816726693	3064
2798	1	1.0004001600640257e-4	0.3636454581832733	3065
2799	1	1.0004001600640257e-4	0.3637454981992797	3066
2800	1	1.0004001600640257e-4	0.36384553821528615	3067
2801	1	1.0004001600640257e-4	0.36394557823129253	3068
2802	1	1.0004001600640257e-4	0.3640456182472989	3069
2803	1	1.0004001600640257e-4	0.3641456582633053	3070
2804	1	1.0004001600640257e-4	0.36424569827931175	3071
2805	1	1.0004001600640257e-4	0.36434573829531813	3072
2806	1	1.0004001600640257e-4	0.3644457783113245	3073
2807	1	1.0004001600640257e-4	0.36454581832733096	3074
2808	1	1.0004001600640257e-4	0.36464585834333735	3075
2809	1	1.0004001600640257e-4	0.36474589835934373	3076
2810	1	1.0004001600640257e-4	0.3648459383753501	3077
2811	1	1.0004001600640257e-4	0.36494597839135656	3078
2812	1	1.0004001600640257e-4	0.36504601840736295	3079
2813	1	1.0004001600640257e-4	0.36514605842336934	3080
2814	1	1.0004001600640257e-4	0.3652460984393758	3081
2815	1	1.0004001600640257e-4	0.36534613845538216	3082
2816	1	1.0004001600640257e-4	0.36544617847138855	3083
2817	1	1.0004001600640257e-4	0.36554621848739494	3084
2818	1	1.0004001600640257e-4	0.3656462585034014	3085
2819	1	1.0004001600640257e-4	0.36574629851940776	3086
2820	1	1.0004001600640257e-4	0.36584633853541415	3087
2821	1	1.0004001600640257e-4	0.3659463785514206	3088
2822	1	1.0004001600640257e-4	0.366046418567427	3089
2823	1	1.0004001600640257e-4	0.36614645858343337	3090
2824	1	1.0004001600640257e-4	0.3662464985994398	3091
2825	1	1.0004001600640257e-4	0.3663465386154462	3092
2827	1	1.0004001600640257e-4	0.3664465786314526	3093
2828	1	1.0004001600640257e-4	0.36654661864745897	3094
2829	1	1.0004001600640257e-4	0.3666466586634654	3095
2830	1	1.0004001600640257e-4	0.3667466986794718	3096
2831	1	1.0004001600640257e-4	0.3668467386954782	3097
2832	1	1.0004001600640257e-4	0.3669467787114846	3098
2833	1	1.0004001600640257e-4	0.367046818727491	3099
2834	1	1.0004001600640257e-4	0.3671468587434974	3100
2835	1	1.0004001600640257e-4	0.3672468987595038	3101
2836	1	1.0004001600640257e-4	0.3673469387755102	3102
2837	1	1.0004001600640257e-4	0.3674469787915166	3103
2838	1	1.0004001600640257e-4	0.367547018807523	3104
2839	1	1.0004001600640257e-4	0.36764705882352944	3105
2840	1	1.0004001600640257e-4	0.3677470988395358	3106
2841	1	1.0004001600640257e-4	0.3678471388555422	3107
2842	1	1.0004001600640257e-4	0.36794717887154865	3108
2843	1	1.0004001600640257e-4	0.36804721888755504	3109
2844	1	1.0004001600640257e-4	0.3681472589035614	3110
2845	1	1.0004001600640257e-4	0.3682472989195678	3111
2846	1	1.0004001600640257e-4	0.36834733893557425	3112
2847	1	1.0004001600640257e-4	0.36844737895158064	3113
2848	1	1.0004001600640257e-4	0.368547418967587	3114
2849	1	1.0004001600640257e-4	0.36864745898359347	3115
2850	1	1.0004001600640257e-4	0.36874749899959985	3116
2851	1	1.0004001600640257e-4	0.36884753901560624	3117
2852	1	1.0004001600640257e-4	0.3689475790316126	3118
2853	1	1.0004001600640257e-4	0.36904761904761907	3119
2854	1	1.0004001600640257e-4	0.36914765906362546	3120
2855	1	1.0004001600640257e-4	0.36924769907963184	3121
2856	1	1.0004001600640257e-4	0.3693477390956383	3122
2857	1	1.0004001600640257e-4	0.36944777911164467	3123
2858	1	1.0004001600640257e-4	0.36954781912765106	3124
2859	1	1.0004001600640257e-4	0.36964785914365744	3125
2860	1	1.0004001600640257e-4	0.3697478991596639	3126
2861	1	1.0004001600640257e-4	0.36984793917567027	3127
2862	1	1.0004001600640257e-4	0.36994797919167666	3128
2863	1	1.0004001600640257e-4	0.3700480192076831	3129
2864	1	1.0004001600640257e-4	0.3701480592236895	3130
2865	1	1.0004001600640257e-4	0.37024809923969587	3131
2866	1	1.0004001600640257e-4	0.3703481392557023	3132
2867	1	1.0004001600640257e-4	0.3704481792717087	3133
2868	1	1.0004001600640257e-4	0.3705482192877151	3134
2869	1	1.0004001600640257e-4	0.3706482593037215	3135
2870	1	1.0004001600640257e-4	0.3707482993197279	3136
2871	1	1.0004001600640257e-4	0.3708483393357343	3137
2872	1	1.0004001600640257e-4	0.3709483793517407	3138
2873	1	1.0004001600640257e-4	0.37104841936774713	3139
2874	1	1.0004001600640257e-4	0.3711484593837535	3140
2875	1	1.0004001600640257e-4	0.3712484993997599	3141
2876	1	1.0004001600640257e-4	0.3713485394157663	3142
2877	1	1.0004001600640257e-4	0.37144857943177273	3143
2878	1	1.0004001600640257e-4	0.3715486194477791	3144
2879	1	1.0004001600640257e-4	0.3716486594637855	3145
2880	1	1.0004001600640257e-4	0.37174869947979194	3146
2881	1	1.0004001600640257e-4	0.37184873949579833	3147
2882	1	1.0004001600640257e-4	0.3719487795118047	3148
2883	1	1.0004001600640257e-4	0.3720488195278111	3149
2884	1	1.0004001600640257e-4	0.37214885954381755	3150
2885	1	1.0004001600640257e-4	0.37224889955982393	3151
2886	1	1.0004001600640257e-4	0.3723489395758303	3152
2887	1	1.0004001600640257e-4	0.37244897959183676	3153
2888	1	1.0004001600640257e-4	0.37254901960784315	3154
2889	1	1.0004001600640257e-4	0.37264905962384953	3155
2890	1	1.0004001600640257e-4	0.372749099639856	3156
2891	1	1.0004001600640257e-4	0.37284913965586236	3157
2892	1	1.0004001600640257e-4	0.37294917967186875	3158
2893	1	1.0004001600640257e-4	0.37304921968787513	3159
2894	1	1.0004001600640257e-4	0.3731492597038816	3160
2895	1	1.0004001600640257e-4	0.37324929971988796	3161
2896	1	1.0004001600640257e-4	0.37334933973589435	3162
2897	1	1.0004001600640257e-4	0.3734493797519008	3163
2898	1	1.0004001600640257e-4	0.3735494197679072	3164
2899	1	1.0004001600640257e-4	0.37364945978391356	3165
2900	1	1.0004001600640257e-4	0.37374949979991995	3166
2901	1	1.0004001600640257e-4	0.3738495398159264	3167
2902	1	1.0004001600640257e-4	0.3739495798319328	3168
2903	1	1.0004001600640257e-4	0.37404961984793916	3169
2904	1	1.0004001600640257e-4	0.3741496598639456	3170
2905	1	1.0004001600640257e-4	0.374249699879952	3171
2906	1	1.0004001600640257e-4	0.3743497398959584	3172
2907	1	1.0004001600640257e-4	0.37444977991196476	3173
2908	1	1.0004001600640257e-4	0.3745498199279712	3174
2909	1	1.0004001600640257e-4	0.3746498599439776	3175
2910	1	1.0004001600640257e-4	0.374749899959984	3176
2911	1	1.0004001600640257e-4	0.3748499399759904	3177
2912	1	1.0004001600640257e-4	0.3749499799919968	3178
2913	1	1.0004001600640257e-4	0.3750500200080032	3179
2914	1	1.0004001600640257e-4	0.37515006002400964	3180
2915	1	1.0004001600640257e-4	0.375250100040016	3181
2916	1	1.0004001600640257e-4	0.3753501400560224	3182
2917	1	1.0004001600640257e-4	0.3754501800720288	3183
2918	1	1.0004001600640257e-4	0.37555022008803524	3184
2919	1	1.0004001600640257e-4	0.3756502601040416	3185
2920	1	1.0004001600640257e-4	0.375750300120048	3186
2922	1	1.0004001600640257e-4	0.37585034013605445	3187
2923	1	1.0004001600640257e-4	0.37595038015206084	3188
2924	1	1.0004001600640257e-4	0.3760504201680672	3189
2925	1	1.0004001600640257e-4	0.3761504601840736	3190
2926	1	1.0004001600640257e-4	0.37625050020008005	3191
2927	1	1.0004001600640257e-4	0.37635054021608644	3192
2928	1	1.0004001600640257e-4	0.3764505802320928	3193
2929	1	1.0004001600640257e-4	0.37655062024809927	3194
2930	1	1.0004001600640257e-4	0.37665066026410565	3195
2931	1	1.0004001600640257e-4	0.37675070028011204	3196
2932	1	1.0004001600640257e-4	0.3768507402961184	3197
2933	1	1.0004001600640257e-4	0.37695078031212487	3198
2934	1	1.0004001600640257e-4	0.37705082032813125	3199
2935	1	1.0004001600640257e-4	0.37715086034413764	3200
2936	1	1.0004001600640257e-4	0.3772509003601441	3201
2937	1	1.0004001600640257e-4	0.37735094037615047	3202
2938	1	1.0004001600640257e-4	0.37745098039215685	3203
2939	1	1.0004001600640257e-4	0.3775510204081633	3204
2940	1	1.0004001600640257e-4	0.3776510604241697	3205
2941	1	1.0004001600640257e-4	0.37775110044017607	3206
2942	1	1.0004001600640257e-4	0.37785114045618245	3207
2943	1	1.0004001600640257e-4	0.3779511804721889	3208
2944	1	1.0004001600640257e-4	0.3780512204881953	3209
2945	1	1.0004001600640257e-4	0.37815126050420167	3210
2946	1	1.0004001600640257e-4	0.3782513005202081	3211
2947	1	1.0004001600640257e-4	0.3783513405362145	3212
2948	1	1.0004001600640257e-4	0.3784513805522209	3213
2949	1	1.0004001600640257e-4	0.37855142056822727	3214
2950	1	1.0004001600640257e-4	0.3786514605842337	3215
2951	1	1.0004001600640257e-4	0.3787515006002401	3216
2952	1	1.0004001600640257e-4	0.3788515406162465	3217
2953	1	1.0004001600640257e-4	0.3789515806322529	3218
2954	1	1.0004001600640257e-4	0.3790516206482593	3219
2956	1	1.0004001600640257e-4	0.3791516606642657	3220
2957	1	1.0004001600640257e-4	0.37925170068027214	3221
2958	1	1.0004001600640257e-4	0.37935174069627853	3222
2959	1	1.0004001600640257e-4	0.3794517807122849	3223
2960	1	1.0004001600640257e-4	0.3795518207282913	3224
2961	1	1.0004001600640257e-4	0.37965186074429774	3225
2962	1	1.0004001600640257e-4	0.37975190076030413	3226
2963	1	1.0004001600640257e-4	0.3798519407763105	3227
2964	1	1.0004001600640257e-4	0.37995198079231696	3228
2965	1	1.0004001600640257e-4	0.38005202080832334	3229
2966	1	1.0004001600640257e-4	0.38015206082432973	3230
2967	1	1.0004001600640257e-4	0.3802521008403361	3231
2968	1	1.0004001600640257e-4	0.38035214085634256	3232
2969	1	1.0004001600640257e-4	0.38045218087234894	3233
2970	1	1.0004001600640257e-4	0.38055222088835533	3234
2971	1	1.0004001600640257e-4	0.38065226090436177	3235
2972	1	1.0004001600640257e-4	0.38075230092036816	3236
2973	1	1.0004001600640257e-4	0.38085234093637454	3237
2974	1	1.0004001600640257e-4	0.38095238095238093	3238
2975	1	1.0004001600640257e-4	0.3810524209683874	3239
2976	1	1.0004001600640257e-4	0.38115246098439376	3240
2978	1	1.0004001600640257e-4	0.38125250100040015	3241
2979	1	1.0004001600640257e-4	0.3813525410164066	3242
2980	1	1.0004001600640257e-4	0.381452581032413	3243
2981	1	1.0004001600640257e-4	0.38155262104841936	3244
2982	1	1.0004001600640257e-4	0.3816526610644258	3245
2983	1	1.0004001600640257e-4	0.3817527010804322	3246
2985	1	1.0004001600640257e-4	0.3818527410964386	3247
2986	1	1.0004001600640257e-4	0.38195278111244496	3248
2987	1	1.0004001600640257e-4	0.3820528211284514	3249
2988	1	1.0004001600640257e-4	0.3821528611444578	3250
2989	1	1.0004001600640257e-4	0.3822529011604642	3251
2990	1	1.0004001600640257e-4	0.3823529411764706	3252
2991	1	1.0004001600640257e-4	0.382452981192477	3253
2992	1	1.0004001600640257e-4	0.3825530212084834	3254
2993	1	1.0004001600640257e-4	0.3826530612244898	3255
2994	1	1.0004001600640257e-4	0.3827531012404962	3256
2995	1	1.0004001600640257e-4	0.3828531412565026	3257
2996	1	1.0004001600640257e-4	0.382953181272509	3258
2997	1	1.0004001600640257e-4	0.38305322128851543	3259
2998	1	1.0004001600640257e-4	0.3831532613045218	3260
2999	1	1.0004001600640257e-4	0.3832533013205282	3261
3000	1	1.0004001600640257e-4	0.3833533413365346	3262
3001	1	1.0004001600640257e-4	0.38345338135254103	3263
3002	1	1.0004001600640257e-4	0.3835534213685474	3264
3003	1	1.0004001600640257e-4	0.3836534613845538	3265
3004	1	1.0004001600640257e-4	0.38375350140056025	3266
3005	1	1.0004001600640257e-4	0.38385354141656663	3267
3006	1	1.0004001600640257e-4	0.383953581432573	3268
3007	1	1.0004001600640257e-4	0.38405362144857946	3269
3008	1	1.0004001600640257e-4	0.38415366146458585	3270
3009	1	1.0004001600640257e-4	0.38425370148059224	3271
3010	1	1.0004001600640257e-4	0.3843537414965986	3272
3011	1	1.0004001600640257e-4	0.38445378151260506	3273
3012	1	1.0004001600640257e-4	0.38455382152861145	3274
3013	1	1.0004001600640257e-4	0.38465386154461784	3275
3014	1	1.0004001600640257e-4	0.3847539015606243	3276
3015	1	1.0004001600640257e-4	0.38485394157663066	3277
3016	1	1.0004001600640257e-4	0.38495398159263705	3278
3017	1	1.0004001600640257e-4	0.38505402160864344	3279
3018	1	1.0004001600640257e-4	0.3851540616246499	3280
3019	1	1.0004001600640257e-4	0.38525410164065627	3281
3020	1	1.0004001600640257e-4	0.38535414165666265	3282
3021	1	1.0004001600640257e-4	0.3854541816726691	3283
3022	1	1.0004001600640257e-4	0.3855542216886755	3284
3023	1	1.0004001600640257e-4	0.38565426170468187	3285
3024	1	1.0004001600640257e-4	0.38575430172068825	3286
3025	1	1.0004001600640257e-4	0.3858543417366947	3287
3026	1	1.0004001600640257e-4	0.3859543817527011	3288
3027	1	1.0004001600640257e-4	0.38605442176870747	3289
3028	1	1.0004001600640257e-4	0.3861544617847139	3290
3029	1	1.0004001600640257e-4	0.3862545018007203	3291
3030	1	1.0004001600640257e-4	0.3863545418167267	3292
3031	1	1.0004001600640257e-4	0.3864545818327331	3293
3032	1	1.0004001600640257e-4	0.3865546218487395	3294
3033	1	1.0004001600640257e-4	0.3866546618647459	3295
3034	1	1.0004001600640257e-4	0.3867547018807523	3296
3035	1	1.0004001600640257e-4	0.3868547418967587	3297
3036	1	1.0004001600640257e-4	0.3869547819127651	3298
3037	1	1.0004001600640257e-4	0.3870548219287715	3299
3038	1	1.0004001600640257e-4	0.38715486194477794	3300
3039	1	1.0004001600640257e-4	0.3872549019607843	3301
3040	1	1.0004001600640257e-4	0.3873549419767907	3302
3041	1	1.0004001600640257e-4	0.3874549819927971	3303
3042	1	1.0004001600640257e-4	0.38755502200880354	3304
3043	1	1.0004001600640257e-4	0.3876550620248099	3305
3044	1	1.0004001600640257e-4	0.3877551020408163	3306
3045	1	1.0004001600640257e-4	0.38785514205682275	3307
3046	1	1.0004001600640257e-4	0.38795518207282914	3308
3047	1	1.0004001600640257e-4	0.3880552220888355	3309
3048	1	1.0004001600640257e-4	0.3881552621048419	3310
3050	1	1.0004001600640257e-4	0.38825530212084836	3311
3051	1	1.0004001600640257e-4	0.38835534213685474	3312
3052	1	1.0004001600640257e-4	0.38845538215286113	3313
3053	1	1.0004001600640257e-4	0.38855542216886757	3314
3054	1	1.0004001600640257e-4	0.38865546218487396	3315
3055	1	1.0004001600640257e-4	0.38875550220088034	3316
3056	1	1.0004001600640257e-4	0.3888555422168868	3317
3057	1	1.0004001600640257e-4	0.38895558223289317	3318
3058	1	1.0004001600640257e-4	0.38905562224889956	3319
3059	1	1.0004001600640257e-4	0.38915566226490594	3320
3060	1	1.0004001600640257e-4	0.3892557022809124	3321
3061	1	1.0004001600640257e-4	0.38935574229691877	3322
3062	1	1.0004001600640257e-4	0.38945578231292516	3323
3063	1	1.0004001600640257e-4	0.3895558223289316	3324
3064	1	1.0004001600640257e-4	0.389655862344938	3325
3065	1	1.0004001600640257e-4	0.3897559023609444	3326
3066	1	1.0004001600640257e-4	0.38985594237695076	3327
3067	1	1.0004001600640257e-4	0.3899559823929572	3328
3068	1	1.0004001600640257e-4	0.3900560224089636	3329
3069	1	1.0004001600640257e-4	0.39015606242497	3330
3070	1	1.0004001600640257e-4	0.3902561024409764	3331
3071	1	1.0004001600640257e-4	0.3903561424569828	3332
3072	1	1.0004001600640257e-4	0.3904561824729892	3333
3074	1	1.0004001600640257e-4	0.3905562224889956	3334
3076	1	1.0004001600640257e-4	0.390656262505002	3335
3077	1	1.0004001600640257e-4	0.3907563025210084	3336
3078	1	1.0004001600640257e-4	0.3908563425370148	3337
3079	1	1.0004001600640257e-4	0.39095638255302123	3338
3080	1	1.0004001600640257e-4	0.3910564225690276	3339
3081	1	1.0004001600640257e-4	0.391156462585034	3340
3082	1	1.0004001600640257e-4	0.39125650260104045	3341
3083	1	1.0004001600640257e-4	0.39135654261704683	3342
3085	1	1.0004001600640257e-4	0.3914565826330532	3343
3086	1	1.0004001600640257e-4	0.3915566226490596	3344
3087	1	1.0004001600640257e-4	0.39165666266506605	3345
3088	1	1.0004001600640257e-4	0.39175670268107243	3346
3089	1	1.0004001600640257e-4	0.3918567426970788	3347
3090	1	1.0004001600640257e-4	0.39195678271308526	3348
3091	1	1.0004001600640257e-4	0.39205682272909165	3349
3092	1	1.0004001600640257e-4	0.39215686274509803	3350
3093	1	1.0004001600640257e-4	0.3922569027611044	3351
3094	1	1.0004001600640257e-4	0.39235694277711086	3352
3095	1	1.0004001600640257e-4	0.39245698279311725	3353
3096	1	1.0004001600640257e-4	0.39255702280912363	3354
3097	1	1.0004001600640257e-4	0.3926570628251301	3355
3098	1	1.0004001600640257e-4	0.39275710284113646	3356
3099	1	1.0004001600640257e-4	0.39285714285714285	3357
3100	1	1.0004001600640257e-4	0.3929571828731493	3358
3101	1	1.0004001600640257e-4	0.3930572228891557	3359
3102	1	1.0004001600640257e-4	0.39315726290516206	3360
3103	1	1.0004001600640257e-4	0.39325730292116845	3361
3104	1	1.0004001600640257e-4	0.3933573429371749	3362
3105	1	1.0004001600640257e-4	0.3934573829531813	3363
3106	1	1.0004001600640257e-4	0.39355742296918766	3364
3107	1	1.0004001600640257e-4	0.3936574629851941	3365
3108	1	1.0004001600640257e-4	0.3937575030012005	3366
3109	1	1.0004001600640257e-4	0.3938575430172069	3367
3110	1	1.0004001600640257e-4	0.39395758303321327	3368
3111	1	1.0004001600640257e-4	0.3940576230492197	3369
3112	1	1.0004001600640257e-4	0.3941576630652261	3370
3113	1	1.0004001600640257e-4	0.3942577030812325	3371
3114	1	1.0004001600640257e-4	0.3943577430972389	3372
3115	1	1.0004001600640257e-4	0.3944577831132453	3373
3116	1	1.0004001600640257e-4	0.3945578231292517	3374
3117	1	1.0004001600640257e-4	0.3946578631452581	3375
3118	1	1.0004001600640257e-4	0.3947579031612645	3376
3119	1	1.0004001600640257e-4	0.3948579431772709	3377
3120	1	1.0004001600640257e-4	0.3949579831932773	3378
3121	1	1.0004001600640257e-4	0.39505802320928374	3379
3122	1	1.0004001600640257e-4	0.3951580632252901	3380
3123	1	1.0004001600640257e-4	0.3952581032412965	3381
3124	1	1.0004001600640257e-4	0.39535814325730295	3382
3125	1	1.0004001600640257e-4	0.39545818327330934	3383
3126	1	1.0004001600640257e-4	0.3955582232893157	3384
3127	1	1.0004001600640257e-4	0.3956582633053221	3385
3128	1	1.0004001600640257e-4	0.39575830332132855	3386
3129	1	1.0004001600640257e-4	0.39585834333733494	3387
3131	1	1.0004001600640257e-4	0.3959583833533413	3388
3132	1	1.0004001600640257e-4	0.39605842336934777	3389
3133	1	1.0004001600640257e-4	0.39615846338535415	3390
3134	1	1.0004001600640257e-4	0.39625850340136054	3391
3135	1	1.0004001600640257e-4	0.3963585434173669	3392
3136	1	1.0004001600640257e-4	0.39645858343337337	3393
3137	1	1.0004001600640257e-4	0.39655862344937975	3394
3138	1	1.0004001600640257e-4	0.39665866346538614	3395
3139	1	1.0004001600640257e-4	0.3967587034813926	3396
3140	1	1.0004001600640257e-4	0.39685874349739897	3397
3141	1	1.0004001600640257e-4	0.39695878351340536	3398
3142	1	1.0004001600640257e-4	0.39705882352941174	3399
3143	1	1.0004001600640257e-4	0.3971588635454182	3400
3144	1	1.0004001600640257e-4	0.39725890356142457	3401
3145	1	1.0004001600640257e-4	0.39735894357743096	3402
3146	1	1.0004001600640257e-4	0.3974589835934374	3403
3147	1	1.0004001600640257e-4	0.3975590236094438	3404
3148	1	1.0004001600640257e-4	0.39765906362545017	3405
3149	1	1.0004001600640257e-4	0.3977591036414566	3406
3152	1	1.0004001600640257e-4	0.397859143657463	3407
3153	1	1.0004001600640257e-4	0.3979591836734694	3408
3154	1	1.0004001600640257e-4	0.39805922368947577	3409
3155	1	1.0004001600640257e-4	0.3981592637054822	3410
3156	1	1.0004001600640257e-4	0.3982593037214886	3411
3157	1	1.0004001600640257e-4	0.398359343737495	3412
3158	1	1.0004001600640257e-4	0.39845938375350143	3413
3159	1	1.0004001600640257e-4	0.3985594237695078	3414
3160	1	1.0004001600640257e-4	0.3986594637855142	3415
3161	1	1.0004001600640257e-4	0.3987595038015206	3416
3162	1	1.0004001600640257e-4	0.39885954381752703	3417
3163	1	1.0004001600640257e-4	0.3989595838335334	3418
3164	1	1.0004001600640257e-4	0.3990596238495398	3419
3165	1	1.0004001600640257e-4	0.39915966386554624	3420
3166	1	1.0004001600640257e-4	0.39925970388155263	3421
3167	1	1.0004001600640257e-4	0.399359743897559	3422
3168	1	1.0004001600640257e-4	0.3994597839135654	3423
3169	1	1.0004001600640257e-4	0.39955982392957184	3424
3170	1	1.0004001600640257e-4	0.39965986394557823	3425
3171	1	1.0004001600640257e-4	0.3997599039615846	3426
3172	1	1.0004001600640257e-4	0.39985994397759106	3427
3173	1	1.0004001600640257e-4	0.39995998399359745	3428
3174	1	1.0004001600640257e-4	0.40006002400960383	3429
3175	1	1.0004001600640257e-4	0.4001600640256103	3430
3177	1	1.0004001600640257e-4	0.40026010404161666	3431
3178	1	1.0004001600640257e-4	0.40036014405762305	3432
3179	1	1.0004001600640257e-4	0.40046018407362943	3433
3180	1	1.0004001600640257e-4	0.4005602240896359	3434
3181	1	1.0004001600640257e-4	0.40066026410564226	3435
3182	1	1.0004001600640257e-4	0.40076030412164865	3436
3183	1	1.0004001600640257e-4	0.4008603441376551	3437
3184	1	1.0004001600640257e-4	0.4009603841536615	3438
3185	1	1.0004001600640257e-4	0.40106042416966786	3439
3186	1	1.0004001600640257e-4	0.40116046418567425	3440
3187	1	1.0004001600640257e-4	0.4012605042016807	3441
3188	1	1.0004001600640257e-4	0.4013605442176871	3442
3189	1	1.0004001600640257e-4	0.40146058423369346	3443
3190	1	1.0004001600640257e-4	0.4015606242496999	3444
3191	1	1.0004001600640257e-4	0.4016606642657063	3445
3192	1	1.0004001600640257e-4	0.4017607042817127	3446
3193	1	1.0004001600640257e-4	0.40186074429771906	3447
3194	1	1.0004001600640257e-4	0.4019607843137255	3448
3195	1	1.0004001600640257e-4	0.4020608243297319	3449
3196	1	1.0004001600640257e-4	0.4021608643457383	3450
3197	1	1.0004001600640257e-4	0.4022609043617447	3451
3198	1	1.0004001600640257e-4	0.4023609443777511	3452
3199	1	1.0004001600640257e-4	0.4024609843937575	3453
3200	1	1.0004001600640257e-4	0.40256102440976393	3454
3201	1	1.0004001600640257e-4	0.4026610644257703	3455
3202	1	1.0004001600640257e-4	0.4027611044417767	3456
3203	1	1.0004001600640257e-4	0.4028611444577831	3457
3204	1	1.0004001600640257e-4	0.40296118447378954	3458
3205	1	1.0004001600640257e-4	0.4030612244897959	3459
3206	1	1.0004001600640257e-4	0.4031612645058023	3460
3207	1	1.0004001600640257e-4	0.40326130452180875	3461
3208	1	1.0004001600640257e-4	0.40336134453781514	3462
3210	1	1.0004001600640257e-4	0.4034613845538215	3463
3211	1	1.0004001600640257e-4	0.4035614245698279	3464
3212	1	1.0004001600640257e-4	0.40366146458583435	3465
3213	1	1.0004001600640257e-4	0.40376150460184074	3466
3214	1	1.0004001600640257e-4	0.4038615446178471	3467
3215	1	1.0004001600640257e-4	0.40396158463385357	3468
3216	1	1.0004001600640257e-4	0.40406162464985995	3469
3217	1	1.0004001600640257e-4	0.40416166466586634	3470
3218	1	1.0004001600640257e-4	0.4042617046818727	3471
3219	1	1.0004001600640257e-4	0.40436174469787917	3472
3220	1	1.0004001600640257e-4	0.40446178471388555	3473
3221	1	1.0004001600640257e-4	0.40456182472989194	3474
3222	1	1.0004001600640257e-4	0.4046618647458984	3475
3223	1	1.0004001600640257e-4	0.40476190476190477	3476
3224	1	1.0004001600640257e-4	0.40486194477791115	3477
3225	1	1.0004001600640257e-4	0.4049619847939176	3478
3226	1	1.0004001600640257e-4	0.405062024809924	3479
3227	1	1.0004001600640257e-4	0.40516206482593037	3480
3228	1	1.0004001600640257e-4	0.40526210484193675	3481
3229	1	1.0004001600640257e-4	0.4053621448579432	3482
3230	1	1.0004001600640257e-4	0.4054621848739496	3483
3231	1	1.0004001600640257e-4	0.40556222488995597	3484
3232	1	1.0004001600640257e-4	0.4056622649059624	3485
3233	1	1.0004001600640257e-4	0.4057623049219688	3486
3234	1	1.0004001600640257e-4	0.4058623449379752	3487
3235	1	1.0004001600640257e-4	0.40596238495398157	3488
3236	1	1.0004001600640257e-4	0.406062424969988	3489
3237	1	1.0004001600640257e-4	0.4061624649859944	3490
3238	1	1.0004001600640257e-4	0.4062625050020008	3491
3239	1	1.0004001600640257e-4	0.4063625450180072	3492
3240	1	1.0004001600640257e-4	0.4064625850340136	3493
3241	1	1.0004001600640257e-4	0.40656262505002	3494
3242	1	1.0004001600640257e-4	0.40666266506602644	3495
3243	1	1.0004001600640257e-4	0.4067627050820328	3496
3244	1	1.0004001600640257e-4	0.4068627450980392	3497
3245	1	1.0004001600640257e-4	0.4069627851140456	3498
3246	1	1.0004001600640257e-4	0.40706282513005204	3499
3247	1	1.0004001600640257e-4	0.40716286514605843	3500
3248	1	1.0004001600640257e-4	0.4072629051620648	3501
3249	1	1.0004001600640257e-4	0.40736294517807126	3502
3250	1	1.0004001600640257e-4	0.40746298519407764	3503
3251	1	1.0004001600640257e-4	0.40756302521008403	3504
3252	1	1.0004001600640257e-4	0.4076630652260904	3505
3253	1	1.0004001600640257e-4	0.40776310524209686	3506
3254	1	1.0004001600640257e-4	0.40786314525810324	3507
3255	1	1.0004001600640257e-4	0.40796318527410963	3508
3256	1	1.0004001600640257e-4	0.40806322529011607	3509
3257	1	1.0004001600640257e-4	0.40816326530612246	3510
3258	1	1.0004001600640257e-4	0.40826330532212884	3511
3259	1	1.0004001600640257e-4	0.40836334533813523	3512
3260	1	1.0004001600640257e-4	0.4084633853541417	3513
3261	1	1.0004001600640257e-4	0.40856342537014806	3514
3262	1	1.0004001600640257e-4	0.40866346538615445	3515
3263	1	1.0004001600640257e-4	0.4087635054021609	3516
3264	1	1.0004001600640257e-4	0.4088635454181673	3517
3265	1	1.0004001600640257e-4	0.40896358543417366	3518
3266	1	1.0004001600640257e-4	0.4090636254501801	3519
3267	1	1.0004001600640257e-4	0.4091636654661865	3520
3268	1	1.0004001600640257e-4	0.4092637054821929	3521
3269	1	1.0004001600640257e-4	0.40936374549819926	3522
3270	1	1.0004001600640257e-4	0.4094637855142057	3523
3271	1	1.0004001600640257e-4	0.4095638255302121	3524
3272	1	1.0004001600640257e-4	0.4096638655462185	3525
3273	1	1.0004001600640257e-4	0.4097639055622249	3526
3274	1	1.0004001600640257e-4	0.4098639455782313	3527
3275	1	1.0004001600640257e-4	0.4099639855942377	3528
3276	1	1.0004001600640257e-4	0.4100640256102441	3529
3278	1	1.0004001600640257e-4	0.4101640656262505	3530
3279	1	1.0004001600640257e-4	0.4102641056422569	3531
3280	1	1.0004001600640257e-4	0.4103641456582633	3532
3281	1	1.0004001600640257e-4	0.41046418567426973	3533
3282	1	1.0004001600640257e-4	0.4105642256902761	3534
3283	1	1.0004001600640257e-4	0.4106642657062825	3535
3284	1	1.0004001600640257e-4	0.4107643057222889	3536
3285	1	1.0004001600640257e-4	0.41086434573829533	3537
3286	1	1.0004001600640257e-4	0.4109643857543017	3538
3287	1	1.0004001600640257e-4	0.4110644257703081	3539
3288	1	1.0004001600640257e-4	0.41116446578631455	3540
3289	1	1.0004001600640257e-4	0.41126450580232093	3541
3290	1	1.0004001600640257e-4	0.4113645458183273	3542
3291	1	1.0004001600640257e-4	0.41146458583433376	3543
3292	1	1.0004001600640257e-4	0.41156462585034015	3544
3293	1	1.0004001600640257e-4	0.41166466586634654	3545
3294	1	1.0004001600640257e-4	0.4117647058823529	3546
3295	1	1.0004001600640257e-4	0.41186474589835936	3547
3296	1	1.0004001600640257e-4	0.41196478591436575	3548
3297	1	1.0004001600640257e-4	0.41206482593037214	3549
3298	1	1.0004001600640257e-4	0.4121648659463786	3550
3299	1	1.0004001600640257e-4	0.41226490596238496	3551
3300	1	1.0004001600640257e-4	0.41236494597839135	3552
3301	1	1.0004001600640257e-4	0.41246498599439774	3553
3302	1	1.0004001600640257e-4	0.4125650260104042	3554
3303	1	1.0004001600640257e-4	0.41266506602641057	3555
3304	1	1.0004001600640257e-4	0.41276510604241695	3556
3305	1	1.0004001600640257e-4	0.4128651460584234	3557
3306	1	1.0004001600640257e-4	0.4129651860744298	3558
3307	1	1.0004001600640257e-4	0.41306522609043617	3559
3308	1	1.0004001600640257e-4	0.41316526610644255	3560
3309	1	1.0004001600640257e-4	0.413265306122449	3561
3310	1	1.0004001600640257e-4	0.4133653461384554	3562
3311	1	1.0004001600640257e-4	0.41346538615446177	3563
3312	1	1.0004001600640257e-4	0.4135654261704682	3564
3313	1	1.0004001600640257e-4	0.4136654661864746	3565
3314	1	1.0004001600640257e-4	0.413765506202481	3566
3315	1	1.0004001600640257e-4	0.4138655462184874	3567
3316	1	1.0004001600640257e-4	0.4139655862344938	3568
3317	1	1.0004001600640257e-4	0.4140656262505002	3569
3318	1	1.0004001600640257e-4	0.4141656662665066	3570
3319	1	1.0004001600640257e-4	0.414265706282513	3571
3320	1	1.0004001600640257e-4	0.4143657462985194	3572
3321	1	1.0004001600640257e-4	0.4144657863145258	3573
3322	1	1.0004001600640257e-4	0.41456582633053224	3574
3323	1	1.0004001600640257e-4	0.4146658663465386	3575
3324	1	1.0004001600640257e-4	0.414765906362545	3576
3325	1	1.0004001600640257e-4	0.4148659463785514	3577
3326	1	1.0004001600640257e-4	0.41496598639455784	3578
3327	1	1.0004001600640257e-4	0.4150660264105642	3579
3328	1	1.0004001600640257e-4	0.4151660664265706	3580
3330	1	1.0004001600640257e-4	0.41526610644257705	3581
3331	1	1.0004001600640257e-4	0.41536614645858344	3582
3333	1	1.0004001600640257e-4	0.4154661864745898	3583
3334	1	1.0004001600640257e-4	0.4155662264905962	3584
3335	1	1.0004001600640257e-4	0.41566626650660266	3585
3337	1	1.0004001600640257e-4	0.41576630652260904	3586
3338	1	1.0004001600640257e-4	0.41586634653861543	3587
3339	1	1.0004001600640257e-4	0.41596638655462187	3588
3340	1	1.0004001600640257e-4	0.41606642657062826	3589
3341	1	1.0004001600640257e-4	0.41616646658663464	3590
3342	1	1.0004001600640257e-4	0.4162665066026411	3591
3343	1	1.0004001600640257e-4	0.41636654661864747	3592
3344	1	1.0004001600640257e-4	0.41646658663465386	3593
3345	1	1.0004001600640257e-4	0.41656662665066024	3594
3346	1	1.0004001600640257e-4	0.4166666666666667	3595
3347	1	1.0004001600640257e-4	0.41676670668267307	3596
3348	1	1.0004001600640257e-4	0.41686674669867946	3597
3349	1	1.0004001600640257e-4	0.4169667867146859	3598
3350	1	1.0004001600640257e-4	0.4170668267306923	3599
3351	1	1.0004001600640257e-4	0.4171668667466987	3600
3352	1	1.0004001600640257e-4	0.41726690676270506	3601
3353	1	1.0004001600640257e-4	0.4173669467787115	3602
3354	1	1.0004001600640257e-4	0.4174669867947179	3603
3355	1	1.0004001600640257e-4	0.4175670268107243	3604
3356	1	1.0004001600640257e-4	0.4176670668267307	3605
3357	1	1.0004001600640257e-4	0.4177671068427371	3606
3358	1	1.0004001600640257e-4	0.4178671468587435	3607
3359	1	1.0004001600640257e-4	0.41796718687474993	3608
3360	1	1.0004001600640257e-4	0.4180672268907563	3609
3361	1	1.0004001600640257e-4	0.4181672669067627	3610
3362	1	1.0004001600640257e-4	0.4182673069227691	3611
3363	1	1.0004001600640257e-4	0.41836734693877553	3612
3364	1	1.0004001600640257e-4	0.4184673869547819	3613
3365	1	1.0004001600640257e-4	0.4185674269707883	3614
3366	1	1.0004001600640257e-4	0.41866746698679475	3615
3367	1	1.0004001600640257e-4	0.41876750700280113	3616
3368	1	1.0004001600640257e-4	0.4188675470188075	3617
3369	1	1.0004001600640257e-4	0.4189675870348139	3618
3370	1	1.0004001600640257e-4	0.41906762705082035	3619
3371	1	1.0004001600640257e-4	0.41916766706682673	3620
3372	1	1.0004001600640257e-4	0.4192677070828331	3621
3374	1	1.0004001600640257e-4	0.41936774709883956	3622
3375	1	1.0004001600640257e-4	0.41946778711484595	3623
3376	1	1.0004001600640257e-4	0.41956782713085233	3624
3377	1	1.0004001600640257e-4	0.4196678671468587	3625
3378	1	1.0004001600640257e-4	0.41976790716286516	3626
3379	1	1.0004001600640257e-4	0.41986794717887155	3627
3380	1	1.0004001600640257e-4	0.41996798719487793	3628
3381	1	1.0004001600640257e-4	0.4200680272108844	3629
3382	1	1.0004001600640257e-4	0.42016806722689076	3630
3384	1	1.0004001600640257e-4	0.42026810724289715	3631
3385	1	1.0004001600640257e-4	0.4203681472589036	3632
3386	1	1.0004001600640257e-4	0.42046818727491	3633
3387	1	1.0004001600640257e-4	0.42056822729091636	3634
3388	1	1.0004001600640257e-4	0.42066826730692275	3635
3389	1	1.0004001600640257e-4	0.4207683073229292	3636
3390	1	1.0004001600640257e-4	0.4208683473389356	3637
3391	1	1.0004001600640257e-4	0.42096838735494196	3638
3392	1	1.0004001600640257e-4	0.4210684273709484	3639
3393	1	1.0004001600640257e-4	0.4211684673869548	3640
3394	1	1.0004001600640257e-4	0.4212685074029612	3641
3395	1	1.0004001600640257e-4	0.42136854741896757	3642
3396	1	1.0004001600640257e-4	0.421468587434974	3643
3397	1	1.0004001600640257e-4	0.4215686274509804	3644
3398	1	1.0004001600640257e-4	0.4216686674669868	3645
3399	1	1.0004001600640257e-4	0.4217687074829932	3646
3400	1	1.0004001600640257e-4	0.4218687474989996	3647
3401	1	1.0004001600640257e-4	0.421968787515006	3648
3402	1	1.0004001600640257e-4	0.4220688275310124	3649
3403	1	1.0004001600640257e-4	0.4221688675470188	3650
3404	1	1.0004001600640257e-4	0.4222689075630252	3651
3405	1	1.0004001600640257e-4	0.4223689475790316	3652
3406	1	1.0004001600640257e-4	0.42246898759503804	3653
3407	1	1.0004001600640257e-4	0.4225690276110444	3654
3408	1	1.0004001600640257e-4	0.4226690676270508	3655
3409	1	1.0004001600640257e-4	0.42276910764305725	3656
3410	1	1.0004001600640257e-4	0.42286914765906364	3657
3411	1	1.0004001600640257e-4	0.42296918767507	3658
3412	1	1.0004001600640257e-4	0.4230692276910764	3659
3413	1	1.0004001600640257e-4	0.42316926770708285	3660
3414	1	1.0004001600640257e-4	0.42326930772308924	3661
3415	1	1.0004001600640257e-4	0.4233693477390956	3662
3416	1	1.0004001600640257e-4	0.42346938775510207	3663
3417	1	1.0004001600640257e-4	0.42356942777110845	3664
3418	1	1.0004001600640257e-4	0.42366946778711484	3665
3419	1	1.0004001600640257e-4	0.4237695078031212	3666
3420	1	1.0004001600640257e-4	0.42386954781912767	3667
3421	1	1.0004001600640257e-4	0.42396958783513405	3668
3422	1	1.0004001600640257e-4	0.42406962785114044	3669
3423	1	1.0004001600640257e-4	0.4241696678671469	3670
3424	1	1.0004001600640257e-4	0.42426970788315327	3671
3425	1	1.0004001600640257e-4	0.42436974789915966	3672
3426	1	1.0004001600640257e-4	0.42446978791516604	3673
3427	1	1.0004001600640257e-4	0.4245698279311725	3674
3428	1	1.0004001600640257e-4	0.42466986794717887	3675
3429	1	1.0004001600640257e-4	0.42476990796318526	3676
3430	1	1.0004001600640257e-4	0.4248699479791917	3677
3431	1	1.0004001600640257e-4	0.4249699879951981	3678
3432	1	1.0004001600640257e-4	0.42507002801120447	3679
3433	1	1.0004001600640257e-4	0.4251700680272109	3680
3434	1	1.0004001600640257e-4	0.4252701080432173	3681
3435	1	1.0004001600640257e-4	0.4253701480592237	3682
3436	1	1.0004001600640257e-4	0.42547018807523007	3683
3437	1	1.0004001600640257e-4	0.4255702280912365	3684
3438	1	1.0004001600640257e-4	0.4256702681072429	3685
3439	1	1.0004001600640257e-4	0.4257703081232493	3686
3440	1	1.0004001600640257e-4	0.42587034813925573	3687
3441	1	1.0004001600640257e-4	0.4259703881552621	3688
3442	1	1.0004001600640257e-4	0.4260704281712685	3689
3443	1	1.0004001600640257e-4	0.4261704681872749	3690
3444	1	1.0004001600640257e-4	0.42627050820328133	3691
3445	1	1.0004001600640257e-4	0.4263705482192877	3692
3446	1	1.0004001600640257e-4	0.4264705882352941	3693
3447	1	1.0004001600640257e-4	0.42657062825130054	3694
3448	1	1.0004001600640257e-4	0.42667066826730693	3695
3449	1	1.0004001600640257e-4	0.4267707082833133	3696
3451	1	1.0004001600640257e-4	0.4268707482993197	3697
3452	1	1.0004001600640257e-4	0.42697078831532614	3698
3453	1	1.0004001600640257e-4	0.42707082833133253	3699
3454	1	1.0004001600640257e-4	0.4271708683473389	3700
3455	1	1.0004001600640257e-4	0.42727090836334536	3701
3456	1	1.0004001600640257e-4	0.42737094837935174	3702
3457	1	1.0004001600640257e-4	0.42747098839535813	3703
3458	1	1.0004001600640257e-4	0.4275710284113646	3704
3459	1	1.0004001600640257e-4	0.42767106842737096	3705
3460	1	1.0004001600640257e-4	0.42777110844337735	3706
3461	1	1.0004001600640257e-4	0.42787114845938373	3707
3462	1	1.0004001600640257e-4	0.4279711884753902	3708
3463	1	1.0004001600640257e-4	0.42807122849139656	3709
3464	1	1.0004001600640257e-4	0.42817126850740295	3710
3465	1	1.0004001600640257e-4	0.4282713085234094	3711
3466	1	1.0004001600640257e-4	0.4283713485394158	3712
3467	1	1.0004001600640257e-4	0.42847138855542216	3713
3468	1	1.0004001600640257e-4	0.42857142857142855	3714
3469	1	1.0004001600640257e-4	0.428671468587435	3715
3470	1	1.0004001600640257e-4	0.4287715086034414	3716
3471	1	1.0004001600640257e-4	0.42887154861944776	3717
3472	1	1.0004001600640257e-4	0.4289715886354542	3718
3473	1	1.0004001600640257e-4	0.4290716286514606	3719
3474	1	1.0004001600640257e-4	0.429171668667467	3720
3475	1	1.0004001600640257e-4	0.42927170868347336	3721
3476	1	1.0004001600640257e-4	0.4293717486994798	3722
3477	1	1.0004001600640257e-4	0.4294717887154862	3723
3478	1	1.0004001600640257e-4	0.4295718287314926	3724
3479	1	1.0004001600640257e-4	0.429671868747499	3725
3480	1	1.0004001600640257e-4	0.4297719087635054	3726
3481	1	1.0004001600640257e-4	0.4298719487795118	3727
3482	1	1.0004001600640257e-4	0.42997198879551823	3728
3483	1	1.0004001600640257e-4	0.4300720288115246	3729
3484	1	1.0004001600640257e-4	0.430172068827531	3730
3485	1	1.0004001600640257e-4	0.4302721088435374	3731
3486	1	1.0004001600640257e-4	0.43037214885954383	3732
3487	1	1.0004001600640257e-4	0.4304721888755502	3733
3488	1	1.0004001600640257e-4	0.4305722288915566	3734
3489	1	1.0004001600640257e-4	0.43067226890756305	3735
3490	1	1.0004001600640257e-4	0.43077230892356944	3736
3492	1	1.0004001600640257e-4	0.4308723489395758	3737
3493	1	1.0004001600640257e-4	0.4309723889555822	3738
3495	1	1.0004001600640257e-4	0.43107242897158865	3739
3496	1	1.0004001600640257e-4	0.43117246898759504	3740
3497	1	1.0004001600640257e-4	0.4312725090036014	3741
3498	1	1.0004001600640257e-4	0.43137254901960786	3742
3499	1	1.0004001600640257e-4	0.43147258903561425	3743
3500	1	1.0004001600640257e-4	0.43157262905162064	3744
3501	1	1.0004001600640257e-4	0.4316726690676271	3745
3502	1	1.0004001600640257e-4	0.43177270908363347	3746
3503	1	1.0004001600640257e-4	0.43187274909963985	3747
3504	1	1.0004001600640257e-4	0.43197278911564624	3748
3505	1	1.0004001600640257e-4	0.4320728291316527	3749
3506	1	1.0004001600640257e-4	0.43217286914765907	3750
3507	1	1.0004001600640257e-4	0.43227290916366545	3751
3508	1	1.0004001600640257e-4	0.4323729491796719	3752
3509	1	1.0004001600640257e-4	0.4324729891956783	3753
3510	1	1.0004001600640257e-4	0.43257302921168467	3754
3511	1	1.0004001600640257e-4	0.43267306922769105	3755
3512	1	1.0004001600640257e-4	0.4327731092436975	3756
3513	1	1.0004001600640257e-4	0.4328731492597039	3757
3514	1	1.0004001600640257e-4	0.43297318927571027	3758
3515	1	1.0004001600640257e-4	0.4330732292917167	3759
3516	1	1.0004001600640257e-4	0.4331732693077231	3760
3517	1	1.0004001600640257e-4	0.4332733093237295	3761
3518	1	1.0004001600640257e-4	0.43337334933973587	3762
3519	1	1.0004001600640257e-4	0.4334733893557423	3763
3520	1	1.0004001600640257e-4	0.4335734293717487	3764
3522	1	1.0004001600640257e-4	0.4336734693877551	3765
3523	1	1.0004001600640257e-4	0.4337735094037615	3766
3524	1	1.0004001600640257e-4	0.4338735494197679	3767
3525	1	1.0004001600640257e-4	0.4339735894357743	3768
3526	1	1.0004001600640257e-4	0.43407362945178074	3769
3527	1	1.0004001600640257e-4	0.4341736694677871	3770
3528	1	1.0004001600640257e-4	0.4342737094837935	3771
3529	1	1.0004001600640257e-4	0.4343737494997999	3772
3530	1	1.0004001600640257e-4	0.43447378951580634	3773
3531	1	1.0004001600640257e-4	0.4345738295318127	3774
3532	1	1.0004001600640257e-4	0.4346738695478191	3775
3533	1	1.0004001600640257e-4	0.43477390956382556	3776
3534	1	1.0004001600640257e-4	0.43487394957983194	3777
3535	1	1.0004001600640257e-4	0.43497398959583833	3778
3536	1	1.0004001600640257e-4	0.4350740296118447	3779
3537	1	1.0004001600640257e-4	0.43517406962785116	3780
3538	1	1.0004001600640257e-4	0.43527410964385754	3781
3539	1	1.0004001600640257e-4	0.43537414965986393	3782
3540	1	1.0004001600640257e-4	0.43547418967587037	3783
3541	1	1.0004001600640257e-4	0.43557422969187676	3784
3542	1	1.0004001600640257e-4	0.43567426970788314	3785
3543	1	1.0004001600640257e-4	0.43577430972388953	3786
3544	1	1.0004001600640257e-4	0.43587434973989597	3787
3545	1	1.0004001600640257e-4	0.43597438975590236	3788
3546	1	1.0004001600640257e-4	0.43607442977190874	3789
3547	1	1.0004001600640257e-4	0.4361744697879152	3790
3548	1	1.0004001600640257e-4	0.4362745098039216	3791
3549	1	1.0004001600640257e-4	0.43637454981992796	3792
3550	1	1.0004001600640257e-4	0.4364745898359344	3793
3551	1	1.0004001600640257e-4	0.4365746298519408	3794
3552	1	1.0004001600640257e-4	0.4366746698679472	3795
3553	1	1.0004001600640257e-4	0.43677470988395356	3796
3554	1	1.0004001600640257e-4	0.43687474989996	3797
3555	1	1.0004001600640257e-4	0.4369747899159664	3798
3556	1	1.0004001600640257e-4	0.4370748299319728	3799
3557	1	1.0004001600640257e-4	0.4371748699479792	3800
3558	1	1.0004001600640257e-4	0.4372749099639856	3801
3559	1	1.0004001600640257e-4	0.437374949979992	3802
3560	1	1.0004001600640257e-4	0.4374749899959984	3803
3561	1	1.0004001600640257e-4	0.4375750300120048	3804
3562	1	1.0004001600640257e-4	0.4376750700280112	3805
3563	1	1.0004001600640257e-4	0.4377751100440176	3806
3564	1	1.0004001600640257e-4	0.43787515006002403	3807
3565	1	1.0004001600640257e-4	0.4379751900760304	3808
3566	1	1.0004001600640257e-4	0.4380752300920368	3809
3567	1	1.0004001600640257e-4	0.4381752701080432	3810
3568	1	1.0004001600640257e-4	0.43827531012404963	3811
3569	1	1.0004001600640257e-4	0.438375350140056	3812
3570	1	1.0004001600640257e-4	0.4384753901560624	3813
3571	1	1.0004001600640257e-4	0.43857543017206885	3814
3572	1	1.0004001600640257e-4	0.43867547018807523	3815
3573	1	1.0004001600640257e-4	0.4387755102040816	3816
3574	1	1.0004001600640257e-4	0.43887555022008806	3817
3575	1	1.0004001600640257e-4	0.43897559023609445	3818
3576	1	1.0004001600640257e-4	0.43907563025210083	3819
3577	1	1.0004001600640257e-4	0.4391756702681072	3820
3578	1	1.0004001600640257e-4	0.43927571028411366	3821
3579	1	1.0004001600640257e-4	0.43937575030012005	3822
3580	1	1.0004001600640257e-4	0.43947579031612644	3823
3581	1	1.0004001600640257e-4	0.4395758303321329	3824
3582	1	1.0004001600640257e-4	0.43967587034813926	3825
3583	1	1.0004001600640257e-4	0.43977591036414565	3826
3584	1	1.0004001600640257e-4	0.43987595038015204	3827
3585	1	1.0004001600640257e-4	0.4399759903961585	3828
3586	1	1.0004001600640257e-4	0.44007603041216486	3829
3587	1	1.0004001600640257e-4	0.44017607042817125	3830
3588	1	1.0004001600640257e-4	0.4402761104441777	3831
3589	1	1.0004001600640257e-4	0.4403761504601841	3832
3590	1	1.0004001600640257e-4	0.44047619047619047	3833
3591	1	1.0004001600640257e-4	0.44057623049219685	3834
3592	1	1.0004001600640257e-4	0.4406762705082033	3835
3593	1	1.0004001600640257e-4	0.4407763105242097	3836
3594	1	1.0004001600640257e-4	0.44087635054021607	3837
3595	1	1.0004001600640257e-4	0.4409763905562225	3838
3596	1	1.0004001600640257e-4	0.4410764305722289	3839
3597	1	1.0004001600640257e-4	0.4411764705882353	3840
3598	1	1.0004001600640257e-4	0.4412765106042417	3841
3599	1	1.0004001600640257e-4	0.4413765506202481	3842
3600	1	1.0004001600640257e-4	0.4414765906362545	3843
3601	1	1.0004001600640257e-4	0.4415766306522609	3844
3602	1	1.0004001600640257e-4	0.4416766706682673	3845
3603	1	1.0004001600640257e-4	0.4417767106842737	3846
3605	1	1.0004001600640257e-4	0.4418767507002801	3847
3606	1	1.0004001600640257e-4	0.44197679071628654	3848
3607	1	1.0004001600640257e-4	0.4420768307322929	3849
3608	1	1.0004001600640257e-4	0.4421768707482993	3850
3609	1	1.0004001600640257e-4	0.4422769107643057	3851
3610	1	1.0004001600640257e-4	0.44237695078031214	3852
3611	1	1.0004001600640257e-4	0.4424769907963185	3853
3612	1	1.0004001600640257e-4	0.4425770308123249	3854
3613	1	1.0004001600640257e-4	0.44267707082833135	3855
3614	1	1.0004001600640257e-4	0.44277711084433774	3856
3615	1	1.0004001600640257e-4	0.4428771508603441	3857
3616	1	1.0004001600640257e-4	0.44297719087635057	3858
3617	1	1.0004001600640257e-4	0.44307723089235695	3859
3618	1	1.0004001600640257e-4	0.44317727090836334	3860
3619	1	1.0004001600640257e-4	0.4432773109243697	3861
3620	1	1.0004001600640257e-4	0.44337735094037617	3862
3621	1	1.0004001600640257e-4	0.44347739095638256	3863
3622	1	1.0004001600640257e-4	0.44357743097238894	3864
3623	1	1.0004001600640257e-4	0.4436774709883954	3865
3625	1	1.0004001600640257e-4	0.44377751100440177	3866
3626	1	1.0004001600640257e-4	0.44387755102040816	3867
3627	1	1.0004001600640257e-4	0.44397759103641454	3868
3628	1	1.0004001600640257e-4	0.444077631052421	3869
3629	1	1.0004001600640257e-4	0.44417767106842737	3870
3630	1	1.0004001600640257e-4	0.44427771108443376	3871
3631	1	1.0004001600640257e-4	0.4443777511004402	3872
3632	1	1.0004001600640257e-4	0.4444777911164466	3873
3633	1	1.0004001600640257e-4	0.44457783113245297	3874
3634	1	1.0004001600640257e-4	0.44467787114845936	3875
3635	1	1.0004001600640257e-4	0.4447779111644658	3876
3639	1	1.0004001600640257e-4	0.4448779511804722	3877
3641	1	1.0004001600640257e-4	0.4449779911964786	3878
3642	1	1.0004001600640257e-4	0.445078031212485	3879
3643	1	1.0004001600640257e-4	0.4451780712284914	3880
3644	1	1.0004001600640257e-4	0.4452781112444978	3881
3645	1	1.0004001600640257e-4	0.44537815126050423	3882
3646	1	1.0004001600640257e-4	0.4454781912765106	3883
3647	1	1.0004001600640257e-4	0.445578231292517	3884
3648	1	1.0004001600640257e-4	0.4456782713085234	3885
3649	1	1.0004001600640257e-4	0.44577831132452983	3886
3651	1	1.0004001600640257e-4	0.4458783513405362	3887
3653	1	1.0004001600640257e-4	0.4459783913565426	3888
3655	1	1.0004001600640257e-4	0.44607843137254904	3889
3656	1	1.0004001600640257e-4	0.44617847138855543	3890
3657	1	1.0004001600640257e-4	0.4462785114045618	3891
3658	1	1.0004001600640257e-4	0.4463785514205682	3892
3659	1	1.0004001600640257e-4	0.44647859143657465	3893
3660	1	1.0004001600640257e-4	0.44657863145258103	3894
3661	1	1.0004001600640257e-4	0.4466786714685874	3895
3662	1	1.0004001600640257e-4	0.44677871148459386	3896
3663	1	1.0004001600640257e-4	0.44687875150060025	3897
3664	1	1.0004001600640257e-4	0.44697879151660663	3898
3665	1	1.0004001600640257e-4	0.447078831532613	3899
3666	1	1.0004001600640257e-4	0.44717887154861946	3900
3667	1	1.0004001600640257e-4	0.44727891156462585	3901
3668	1	1.0004001600640257e-4	0.44737895158063223	3902
3670	1	1.0004001600640257e-4	0.4474789915966387	3903
3671	1	1.0004001600640257e-4	0.44757903161264506	3904
3672	1	1.0004001600640257e-4	0.44767907162865145	3905
3673	1	1.0004001600640257e-4	0.4477791116446579	3906
3675	1	1.0004001600640257e-4	0.4478791516606643	3907
3677	1	1.0004001600640257e-4	0.44797919167667066	3908
3678	1	1.0004001600640257e-4	0.44807923169267705	3909
3679	1	1.0004001600640257e-4	0.4481792717086835	3910
3680	1	1.0004001600640257e-4	0.4482793117246899	3911
3681	1	1.0004001600640257e-4	0.44837935174069626	3912
3683	1	1.0004001600640257e-4	0.4484793917567027	3913
3684	1	1.0004001600640257e-4	0.4485794317727091	3914
3686	1	1.0004001600640257e-4	0.4486794717887155	3915
3687	1	1.0004001600640257e-4	0.44877951180472186	3916
3688	1	1.0004001600640257e-4	0.4488795518207283	3917
3689	1	1.0004001600640257e-4	0.4489795918367347	3918
3690	1	1.0004001600640257e-4	0.4490796318527411	3919
3691	1	1.0004001600640257e-4	0.4491796718687475	3920
3692	1	1.0004001600640257e-4	0.4492797118847539	3921
3693	1	1.0004001600640257e-4	0.4493797519007603	3922
3694	1	1.0004001600640257e-4	0.4494797919167667	3923
3695	1	1.0004001600640257e-4	0.4495798319327731	3924
3696	1	1.0004001600640257e-4	0.4496798719487795	3925
3697	1	1.0004001600640257e-4	0.4497799119647859	3926
3698	1	1.0004001600640257e-4	0.44987995198079234	3927
3699	1	1.0004001600640257e-4	0.4499799919967987	3928
3700	1	1.0004001600640257e-4	0.4500800320128051	3929
3701	1	1.0004001600640257e-4	0.45018007202881155	3930
3702	1	1.0004001600640257e-4	0.45028011204481794	3931
3703	1	1.0004001600640257e-4	0.4503801520608243	3932
3704	1	1.0004001600640257e-4	0.4504801920768307	3933
3705	1	1.0004001600640257e-4	0.45058023209283715	3934
3706	1	1.0004001600640257e-4	0.45068027210884354	3935
3708	1	1.0004001600640257e-4	0.4507803121248499	3936
3709	1	1.0004001600640257e-4	0.45088035214085637	3937
3710	1	1.0004001600640257e-4	0.45098039215686275	3938
3711	1	1.0004001600640257e-4	0.45108043217286914	3939
3712	1	1.0004001600640257e-4	0.4511804721888755	3940
3713	1	1.0004001600640257e-4	0.45128051220488197	3941
3714	1	1.0004001600640257e-4	0.45138055222088835	3942
3715	1	1.0004001600640257e-4	0.45148059223689474	3943
3716	1	1.0004001600640257e-4	0.4515806322529012	3944
3717	1	1.0004001600640257e-4	0.45168067226890757	3945
3718	1	1.0004001600640257e-4	0.45178071228491395	3946
3719	1	1.0004001600640257e-4	0.45188075230092034	3947
3721	1	1.0004001600640257e-4	0.4519807923169268	3948
3722	1	1.0004001600640257e-4	0.45208083233293317	3949
3723	1	1.0004001600640257e-4	0.45218087234893956	3950
3724	1	1.0004001600640257e-4	0.452280912364946	3951
3725	1	1.0004001600640257e-4	0.4523809523809524	3952
3726	1	1.0004001600640257e-4	0.45248099239695877	3953
3727	1	1.0004001600640257e-4	0.4525810324129652	3954
3728	1	1.0004001600640257e-4	0.4526810724289716	3955
3729	1	1.0004001600640257e-4	0.452781112444978	3956
3730	1	1.0004001600640257e-4	0.45288115246098437	3957
3731	1	1.0004001600640257e-4	0.4529811924769908	3958
3732	1	1.0004001600640257e-4	0.4530812324929972	3959
3733	1	1.0004001600640257e-4	0.4531812725090036	3960
3734	1	1.0004001600640257e-4	0.45328131252501	3961
3735	1	1.0004001600640257e-4	0.4533813525410164	3962
3736	1	1.0004001600640257e-4	0.4534813925570228	3963
3737	1	1.0004001600640257e-4	0.4535814325730292	3964
3738	1	1.0004001600640257e-4	0.45368147258903563	3965
3739	1	1.0004001600640257e-4	0.453781512605042	3966
3740	1	1.0004001600640257e-4	0.4538815526210484	3967
3741	1	1.0004001600640257e-4	0.45398159263705484	3968
3742	1	1.0004001600640257e-4	0.45408163265306123	3969
3743	1	1.0004001600640257e-4	0.4541816726690676	3970
3744	1	1.0004001600640257e-4	0.454281712685074	3971
3745	1	1.0004001600640257e-4	0.45438175270108044	3972
3746	1	1.0004001600640257e-4	0.45448179271708683	3973
3747	1	1.0004001600640257e-4	0.4545818327330932	3974
3748	1	1.0004001600640257e-4	0.45468187274909966	3975
3749	1	1.0004001600640257e-4	0.45478191276510604	3976
3750	1	1.0004001600640257e-4	0.45488195278111243	3977
3751	1	1.0004001600640257e-4	0.4549819927971189	3978
3752	1	1.0004001600640257e-4	0.45508203281312526	3979
3753	1	1.0004001600640257e-4	0.45518207282913165	3980
3754	1	1.0004001600640257e-4	0.45528211284513803	3981
3755	1	1.0004001600640257e-4	0.4553821528611445	3982
3756	1	1.0004001600640257e-4	0.45548219287715086	3983
3757	1	1.0004001600640257e-4	0.45558223289315725	3984
3758	1	1.0004001600640257e-4	0.4556822729091637	3985
3759	1	1.0004001600640257e-4	0.4557823129251701	3986
3760	1	1.0004001600640257e-4	0.45588235294117646	3987
3761	1	1.0004001600640257e-4	0.45598239295718285	3988
3762	1	1.0004001600640257e-4	0.4560824329731893	3989
3763	1	1.0004001600640257e-4	0.4561824729891957	3990
3764	1	1.0004001600640257e-4	0.45628251300520206	3991
3765	1	1.0004001600640257e-4	0.4563825530212085	3992
3766	1	1.0004001600640257e-4	0.4564825930372149	3993
3767	1	1.0004001600640257e-4	0.4565826330532213	3994
3768	1	1.0004001600640257e-4	0.4566826730692277	3995
3769	1	1.0004001600640257e-4	0.4567827130852341	3996
3770	1	1.0004001600640257e-4	0.4568827531012405	3997
3771	1	1.0004001600640257e-4	0.4569827931172469	3998
3772	1	1.0004001600640257e-4	0.4570828331332533	3999
3773	1	1.0004001600640257e-4	0.4571828731492597	4000
3774	1	1.0004001600640257e-4	0.4572829131652661	4001
3775	1	1.0004001600640257e-4	0.45738295318127253	4002
3776	1	1.0004001600640257e-4	0.4574829931972789	4003
3777	1	1.0004001600640257e-4	0.4575830332132853	4004
3778	1	1.0004001600640257e-4	0.4576830732292917	4005
3779	1	1.0004001600640257e-4	0.45778311324529813	4006
3780	1	1.0004001600640257e-4	0.4578831532613045	4007
3781	1	1.0004001600640257e-4	0.4579831932773109	4008
3782	1	1.0004001600640257e-4	0.45808323329331735	4009
3783	1	1.0004001600640257e-4	0.45818327330932374	4010
3784	1	1.0004001600640257e-4	0.4582833133253301	4011
3785	1	1.0004001600640257e-4	0.4583833533413365	4012
3786	1	1.0004001600640257e-4	0.45848339335734295	4013
3787	1	1.0004001600640257e-4	0.45858343337334934	4014
3788	1	1.0004001600640257e-4	0.4586834733893557	4015
3789	1	1.0004001600640257e-4	0.45878351340536216	4016
3790	1	1.0004001600640257e-4	0.45888355342136855	4017
3791	1	1.0004001600640257e-4	0.45898359343737494	4018
3792	1	1.0004001600640257e-4	0.4590836334533814	4019
3793	1	1.0004001600640257e-4	0.45918367346938777	4020
3794	1	1.0004001600640257e-4	0.45928371348539415	4021
3795	1	1.0004001600640257e-4	0.45938375350140054	4022
3796	1	1.0004001600640257e-4	0.459483793517407	4023
3797	1	1.0004001600640257e-4	0.45958383353341337	4024
3798	1	1.0004001600640257e-4	0.45968387354941975	4025
3799	1	1.0004001600640257e-4	0.4597839135654262	4026
3800	1	1.0004001600640257e-4	0.4598839535814326	4027
3801	1	1.0004001600640257e-4	0.45998399359743897	4028
3802	1	1.0004001600640257e-4	0.46008403361344535	4029
3803	1	1.0004001600640257e-4	0.4601840736294518	4030
3804	1	1.0004001600640257e-4	0.4602841136454582	4031
3805	1	1.0004001600640257e-4	0.46038415366146457	4032
3806	1	1.0004001600640257e-4	0.460484193677471	4033
3807	1	1.0004001600640257e-4	0.4605842336934774	4034
3808	1	1.0004001600640257e-4	0.4606842737094838	4035
3809	1	1.0004001600640257e-4	0.46078431372549017	4036
3810	1	1.0004001600640257e-4	0.4608843537414966	4037
3811	1	1.0004001600640257e-4	0.460984393757503	4038
3812	1	1.0004001600640257e-4	0.4610844337735094	4039
3813	1	1.0004001600640257e-4	0.4611844737895158	4040
3814	1	1.0004001600640257e-4	0.4612845138055222	4041
3815	1	1.0004001600640257e-4	0.4613845538215286	4042
3816	1	1.0004001600640257e-4	0.46148459383753504	4043
3817	1	1.0004001600640257e-4	0.4615846338535414	4044
3818	1	1.0004001600640257e-4	0.4616846738695478	4045
3819	1	1.0004001600640257e-4	0.4617847138855542	4046
3820	1	1.0004001600640257e-4	0.46188475390156064	4047
3821	1	1.0004001600640257e-4	0.461984793917567	4048
3822	1	1.0004001600640257e-4	0.4620848339335734	4049
3823	1	1.0004001600640257e-4	0.46218487394957986	4050
3824	1	1.0004001600640257e-4	0.46228491396558624	4051
3825	1	1.0004001600640257e-4	0.46238495398159263	4052
3826	1	1.0004001600640257e-4	0.462484993997599	4053
3828	1	1.0004001600640257e-4	0.46258503401360546	4054
3829	1	1.0004001600640257e-4	0.46268507402961184	4055
3830	1	1.0004001600640257e-4	0.46278511404561823	4056
3831	1	1.0004001600640257e-4	0.46288515406162467	4057
3832	1	1.0004001600640257e-4	0.46298519407763106	4058
3833	1	1.0004001600640257e-4	0.46308523409363744	4059
3834	1	1.0004001600640257e-4	0.46318527410964383	4060
3835	1	1.0004001600640257e-4	0.46328531412565027	4061
3836	1	1.0004001600640257e-4	0.46338535414165666	4062
3837	1	1.0004001600640257e-4	0.46348539415766304	4063
3838	1	1.0004001600640257e-4	0.4635854341736695	4064
3839	1	1.0004001600640257e-4	0.4636854741896759	4065
3840	1	1.0004001600640257e-4	0.46378551420568226	4066
3841	1	1.0004001600640257e-4	0.4638855542216887	4067
3842	1	1.0004001600640257e-4	0.4639855942376951	4068
3843	1	1.0004001600640257e-4	0.4640856342537015	4069
3844	1	1.0004001600640257e-4	0.46418567426970786	4070
3845	1	1.0004001600640257e-4	0.4642857142857143	4071
3846	1	1.0004001600640257e-4	0.4643857543017207	4072
3848	1	1.0004001600640257e-4	0.4644857943177271	4073
3849	1	1.0004001600640257e-4	0.4645858343337335	4074
3850	1	1.0004001600640257e-4	0.4646858743497399	4075
3851	1	1.0004001600640257e-4	0.4647859143657463	4076
3852	1	1.0004001600640257e-4	0.4648859543817527	4077
3854	1	1.0004001600640257e-4	0.4649859943977591	4078
3855	1	1.0004001600640257e-4	0.4650860344137655	4079
3856	1	1.0004001600640257e-4	0.4651860744297719	4080
3858	1	1.0004001600640257e-4	0.46528611444577833	4081
3859	1	1.0004001600640257e-4	0.4653861544617847	4082
3861	1	1.0004001600640257e-4	0.4654861944777911	4083
3862	1	1.0004001600640257e-4	0.4655862344937975	4084
3863	1	1.0004001600640257e-4	0.46568627450980393	4085
3864	1	1.0004001600640257e-4	0.4657863145258103	4086
3867	1	1.0004001600640257e-4	0.4658863545418167	4087
3868	1	1.0004001600640257e-4	0.46598639455782315	4088
3869	1	1.0004001600640257e-4	0.46608643457382953	4089
3871	1	1.0004001600640257e-4	0.4661864745898359	4090
3872	1	1.0004001600640257e-4	0.46628651460584236	4091
3873	1	1.0004001600640257e-4	0.46638655462184875	4092
3874	1	1.0004001600640257e-4	0.46648659463785513	4093
3875	1	1.0004001600640257e-4	0.4665866346538615	4094
3876	1	1.0004001600640257e-4	0.46668667466986796	4095
3877	1	1.0004001600640257e-4	0.46678671468587435	4096
3878	1	1.0004001600640257e-4	0.46688675470188074	4097
3879	1	1.0004001600640257e-4	0.4669867947178872	4098
3880	1	1.0004001600640257e-4	0.46708683473389356	4099
3881	1	1.0004001600640257e-4	0.46718687474989995	4100
3882	1	1.0004001600640257e-4	0.46728691476590634	4101
3883	1	1.0004001600640257e-4	0.4673869547819128	4102
3884	1	1.0004001600640257e-4	0.46748699479791916	4103
3885	1	1.0004001600640257e-4	0.46758703481392555	4104
3886	1	1.0004001600640257e-4	0.467687074829932	4105
3887	1	1.0004001600640257e-4	0.4677871148459384	4106
3888	1	1.0004001600640257e-4	0.46788715486194477	4107
3889	1	1.0004001600640257e-4	0.46798719487795115	4108
3890	1	1.0004001600640257e-4	0.4680872348939576	4109
3891	1	1.0004001600640257e-4	0.468187274909964	4110
3892	1	1.0004001600640257e-4	0.46828731492597037	4111
3893	1	1.0004001600640257e-4	0.4683873549419768	4112
3895	1	1.0004001600640257e-4	0.4684873949579832	4113
3896	1	1.0004001600640257e-4	0.4685874349739896	4114
3897	1	1.0004001600640257e-4	0.468687474989996	4115
3898	1	1.0004001600640257e-4	0.4687875150060024	4116
3899	1	1.0004001600640257e-4	0.4688875550220088	4117
3901	1	1.0004001600640257e-4	0.4689875950380152	4118
3902	1	1.0004001600640257e-4	0.4690876350540216	4119
3903	1	1.0004001600640257e-4	0.469187675070028	4120
3904	1	1.0004001600640257e-4	0.4692877150860344	4121
3906	1	1.0004001600640257e-4	0.46938775510204084	4122
3907	1	1.0004001600640257e-4	0.4694877951180472	4123
3908	1	1.0004001600640257e-4	0.4695878351340536	4124
3909	1	1.0004001600640257e-4	0.46968787515006	4125
3910	1	1.0004001600640257e-4	0.46978791516606644	4126
3911	1	1.0004001600640257e-4	0.4698879551820728	4127
3912	1	1.0004001600640257e-4	0.4699879951980792	4128
3913	1	1.0004001600640257e-4	0.47008803521408565	4129
3914	1	1.0004001600640257e-4	0.47018807523009204	4130
3915	1	1.0004001600640257e-4	0.4702881152460984	4131
3916	1	1.0004001600640257e-4	0.47038815526210487	4132
3917	1	1.0004001600640257e-4	0.47048819527811125	4133
3919	1	1.0004001600640257e-4	0.47058823529411764	4134
3920	1	1.0004001600640257e-4	0.470688275310124	4135
3921	1	1.0004001600640257e-4	0.47078831532613047	4136
3922	1	1.0004001600640257e-4	0.47088835534213686	4137
3923	1	1.0004001600640257e-4	0.47098839535814324	4138
3924	1	1.0004001600640257e-4	0.4710884353741497	4139
3925	1	1.0004001600640257e-4	0.47118847539015607	4140
3926	1	1.0004001600640257e-4	0.47128851540616246	4141
3927	1	1.0004001600640257e-4	0.47138855542216884	4142
3928	1	1.0004001600640257e-4	0.4714885954381753	4143
3929	1	1.0004001600640257e-4	0.47158863545418167	4144
3930	1	1.0004001600640257e-4	0.47168867547018806	4145
3931	1	1.0004001600640257e-4	0.4717887154861945	4146
3932	1	1.0004001600640257e-4	0.4718887555022009	4147
3934	1	1.0004001600640257e-4	0.47198879551820727	4148
3935	1	1.0004001600640257e-4	0.47208883553421366	4149
3936	1	1.0004001600640257e-4	0.4721888755502201	4150
3937	1	1.0004001600640257e-4	0.4722889155662265	4151
3938	1	1.0004001600640257e-4	0.4723889555822329	4152
3939	1	1.0004001600640257e-4	0.4724889955982393	4153
3940	1	1.0004001600640257e-4	0.4725890356142457	4154
3941	1	1.0004001600640257e-4	0.4726890756302521	4155
3942	1	1.0004001600640257e-4	0.47278911564625853	4156
3943	1	1.0004001600640257e-4	0.4728891556622649	4157
3944	1	1.0004001600640257e-4	0.4729891956782713	4158
3945	1	1.0004001600640257e-4	0.4730892356942777	4159
3946	1	1.0004001600640257e-4	0.47318927571028413	4160
3947	1	1.0004001600640257e-4	0.4732893157262905	4161
3948	1	1.0004001600640257e-4	0.4733893557422969	4162
3949	1	1.0004001600640257e-4	0.47348939575830334	4163
3950	1	1.0004001600640257e-4	0.47358943577430973	4164
3951	1	1.0004001600640257e-4	0.4736894757903161	4165
3952	1	1.0004001600640257e-4	0.4737895158063225	4166
3953	1	1.0004001600640257e-4	0.47388955582232895	4167
3954	1	1.0004001600640257e-4	0.47398959583833533	4168
3955	1	1.0004001600640257e-4	0.4740896358543417	4169
3956	1	1.0004001600640257e-4	0.47418967587034816	4170
3957	1	1.0004001600640257e-4	0.47428971588635455	4171
3958	1	1.0004001600640257e-4	0.47438975590236093	4172
3959	1	1.0004001600640257e-4	0.4744897959183673	4173
3960	1	1.0004001600640257e-4	0.47458983593437376	4174
3961	1	1.0004001600640257e-4	0.47468987595038015	4175
3962	1	1.0004001600640257e-4	0.47478991596638653	4176
3963	1	1.0004001600640257e-4	0.474889955982393	4177
3964	1	1.0004001600640257e-4	0.47498999599839936	4178
3965	1	1.0004001600640257e-4	0.47509003601440575	4179
3966	1	1.0004001600640257e-4	0.4751900760304122	4180
3967	1	1.0004001600640257e-4	0.4752901160464186	4181
3968	1	1.0004001600640257e-4	0.47539015606242496	4182
3969	1	1.0004001600640257e-4	0.47549019607843135	4183
3970	1	1.0004001600640257e-4	0.4755902360944378	4184
3971	1	1.0004001600640257e-4	0.4756902761104442	4185
3972	1	1.0004001600640257e-4	0.47579031612645056	4186
3973	1	1.0004001600640257e-4	0.475890356142457	4187
3974	1	1.0004001600640257e-4	0.4759903961584634	4188
3975	1	1.0004001600640257e-4	0.4760904361744698	4189
3976	1	1.0004001600640257e-4	0.47619047619047616	4190
3977	1	1.0004001600640257e-4	0.4762905162064826	4191
3978	1	1.0004001600640257e-4	0.476390556222489	4192
3979	1	1.0004001600640257e-4	0.4764905962384954	4193
3980	1	1.0004001600640257e-4	0.4765906362545018	4194
3981	1	1.0004001600640257e-4	0.4766906762705082	4195
3982	1	1.0004001600640257e-4	0.4767907162865146	4196
3984	1	1.0004001600640257e-4	0.476890756302521	4197
3985	1	1.0004001600640257e-4	0.4769907963185274	4198
3987	1	1.0004001600640257e-4	0.4770908363345338	4199
3988	1	1.0004001600640257e-4	0.4771908763505402	4200
3989	1	1.0004001600640257e-4	0.47729091636654664	4201
3990	1	1.0004001600640257e-4	0.477390956382553	4202
3991	1	1.0004001600640257e-4	0.4774909963985594	4203
3992	1	1.0004001600640257e-4	0.47759103641456585	4204
3993	1	1.0004001600640257e-4	0.47769107643057224	4205
3994	1	1.0004001600640257e-4	0.4777911164465786	4206
3996	1	1.0004001600640257e-4	0.477891156462585	4207
3997	1	1.0004001600640257e-4	0.47799119647859145	4208
3998	1	1.0004001600640257e-4	0.47809123649459784	4209
3999	1	1.0004001600640257e-4	0.4781912765106042	4210
4000	1	1.0004001600640257e-4	0.47829131652661067	4211
4001	1	1.0004001600640257e-4	0.47839135654261705	4212
4002	1	1.0004001600640257e-4	0.47849139655862344	4213
4003	1	1.0004001600640257e-4	0.4785914365746298	4214
4004	1	1.0004001600640257e-4	0.47869147659063627	4215
4005	1	1.0004001600640257e-4	0.47879151660664265	4216
4006	1	1.0004001600640257e-4	0.47889155662264904	4217
4007	1	1.0004001600640257e-4	0.4789915966386555	4218
4008	1	1.0004001600640257e-4	0.47909163665466187	4219
4009	1	1.0004001600640257e-4	0.47919167667066825	4220
4010	1	1.0004001600640257e-4	0.47929171668667464	4221
4011	1	1.0004001600640257e-4	0.4793917567026811	4222
4012	1	1.0004001600640257e-4	0.47949179671868747	4223
4013	1	1.0004001600640257e-4	0.47959183673469385	4224
4014	1	1.0004001600640257e-4	0.4796918767507003	4225
4015	1	1.0004001600640257e-4	0.4797919167667067	4226
4016	1	1.0004001600640257e-4	0.47989195678271307	4227
4017	1	1.0004001600640257e-4	0.4799919967987195	4228
4018	1	1.0004001600640257e-4	0.4800920368147259	4229
4019	1	1.0004001600640257e-4	0.4801920768307323	4230
4020	1	1.0004001600640257e-4	0.48029211684673867	4231
4021	1	1.0004001600640257e-4	0.4803921568627451	4232
4022	1	1.0004001600640257e-4	0.4804921968787515	4233
4023	1	1.0004001600640257e-4	0.4805922368947579	4234
4024	1	1.0004001600640257e-4	0.4806922769107643	4235
4026	1	1.0004001600640257e-4	0.4807923169267707	4236
4027	1	1.0004001600640257e-4	0.4808923569427771	4237
4029	1	1.0004001600640257e-4	0.4809923969587835	4238
4030	1	1.0004001600640257e-4	0.48109243697478993	4239
4031	1	1.0004001600640257e-4	0.4811924769907963	4240
4032	1	1.0004001600640257e-4	0.4812925170068027	4241
4033	1	1.0004001600640257e-4	0.48139255702280914	4242
4034	1	1.0004001600640257e-4	0.48149259703881553	4243
4036	1	1.0004001600640257e-4	0.4815926370548219	4244
4037	1	1.0004001600640257e-4	0.48169267707082836	4245
4038	1	1.0004001600640257e-4	0.48179271708683474	4246
4040	1	1.0004001600640257e-4	0.48189275710284113	4247
4041	1	1.0004001600640257e-4	0.4819927971188475	4248
4042	1	1.0004001600640257e-4	0.48209283713485396	4249
4043	1	1.0004001600640257e-4	0.48219287715086034	4250
4044	1	1.0004001600640257e-4	0.48229291716686673	4251
4045	1	1.0004001600640257e-4	0.48239295718287317	4252
4046	1	1.0004001600640257e-4	0.48249299719887956	4253
4047	1	1.0004001600640257e-4	0.48259303721488594	4254
4049	1	1.0004001600640257e-4	0.48269307723089233	4255
4050	1	1.0004001600640257e-4	0.4827931172468988	4256
4051	1	1.0004001600640257e-4	0.48289315726290516	4257
4052	1	1.0004001600640257e-4	0.48299319727891155	4258
4053	1	1.0004001600640257e-4	0.483093237294918	4259
4054	1	1.0004001600640257e-4	0.4831932773109244	4260
4055	1	1.0004001600640257e-4	0.48329331732693076	4261
4056	1	1.0004001600640257e-4	0.48339335734293715	4262
4057	1	1.0004001600640257e-4	0.4834933973589436	4263
4058	1	1.0004001600640257e-4	0.48359343737495	4264
4059	1	1.0004001600640257e-4	0.48369347739095636	4265
4060	1	1.0004001600640257e-4	0.4837935174069628	4266
4061	1	1.0004001600640257e-4	0.4838935574229692	4267
4062	1	1.0004001600640257e-4	0.4839935974389756	4268
4063	1	1.0004001600640257e-4	0.484093637454982	4269
4064	1	1.0004001600640257e-4	0.4841936774709884	4270
4065	1	1.0004001600640257e-4	0.4842937174869948	4271
4066	1	1.0004001600640257e-4	0.4843937575030012	4272
4067	1	1.0004001600640257e-4	0.4844937975190076	4273
4068	1	1.0004001600640257e-4	0.484593837535014	4274
4069	1	1.0004001600640257e-4	0.4846938775510204	4275
4070	1	1.0004001600640257e-4	0.48479391756702683	4276
4072	1	1.0004001600640257e-4	0.4848939575830332	4277
4073	1	1.0004001600640257e-4	0.4849939975990396	4278
4074	1	1.0004001600640257e-4	0.485094037615046	4279
4075	1	1.0004001600640257e-4	0.48519407763105243	4280
4076	1	1.0004001600640257e-4	0.4852941176470588	4281
4077	1	1.0004001600640257e-4	0.4853941576630652	4282
4078	1	1.0004001600640257e-4	0.48549419767907165	4283
4079	1	1.0004001600640257e-4	0.48559423769507803	4284
4080	1	1.0004001600640257e-4	0.4856942777110844	4285
4081	1	1.0004001600640257e-4	0.4857943177270908	4286
4082	1	1.0004001600640257e-4	0.48589435774309725	4287
4083	1	1.0004001600640257e-4	0.48599439775910364	4288
4084	1	1.0004001600640257e-4	0.48609443777511	4289
4085	1	1.0004001600640257e-4	0.48619447779111646	4290
4086	1	1.0004001600640257e-4	0.48629451780712285	4291
4087	1	1.0004001600640257e-4	0.48639455782312924	4292
4088	1	1.0004001600640257e-4	0.4864945978391357	4293
4089	1	1.0004001600640257e-4	0.48659463785514206	4294
4090	1	1.0004001600640257e-4	0.48669467787114845	4295
4091	1	1.0004001600640257e-4	0.48679471788715484	4296
4092	1	1.0004001600640257e-4	0.4868947579031613	4297
4093	1	1.0004001600640257e-4	0.48699479791916767	4298
4094	1	1.0004001600640257e-4	0.48709483793517405	4299
4095	1	1.0004001600640257e-4	0.4871948779511805	4300
4096	1	1.0004001600640257e-4	0.4872949179671869	4301
4097	1	1.0004001600640257e-4	0.48739495798319327	4302
4098	1	1.0004001600640257e-4	0.48749499799919965	4303
4099	1	1.0004001600640257e-4	0.4875950380152061	4304
4100	1	1.0004001600640257e-4	0.4876950780312125	4305
4101	1	1.0004001600640257e-4	0.48779511804721887	4306
4102	1	1.0004001600640257e-4	0.4878951580632253	4307
4103	1	1.0004001600640257e-4	0.4879951980792317	4308
4104	1	1.0004001600640257e-4	0.4880952380952381	4309
4105	1	1.0004001600640257e-4	0.48819527811124447	4310
4106	1	1.0004001600640257e-4	0.4882953181272509	4311
4107	1	1.0004001600640257e-4	0.4883953581432573	4312
4108	1	1.0004001600640257e-4	0.4884953981592637	4313
4109	1	1.0004001600640257e-4	0.4885954381752701	4314
4110	1	1.0004001600640257e-4	0.4886954781912765	4315
4111	1	1.0004001600640257e-4	0.4887955182072829	4316
4112	1	1.0004001600640257e-4	0.48889555822328934	4317
4113	1	1.0004001600640257e-4	0.4889955982392957	4318
4114	1	1.0004001600640257e-4	0.4890956382553021	4319
4115	1	1.0004001600640257e-4	0.4891956782713085	4320
4116	1	1.0004001600640257e-4	0.48929571828731494	4321
4117	1	1.0004001600640257e-4	0.4893957583033213	4322
4118	1	1.0004001600640257e-4	0.4894957983193277	4323
4119	1	1.0004001600640257e-4	0.48959583833533415	4324
4120	1	1.0004001600640257e-4	0.48969587835134054	4325
4121	1	1.0004001600640257e-4	0.4897959183673469	4326
4122	1	1.0004001600640257e-4	0.4898959583833533	4327
4123	1	1.0004001600640257e-4	0.48999599839935976	4328
4124	1	1.0004001600640257e-4	0.49009603841536614	4329
4125	1	1.0004001600640257e-4	0.49019607843137253	4330
4126	1	1.0004001600640257e-4	0.49029611844737897	4331
4127	1	1.0004001600640257e-4	0.49039615846338536	4332
4128	1	1.0004001600640257e-4	0.49049619847939174	4333
4129	1	1.0004001600640257e-4	0.49059623849539813	4334
4130	1	1.0004001600640257e-4	0.49069627851140457	4335
4131	1	1.0004001600640257e-4	0.49079631852741096	4336
4132	1	1.0004001600640257e-4	0.49089635854341734	4337
4133	1	1.0004001600640257e-4	0.4909963985594238	4338
4134	1	1.0004001600640257e-4	0.49109643857543017	4339
4135	1	1.0004001600640257e-4	0.49119647859143656	4340
4136	1	1.0004001600640257e-4	0.491296518607443	4341
4137	1	1.0004001600640257e-4	0.4913965586234494	4342
4138	1	1.0004001600640257e-4	0.4914965986394558	4343
4139	1	1.0004001600640257e-4	0.49159663865546216	4344
4140	1	1.0004001600640257e-4	0.4916966786714686	4345
4141	1	1.0004001600640257e-4	0.491796718687475	4346
4142	1	1.0004001600640257e-4	0.4918967587034814	4347
4143	1	1.0004001600640257e-4	0.4919967987194878	4348
4144	1	1.0004001600640257e-4	0.4920968387354942	4349
4146	1	1.0004001600640257e-4	0.4921968787515006	4350
4147	1	1.0004001600640257e-4	0.492296918767507	4351
4148	1	1.0004001600640257e-4	0.4923969587835134	4352
4149	1	1.0004001600640257e-4	0.4924969987995198	4353
4150	1	1.0004001600640257e-4	0.4925970388155262	4354
4151	1	1.0004001600640257e-4	0.49269707883153263	4355
4152	1	1.0004001600640257e-4	0.492797118847539	4356
4153	1	1.0004001600640257e-4	0.4928971588635454	4357
4154	1	1.0004001600640257e-4	0.4929971988795518	4358
4155	1	1.0004001600640257e-4	0.49309723889555823	4359
4156	1	1.0004001600640257e-4	0.4931972789115646	4360
4157	1	1.0004001600640257e-4	0.493297318927571	4361
4158	1	1.0004001600640257e-4	0.49339735894357745	4362
4159	1	1.0004001600640257e-4	0.49349739895958383	4363
4160	1	1.0004001600640257e-4	0.4935974389755902	4364
4161	1	1.0004001600640257e-4	0.49369747899159666	4365
4162	1	1.0004001600640257e-4	0.49379751900760305	4366
4163	1	1.0004001600640257e-4	0.49389755902360943	4367
4165	1	1.0004001600640257e-4	0.4939975990396158	4368
4166	1	1.0004001600640257e-4	0.49409763905562226	4369
4167	1	1.0004001600640257e-4	0.49419767907162865	4370
4169	1	1.0004001600640257e-4	0.49429771908763503	4371
4170	1	1.0004001600640257e-4	0.4943977591036415	4372
4171	1	1.0004001600640257e-4	0.49449779911964786	4373
4172	1	1.0004001600640257e-4	0.49459783913565425	4374
4173	1	1.0004001600640257e-4	0.49469787915166064	4375
4174	1	1.0004001600640257e-4	0.4947979191676671	4376
4176	1	1.0004001600640257e-4	0.49489795918367346	4377
4177	1	1.0004001600640257e-4	0.49499799919967985	4378
4178	1	1.0004001600640257e-4	0.4950980392156863	4379
4179	1	1.0004001600640257e-4	0.4951980792316927	4380
4180	1	1.0004001600640257e-4	0.49529811924769906	4381
4181	1	1.0004001600640257e-4	0.4953981592637055	4382
4182	1	1.0004001600640257e-4	0.4954981992797119	4383
4183	1	1.0004001600640257e-4	0.4955982392957183	4384
4184	1	1.0004001600640257e-4	0.49569827931172467	4385
4185	1	1.0004001600640257e-4	0.4957983193277311	4386
4186	1	1.0004001600640257e-4	0.4958983593437375	4387
4187	1	1.0004001600640257e-4	0.4959983993597439	4388
4189	1	1.0004001600640257e-4	0.4960984393757503	4389
4190	1	1.0004001600640257e-4	0.4961984793917567	4390
4191	1	1.0004001600640257e-4	0.4962985194077631	4391
4192	1	1.0004001600640257e-4	0.4963985594237695	4392
4193	1	1.0004001600640257e-4	0.4964985994397759	4393
4194	1	1.0004001600640257e-4	0.4965986394557823	4394
4195	1	1.0004001600640257e-4	0.4966986794717887	4395
4196	1	1.0004001600640257e-4	0.49679871948779514	4396
4197	1	1.0004001600640257e-4	0.4968987595038015	4397
4198	1	1.0004001600640257e-4	0.4969987995198079	4398
4200	1	1.0004001600640257e-4	0.4970988395358143	4399
4201	1	1.0004001600640257e-4	0.49719887955182074	4400
4202	1	1.0004001600640257e-4	0.4972989195678271	4401
4203	1	1.0004001600640257e-4	0.4973989595838335	4402
4204	1	1.0004001600640257e-4	0.49749899959983995	4403
4205	1	1.0004001600640257e-4	0.49759903961584634	4404
4206	1	1.0004001600640257e-4	0.4976990796318527	4405
4207	1	1.0004001600640257e-4	0.49779911964785917	4406
4208	1	1.0004001600640257e-4	0.49789915966386555	4407
4209	1	1.0004001600640257e-4	0.49799919967987194	4408
4210	1	1.0004001600640257e-4	0.4980992396958783	4409
4211	1	1.0004001600640257e-4	0.49819927971188477	4410
4212	1	1.0004001600640257e-4	0.49829931972789115	4411
4213	1	1.0004001600640257e-4	0.49839935974389754	4412
4214	1	1.0004001600640257e-4	0.498499399759904	4413
4215	1	1.0004001600640257e-4	0.49859943977591037	4414
4216	1	1.0004001600640257e-4	0.49869947979191676	4415
4217	1	1.0004001600640257e-4	0.49879951980792314	4416
4218	1	1.0004001600640257e-4	0.4988995598239296	4417
4219	1	1.0004001600640257e-4	0.49899959983993597	4418
4220	1	1.0004001600640257e-4	0.49909963985594236	4419
4221	1	1.0004001600640257e-4	0.4991996798719488	4420
4222	1	1.0004001600640257e-4	0.4992997198879552	4421
4223	1	1.0004001600640257e-4	0.49939975990396157	4422
4224	1	1.0004001600640257e-4	0.49949979991996796	4423
4225	1	1.0004001600640257e-4	0.4995998399359744	4424
4226	1	1.0004001600640257e-4	0.4996998799519808	4425
4227	1	1.0004001600640257e-4	0.49979991996798717	4426
4228	1	1.0004001600640257e-4	0.4998999599839936	4427
4229	1	1.0004001600640257e-4	0.5	4428
4230	1	1.0004001600640257e-4	0.5001000400160064	4429
4231	1	1.0004001600640257e-4	0.5002000800320128	4430
4232	1	1.0004001600640257e-4	0.5003001200480192	4431
4234	1	1.0004001600640257e-4	0.5004001600640257	4432
4235	1	1.0004001600640257e-4	0.500500200080032	4433
4236	1	1.0004001600640257e-4	0.5006002400960384	4434
4237	1	1.0004001600640257e-4	0.5007002801120448	4435
4238	1	1.0004001600640257e-4	0.5008003201280512	4436
4239	1	1.0004001600640257e-4	0.5009003601440576	4437
4240	1	1.0004001600640257e-4	0.501000400160064	4438
4241	1	1.0004001600640257e-4	0.5011004401760705	4439
4242	1	1.0004001600640257e-4	0.5012004801920769	4440
4243	1	1.0004001600640257e-4	0.5013005202080832	4441
4244	1	1.0004001600640257e-4	0.5014005602240896	4442
4245	1	1.0004001600640257e-4	0.501500600240096	4443
4246	1	1.0004001600640257e-4	0.5016006402561024	4444
4247	1	1.0004001600640257e-4	0.5017006802721088	4445
4248	1	1.0004001600640257e-4	0.5018007202881153	4446
4249	1	1.0004001600640257e-4	0.5019007603041217	4447
4251	1	1.0004001600640257e-4	0.5020008003201281	4448
4252	1	1.0004001600640257e-4	0.5021008403361344	4449
4253	1	1.0004001600640257e-4	0.5022008803521408	4450
4254	1	1.0004001600640257e-4	0.5023009203681472	4451
4255	1	1.0004001600640257e-4	0.5024009603841536	4452
4256	1	1.0004001600640257e-4	0.5025010004001601	4453
4257	1	1.0004001600640257e-4	0.5026010404161665	4454
4258	1	1.0004001600640257e-4	0.5027010804321729	4455
4259	1	1.0004001600640257e-4	0.5028011204481793	4456
4260	1	1.0004001600640257e-4	0.5029011604641856	4457
4261	1	1.0004001600640257e-4	0.503001200480192	4458
4262	1	1.0004001600640257e-4	0.5031012404961984	4459
4263	1	1.0004001600640257e-4	0.5032012805122049	4460
4267	1	1.0004001600640257e-4	0.5033013205282113	4461
4268	1	1.0004001600640257e-4	0.5034013605442177	4462
4270	1	1.0004001600640257e-4	0.5035014005602241	4463
4271	1	1.0004001600640257e-4	0.5036014405762305	4464
4272	1	1.0004001600640257e-4	0.5037014805922368	4465
4273	1	1.0004001600640257e-4	0.5038015206082433	4466
4274	1	1.0004001600640257e-4	0.5039015606242497	4467
4276	1	1.0004001600640257e-4	0.5040016006402561	4468
4277	1	1.0004001600640257e-4	0.5041016406562625	4469
4278	1	1.0004001600640257e-4	0.5042016806722689	4470
4279	1	1.0004001600640257e-4	0.5043017206882753	4471
4280	1	1.0004001600640257e-4	0.5044017607042817	4472
4281	1	1.0004001600640257e-4	0.5045018007202882	4473
4282	1	1.0004001600640257e-4	0.5046018407362945	4474
4283	1	1.0004001600640257e-4	0.5047018807523009	4475
4284	1	1.0004001600640257e-4	0.5048019207683073	4476
4285	1	1.0004001600640257e-4	0.5049019607843137	4477
4286	1	1.0004001600640257e-4	0.5050020008003201	4478
4287	1	1.0004001600640257e-4	0.5051020408163265	4479
4288	1	1.0004001600640257e-4	0.505202080832333	4480
4289	1	1.0004001600640257e-4	0.5053021208483394	4481
4290	1	1.0004001600640257e-4	0.5054021608643458	4482
4291	1	1.0004001600640257e-4	0.5055022008803521	4483
4292	1	1.0004001600640257e-4	0.5056022408963585	4484
4293	1	1.0004001600640257e-4	0.5057022809123649	4485
4294	1	1.0004001600640257e-4	0.5058023209283713	4486
4295	1	1.0004001600640257e-4	0.5059023609443778	4487
4296	1	1.0004001600640257e-4	0.5060024009603842	4488
4297	1	1.0004001600640257e-4	0.5061024409763906	4489
4298	1	1.0004001600640257e-4	0.506202480992397	4490
4299	1	1.0004001600640257e-4	0.5063025210084033	4491
4300	1	1.0004001600640257e-4	0.5064025610244097	4492
4301	1	1.0004001600640257e-4	0.5065026010404161	4493
4302	1	1.0004001600640257e-4	0.5066026410564226	4494
4303	1	1.0004001600640257e-4	0.506702681072429	4495
4304	1	1.0004001600640257e-4	0.5068027210884354	4496
4305	1	1.0004001600640257e-4	0.5069027611044418	4497
4306	1	1.0004001600640257e-4	0.5070028011204482	4498
4307	1	1.0004001600640257e-4	0.5071028411364545	4499
4308	1	1.0004001600640257e-4	0.5072028811524609	4500
4309	1	1.0004001600640257e-4	0.5073029211684674	4501
4310	1	1.0004001600640257e-4	0.5074029611844738	4502
4311	1	1.0004001600640257e-4	0.5075030012004802	4503
4312	1	1.0004001600640257e-4	0.5076030412164866	4504
4313	1	1.0004001600640257e-4	0.507703081232493	4505
4314	1	1.0004001600640257e-4	0.5078031212484994	4506
4315	1	1.0004001600640257e-4	0.5079031612645059	4507
4316	1	1.0004001600640257e-4	0.5080032012805122	4508
4317	1	1.0004001600640257e-4	0.5081032412965186	4509
4318	1	1.0004001600640257e-4	0.508203281312525	4510
4319	1	1.0004001600640257e-4	0.5083033213285314	4511
4320	1	1.0004001600640257e-4	0.5084033613445378	4512
4321	1	1.0004001600640257e-4	0.5085034013605442	4513
4322	1	1.0004001600640257e-4	0.5086034413765507	4514
4323	1	1.0004001600640257e-4	0.50870348139255706	4515
4324	1	1.0004001600640257e-4	0.5088035214085634	4516
4325	1	1.0004001600640257e-4	0.5089035614245698	4517
4326	1	1.0004001600640257e-4	0.5090036014405762	4518
4327	1	1.0004001600640257e-4	0.5091036414565826	4519
4328	1	1.0004001600640257e-4	0.509203681472589	4520
4329	1	1.0004001600640257e-4	0.5093037214885955	4521
4330	1	1.0004001600640257e-4	0.5094037615046019	4522
4331	1	1.0004001600640257e-4	0.5095038015206083	4523
4332	1	1.0004001600640257e-4	0.5096038415366146	4524
4333	1	1.0004001600640257e-4	0.509703881552621	4525
4334	1	1.0004001600640257e-4	0.5098039215686274	4526
4335	1	1.0004001600640257e-4	0.5099039615846338	4527
4336	1	1.0004001600640257e-4	0.5100040016006403	4528
4337	1	1.0004001600640257e-4	0.5101040416166467	4529
4339	1	1.0004001600640257e-4	0.5102040816326531	4530
4341	1	1.0004001600640257e-4	0.5103041216486595	4531
4342	1	1.0004001600640257e-4	0.5104041616646658	4532
4343	1	1.0004001600640257e-4	0.5105042016806722	4533
4345	1	1.0004001600640257e-4	0.5106042416966786	4534
4346	1	1.0004001600640257e-4	0.5107042817126851	4535
4347	1	1.0004001600640257e-4	0.5108043217286915	4536
4348	1	1.0004001600640257e-4	0.5109043617446979	4537
4349	1	1.0004001600640257e-4	0.5110044017607043	4538
4350	1	1.0004001600640257e-4	0.5111044417767107	4539
4351	1	1.0004001600640257e-4	0.511204481792717	4540
4352	1	1.0004001600640257e-4	0.5113045218087234	4541
4353	1	1.0004001600640257e-4	0.5114045618247299	4542
4354	1	1.0004001600640257e-4	0.5115046018407363	4543
4355	1	1.0004001600640257e-4	0.5116046418567427	4544
4356	1	1.0004001600640257e-4	0.5117046818727491	4545
4357	1	1.0004001600640257e-4	0.5118047218887555	4546
4358	1	1.0004001600640257e-4	0.5119047619047619	4547
4359	1	1.0004001600640257e-4	0.5120048019207682	4548
4360	1	1.0004001600640257e-4	0.5121048419367747	4549
4361	1	1.0004001600640257e-4	0.5122048819527811	4550
4362	1	1.0004001600640257e-4	0.5123049219687875	4551
4363	1	1.0004001600640257e-4	0.5124049619847939	4552
4364	1	1.0004001600640257e-4	0.5125050020008003	4553
4365	1	1.0004001600640257e-4	0.5126050420168067	4554
4366	1	1.0004001600640257e-4	0.5127050820328132	4555
4367	1	1.0004001600640257e-4	0.5128051220488196	4556
4368	1	1.0004001600640257e-4	0.512905162064826	4557
4369	1	1.0004001600640257e-4	0.5130052020808323	4558
4370	1	1.0004001600640257e-4	0.5131052420968387	4559
4371	1	1.0004001600640257e-4	0.5132052821128451	4560
4372	1	1.0004001600640257e-4	0.5133053221288515	4561
4373	1	1.0004001600640257e-4	0.513405362144858	4562
4374	1	1.0004001600640257e-4	0.5135054021608644	4563
4375	1	1.0004001600640257e-4	0.5136054421768708	4564
4376	1	1.0004001600640257e-4	0.5137054821928771	4565
4378	1	1.0004001600640257e-4	0.5138055222088835	4566
4379	1	1.0004001600640257e-4	0.5139055622248899	4567
4380	1	1.0004001600640257e-4	0.5140056022408963	4568
4381	1	1.0004001600640257e-4	0.5141056422569028	4569
4382	1	1.0004001600640257e-4	0.5142056822729092	4570
4383	1	1.0004001600640257e-4	0.5143057222889156	4571
4386	1	1.0004001600640257e-4	0.514405762304922	4572
4387	1	1.0004001600640257e-4	0.5145058023209284	4573
4388	1	1.0004001600640257e-4	0.5146058423369347	4574
4389	1	1.0004001600640257e-4	0.5147058823529411	4575
4390	1	1.0004001600640257e-4	0.5148059223689476	4576
4391	1	1.0004001600640257e-4	0.514905962384954	4577
4392	1	1.0004001600640257e-4	0.5150060024009604	4578
4393	1	1.0004001600640257e-4	0.5151060424169668	4579
4394	1	1.0004001600640257e-4	0.5152060824329732	4580
4395	1	1.0004001600640257e-4	0.5153061224489796	4581
4396	1	1.0004001600640257e-4	0.5154061624649859	4582
4397	1	1.0004001600640257e-4	0.5155062024809924	4583
4398	1	1.0004001600640257e-4	0.5156062424969988	4584
4399	1	1.0004001600640257e-4	0.5157062825130052	4585
4400	1	1.0004001600640257e-4	0.5158063225290116	4586
4401	1	1.0004001600640257e-4	0.515906362545018	4587
4402	1	1.0004001600640257e-4	0.5160064025610244	4588
4403	1	1.0004001600640257e-4	0.5161064425770308	4589
4404	1	1.0004001600640257e-4	0.5162064825930373	4590
4405	1	1.0004001600640257e-4	0.5163065226090436	4591
4407	1	1.0004001600640257e-4	0.51640656262505	4592
4409	1	1.0004001600640257e-4	0.5165066026410564	4593
4410	1	1.0004001600640257e-4	0.5166066426570628	4594
4411	1	1.0004001600640257e-4	0.5167066826730692	4595
4412	1	1.0004001600640257e-4	0.5168067226890756	4596
4413	1	1.0004001600640257e-4	0.5169067627050821	4597
4414	1	1.0004001600640257e-4	0.5170068027210885	4598
4415	1	1.0004001600640257e-4	0.5171068427370948	4599
4416	1	1.0004001600640257e-4	0.5172068827531012	4600
4417	1	1.0004001600640257e-4	0.5173069227691076	4601
4418	1	1.0004001600640257e-4	0.517406962785114	4602
4419	1	1.0004001600640257e-4	0.5175070028011205	4603
4420	1	1.0004001600640257e-4	0.5176070428171269	4604
4421	1	1.0004001600640257e-4	0.5177070828331333	4605
4422	1	1.0004001600640257e-4	0.5178071228491397	4606
4423	1	1.0004001600640257e-4	0.517907162865146	4607
4424	1	1.0004001600640257e-4	0.5180072028811524	4608
4426	1	1.0004001600640257e-4	0.5181072428971588	4609
4427	1	1.0004001600640257e-4	0.5182072829131653	4610
4428	1	1.0004001600640257e-4	0.5183073229291717	4611
4429	1	1.0004001600640257e-4	0.5184073629451781	4612
4430	1	1.0004001600640257e-4	0.5185074029611845	4613
4431	1	1.0004001600640257e-4	0.5186074429771909	4614
4433	1	1.0004001600640257e-4	0.5187074829931972	4615
4434	1	1.0004001600640257e-4	0.5188075230092036	4616
4435	1	1.0004001600640257e-4	0.5189075630252101	4617
4436	1	1.0004001600640257e-4	0.5190076030412165	4618
4437	1	1.0004001600640257e-4	0.5191076430572229	4619
4438	1	1.0004001600640257e-4	0.5192076830732293	4620
4439	1	1.0004001600640257e-4	0.5193077230892357	4621
4440	1	1.0004001600640257e-4	0.5194077631052421	4622
4441	1	1.0004001600640257e-4	0.5195078031212484	4623
4442	1	1.0004001600640257e-4	0.5196078431372549	4624
4443	1	1.0004001600640257e-4	0.5197078831532613	4625
4444	1	1.0004001600640257e-4	0.5198079231692677	4626
4445	1	1.0004001600640257e-4	0.5199079631852741	4627
4446	1	1.0004001600640257e-4	0.5200080032012805	4628
4447	1	1.0004001600640257e-4	0.5201080432172869	4629
4448	1	1.0004001600640257e-4	0.5202080832332933	4630
4449	1	1.0004001600640257e-4	0.5203081232492998	4631
4450	1	1.0004001600640257e-4	0.5204081632653061	4632
4451	1	1.0004001600640257e-4	0.5205082032813125	4633
4452	1	1.0004001600640257e-4	0.5206082432973189	4634
4453	1	1.0004001600640257e-4	0.5207082833133253	4635
4454	1	1.0004001600640257e-4	0.5208083233293317	4636
4455	1	1.0004001600640257e-4	0.5209083633453381	4637
4456	1	1.0004001600640257e-4	0.5210084033613446	4638
4457	1	1.0004001600640257e-4	0.521108443377351	4639
4458	1	1.0004001600640257e-4	0.5212084833933573	4640
4459	1	1.0004001600640257e-4	0.5213085234093637	4641
4460	1	1.0004001600640257e-4	0.5214085634253701	4642
4461	1	1.0004001600640257e-4	0.5215086034413765	4643
4462	1	1.0004001600640257e-4	0.521608643457383	4644
4463	1	1.0004001600640257e-4	0.5217086834733894	4645
4464	1	1.0004001600640257e-4	0.5218087234893958	4646
4465	1	1.0004001600640257e-4	0.5219087635054022	4647
4466	1	1.0004001600640257e-4	0.5220088035214085	4648
4467	1	1.0004001600640257e-4	0.5221088435374149	4649
4468	1	1.0004001600640257e-4	0.5222088835534213	4650
4469	1	1.0004001600640257e-4	0.5223089235694278	4651
4470	1	1.0004001600640257e-4	0.5224089635854342	4652
4471	1	1.0004001600640257e-4	0.5225090036014406	4653
4472	1	1.0004001600640257e-4	0.522609043617447	4654
4473	1	1.0004001600640257e-4	0.5227090836334534	4655
4474	1	1.0004001600640257e-4	0.5228091236494598	4656
4475	1	1.0004001600640257e-4	0.5229091636654661	4657
4476	1	1.0004001600640257e-4	0.5230092036814726	4658
4477	1	1.0004001600640257e-4	0.523109243697479	4659
4478	1	1.0004001600640257e-4	0.5232092837134854	4660
4479	1	1.0004001600640257e-4	0.5233093237294918	4661
4480	1	1.0004001600640257e-4	0.5234093637454982	4662
4481	1	1.0004001600640257e-4	0.5235094037615046	4663
4482	1	1.0004001600640257e-4	0.523609443777511	4664
4483	1	1.0004001600640257e-4	0.5237094837935174	4665
4484	1	1.0004001600640257e-4	0.5238095238095238	4666
4485	1	1.0004001600640257e-4	0.5239095638255302	4667
4486	1	1.0004001600640257e-4	0.5240096038415366	4668
4487	1	1.0004001600640257e-4	0.524109643857543	4669
4488	1	1.0004001600640257e-4	0.5242096838735494	4670
4489	1	1.0004001600640257e-4	0.5243097238895558	4671
4490	1	1.0004001600640257e-4	0.5244097639055623	4672
4491	1	1.0004001600640257e-4	0.5245098039215687	4673
4492	1	1.0004001600640257e-4	0.524609843937575	4674
4493	1	1.0004001600640257e-4	0.5247098839535814	4675
4494	1	1.0004001600640257e-4	0.5248099239695878	4676
4495	1	1.0004001600640257e-4	0.5249099639855942	4677
4496	1	1.0004001600640257e-4	0.5250100040016006	4678
4497	1	1.0004001600640257e-4	0.5251100440176071	4679
4498	1	1.0004001600640257e-4	0.5252100840336135	4680
4499	1	1.0004001600640257e-4	0.5253101240496199	4681
4500	1	1.0004001600640257e-4	0.5254101640656262	4682
4501	1	1.0004001600640257e-4	0.5255102040816326	4683
4502	1	1.0004001600640257e-4	0.525610244097639	4684
4503	1	1.0004001600640257e-4	0.5257102841136454	4685
4504	1	1.0004001600640257e-4	0.5258103241296519	4686
4505	1	1.0004001600640257e-4	0.5259103641456583	4687
4506	1	1.0004001600640257e-4	0.5260104041616647	4688
4507	1	1.0004001600640257e-4	0.526110444177671	4689
4508	1	1.0004001600640257e-4	0.5262104841936774	4690
4509	1	1.0004001600640257e-4	0.5263105242096838	4691
4510	1	1.0004001600640257e-4	0.5264105642256903	4692
4511	1	1.0004001600640257e-4	0.5265106042416967	4693
4512	1	1.0004001600640257e-4	0.5266106442577031	4694
4513	1	1.0004001600640257e-4	0.5267106842737095	4695
4514	1	1.0004001600640257e-4	0.5268107242897159	4696
4515	1	1.0004001600640257e-4	0.5269107643057223	4697
4516	1	1.0004001600640257e-4	0.5270108043217286	4698
4517	1	1.0004001600640257e-4	0.5271108443377351	4699
4518	1	1.0004001600640257e-4	0.5272108843537415	4700
4520	1	1.0004001600640257e-4	0.5273109243697479	4701
4521	1	1.0004001600640257e-4	0.5274109643857543	4702
4522	1	1.0004001600640257e-4	0.5275110044017607	4703
4523	1	1.0004001600640257e-4	0.5276110444177671	4704
4524	1	1.0004001600640257e-4	0.5277110844337735	4705
4525	1	1.0004001600640257e-4	0.52781112444978	4706
4526	1	1.0004001600640257e-4	0.5279111644657863	4707
4527	1	1.0004001600640257e-4	0.5280112044817927	4708
4528	1	1.0004001600640257e-4	0.5281112444977991	4709
4529	1	1.0004001600640257e-4	0.5282112845138055	4710
4530	1	1.0004001600640257e-4	0.5283113245298119	4711
4531	1	1.0004001600640257e-4	0.5284113645458183	4712
4532	1	1.0004001600640257e-4	0.5285114045618248	4713
4533	1	1.0004001600640257e-4	0.5286114445778312	4714
4534	1	1.0004001600640257e-4	0.5287114845938375	4715
4535	1	1.0004001600640257e-4	0.5288115246098439	4716
4536	1	1.0004001600640257e-4	0.5289115646258503	4717
4537	1	1.0004001600640257e-4	0.5290116046418567	4718
4538	1	1.0004001600640257e-4	0.5291116446578631	4719
4539	1	1.0004001600640257e-4	0.5292116846738696	4720
4540	1	1.0004001600640257e-4	0.529311724689876	4721
4541	1	1.0004001600640257e-4	0.5294117647058824	4722
4542	1	1.0004001600640257e-4	0.5295118047218887	4723
4543	1	1.0004001600640257e-4	0.5296118447378951	4724
4544	1	1.0004001600640257e-4	0.5297118847539015	4725
4545	1	1.0004001600640257e-4	0.5298119247699079	4726
4546	1	1.0004001600640257e-4	0.5299119647859144	4727
4548	1	1.0004001600640257e-4	0.5300120048019208	4728
4549	1	1.0004001600640257e-4	0.5301120448179272	4729
4550	1	1.0004001600640257e-4	0.5302120848339336	4730
4551	1	1.0004001600640257e-4	0.53031212484994	4731
4552	1	1.0004001600640257e-4	0.5304121648659463	4732
4553	1	1.0004001600640257e-4	0.5305122048819527	4733
4554	1	1.0004001600640257e-4	0.5306122448979592	4734
4555	1	1.0004001600640257e-4	0.5307122849139656	4735
4556	1	1.0004001600640257e-4	0.530812324929972	4736
4558	1	1.0004001600640257e-4	0.5309123649459784	4737
4559	1	1.0004001600640257e-4	0.5310124049619848	4738
4560	1	1.0004001600640257e-4	0.5311124449779911	4739
4561	1	1.0004001600640257e-4	0.5312124849939976	4740
4562	1	1.0004001600640257e-4	0.531312525010004	4741
4563	1	1.0004001600640257e-4	0.5314125650260104	4742
4564	1	1.0004001600640257e-4	0.5315126050420168	4743
4565	1	1.0004001600640257e-4	0.5316126450580232	4744
4566	1	1.0004001600640257e-4	0.5317126850740296	4745
4567	1	1.0004001600640257e-4	0.531812725090036	4746
4568	1	1.0004001600640257e-4	0.5319127651060425	4747
4569	1	1.0004001600640257e-4	0.5320128051220488	4748
4570	1	1.0004001600640257e-4	0.5321128451380552	4749
4571	1	1.0004001600640257e-4	0.5322128851540616	4750
4572	1	1.0004001600640257e-4	0.532312925170068	4751
4573	1	1.0004001600640257e-4	0.5324129651860744	4752
4574	1	1.0004001600640257e-4	0.5325130052020808	4753
4575	1	1.0004001600640257e-4	0.5326130452180873	4754
4576	1	1.0004001600640257e-4	0.5327130852340937	4755
4577	1	1.0004001600640257e-4	0.5328131252501	4756
4578	1	1.0004001600640257e-4	0.5329131652661064	4757
4579	1	1.0004001600640257e-4	0.5330132052821128	4758
4580	1	1.0004001600640257e-4	0.5331132452981192	4759
4581	1	1.0004001600640257e-4	0.5332132853141256	4760
4582	1	1.0004001600640257e-4	0.5333133253301321	4761
4583	1	1.0004001600640257e-4	0.5334133653461385	4762
4584	1	1.0004001600640257e-4	0.5335134053621449	4763
4585	1	1.0004001600640257e-4	0.5336134453781513	4764
4586	1	1.0004001600640257e-4	0.5337134853941576	4765
4587	1	1.0004001600640257e-4	0.533813525410164	4766
4588	1	1.0004001600640257e-4	0.5339135654261704	4767
4589	1	1.0004001600640257e-4	0.5340136054421769	4768
4590	1	1.0004001600640257e-4	0.5341136454581833	4769
4591	1	1.0004001600640257e-4	0.5342136854741897	4770
4592	1	1.0004001600640257e-4	0.5343137254901961	4771
4593	1	1.0004001600640257e-4	0.5344137655062025	4772
4594	1	1.0004001600640257e-4	0.5345138055222088	4773
4595	1	1.0004001600640257e-4	0.5346138455382152	4774
4596	1	1.0004001600640257e-4	0.5347138855542217	4775
4597	1	1.0004001600640257e-4	0.5348139255702281	4776
4598	1	1.0004001600640257e-4	0.5349139655862345	4777
4599	1	1.0004001600640257e-4	0.5350140056022409	4778
4600	1	1.0004001600640257e-4	0.5351140456182473	4779
4601	1	1.0004001600640257e-4	0.5352140856342537	4780
4602	1	1.0004001600640257e-4	0.5353141256502602	4781
4603	1	1.0004001600640257e-4	0.5354141656662665	4782
4604	1	1.0004001600640257e-4	0.5355142056822729	4783
4605	1	1.0004001600640257e-4	0.5356142456982793	4784
4606	1	1.0004001600640257e-4	0.5357142857142857	4785
4607	1	1.0004001600640257e-4	0.5358143257302921	4786
4608	1	1.0004001600640257e-4	0.5359143657462985	4787
4610	1	1.0004001600640257e-4	0.536014405762305	4788
4611	1	1.0004001600640257e-4	0.5361144457783114	4789
4612	1	1.0004001600640257e-4	0.5362144857943177	4790
4613	1	1.0004001600640257e-4	0.5363145258103241	4791
4614	1	1.0004001600640257e-4	0.5364145658263305	4792
4615	1	1.0004001600640257e-4	0.5365146058423369	4793
4616	1	1.0004001600640257e-4	0.5366146458583433	4794
4617	1	1.0004001600640257e-4	0.5367146858743498	4795
4618	1	1.0004001600640257e-4	0.5368147258903562	4796
4619	1	1.0004001600640257e-4	0.5369147659063626	4797
4620	1	1.0004001600640257e-4	0.5370148059223689	4798
4621	1	1.0004001600640257e-4	0.5371148459383753	4799
4622	1	1.0004001600640257e-4	0.5372148859543817	4800
4623	1	1.0004001600640257e-4	0.5373149259703881	4801
4624	1	1.0004001600640257e-4	0.5374149659863946	4802
4625	1	1.0004001600640257e-4	0.537515006002401	4803
4626	1	1.0004001600640257e-4	0.5376150460184074	4804
4627	1	1.0004001600640257e-4	0.5377150860344138	4805
4628	1	1.0004001600640257e-4	0.5378151260504201	4806
4629	1	1.0004001600640257e-4	0.5379151660664265	4807
4630	1	1.0004001600640257e-4	0.5380152060824329	4808
4631	1	1.0004001600640257e-4	0.5381152460984394	4809
4632	1	1.0004001600640257e-4	0.5382152861144458	4810
4634	1	1.0004001600640257e-4	0.5383153261304522	4811
4635	1	1.0004001600640257e-4	0.5384153661464586	4812
4636	1	1.0004001600640257e-4	0.538515406162465	4813
4637	1	1.0004001600640257e-4	0.5386154461784713	4814
4638	1	1.0004001600640257e-4	0.5387154861944777	4815
4639	1	1.0004001600640257e-4	0.5388155262104842	4816
4640	1	1.0004001600640257e-4	0.5389155662264906	4817
4641	1	1.0004001600640257e-4	0.539015606242497	4818
4642	1	1.0004001600640257e-4	0.5391156462585034	4819
4643	1	1.0004001600640257e-4	0.5392156862745098	4820
4644	1	1.0004001600640257e-4	0.5393157262905162	4821
4645	1	1.0004001600640257e-4	0.5394157663065225	4822
4646	1	1.0004001600640257e-4	0.539515806322529	4823
4647	1	1.0004001600640257e-4	0.5396158463385354	4824
4648	1	1.0004001600640257e-4	0.5397158863545418	4825
4649	1	1.0004001600640257e-4	0.5398159263705482	4826
4650	1	1.0004001600640257e-4	0.5399159663865546	4827
4651	1	1.0004001600640257e-4	0.540016006402561	4828
4652	1	1.0004001600640257e-4	0.5401160464185675	4829
4653	1	1.0004001600640257e-4	0.5402160864345739	4830
4654	1	1.0004001600640257e-4	0.5403161264505802	4831
4655	1	1.0004001600640257e-4	0.5404161664665866	4832
4656	1	1.0004001600640257e-4	0.540516206482593	4833
4657	1	1.0004001600640257e-4	0.5406162464985994	4834
4658	1	1.0004001600640257e-4	0.5407162865146058	4835
4659	1	1.0004001600640257e-4	0.5408163265306123	4836
4660	1	1.0004001600640257e-4	0.5409163665466187	4837
4661	1	1.0004001600640257e-4	0.5410164065626251	4838
4662	1	1.0004001600640257e-4	0.5411164465786314	4839
4663	1	1.0004001600640257e-4	0.5412164865946378	4840
4665	1	1.0004001600640257e-4	0.5413165266106442	4841
4666	1	1.0004001600640257e-4	0.5414165666266506	4842
4667	1	1.0004001600640257e-4	0.5415166066426571	4843
4668	1	1.0004001600640257e-4	0.5416166466586635	4844
4669	1	1.0004001600640257e-4	0.5417166866746699	4845
4670	1	1.0004001600640257e-4	0.5418167266906763	4846
4671	1	1.0004001600640257e-4	0.5419167667066827	4847
4672	1	1.0004001600640257e-4	0.542016806722689	4848
4673	1	1.0004001600640257e-4	0.5421168467386954	4849
4676	1	1.0004001600640257e-4	0.5422168867547019	4850
4677	1	1.0004001600640257e-4	0.5423169267707083	4851
4678	1	1.0004001600640257e-4	0.5424169667867147	4852
4679	1	1.0004001600640257e-4	0.5425170068027211	4853
4680	1	1.0004001600640257e-4	0.5426170468187275	4854
4682	1	1.0004001600640257e-4	0.5427170868347339	4855
4683	1	1.0004001600640257e-4	0.5428171268507402	4856
4684	1	1.0004001600640257e-4	0.5429171668667467	4857
4685	1	1.0004001600640257e-4	0.5430172068827531	4858
4686	1	1.0004001600640257e-4	0.5431172468987595	4859
4687	1	1.0004001600640257e-4	0.5432172869147659	4860
4688	1	1.0004001600640257e-4	0.5433173269307723	4861
4689	1	1.0004001600640257e-4	0.5434173669467787	4862
4690	1	1.0004001600640257e-4	0.543517406962785	4863
4691	1	1.0004001600640257e-4	0.5436174469787916	4864
4692	1	1.0004001600640257e-4	0.5437174869947979	4865
4693	1	1.0004001600640257e-4	0.5438175270108043	4866
4694	1	1.0004001600640257e-4	0.5439175670268107	4867
4695	1	1.0004001600640257e-4	0.5440176070428171	4868
4696	1	1.0004001600640257e-4	0.5441176470588235	4869
4697	1	1.0004001600640257e-4	0.5442176870748299	4870
4698	1	1.0004001600640257e-4	0.5443177270908364	4871
4699	1	1.0004001600640257e-4	0.5444177671068428	4872
4700	1	1.0004001600640257e-4	0.5445178071228491	4873
4701	1	1.0004001600640257e-4	0.5446178471388555	4874
4702	1	1.0004001600640257e-4	0.5447178871548619	4875
4703	1	1.0004001600640257e-4	0.5448179271708683	4876
4704	1	1.0004001600640257e-4	0.5449179671868748	4877
4705	1	1.0004001600640257e-4	0.5450180072028812	4878
4706	1	1.0004001600640257e-4	0.5451180472188876	4879
4707	1	1.0004001600640257e-4	0.545218087234894	4880
4708	1	1.0004001600640257e-4	0.5453181272509003	4881
4709	1	1.0004001600640257e-4	0.5454181672669067	4882
4710	1	1.0004001600640257e-4	0.5455182072829131	4883
4711	1	1.0004001600640257e-4	0.5456182472989196	4884
4712	1	1.0004001600640257e-4	0.545718287314926	4885
4713	1	1.0004001600640257e-4	0.5458183273309324	4886
4714	1	1.0004001600640257e-4	0.5459183673469388	4887
4715	1	1.0004001600640257e-4	0.5460184073629452	4888
4716	1	1.0004001600640257e-4	0.5461184473789515	4889
4717	1	1.0004001600640257e-4	0.5462184873949579	4890
4718	1	1.0004001600640257e-4	0.5463185274109644	4891
4719	1	1.0004001600640257e-4	0.5464185674269708	4892
4720	1	1.0004001600640257e-4	0.5465186074429772	4893
4721	1	1.0004001600640257e-4	0.5466186474589836	4894
4722	1	1.0004001600640257e-4	0.54671868747499	4895
4724	1	1.0004001600640257e-4	0.5468187274909964	4896
4725	1	1.0004001600640257e-4	0.5469187675070027	4897
4726	1	1.0004001600640257e-4	0.5470188075230092	4898
4727	1	1.0004001600640257e-4	0.5471188475390156	4899
4728	1	1.0004001600640257e-4	0.547218887555022	4900
4729	1	1.0004001600640257e-4	0.5473189275710284	4901
4730	1	1.0004001600640257e-4	0.5474189675870348	4902
4731	1	1.0004001600640257e-4	0.5475190076030412	4903
4732	1	1.0004001600640257e-4	0.5476190476190476	4904
4733	1	1.0004001600640257e-4	0.5477190876350541	4905
4734	1	1.0004001600640257e-4	0.5478191276510604	4906
4735	1	1.0004001600640257e-4	0.5479191676670668	4907
4736	1	1.0004001600640257e-4	0.5480192076830732	4908
4737	1	1.0004001600640257e-4	0.5481192476990796	4909
4738	1	1.0004001600640257e-4	0.548219287715086	4910
4739	1	1.0004001600640257e-4	0.5483193277310924	4911
4740	1	1.0004001600640257e-4	0.5484193677470989	4912
4741	1	1.0004001600640257e-4	0.5485194077631053	4913
4742	1	1.0004001600640257e-4	0.5486194477791116	4914
4744	1	1.0004001600640257e-4	0.548719487795118	4915
4745	1	1.0004001600640257e-4	0.5488195278111244	4916
4746	1	1.0004001600640257e-4	0.5489195678271308	4917
4747	1	1.0004001600640257e-4	0.5490196078431373	4918
4748	1	1.0004001600640257e-4	0.5491196478591437	4919
4749	1	1.0004001600640257e-4	0.5492196878751501	4920
4750	1	1.0004001600640257e-4	0.5493197278911565	4921
4751	1	1.0004001600640257e-4	0.5494197679071628	4922
4752	1	1.0004001600640257e-4	0.5495198079231692	4923
4753	1	1.0004001600640257e-4	0.5496198479391756	4924
4754	1	1.0004001600640257e-4	0.5497198879551821	4925
4755	1	1.0004001600640257e-4	0.5498199279711885	4926
4756	1	1.0004001600640257e-4	0.5499199679871949	4927
4757	1	1.0004001600640257e-4	0.5500200080032013	4928
4758	1	1.0004001600640257e-4	0.5501200480192077	4929
4759	1	1.0004001600640257e-4	0.550220088035214	4930
4760	1	1.0004001600640257e-4	0.5503201280512204	4931
4761	1	1.0004001600640257e-4	0.5504201680672269	4932
4762	1	1.0004001600640257e-4	0.5505202080832333	4933
4763	1	1.0004001600640257e-4	0.5506202480992397	4934
4764	1	1.0004001600640257e-4	0.5507202881152461	4935
4765	1	1.0004001600640257e-4	0.5508203281312525	4936
4766	1	1.0004001600640257e-4	0.5509203681472589	4937
4767	1	1.0004001600640257e-4	0.5510204081632653	4938
4768	1	1.0004001600640257e-4	0.5511204481792717	4939
4770	1	1.0004001600640257e-4	0.5512204881952781	4940
4771	1	1.0004001600640257e-4	0.5513205282112845	4941
4772	1	1.0004001600640257e-4	0.5514205682272909	4942
4773	1	1.0004001600640257e-4	0.5515206082432973	4943
4774	1	1.0004001600640257e-4	0.5516206482593037	4944
4775	1	1.0004001600640257e-4	0.5517206882753101	4945
4776	1	1.0004001600640257e-4	0.5518207282913166	4946
4777	1	1.0004001600640257e-4	0.551920768307323	4947
4778	1	1.0004001600640257e-4	0.5520208083233293	4948
4779	1	1.0004001600640257e-4	0.5521208483393357	4949
4780	1	1.0004001600640257e-4	0.5522208883553421	4950
4781	1	1.0004001600640257e-4	0.5523209283713485	4951
4782	1	1.0004001600640257e-4	0.5524209683873549	4952
4783	1	1.0004001600640257e-4	0.5525210084033614	4953
4784	1	1.0004001600640257e-4	0.5526210484193678	4954
4785	1	1.0004001600640257e-4	0.5527210884353742	4955
4786	1	1.0004001600640257e-4	0.5528211284513805	4956
4787	1	1.0004001600640257e-4	0.5529211684673869	4957
4788	1	1.0004001600640257e-4	0.5530212084833933	4958
4789	1	1.0004001600640257e-4	0.5531212484993997	4959
4790	1	1.0004001600640257e-4	0.5532212885154062	4960
4791	1	1.0004001600640257e-4	0.5533213285314126	4961
4792	1	1.0004001600640257e-4	0.553421368547419	4962
4793	1	1.0004001600640257e-4	0.5535214085634254	4963
4794	1	1.0004001600640257e-4	0.5536214485794317	4964
4795	1	1.0004001600640257e-4	0.5537214885954381	4965
4796	1	1.0004001600640257e-4	0.5538215286114446	4966
4797	1	1.0004001600640257e-4	0.553921568627451	4967
4798	1	1.0004001600640257e-4	0.5540216086434574	4968
4799	1	1.0004001600640257e-4	0.5541216486594638	4969
4800	1	1.0004001600640257e-4	0.5542216886754702	4970
4801	1	1.0004001600640257e-4	0.5543217286914766	4971
4802	1	1.0004001600640257e-4	0.5544217687074829	4972
4803	1	1.0004001600640257e-4	0.5545218087234894	4973
4804	1	1.0004001600640257e-4	0.5546218487394958	4974
4805	1	1.0004001600640257e-4	0.5547218887555022	4975
4806	1	1.0004001600640257e-4	0.5548219287715086	4976
4807	1	1.0004001600640257e-4	0.554921968787515	4977
4808	1	1.0004001600640257e-4	0.5550220088035214	4978
4809	1	1.0004001600640257e-4	0.5551220488195278	4979
4810	1	1.0004001600640257e-4	0.5552220888355343	4980
4811	1	1.0004001600640257e-4	0.5553221288515406	4981
4812	1	1.0004001600640257e-4	0.555422168867547	4982
4813	1	1.0004001600640257e-4	0.5555222088835534	4983
4814	1	1.0004001600640257e-4	0.5556222488995598	4984
4815	1	1.0004001600640257e-4	0.5557222889155662	4985
4816	1	1.0004001600640257e-4	0.5558223289315726	4986
4817	1	1.0004001600640257e-4	0.5559223689475791	4987
4818	1	1.0004001600640257e-4	0.5560224089635855	4988
4819	1	1.0004001600640257e-4	0.5561224489795918	4989
4820	1	1.0004001600640257e-4	0.5562224889955982	4990
4821	1	1.0004001600640257e-4	0.5563225290116046	4991
4822	1	1.0004001600640257e-4	0.556422569027611	4992
4823	1	1.0004001600640257e-4	0.5565226090436174	4993
4824	1	1.0004001600640257e-4	0.5566226490596239	4994
4825	1	1.0004001600640257e-4	0.5567226890756303	4995
4826	1	1.0004001600640257e-4	0.5568227290916367	4996
4827	1	1.0004001600640257e-4	0.556922769107643	4997
4828	1	1.0004001600640257e-4	0.5570228091236494	4998
4829	1	1.0004001600640257e-4	0.5571228491396558	4999
4830	1	1.0004001600640257e-4	0.5572228891556622	5000
4831	1	1.0004001600640257e-4	0.5573229291716687	5001
4832	1	1.0004001600640257e-4	0.5574229691876751	5002
4833	1	1.0004001600640257e-4	0.5575230092036815	5003
4834	1	1.0004001600640257e-4	0.5576230492196879	5004
4835	1	1.0004001600640257e-4	0.5577230892356942	5005
4836	1	1.0004001600640257e-4	0.5578231292517006	5006
4837	1	1.0004001600640257e-4	0.557923169267707	5007
4838	1	1.0004001600640257e-4	0.5580232092837135	5008
4839	1	1.0004001600640257e-4	0.5581232492997199	5009
4840	1	1.0004001600640257e-4	0.5582232893157263	5010
4842	1	1.0004001600640257e-4	0.5583233293317327	5011
4843	1	1.0004001600640257e-4	0.5584233693477391	5012
4844	1	1.0004001600640257e-4	0.5585234093637454	5013
4845	1	1.0004001600640257e-4	0.558623449379752	5014
4846	1	1.0004001600640257e-4	0.5587234893957583	5015
4847	1	1.0004001600640257e-4	0.5588235294117647	5016
4848	1	1.0004001600640257e-4	0.5589235694277711	5017
4849	1	1.0004001600640257e-4	0.5590236094437775	5018
4850	1	1.0004001600640257e-4	0.5591236494597839	5019
4851	1	1.0004001600640257e-4	0.5592236894757903	5020
4852	1	1.0004001600640257e-4	0.5593237294917968	5021
4853	1	1.0004001600640257e-4	0.5594237695078031	5022
4854	1	1.0004001600640257e-4	0.5595238095238095	5023
4855	1	1.0004001600640257e-4	0.5596238495398159	5024
4856	1	1.0004001600640257e-4	0.5597238895558223	5025
4857	1	1.0004001600640257e-4	0.5598239295718287	5026
4858	1	1.0004001600640257e-4	0.5599239695878351	5027
4859	1	1.0004001600640257e-4	0.5600240096038416	5028
4860	1	1.0004001600640257e-4	0.560124049619848	5029
4861	1	1.0004001600640257e-4	0.5602240896358543	5030
4862	1	1.0004001600640257e-4	0.5603241296518607	5031
4863	1	1.0004001600640257e-4	0.5604241696678671	5032
4864	1	1.0004001600640257e-4	0.5605242096838735	5033
4865	1	1.0004001600640257e-4	0.5606242496998799	5034
4866	1	1.0004001600640257e-4	0.5607242897158864	5035
4867	1	1.0004001600640257e-4	0.5608243297318928	5036
4868	1	1.0004001600640257e-4	0.5609243697478992	5037
4869	1	1.0004001600640257e-4	0.5610244097639056	5038
4870	1	1.0004001600640257e-4	0.5611244497799119	5039
4871	1	1.0004001600640257e-4	0.5612244897959183	5040
4872	1	1.0004001600640257e-4	0.5613245298119247	5041
4873	1	1.0004001600640257e-4	0.5614245698279312	5042
4874	1	1.0004001600640257e-4	0.5615246098439376	5043
4875	1	1.0004001600640257e-4	0.561624649859944	5044
4876	1	1.0004001600640257e-4	0.5617246898759504	5045
4877	1	1.0004001600640257e-4	0.5618247298919568	5046
4878	1	1.0004001600640257e-4	0.5619247699079631	5047
4879	1	1.0004001600640257e-4	0.5620248099239695	5048
4880	1	1.0004001600640257e-4	0.562124849939976	5049
4881	1	1.0004001600640257e-4	0.5622248899559824	5050
4882	1	1.0004001600640257e-4	0.5623249299719888	5051
4883	1	1.0004001600640257e-4	0.5624249699879952	5052
4884	1	1.0004001600640257e-4	0.5625250100040016	5053
4885	1	1.0004001600640257e-4	0.562625050020008	5054
4886	1	1.0004001600640257e-4	0.5627250900360145	5055
4887	1	1.0004001600640257e-4	0.5628251300520208	5056
4888	1	1.0004001600640257e-4	0.5629251700680272	5057
4889	1	1.0004001600640257e-4	0.5630252100840336	5058
4890	1	1.0004001600640257e-4	0.56312525010004	5059
4891	1	1.0004001600640257e-4	0.5632252901160464	5060
4892	1	1.0004001600640257e-4	0.5633253301320528	5061
4893	1	1.0004001600640257e-4	0.5634253701480593	5062
4894	1	1.0004001600640257e-4	0.5635254101640657	5063
4895	1	1.0004001600640257e-4	0.563625450180072	5064
4896	1	1.0004001600640257e-4	0.5637254901960784	5065
4897	1	1.0004001600640257e-4	0.5638255302120848	5066
4898	1	1.0004001600640257e-4	0.5639255702280912	5067
4899	1	1.0004001600640257e-4	0.5640256102440976	5068
4900	1	1.0004001600640257e-4	0.5641256502601041	5069
4901	1	1.0004001600640257e-4	0.5642256902761105	5070
4902	1	1.0004001600640257e-4	0.5643257302921169	5071
4903	1	1.0004001600640257e-4	0.5644257703081232	5072
4904	1	1.0004001600640257e-4	0.5645258103241296	5073
4905	1	1.0004001600640257e-4	0.564625850340136	5074
4906	1	1.0004001600640257e-4	0.5647258903561424	5075
4907	1	1.0004001600640257e-4	0.5648259303721489	5076
4908	1	1.0004001600640257e-4	0.5649259703881553	5077
4909	1	1.0004001600640257e-4	0.5650260104041617	5078
4910	1	1.0004001600640257e-4	0.5651260504201681	5079
4911	1	1.0004001600640257e-4	0.5652260904361744	5080
4912	1	1.0004001600640257e-4	0.5653261304521808	5081
4913	1	1.0004001600640257e-4	0.5654261704681872	5082
4914	1	1.0004001600640257e-4	0.5655262104841937	5083
4915	1	1.0004001600640257e-4	0.5656262505002001	5084
4916	1	1.0004001600640257e-4	0.5657262905162065	5085
4917	1	1.0004001600640257e-4	0.5658263305322129	5086
4918	1	1.0004001600640257e-4	0.5659263705482193	5087
4919	1	1.0004001600640257e-4	0.5660264105642256	5088
4920	1	1.0004001600640257e-4	0.566126450580232	5089
4921	1	1.0004001600640257e-4	0.5662264905962385	5090
4922	1	1.0004001600640257e-4	0.5663265306122449	5091
4923	1	1.0004001600640257e-4	0.5664265706282513	5092
4924	1	1.0004001600640257e-4	0.5665266106442577	5093
4925	1	1.0004001600640257e-4	0.5666266506602641	5094
4926	1	1.0004001600640257e-4	0.5667266906762705	5095
4927	1	1.0004001600640257e-4	0.5668267306922768	5096
4928	1	1.0004001600640257e-4	0.5669267707082833	5097
4929	1	1.0004001600640257e-4	0.5670268107242897	5098
4930	1	1.0004001600640257e-4	0.5671268507402961	5099
4931	1	1.0004001600640257e-4	0.5672268907563025	5100
4932	1	1.0004001600640257e-4	0.5673269307723089	5101
4933	1	1.0004001600640257e-4	0.5674269707883153	5102
4934	1	1.0004001600640257e-4	0.5675270108043218	5103
4935	1	1.0004001600640257e-4	0.5676270508203282	5104
4936	1	1.0004001600640257e-4	0.5677270908363345	5105
4937	1	1.0004001600640257e-4	0.5678271308523409	5106
4938	1	1.0004001600640257e-4	0.5679271708683473	5107
4939	1	1.0004001600640257e-4	0.5680272108843537	5108
4940	1	1.0004001600640257e-4	0.5681272509003601	5109
4941	1	1.0004001600640257e-4	0.5682272909163666	5110
4942	1	1.0004001600640257e-4	0.568327330932373	5111
4943	1	1.0004001600640257e-4	0.5684273709483794	5112
4944	1	1.0004001600640257e-4	0.5685274109643857	5113
4945	1	1.0004001600640257e-4	0.5686274509803921	5114
4946	1	1.0004001600640257e-4	0.5687274909963985	5115
4947	1	1.0004001600640257e-4	0.5688275310124049	5116
4948	1	1.0004001600640257e-4	0.5689275710284114	5117
4951	1	1.0004001600640257e-4	0.5690276110444178	5118
4952	1	1.0004001600640257e-4	0.5691276510604242	5119
4953	1	1.0004001600640257e-4	0.5692276910764306	5120
4954	1	1.0004001600640257e-4	0.569327731092437	5121
4955	1	1.0004001600640257e-4	0.5694277711084433	5122
4956	1	1.0004001600640257e-4	0.5695278111244497	5123
4957	1	1.0004001600640257e-4	0.5696278511404562	5124
4958	1	1.0004001600640257e-4	0.5697278911564626	5125
4959	1	1.0004001600640257e-4	0.569827931172469	5126
4960	1	1.0004001600640257e-4	0.5699279711884754	5127
4961	1	1.0004001600640257e-4	0.5700280112044818	5128
4962	1	1.0004001600640257e-4	0.5701280512204882	5129
4963	1	1.0004001600640257e-4	0.5702280912364945	5130
4964	1	1.0004001600640257e-4	0.570328131252501	5131
4965	1	1.0004001600640257e-4	0.5704281712685074	5132
4966	1	1.0004001600640257e-4	0.5705282112845138	5133
4967	1	1.0004001600640257e-4	0.5706282513005202	5134
4968	1	1.0004001600640257e-4	0.5707282913165266	5135
4969	1	1.0004001600640257e-4	0.570828331332533	5136
4970	1	1.0004001600640257e-4	0.5709283713485394	5137
4971	1	1.0004001600640257e-4	0.5710284113645459	5138
4972	1	1.0004001600640257e-4	0.5711284513805522	5139
4973	1	1.0004001600640257e-4	0.5712284913965586	5140
4974	1	1.0004001600640257e-4	0.571328531412565	5141
4975	1	1.0004001600640257e-4	0.5714285714285714	5142
4976	1	1.0004001600640257e-4	0.5715286114445778	5143
4977	1	1.0004001600640257e-4	0.5716286514605843	5144
4978	1	1.0004001600640257e-4	0.5717286914765907	5145
4979	1	1.0004001600640257e-4	0.571828731492597	5146
4980	1	1.0004001600640257e-4	0.5719287715086034	5147
4981	1	1.0004001600640257e-4	0.5720288115246098	5148
4982	1	1.0004001600640257e-4	0.5721288515406162	5149
4983	1	1.0004001600640257e-4	0.5722288915566226	5150
4984	1	1.0004001600640257e-4	0.5723289315726291	5151
4985	1	1.0004001600640257e-4	0.5724289715886355	5152
4986	1	1.0004001600640257e-4	0.5725290116046419	5153
4987	1	1.0004001600640257e-4	0.5726290516206483	5154
4988	1	1.0004001600640257e-4	0.5727290916366546	5155
4989	1	1.0004001600640257e-4	0.572829131652661	5156
4990	1	1.0004001600640257e-4	0.5729291716686674	5157
4991	1	1.0004001600640257e-4	0.5730292116846739	5158
4992	1	1.0004001600640257e-4	0.5731292517006803	5159
4993	1	1.0004001600640257e-4	0.5732292917166867	5160
4994	1	1.0004001600640257e-4	0.5733293317326931	5161
4995	1	1.0004001600640257e-4	0.5734293717486995	5162
4996	1	1.0004001600640257e-4	0.5735294117647058	5163
4997	1	1.0004001600640257e-4	0.5736294517807122	5164
4998	1	1.0004001600640257e-4	0.5737294917967187	5165
4999	1	1.0004001600640257e-4	0.5738295318127251	5166
5000	1	1.0004001600640257e-4	0.5739295718287315	5167
5001	1	1.0004001600640257e-4	0.5740296118447379	5168
5002	1	1.0004001600640257e-4	0.5741296518607443	5169
5003	1	1.0004001600640257e-4	0.5742296918767507	5170
5004	1	1.0004001600640257e-4	0.574329731892757	5171
5005	1	1.0004001600640257e-4	0.5744297719087635	5172
5006	1	1.0004001600640257e-4	0.5745298119247699	5173
5007	1	1.0004001600640257e-4	0.5746298519407763	5174
5008	1	1.0004001600640257e-4	0.5747298919567827	5175
5009	1	1.0004001600640257e-4	0.5748299319727891	5176
5010	1	1.0004001600640257e-4	0.5749299719887955	5177
5011	1	1.0004001600640257e-4	0.5750300120048019	5178
5012	1	1.0004001600640257e-4	0.5751300520208084	5179
5013	1	1.0004001600640257e-4	0.5752300920368147	5180
5014	1	1.0004001600640257e-4	0.5753301320528211	5181
5015	1	1.0004001600640257e-4	0.5754301720688275	5182
5016	1	1.0004001600640257e-4	0.5755302120848339	5183
5017	1	1.0004001600640257e-4	0.5756302521008403	5184
5018	1	1.0004001600640257e-4	0.5757302921168467	5185
5019	1	1.0004001600640257e-4	0.5758303321328532	5186
5020	1	1.0004001600640257e-4	0.5759303721488596	5187
5021	1	1.0004001600640257e-4	0.576030412164866	5188
5022	1	1.0004001600640257e-4	0.5761304521808723	5189
5023	1	1.0004001600640257e-4	0.5762304921968787	5190
5024	1	1.0004001600640257e-4	0.5763305322128851	5191
5025	1	1.0004001600640257e-4	0.5764305722288916	5192
5026	1	1.0004001600640257e-4	0.576530612244898	5193
5027	1	1.0004001600640257e-4	0.5766306522609044	5194
5028	1	1.0004001600640257e-4	0.5767306922769108	5195
5029	1	1.0004001600640257e-4	0.5768307322929171	5196
5030	1	1.0004001600640257e-4	0.5769307723089235	5197
5031	1	1.0004001600640257e-4	0.5770308123249299	5198
5032	1	1.0004001600640257e-4	0.5771308523409364	5199
5033	1	1.0004001600640257e-4	0.5772308923569428	5200
5034	1	1.0004001600640257e-4	0.5773309323729492	5201
5035	1	1.0004001600640257e-4	0.5774309723889556	5202
5036	1	1.0004001600640257e-4	0.577531012404962	5203
5037	1	1.0004001600640257e-4	0.5776310524209683	5204
5038	1	1.0004001600640257e-4	0.5777310924369747	5205
5039	1	1.0004001600640257e-4	0.5778311324529812	5206
5040	1	1.0004001600640257e-4	0.5779311724689876	5207
5041	1	1.0004001600640257e-4	0.578031212484994	5208
5042	1	1.0004001600640257e-4	0.5781312525010004	5209
5043	1	1.0004001600640257e-4	0.5782312925170068	5210
5044	1	1.0004001600640257e-4	0.5783313325330132	5211
5045	1	1.0004001600640257e-4	0.5784313725490196	5212
5046	1	1.0004001600640257e-4	0.578531412565026	5213
5047	1	1.0004001600640257e-4	0.5786314525810324	5214
5048	1	1.0004001600640257e-4	0.5787314925970388	5215
5049	1	1.0004001600640257e-4	0.5788315326130452	5216
5050	1	1.0004001600640257e-4	0.5789315726290516	5217
5051	1	1.0004001600640257e-4	0.579031612645058	5218
5052	1	1.0004001600640257e-4	0.5791316526610644	5219
5053	1	1.0004001600640257e-4	0.5792316926770709	5220
5054	1	1.0004001600640257e-4	0.5793317326930773	5221
5055	1	1.0004001600640257e-4	0.5794317727090836	5222
5056	1	1.0004001600640257e-4	0.57953181272509	5223
5057	1	1.0004001600640257e-4	0.5796318527410964	5224
5058	1	1.0004001600640257e-4	0.5797318927571028	5225
5059	1	1.0004001600640257e-4	0.5798319327731092	5226
5060	1	1.0004001600640257e-4	0.5799319727891157	5227
5061	1	1.0004001600640257e-4	0.5800320128051221	5228
5062	1	1.0004001600640257e-4	0.5801320528211285	5229
5063	1	1.0004001600640257e-4	0.5802320928371348	5230
5064	1	1.0004001600640257e-4	0.5803321328531412	5231
5065	1	1.0004001600640257e-4	0.5804321728691476	5232
5066	1	1.0004001600640257e-4	0.580532212885154	5233
5067	1	1.0004001600640257e-4	0.5806322529011605	5234
5068	1	1.0004001600640257e-4	0.5807322929171669	5235
5069	1	1.0004001600640257e-4	0.5808323329331733	5236
5070	1	1.0004001600640257e-4	0.5809323729491797	5237
5071	1	1.0004001600640257e-4	0.581032412965186	5238
5072	1	1.0004001600640257e-4	0.5811324529811924	5239
5073	1	1.0004001600640257e-4	0.5812324929971989	5240
5074	1	1.0004001600640257e-4	0.5813325330132053	5241
5075	1	1.0004001600640257e-4	0.5814325730292117	5242
5076	1	1.0004001600640257e-4	0.5815326130452181	5243
5077	1	1.0004001600640257e-4	0.5816326530612245	5244
5078	1	1.0004001600640257e-4	0.5817326930772309	5245
5079	1	1.0004001600640257e-4	0.5818327330932372	5246
5080	1	1.0004001600640257e-4	0.5819327731092437	5247
5081	1	1.0004001600640257e-4	0.5820328131252501	5248
5082	1	1.0004001600640257e-4	0.5821328531412565	5249
5083	1	1.0004001600640257e-4	0.5822328931572629	5250
5084	1	1.0004001600640257e-4	0.5823329331732693	5251
5085	1	1.0004001600640257e-4	0.5824329731892757	5252
5086	1	1.0004001600640257e-4	0.5825330132052821	5253
5087	1	1.0004001600640257e-4	0.5826330532212886	5254
5088	1	1.0004001600640257e-4	0.5827330932372949	5255
5089	1	1.0004001600640257e-4	0.5828331332533013	5256
5090	1	1.0004001600640257e-4	0.5829331732693077	5257
5091	1	1.0004001600640257e-4	0.5830332132853141	5258
5092	1	1.0004001600640257e-4	0.5831332533013205	5259
5093	1	1.0004001600640257e-4	0.5832332933173269	5260
5094	1	1.0004001600640257e-4	0.5833333333333334	5261
5095	1	1.0004001600640257e-4	0.5834333733493398	5262
5096	1	1.0004001600640257e-4	0.5835334133653461	5263
5097	1	1.0004001600640257e-4	0.5836334533813525	5264
5098	1	1.0004001600640257e-4	0.5837334933973589	5265
5099	1	1.0004001600640257e-4	0.5838335334133653	5266
5100	1	1.0004001600640257e-4	0.5839335734293717	5267
5101	1	1.0004001600640257e-4	0.5840336134453782	5268
5102	1	1.0004001600640257e-4	0.5841336534613846	5269
5103	1	1.0004001600640257e-4	0.584233693477391	5270
5104	1	1.0004001600640257e-4	0.5843337334933973	5271
5105	1	1.0004001600640257e-4	0.5844337735094037	5272
5106	1	1.0004001600640257e-4	0.5845338135254101	5273
5107	1	1.0004001600640257e-4	0.5846338535414165	5274
5108	1	1.0004001600640257e-4	0.584733893557423	5275
5109	1	1.0004001600640257e-4	0.5848339335734294	5276
5110	1	1.0004001600640257e-4	0.5849339735894358	5277
5111	1	1.0004001600640257e-4	0.5850340136054422	5278
5112	1	1.0004001600640257e-4	0.5851340536214485	5279
5113	1	1.0004001600640257e-4	0.5852340936374549	5280
5114	1	1.0004001600640257e-4	0.5853341336534614	5281
5115	1	1.0004001600640257e-4	0.5854341736694678	5282
5116	1	1.0004001600640257e-4	0.5855342136854742	5283
5117	1	1.0004001600640257e-4	0.5856342537014806	5284
5118	1	1.0004001600640257e-4	0.585734293717487	5285
5119	1	1.0004001600640257e-4	0.5858343337334934	5286
5120	1	1.0004001600640257e-4	0.5859343737494997	5287
5122	1	1.0004001600640257e-4	0.5860344137655062	5288
5123	1	1.0004001600640257e-4	0.5861344537815126	5289
5124	1	1.0004001600640257e-4	0.586234493797519	5290
5125	1	1.0004001600640257e-4	0.5863345338135254	5291
5126	1	1.0004001600640257e-4	0.5864345738295318	5292
5127	1	1.0004001600640257e-4	0.5865346138455382	5293
5128	1	1.0004001600640257e-4	0.5866346538615446	5294
5129	1	1.0004001600640257e-4	0.5867346938775511	5295
5130	1	1.0004001600640257e-4	0.5868347338935574	5296
5131	1	1.0004001600640257e-4	0.5869347739095638	5297
5132	1	1.0004001600640257e-4	0.5870348139255702	5298
5133	1	1.0004001600640257e-4	0.5871348539415766	5299
5134	1	1.0004001600640257e-4	0.587234893957583	5300
5135	1	1.0004001600640257e-4	0.5873349339735894	5301
5136	1	1.0004001600640257e-4	0.5874349739895959	5302
5137	1	1.0004001600640257e-4	0.5875350140056023	5303
5138	1	1.0004001600640257e-4	0.5876350540216086	5304
5139	1	1.0004001600640257e-4	0.587735094037615	5305
5140	1	1.0004001600640257e-4	0.5878351340536214	5306
5141	1	1.0004001600640257e-4	0.5879351740696278	5307
5142	1	1.0004001600640257e-4	0.5880352140856342	5308
5143	1	1.0004001600640257e-4	0.5881352541016407	5309
5144	1	1.0004001600640257e-4	0.5882352941176471	5310
5145	1	1.0004001600640257e-4	0.5883353341336535	5311
5146	1	1.0004001600640257e-4	0.5884353741496599	5312
5147	1	1.0004001600640257e-4	0.5885354141656662	5313
5148	1	1.0004001600640257e-4	0.5886354541816726	5314
5149	1	1.0004001600640257e-4	0.588735494197679	5315
5150	1	1.0004001600640257e-4	0.5888355342136855	5316
5151	1	1.0004001600640257e-4	0.5889355742296919	5317
5152	1	1.0004001600640257e-4	0.5890356142456983	5318
5153	1	1.0004001600640257e-4	0.5891356542617047	5319
5154	1	1.0004001600640257e-4	0.589235694277711	5320
5155	1	1.0004001600640257e-4	0.5893357342937174	5321
5156	1	1.0004001600640257e-4	0.5894357743097238	5322
5157	1	1.0004001600640257e-4	0.5895358143257303	5323
5158	1	1.0004001600640257e-4	0.5896358543417367	5324
5159	1	1.0004001600640257e-4	0.5897358943577431	5325
5160	1	1.0004001600640257e-4	0.5898359343737495	5326
5161	1	1.0004001600640257e-4	0.5899359743897559	5327
5162	1	1.0004001600640257e-4	0.5900360144057623	5328
5163	1	1.0004001600640257e-4	0.5901360544217688	5329
5164	1	1.0004001600640257e-4	0.5902360944377751	5330
5165	1	1.0004001600640257e-4	0.5903361344537815	5331
5166	1	1.0004001600640257e-4	0.5904361744697879	5332
5167	1	1.0004001600640257e-4	0.5905362144857943	5333
5168	1	1.0004001600640257e-4	0.5906362545018007	5334
5169	1	1.0004001600640257e-4	0.5907362945178071	5335
5170	1	1.0004001600640257e-4	0.5908363345338136	5336
5171	1	1.0004001600640257e-4	0.59093637454982	5337
5172	1	1.0004001600640257e-4	0.5910364145658263	5338
5173	1	1.0004001600640257e-4	0.5911364545818327	5339
5174	1	1.0004001600640257e-4	0.5912364945978391	5340
5175	1	1.0004001600640257e-4	0.5913365346138455	5341
5176	1	1.0004001600640257e-4	0.5914365746298519	5342
5177	1	1.0004001600640257e-4	0.5915366146458584	5343
5178	1	1.0004001600640257e-4	0.5916366546618648	5344
5179	1	1.0004001600640257e-4	0.5917366946778712	5345
5180	1	1.0004001600640257e-4	0.5918367346938775	5346
5181	1	1.0004001600640257e-4	0.5919367747098839	5347
5184	1	1.0004001600640257e-4	0.5920368147258903	5348
5185	1	1.0004001600640257e-4	0.5921368547418967	5349
5186	1	1.0004001600640257e-4	0.5922368947579032	5350
5187	1	1.0004001600640257e-4	0.5923369347739096	5351
5188	1	1.0004001600640257e-4	0.592436974789916	5352
5189	1	1.0004001600640257e-4	0.5925370148059224	5353
5190	1	1.0004001600640257e-4	0.5926370548219287	5354
5191	1	1.0004001600640257e-4	0.5927370948379351	5355
5192	1	1.0004001600640257e-4	0.5928371348539415	5356
5193	1	1.0004001600640257e-4	0.592937174869948	5357
5194	1	1.0004001600640257e-4	0.5930372148859544	5358
5195	1	1.0004001600640257e-4	0.5931372549019608	5359
5196	1	1.0004001600640257e-4	0.5932372949179672	5360
5197	1	1.0004001600640257e-4	0.5933373349339736	5361
5198	1	1.0004001600640257e-4	0.59343737494998	5362
5199	1	1.0004001600640257e-4	0.5935374149659863	5363
5200	1	1.0004001600640257e-4	0.5936374549819928	5364
5201	1	1.0004001600640257e-4	0.5937374949979992	5365
5203	1	1.0004001600640257e-4	0.5938375350140056	5366
5204	1	1.0004001600640257e-4	0.593937575030012	5367
5205	1	1.0004001600640257e-4	0.5940376150460184	5368
5206	1	1.0004001600640257e-4	0.5941376550620248	5369
5207	1	1.0004001600640257e-4	0.5942376950780311	5370
5209	1	1.0004001600640257e-4	0.5943377350940376	5371
5210	1	1.0004001600640257e-4	0.594437775110044	5372
5211	1	1.0004001600640257e-4	0.5945378151260504	5373
5212	1	1.0004001600640257e-4	0.5946378551420568	5374
5213	1	1.0004001600640257e-4	0.5947378951580632	5375
5214	1	1.0004001600640257e-4	0.5948379351740696	5376
5215	1	1.0004001600640257e-4	0.5949379751900761	5377
5216	1	1.0004001600640257e-4	0.5950380152060825	5378
5217	1	1.0004001600640257e-4	0.5951380552220888	5379
5218	1	1.0004001600640257e-4	0.5952380952380952	5380
5219	1	1.0004001600640257e-4	0.5953381352541016	5381
5220	1	1.0004001600640257e-4	0.595438175270108	5382
5221	1	1.0004001600640257e-4	0.5955382152861144	5383
5222	1	1.0004001600640257e-4	0.5956382553021209	5384
5223	1	1.0004001600640257e-4	0.5957382953181273	5385
5224	1	1.0004001600640257e-4	0.5958383353341337	5386
5225	1	1.0004001600640257e-4	0.59593837535014	5387
5226	1	1.0004001600640257e-4	0.5960384153661464	5388
5227	1	1.0004001600640257e-4	0.5961384553821528	5389
5228	1	1.0004001600640257e-4	0.5962384953981592	5390
5229	1	1.0004001600640257e-4	0.5963385354141657	5391
5230	1	1.0004001600640257e-4	0.5964385754301721	5392
5231	1	1.0004001600640257e-4	0.5965386154461785	5393
5232	1	1.0004001600640257e-4	0.5966386554621849	5394
5233	1	1.0004001600640257e-4	0.59673869547819125	5395
5234	1	1.0004001600640257e-4	0.5968387354941976	5396
5235	1	1.0004001600640257e-4	0.596938775510204	5397
5237	1	1.0004001600640257e-4	0.5970388155262105	5398
5238	1	1.0004001600640257e-4	0.5971388555422169	5399
5239	1	1.0004001600640257e-4	0.5972388955582233	5400
5240	1	1.0004001600640257e-4	0.5973389355742297	5401
5241	1	1.0004001600640257e-4	0.5974389755902361	5402
5242	1	1.0004001600640257e-4	0.5975390156062425	5403
5243	1	1.0004001600640257e-4	0.5976390556222488	5404
5245	1	1.0004001600640257e-4	0.5977390956382553	5405
5246	1	1.0004001600640257e-4	0.5978391356542617	5406
5247	1	1.0004001600640257e-4	0.5979391756702681	5407
5248	1	1.0004001600640257e-4	0.5980392156862745	5408
5249	1	1.0004001600640257e-4	0.5981392557022809	5409
5250	1	1.0004001600640257e-4	0.5982392957182873	5410
5251	1	1.0004001600640257e-4	0.5983393357342937	5411
5252	1	1.0004001600640257e-4	0.5984393757503002	5412
5253	1	1.0004001600640257e-4	0.5985394157663065	5413
5254	1	1.0004001600640257e-4	0.5986394557823129	5414
5255	1	1.0004001600640257e-4	0.5987394957983193	5415
5256	1	1.0004001600640257e-4	0.5988395358143257	5416
5257	1	1.0004001600640257e-4	0.5989395758303321	5417
5258	1	1.0004001600640257e-4	0.5990396158463386	5418
5259	1	1.0004001600640257e-4	0.599139655862345	5419
5260	1	1.0004001600640257e-4	0.5992396958783514	5420
5261	1	1.0004001600640257e-4	0.5993397358943577	5421
5262	1	1.0004001600640257e-4	0.5994397759103641	5422
5263	1	1.0004001600640257e-4	0.5995398159263705	5423
5264	1	1.0004001600640257e-4	0.5996398559423769	5424
5265	1	1.0004001600640257e-4	0.5997398959583834	5425
5266	1	1.0004001600640257e-4	0.5998399359743898	5426
5267	1	1.0004001600640257e-4	0.5999399759903962	5427
5268	1	1.0004001600640257e-4	0.6000400160064026	5428
5269	1	1.0004001600640257e-4	0.6001400560224089	5429
5270	1	1.0004001600640257e-4	0.6002400960384153	5430
5271	1	1.0004001600640257e-4	0.6003401360544217	5431
5272	1	1.0004001600640257e-4	0.6004401760704282	5432
5273	1	1.0004001600640257e-4	0.6005402160864346	5433
5274	1	1.0004001600640257e-4	0.600640256102441	5434
5275	1	1.0004001600640257e-4	0.6007402961184474	5435
5276	1	1.0004001600640257e-4	0.6008403361344538	5436
5277	1	1.0004001600640257e-4	0.6009403761504601	5437
5278	1	1.0004001600640257e-4	0.6010404161664665	5438
5279	1	1.0004001600640257e-4	0.601140456182473	5439
5280	1	1.0004001600640257e-4	0.6012404961984794	5440
5281	1	1.0004001600640257e-4	0.6013405362144858	5441
5282	1	1.0004001600640257e-4	0.6014405762304922	5442
5283	1	1.0004001600640257e-4	0.6015406162464986	5443
5284	1	1.0004001600640257e-4	0.601640656262505	5444
5285	1	1.0004001600640257e-4	0.6017406962785113	5445
5286	1	1.0004001600640257e-4	0.6018407362945178	5446
5287	1	1.0004001600640257e-4	0.6019407763105242	5447
5288	1	1.0004001600640257e-4	0.6020408163265306	5448
5289	1	1.0004001600640257e-4	0.602140856342537	5449
5290	1	1.0004001600640257e-4	0.6022408963585434	5450
5291	1	1.0004001600640257e-4	0.6023409363745498	5451
5292	1	1.0004001600640257e-4	0.6024409763905562	5452
5293	1	1.0004001600640257e-4	0.6025410164065627	5453
5294	1	1.0004001600640257e-4	0.602641056422569	5454
5295	1	1.0004001600640257e-4	0.6027410964385754	5455
5296	1	1.0004001600640257e-4	0.6028411364545818	5456
5297	1	1.0004001600640257e-4	0.6029411764705882	5457
5298	1	1.0004001600640257e-4	0.6030412164865946	5458
5299	1	1.0004001600640257e-4	0.603141256502601	5459
5300	1	1.0004001600640257e-4	0.6032412965186075	5460
5302	1	1.0004001600640257e-4	0.6033413365346139	5461
5303	1	1.0004001600640257e-4	0.6034413765506202	5462
5304	1	1.0004001600640257e-4	0.6035414165666266	5463
5305	1	1.0004001600640257e-4	0.603641456582633	5464
5306	1	1.0004001600640257e-4	0.6037414965986394	5465
5307	1	1.0004001600640257e-4	0.6038415366146459	5466
5308	1	1.0004001600640257e-4	0.6039415766306523	5467
5309	1	1.0004001600640257e-4	0.6040416166466587	5468
5310	1	1.0004001600640257e-4	0.6041416566626651	5469
5311	1	1.0004001600640257e-4	0.6042416966786714	5470
5312	1	1.0004001600640257e-4	0.6043417366946778	5471
5313	1	1.0004001600640257e-4	0.6044417767106842	5472
5314	1	1.0004001600640257e-4	0.6045418167266907	5473
5315	1	1.0004001600640257e-4	0.6046418567426971	5474
5316	1	1.0004001600640257e-4	0.6047418967587035	5475
5317	1	1.0004001600640257e-4	0.6048419367747099	5476
5318	1	1.0004001600640257e-4	0.6049419767907163	5477
5319	1	1.0004001600640257e-4	0.6050420168067226	5478
5320	1	1.0004001600640257e-4	0.605142056822729	5479
5323	1	1.0004001600640257e-4	0.6052420968387355	5480
5324	1	1.0004001600640257e-4	0.6053421368547419	5481
5325	1	1.0004001600640257e-4	0.6054421768707483	5482
5326	1	1.0004001600640257e-4	0.6055422168867547	5483
5327	1	1.0004001600640257e-4	0.6056422569027611	5484
5328	1	1.0004001600640257e-4	0.6057422969187675	5485
5329	1	1.0004001600640257e-4	0.6058423369347739	5486
5330	1	1.0004001600640257e-4	0.6059423769507803	5487
5331	1	1.0004001600640257e-4	0.6060424169667867	5488
5332	1	1.0004001600640257e-4	0.6061424569827931	5489
5333	1	1.0004001600640257e-4	0.6062424969987995	5490
5334	1	1.0004001600640257e-4	0.6063425370148059	5491
5335	1	1.0004001600640257e-4	0.6064425770308123	5492
5336	1	1.0004001600640257e-4	0.6065426170468187	5493
5337	1	1.0004001600640257e-4	0.6066426570628252	5494
5338	1	1.0004001600640257e-4	0.6067426970788315	5495
5339	1	1.0004001600640257e-4	0.6068427370948379	5496
5340	1	1.0004001600640257e-4	0.6069427771108443	5497
5341	1	1.0004001600640257e-4	0.6070428171268507	5498
5342	1	1.0004001600640257e-4	0.6071428571428571	5499
5343	1	1.0004001600640257e-4	0.6072428971588635	5500
5344	1	1.0004001600640257e-4	0.60734293717487	5501
5345	1	1.0004001600640257e-4	0.6074429771908764	5502
5346	1	1.0004001600640257e-4	0.6075430172068828	5503
5347	1	1.0004001600640257e-4	0.6076430572228891	5504
5348	1	1.0004001600640257e-4	0.6077430972388955	5505
5349	1	1.0004001600640257e-4	0.6078431372549019	5506
5350	1	1.0004001600640257e-4	0.6079431772709083	5507
5352	1	1.0004001600640257e-4	0.6080432172869148	5508
5353	1	1.0004001600640257e-4	0.6081432573029212	5509
5354	1	1.0004001600640257e-4	0.6082432973189276	5510
5355	1	1.0004001600640257e-4	0.608343337334934	5511
5356	1	1.0004001600640257e-4	0.6084433773509403	5512
5357	1	1.0004001600640257e-4	0.6085434173669467	5513
5359	1	1.0004001600640257e-4	0.6086434573829532	5514
5360	1	1.0004001600640257e-4	0.6087434973989596	5515
5361	1	1.0004001600640257e-4	0.608843537414966	5516
5362	1	1.0004001600640257e-4	0.6089435774309724	5517
5363	1	1.0004001600640257e-4	0.6090436174469788	5518
5364	1	1.0004001600640257e-4	0.6091436574629852	5519
5365	1	1.0004001600640257e-4	0.6092436974789915	5520
5366	1	1.0004001600640257e-4	0.609343737494998	5521
5367	1	1.0004001600640257e-4	0.6094437775110044	5522
5368	1	1.0004001600640257e-4	0.6095438175270108	5523
5369	1	1.0004001600640257e-4	0.6096438575430172	5524
5370	1	1.0004001600640257e-4	0.6097438975590236	5525
5371	1	1.0004001600640257e-4	0.60984393757503	5526
5372	1	1.0004001600640257e-4	0.6099439775910364	5527
5373	1	1.0004001600640257e-4	0.6100440176070429	5528
5374	1	1.0004001600640257e-4	0.6101440576230492	5529
5375	1	1.0004001600640257e-4	0.6102440976390556	5530
5376	1	1.0004001600640257e-4	0.610344137655062	5531
5377	1	1.0004001600640257e-4	0.6104441776710684	5532
5378	1	1.0004001600640257e-4	0.6105442176870748	5533
5379	1	1.0004001600640257e-4	0.6106442577030812	5534
5380	1	1.0004001600640257e-4	0.6107442977190877	5535
5381	1	1.0004001600640257e-4	0.6108443377350941	5536
5382	1	1.0004001600640257e-4	0.6109443777511004	5537
5383	1	1.0004001600640257e-4	0.6110444177671068	5538
5384	1	1.0004001600640257e-4	0.6111444577831132	5539
5385	1	1.0004001600640257e-4	0.6112444977991196	5540
5386	1	1.0004001600640257e-4	0.611344537815126	5541
5387	1	1.0004001600640257e-4	0.6114445778311325	5542
5388	1	1.0004001600640257e-4	0.6115446178471389	5543
5389	1	1.0004001600640257e-4	0.6116446578631453	5544
5390	1	1.0004001600640257e-4	0.6117446978791516	5545
5391	1	1.0004001600640257e-4	0.611844737895158	5546
5392	1	1.0004001600640257e-4	0.6119447779111644	5547
5393	1	1.0004001600640257e-4	0.6120448179271708	5548
5394	1	1.0004001600640257e-4	0.6121448579431773	5549
5395	1	1.0004001600640257e-4	0.6122448979591837	5550
5396	1	1.0004001600640257e-4	0.6123449379751901	5551
5397	1	1.0004001600640257e-4	0.6124449779911965	5552
5398	1	1.0004001600640257e-4	0.6125450180072028	5553
5399	1	1.0004001600640257e-4	0.6126450580232092	5554
5400	1	1.0004001600640257e-4	0.6127450980392157	5555
5401	1	1.0004001600640257e-4	0.6128451380552221	5556
5402	1	1.0004001600640257e-4	0.6129451780712285	5557
5403	1	1.0004001600640257e-4	0.6130452180872349	5558
5404	1	1.0004001600640257e-4	0.6131452581032413	5559
5405	1	1.0004001600640257e-4	0.6132452981192477	5560
5406	1	1.0004001600640257e-4	0.613345338135254	5561
5407	1	1.0004001600640257e-4	0.6134453781512605	5562
5408	1	1.0004001600640257e-4	0.6135454181672669	5563
5409	1	1.0004001600640257e-4	0.6136454581832733	5564
5410	1	1.0004001600640257e-4	0.6137454981992797	5565
5411	1	1.0004001600640257e-4	0.6138455382152861	5566
5412	1	1.0004001600640257e-4	0.6139455782312925	5567
5413	1	1.0004001600640257e-4	0.6140456182472989	5568
5414	1	1.0004001600640257e-4	0.6141456582633054	5569
5415	1	1.0004001600640257e-4	0.6142456982793117	5570
5416	1	1.0004001600640257e-4	0.6143457382953181	5571
5417	1	1.0004001600640257e-4	0.6144457783113245	5572
5418	1	1.0004001600640257e-4	0.6145458183273309	5573
5420	1	1.0004001600640257e-4	0.6146458583433373	5574
5421	1	1.0004001600640257e-4	0.6147458983593437	5575
5422	1	1.0004001600640257e-4	0.6148459383753502	5576
5423	1	1.0004001600640257e-4	0.6149459783913566	5577
5424	1	1.0004001600640257e-4	0.615046018407363	5578
5425	1	1.0004001600640257e-4	0.6151460584233693	5579
5426	1	1.0004001600640257e-4	0.6152460984393757	5580
5427	1	1.0004001600640257e-4	0.6153461384553821	5581
5428	1	1.0004001600640257e-4	0.6154461784713885	5582
5429	1	1.0004001600640257e-4	0.615546218487395	5583
5430	1	1.0004001600640257e-4	0.6156462585034014	5584
5431	1	1.0004001600640257e-4	0.6157462985194078	5585
5432	1	1.0004001600640257e-4	0.6158463385354142	5586
5433	1	1.0004001600640257e-4	0.6159463785514205	5587
5434	1	1.0004001600640257e-4	0.6160464185674269	5588
5435	1	1.0004001600640257e-4	0.6161464585834333	5589
5436	1	1.0004001600640257e-4	0.6162464985994398	5590
5437	1	1.0004001600640257e-4	0.6163465386154462	5591
5438	1	1.0004001600640257e-4	0.6164465786314526	5592
5439	1	1.0004001600640257e-4	0.616546618647459	5593
5440	1	1.0004001600640257e-4	0.6166466586634654	5594
5441	1	1.0004001600640257e-4	0.6167466986794717	5595
5442	1	1.0004001600640257e-4	0.6168467386954781	5596
5443	1	1.0004001600640257e-4	0.6169467787114846	5597
5444	1	1.0004001600640257e-4	0.617046818727491	5598
5445	1	1.0004001600640257e-4	0.6171468587434974	5599
5446	1	1.0004001600640257e-4	0.6172468987595038	5600
5447	1	1.0004001600640257e-4	0.6173469387755102	5601
5448	1	1.0004001600640257e-4	0.6174469787915166	5602
5449	1	1.0004001600640257e-4	0.617547018807523	5603
5450	1	1.0004001600640257e-4	0.6176470588235294	5604
5451	1	1.0004001600640257e-4	0.6177470988395358	5605
5452	1	1.0004001600640257e-4	0.6178471388555422	5606
5453	1	1.0004001600640257e-4	0.6179471788715486	5607
5454	1	1.0004001600640257e-4	0.618047218887555	5608
5455	1	1.0004001600640257e-4	0.6181472589035614	5609
5456	1	1.0004001600640257e-4	0.6182472989195679	5610
5457	1	1.0004001600640257e-4	0.6183473389355743	5611
5458	1	1.0004001600640257e-4	0.6184473789515806	5612
5459	1	1.0004001600640257e-4	0.618547418967587	5613
5460	1	1.0004001600640257e-4	0.6186474589835934	5614
5461	1	1.0004001600640257e-4	0.6187474989995998	5615
5462	1	1.0004001600640257e-4	0.6188475390156062	5616
5463	1	1.0004001600640257e-4	0.6189475790316127	5617
5464	1	1.0004001600640257e-4	0.6190476190476191	5618
5465	1	1.0004001600640257e-4	0.6191476590636255	5619
5467	1	1.0004001600640257e-4	0.6192476990796318	5620
5468	1	1.0004001600640257e-4	0.6193477390956382	5621
5469	1	1.0004001600640257e-4	0.6194477791116446	5622
5470	1	1.0004001600640257e-4	0.619547819127651	5623
5471	1	1.0004001600640257e-4	0.6196478591436575	5624
5472	1	1.0004001600640257e-4	0.6197478991596639	5625
5473	1	1.0004001600640257e-4	0.6198479391756703	5626
5474	1	1.0004001600640257e-4	0.6199479791916767	5627
5475	1	1.0004001600640257e-4	0.620048019207683	5628
5476	1	1.0004001600640257e-4	0.6201480592236894	5629
5477	1	1.0004001600640257e-4	0.6202480992396958	5630
5478	1	1.0004001600640257e-4	0.6203481392557023	5631
5479	1	1.0004001600640257e-4	0.6204481792717087	5632
5480	1	1.0004001600640257e-4	0.6205482192877151	5633
5481	1	1.0004001600640257e-4	0.6206482593037215	5634
5482	1	1.0004001600640257e-4	0.6207482993197279	5635
5483	1	1.0004001600640257e-4	0.6208483393357342	5636
5484	1	1.0004001600640257e-4	0.6209483793517406	5637
5485	1	1.0004001600640257e-4	0.6210484193677471	5638
5486	1	1.0004001600640257e-4	0.6211484593837535	5639
5487	1	1.0004001600640257e-4	0.6212484993997599	5640
5488	1	1.0004001600640257e-4	0.6213485394157663	5641
5489	1	1.0004001600640257e-4	0.6214485794317727	5642
5490	1	1.0004001600640257e-4	0.6215486194477791	5643
5491	1	1.0004001600640257e-4	0.6216486594637854	5644
5492	1	1.0004001600640257e-4	0.6217486994797919	5645
5493	1	1.0004001600640257e-4	0.6218487394957983	5646
5495	1	1.0004001600640257e-4	0.6219487795118047	5647
5496	1	1.0004001600640257e-4	0.6220488195278111	5648
5497	1	1.0004001600640257e-4	0.6221488595438175	5649
5499	1	1.0004001600640257e-4	0.6222488995598239	5650
5500	1	1.0004001600640257e-4	0.6223489395758304	5651
5502	1	1.0004001600640257e-4	0.6224489795918368	5652
5503	1	1.0004001600640257e-4	0.6225490196078431	5653
5504	1	1.0004001600640257e-4	0.6226490596238495	5654
5505	1	1.0004001600640257e-4	0.6227490996398559	5655
5506	1	1.0004001600640257e-4	0.6228491396558623	5656
5507	1	1.0004001600640257e-4	0.6229491796718687	5657
5508	1	1.0004001600640257e-4	0.6230492196878752	5658
5509	1	1.0004001600640257e-4	0.6231492597038816	5659
5511	1	1.0004001600640257e-4	0.623249299719888	5660
5512	1	1.0004001600640257e-4	0.6233493397358943	5661
5514	1	1.0004001600640257e-4	0.6234493797519007	5662
5515	1	1.0004001600640257e-4	0.6235494197679071	5663
5516	1	1.0004001600640257e-4	0.6236494597839135	5664
5517	1	1.0004001600640257e-4	0.62374949979992	5665
5518	1	1.0004001600640257e-4	0.6238495398159264	5666
5520	1	1.0004001600640257e-4	0.6239495798319328	5667
5521	1	1.0004001600640257e-4	0.6240496198479392	5668
5522	1	1.0004001600640257e-4	0.6241496598639455	5669
5523	1	1.0004001600640257e-4	0.6242496998799519	5670
5524	1	1.0004001600640257e-4	0.6243497398959583	5671
5525	1	1.0004001600640257e-4	0.6244497799119648	5672
5528	1	1.0004001600640257e-4	0.6245498199279712	5673
5530	1	1.0004001600640257e-4	0.6246498599439776	5674
5531	1	1.0004001600640257e-4	0.624749899959984	5675
5532	1	1.0004001600640257e-4	0.6248499399759904	5676
5533	1	1.0004001600640257e-4	0.6249499799919968	5677
5534	1	1.0004001600640257e-4	0.6250500200080031	5678
5535	1	1.0004001600640257e-4	0.6251500600240096	5679
5536	1	1.0004001600640257e-4	0.625250100040016	5680
5537	1	1.0004001600640257e-4	0.6253501400560224	5681
5538	1	1.0004001600640257e-4	0.6254501800720288	5682
5539	1	1.0004001600640257e-4	0.6255502200880352	5683
5540	1	1.0004001600640257e-4	0.6256502601040416	5684
5541	1	1.0004001600640257e-4	0.625750300120048	5685
5542	1	1.0004001600640257e-4	0.6258503401360545	5686
5543	1	1.0004001600640257e-4	0.6259503801520608	5687
5544	1	1.0004001600640257e-4	0.6260504201680672	5688
5545	1	1.0004001600640257e-4	0.6261504601840736	5689
5548	1	1.0004001600640257e-4	0.62625050020008	5690
5550	1	1.0004001600640257e-4	0.6263505402160864	5691
5552	1	1.0004001600640257e-4	0.6264505802320929	5692
5553	1	1.0004001600640257e-4	0.6265506202480993	5693
5555	1	1.0004001600640257e-4	0.6266506602641057	5694
5556	1	1.0004001600640257e-4	0.626750700280112	5695
5557	1	1.0004001600640257e-4	0.6268507402961184	5696
5558	1	1.0004001600640257e-4	0.6269507803121248	5697
5559	1	1.0004001600640257e-4	0.6270508203281312	5698
5560	1	1.0004001600640257e-4	0.6271508603441377	5699
5561	1	1.0004001600640257e-4	0.6272509003601441	5700
5562	1	1.0004001600640257e-4	0.6273509403761505	5701
5563	1	1.0004001600640257e-4	0.6274509803921569	5702
5564	1	1.0004001600640257e-4	0.6275510204081632	5703
5565	1	1.0004001600640257e-4	0.6276510604241696	5704
5567	1	1.0004001600640257e-4	0.627751100440176	5705
5568	1	1.0004001600640257e-4	0.6278511404561825	5706
5569	1	1.0004001600640257e-4	0.6279511804721889	5707
5570	1	1.0004001600640257e-4	0.6280512204881953	5708
5571	1	1.0004001600640257e-4	0.6281512605042017	5709
5572	1	1.0004001600640257e-4	0.6282513005202081	5710
5573	1	1.0004001600640257e-4	0.6283513405362144	5711
5574	1	1.0004001600640257e-4	0.6284513805522208	5712
5575	1	1.0004001600640257e-4	0.6285514205682273	5713
5576	1	1.0004001600640257e-4	0.6286514605842337	5714
5577	1	1.0004001600640257e-4	0.6287515006002401	5715
5578	1	1.0004001600640257e-4	0.6288515406162465	5716
5579	1	1.0004001600640257e-4	0.6289515806322529	5717
5580	1	1.0004001600640257e-4	0.6290516206482593	5718
5581	1	1.0004001600640257e-4	0.6291516606642656	5719
5582	1	1.0004001600640257e-4	0.6292517006802721	5720
5583	1	1.0004001600640257e-4	0.6293517406962785	5721
5584	1	1.0004001600640257e-4	0.6294517807122849	5722
5585	1	1.0004001600640257e-4	0.6295518207282913	5723
5586	1	1.0004001600640257e-4	0.6296518607442977	5724
5587	1	1.0004001600640257e-4	0.6297519007603041	5725
5589	1	1.0004001600640257e-4	0.6298519407763105	5726
5590	1	1.0004001600640257e-4	0.629951980792317	5727
5591	1	1.0004001600640257e-4	0.6300520208083233	5728
5592	1	1.0004001600640257e-4	0.6301520608243297	5729
5593	1	1.0004001600640257e-4	0.6302521008403361	5730
5594	1	1.0004001600640257e-4	0.6303521408563425	5731
5595	1	1.0004001600640257e-4	0.6304521808723489	5732
5596	1	1.0004001600640257e-4	0.6305522208883553	5733
5598	1	1.0004001600640257e-4	0.6306522609043618	5734
5599	1	1.0004001600640257e-4	0.6307523009203682	5735
5600	1	1.0004001600640257e-4	0.6308523409363745	5736
5601	1	1.0004001600640257e-4	0.6309523809523809	5737
5602	1	1.0004001600640257e-4	0.6310524209683873	5738
5603	1	1.0004001600640257e-4	0.6311524609843937	5739
5604	1	1.0004001600640257e-4	0.6312525010004002	5740
5605	1	1.0004001600640257e-4	0.6313525410164066	5741
5606	1	1.0004001600640257e-4	0.631452581032413	5742
5607	1	1.0004001600640257e-4	0.6315526210484194	5743
5608	1	1.0004001600640257e-4	0.6316526610644257	5744
5609	1	1.0004001600640257e-4	0.6317527010804321	5745
5610	1	1.0004001600640257e-4	0.6318527410964385	5746
5611	1	1.0004001600640257e-4	0.631952781112445	5747
5612	1	1.0004001600640257e-4	0.6320528211284514	5748
5613	1	1.0004001600640257e-4	0.6321528611444578	5749
5614	1	1.0004001600640257e-4	0.6322529011604642	5750
5615	1	1.0004001600640257e-4	0.6323529411764706	5751
5616	1	1.0004001600640257e-4	0.632452981192477	5752
5617	1	1.0004001600640257e-4	0.6325530212084833	5753
5618	1	1.0004001600640257e-4	0.6326530612244898	5754
5619	1	1.0004001600640257e-4	0.6327531012404962	5755
5620	1	1.0004001600640257e-4	0.6328531412565026	5756
5621	1	1.0004001600640257e-4	0.632953181272509	5757
5622	1	1.0004001600640257e-4	0.6330532212885154	5758
5623	1	1.0004001600640257e-4	0.6331532613045218	5759
5624	1	1.0004001600640257e-4	0.6332533013205282	5760
5625	1	1.0004001600640257e-4	0.6333533413365346	5761
5626	1	1.0004001600640257e-4	0.633453381352541	5762
5627	1	1.0004001600640257e-4	0.6335534213685474	5763
5628	1	1.0004001600640257e-4	0.6336534613845538	5764
5629	1	1.0004001600640257e-4	0.6337535014005602	5765
5630	1	1.0004001600640257e-4	0.6338535414165666	5766
5631	1	1.0004001600640257e-4	0.633953581432573	5767
5632	1	1.0004001600640257e-4	0.6340536214485795	5768
5633	1	1.0004001600640257e-4	0.6341536614645858	5769
5634	1	1.0004001600640257e-4	0.6342537014805922	5770
5635	1	1.0004001600640257e-4	0.6343537414965986	5771
5636	1	1.0004001600640257e-4	0.634453781512605	5772
5637	1	1.0004001600640257e-4	0.6345538215286114	5773
5638	1	1.0004001600640257e-4	0.6346538615446178	5774
5639	1	1.0004001600640257e-4	0.6347539015606243	5775
5640	1	1.0004001600640257e-4	0.6348539415766307	5776
5641	1	1.0004001600640257e-4	0.634953981592637	5777
5642	1	1.0004001600640257e-4	0.6350540216086434	5778
5643	1	1.0004001600640257e-4	0.6351540616246498	5779
5644	1	1.0004001600640257e-4	0.6352541016406562	5780
5645	1	1.0004001600640257e-4	0.6353541416566627	5781
5646	1	1.0004001600640257e-4	0.6354541816726691	5782
5647	1	1.0004001600640257e-4	0.6355542216886755	5783
5648	1	1.0004001600640257e-4	0.6356542617046819	5784
5649	1	1.0004001600640257e-4	0.6357543017206883	5785
5650	1	1.0004001600640257e-4	0.6358543417366946	5786
5651	1	1.0004001600640257e-4	0.635954381752701	5787
5652	1	1.0004001600640257e-4	0.6360544217687075	5788
5653	1	1.0004001600640257e-4	0.6361544617847139	5789
5654	1	1.0004001600640257e-4	0.6362545018007203	5790
5655	1	1.0004001600640257e-4	0.6363545418167267	5791
5656	1	1.0004001600640257e-4	0.6364545818327331	5792
5657	1	1.0004001600640257e-4	0.6365546218487395	5793
5658	1	1.0004001600640257e-4	0.6366546618647458	5794
5659	1	1.0004001600640257e-4	0.6367547018807523	5795
5660	1	1.0004001600640257e-4	0.6368547418967587	5796
5661	1	1.0004001600640257e-4	0.6369547819127651	5797
5662	1	1.0004001600640257e-4	0.6370548219287715	5798
5663	1	1.0004001600640257e-4	0.6371548619447779	5799
5664	1	1.0004001600640257e-4	0.6372549019607843	5800
5665	1	1.0004001600640257e-4	0.6373549419767907	5801
5666	1	1.0004001600640257e-4	0.6374549819927972	5802
5667	1	1.0004001600640257e-4	0.6375550220088035	5803
5668	1	1.0004001600640257e-4	0.6376550620248099	5804
5670	1	1.0004001600640257e-4	0.6377551020408163	5805
5671	1	1.0004001600640257e-4	0.6378551420568227	5806
5672	1	1.0004001600640257e-4	0.6379551820728291	5807
5673	1	1.0004001600640257e-4	0.6380552220888355	5808
5674	1	1.0004001600640257e-4	0.638155262104842	5809
5675	1	1.0004001600640257e-4	0.6382553021208484	5810
5676	1	1.0004001600640257e-4	0.6383553421368547	5811
5677	1	1.0004001600640257e-4	0.6384553821528611	5812
5678	1	1.0004001600640257e-4	0.6385554221688675	5813
5679	1	1.0004001600640257e-4	0.6386554621848739	5814
5680	1	1.0004001600640257e-4	0.6387555022008803	5815
5681	1	1.0004001600640257e-4	0.6388555422168868	5816
5682	1	1.0004001600640257e-4	0.6389555822328932	5817
5683	1	1.0004001600640257e-4	0.6390556222488996	5818
5684	1	1.0004001600640257e-4	0.6391556622649059	5819
5685	1	1.0004001600640257e-4	0.6392557022809123	5820
5686	1	1.0004001600640257e-4	0.6393557422969187	5821
5687	1	1.0004001600640257e-4	0.6394557823129251	5822
5688	1	1.0004001600640257e-4	0.6395558223289316	5823
5689	1	1.0004001600640257e-4	0.639655862344938	5824
5690	1	1.0004001600640257e-4	0.6397559023609444	5825
5691	1	1.0004001600640257e-4	0.6398559423769508	5826
5692	1	1.0004001600640257e-4	0.6399559823929571	5827
5693	1	1.0004001600640257e-4	0.6400560224089635	5828
5694	1	1.0004001600640257e-4	0.64015606242497	5829
5695	1	1.0004001600640257e-4	0.6402561024409764	5830
5696	1	1.0004001600640257e-4	0.6403561424569828	5831
5697	1	1.0004001600640257e-4	0.6404561824729892	5832
5698	1	1.0004001600640257e-4	0.6405562224889956	5833
5699	1	1.0004001600640257e-4	0.640656262505002	5834
5700	1	1.0004001600640257e-4	0.6407563025210083	5835
5701	1	1.0004001600640257e-4	0.6408563425370148	5836
5702	1	1.0004001600640257e-4	0.6409563825530212	5837
5703	1	1.0004001600640257e-4	0.6410564225690276	5838
5704	1	1.0004001600640257e-4	0.641156462585034	5839
5705	1	1.0004001600640257e-4	0.6412565026010404	5840
5706	1	1.0004001600640257e-4	0.6413565426170468	5841
5707	1	1.0004001600640257e-4	0.6414565826330532	5842
5708	1	1.0004001600640257e-4	0.6415566226490597	5843
5709	1	1.0004001600640257e-4	0.641656662665066	5844
5710	1	1.0004001600640257e-4	0.6417567026810724	5845
5711	1	1.0004001600640257e-4	0.6418567426970788	5846
5712	1	1.0004001600640257e-4	0.6419567827130852	5847
5713	1	1.0004001600640257e-4	0.6420568227290916	5848
5714	1	1.0004001600640257e-4	0.642156862745098	5849
5715	1	1.0004001600640257e-4	0.6422569027611045	5850
5716	1	1.0004001600640257e-4	0.6423569427771109	5851
5717	1	1.0004001600640257e-4	0.6424569827931172	5852
5718	1	1.0004001600640257e-4	0.6425570228091236	5853
5719	1	1.0004001600640257e-4	0.64265706282513	5854
5720	1	1.0004001600640257e-4	0.6427571028411364	5855
5721	1	1.0004001600640257e-4	0.6428571428571428	5856
5722	1	1.0004001600640257e-4	0.6429571828731493	5857
5723	1	1.0004001600640257e-4	0.6430572228891557	5858
5724	1	1.0004001600640257e-4	0.6431572629051621	5859
5725	1	1.0004001600640257e-4	0.6432573029211685	5860
5726	1	1.0004001600640257e-4	0.6433573429371748	5861
5727	1	1.0004001600640257e-4	0.6434573829531812	5862
5728	1	1.0004001600640257e-4	0.6435574229691876	5863
5729	1	1.0004001600640257e-4	0.6436574629851941	5864
5730	1	1.0004001600640257e-4	0.6437575030012005	5865
5731	1	1.0004001600640257e-4	0.6438575430172069	5866
5732	1	1.0004001600640257e-4	0.6439575830332133	5867
5733	1	1.0004001600640257e-4	0.6440576230492197	5868
5734	1	1.0004001600640257e-4	0.644157663065226	5869
5736	1	1.0004001600640257e-4	0.6442577030812324	5870
5737	1	1.0004001600640257e-4	0.6443577430972389	5871
5738	1	1.0004001600640257e-4	0.6444577831132453	5872
5739	1	1.0004001600640257e-4	0.6445578231292517	5873
5741	1	1.0004001600640257e-4	0.6446578631452581	5874
5742	1	1.0004001600640257e-4	0.6447579031612645	5875
5743	1	1.0004001600640257e-4	0.6448579431772709	5876
5744	1	1.0004001600640257e-4	0.6449579831932774	5877
5745	1	1.0004001600640257e-4	0.6450580232092837	5878
5746	1	1.0004001600640257e-4	0.6451580632252901	5879
5747	1	1.0004001600640257e-4	0.6452581032412965	5880
5748	1	1.0004001600640257e-4	0.6453581432573029	5881
5749	1	1.0004001600640257e-4	0.6454581832733093	5882
5750	1	1.0004001600640257e-4	0.6455582232893157	5883
5751	1	1.0004001600640257e-4	0.6456582633053222	5884
5752	1	1.0004001600640257e-4	0.6457583033213286	5885
5753	1	1.0004001600640257e-4	0.6458583433373349	5886
5754	1	1.0004001600640257e-4	0.6459583833533413	5887
5755	1	1.0004001600640257e-4	0.6460584233693477	5888
5756	1	1.0004001600640257e-4	0.6461584633853541	5889
5757	1	1.0004001600640257e-4	0.6462585034013605	5890
5758	1	1.0004001600640257e-4	0.646358543417367	5891
5759	1	1.0004001600640257e-4	0.6464585834333734	5892
5760	1	1.0004001600640257e-4	0.6465586234493798	5893
5761	1	1.0004001600640257e-4	0.6466586634653861	5894
5762	1	1.0004001600640257e-4	0.6467587034813925	5895
5763	1	1.0004001600640257e-4	0.6468587434973989	5896
5764	1	1.0004001600640257e-4	0.6469587835134053	5897
5765	1	1.0004001600640257e-4	0.6470588235294118	5898
5766	1	1.0004001600640257e-4	0.6471588635454182	5899
5767	1	1.0004001600640257e-4	0.6472589035614246	5900
5768	1	1.0004001600640257e-4	0.647358943577431	5901
5769	1	1.0004001600640257e-4	0.6474589835934373	5902
5770	1	1.0004001600640257e-4	0.6475590236094437	5903
5771	1	1.0004001600640257e-4	0.6476590636254501	5904
5773	1	1.0004001600640257e-4	0.6477591036414566	5905
5774	1	1.0004001600640257e-4	0.647859143657463	5906
5775	1	1.0004001600640257e-4	0.6479591836734694	5907
5776	1	1.0004001600640257e-4	0.6480592236894758	5908
5777	1	1.0004001600640257e-4	0.6481592637054822	5909
5778	1	1.0004001600640257e-4	0.6482593037214885	5910
5780	1	1.0004001600640257e-4	0.6483593437374949	5911
5781	1	1.0004001600640257e-4	0.6484593837535014	5912
5782	1	1.0004001600640257e-4	0.6485594237695078	5913
5783	1	1.0004001600640257e-4	0.6486594637855142	5914
5784	1	1.0004001600640257e-4	0.6487595038015206	5915
5785	1	1.0004001600640257e-4	0.648859543817527	5916
5786	1	1.0004001600640257e-4	0.6489595838335334	5917
5787	1	1.0004001600640257e-4	0.6490596238495399	5918
5788	1	1.0004001600640257e-4	0.6491596638655462	5919
5789	1	1.0004001600640257e-4	0.6492597038815526	5920
5791	1	1.0004001600640257e-4	0.649359743897559	5921
5792	1	1.0004001600640257e-4	0.6494597839135654	5922
5793	1	1.0004001600640257e-4	0.6495598239295718	5923
5794	1	1.0004001600640257e-4	0.6496598639455782	5924
5795	1	1.0004001600640257e-4	0.6497599039615847	5925
5796	1	1.0004001600640257e-4	0.6498599439775911	5926
5797	1	1.0004001600640257e-4	0.6499599839935974	5927
5798	1	1.0004001600640257e-4	0.6500600240096038	5928
5799	1	1.0004001600640257e-4	0.6501600640256102	5929
5800	1	1.0004001600640257e-4	0.6502601040416166	5930
5801	1	1.0004001600640257e-4	0.650360144057623	5931
5802	1	1.0004001600640257e-4	0.6504601840736295	5932
5803	1	1.0004001600640257e-4	0.6505602240896359	5933
5804	1	1.0004001600640257e-4	0.6506602641056423	5934
5805	1	1.0004001600640257e-4	0.6507603041216486	5935
5806	1	1.0004001600640257e-4	0.650860344137655	5936
5807	1	1.0004001600640257e-4	0.6509603841536614	5937
5808	1	1.0004001600640257e-4	0.6510604241696678	5938
5809	1	1.0004001600640257e-4	0.6511604641856743	5939
5810	1	1.0004001600640257e-4	0.6512605042016807	5940
5811	1	1.0004001600640257e-4	0.6513605442176871	5941
5812	1	1.0004001600640257e-4	0.6514605842336935	5942
5813	1	1.0004001600640257e-4	0.6515606242496998	5943
5814	1	1.0004001600640257e-4	0.6516606642657062	5944
5815	1	1.0004001600640257e-4	0.6517607042817126	5945
5816	1	1.0004001600640257e-4	0.6518607442977191	5946
5817	1	1.0004001600640257e-4	0.6519607843137255	5947
5818	1	1.0004001600640257e-4	0.6520608243297319	5948
5819	1	1.0004001600640257e-4	0.6521608643457383	5949
5820	1	1.0004001600640257e-4	0.6522609043617447	5950
5821	1	1.0004001600640257e-4	0.652360944377751	5951
5822	1	1.0004001600640257e-4	0.6524609843937574	5952
5823	1	1.0004001600640257e-4	0.6525610244097639	5953
5824	1	1.0004001600640257e-4	0.6526610644257703	5954
5825	1	1.0004001600640257e-4	0.6527611044417767	5955
5826	1	1.0004001600640257e-4	0.6528611444577831	5956
5827	1	1.0004001600640257e-4	0.6529611844737895	5957
5828	1	1.0004001600640257e-4	0.6530612244897959	5958
5829	1	1.0004001600640257e-4	0.6531612645058023	5959
5830	1	1.0004001600640257e-4	0.65326130452180875	5960
5831	1	1.0004001600640257e-4	0.6533613445378151	5961
5832	1	1.0004001600640257e-4	0.6534613845538215	5962
5833	1	1.0004001600640257e-4	0.6535614245698279	5963
5834	1	1.0004001600640257e-4	0.6536614645858343	5964
5835	1	1.0004001600640257e-4	0.6537615046018407	5965
5836	1	1.0004001600640257e-4	0.6538615446178472	5966
5837	1	1.0004001600640257e-4	0.6539615846338536	5967
5838	1	1.0004001600640257e-4	0.65406162464986	5968
5839	1	1.0004001600640257e-4	0.6541616646658663	5969
5840	1	1.0004001600640257e-4	0.6542617046818727	5970
5841	1	1.0004001600640257e-4	0.6543617446978791	5971
5842	1	1.0004001600640257e-4	0.6544617847138855	5972
5843	1	1.0004001600640257e-4	0.654561824729892	5973
5844	1	1.0004001600640257e-4	0.6546618647458984	5974
5845	1	1.0004001600640257e-4	0.6547619047619048	5975
5846	1	1.0004001600640257e-4	0.6548619447779112	5976
5847	1	1.0004001600640257e-4	0.6549619847939175	5977
5848	1	1.0004001600640257e-4	0.6550620248099239	5978
5849	1	1.0004001600640257e-4	0.6551620648259303	5979
5850	1	1.0004001600640257e-4	0.6552621048419368	5980
5851	1	1.0004001600640257e-4	0.6553621448579432	5981
5852	1	1.0004001600640257e-4	0.6554621848739496	5982
5853	1	1.0004001600640257e-4	0.655562224889956	5983
5854	1	1.0004001600640257e-4	0.6556622649059624	5984
5855	1	1.0004001600640257e-4	0.6557623049219687	5985
5856	1	1.0004001600640257e-4	0.6558623449379751	5986
5857	1	1.0004001600640257e-4	0.6559623849539816	5987
5858	1	1.0004001600640257e-4	0.656062424969988	5988
5859	1	1.0004001600640257e-4	0.6561624649859944	5989
5860	1	1.0004001600640257e-4	0.6562625050020008	5990
5861	1	1.0004001600640257e-4	0.6563625450180072	5991
5862	1	1.0004001600640257e-4	0.6564625850340136	5992
5863	1	1.0004001600640257e-4	0.6565626250500199	5993
5864	1	1.0004001600640257e-4	0.6566626650660264	5994
5865	1	1.0004001600640257e-4	0.6567627050820328	5995
5866	1	1.0004001600640257e-4	0.6568627450980392	5996
5867	1	1.0004001600640257e-4	0.6569627851140456	5997
5868	1	1.0004001600640257e-4	0.657062825130052	5998
5869	1	1.0004001600640257e-4	0.6571628651460584	5999
5870	1	1.0004001600640257e-4	0.6572629051620648	6000
5871	1	1.0004001600640257e-4	0.6573629451780713	6001
5872	1	1.0004001600640257e-4	0.6574629851940776	6002
5873	1	1.0004001600640257e-4	0.657563025210084	6003
5874	1	1.0004001600640257e-4	0.6576630652260904	6004
5875	1	1.0004001600640257e-4	0.6577631052420968	6005
5876	1	1.0004001600640257e-4	0.6578631452581032	6006
5877	1	1.0004001600640257e-4	0.6579631852741096	6007
5878	1	1.0004001600640257e-4	0.6580632252901161	6008
5879	1	1.0004001600640257e-4	0.6581632653061225	6009
5880	1	1.0004001600640257e-4	0.6582633053221288	6010
5881	1	1.0004001600640257e-4	0.6583633453381352	6011
5882	1	1.0004001600640257e-4	0.6584633853541416	6012
5884	1	1.0004001600640257e-4	0.658563425370148	6013
5885	1	1.0004001600640257e-4	0.6586634653861545	6014
5886	1	1.0004001600640257e-4	0.6587635054021609	6015
5887	1	1.0004001600640257e-4	0.6588635454181673	6016
5888	1	1.0004001600640257e-4	0.6589635854341737	6017
5890	1	1.0004001600640257e-4	0.65906362545018	6018
5891	1	1.0004001600640257e-4	0.6591636654661864	6019
5893	1	1.0004001600640257e-4	0.6592637054821928	6020
5894	1	1.0004001600640257e-4	0.6593637454981993	6021
5895	1	1.0004001600640257e-4	0.6594637855142057	6022
5896	1	1.0004001600640257e-4	0.6595638255302121	6023
5897	1	1.0004001600640257e-4	0.6596638655462185	6024
5898	1	1.0004001600640257e-4	0.6597639055622249	6025
5899	1	1.0004001600640257e-4	0.6598639455782312	6026
5900	1	1.0004001600640257e-4	0.6599639855942376	6027
5901	1	1.0004001600640257e-4	0.6600640256102441	6028
5902	1	1.0004001600640257e-4	0.6601640656262505	6029
5903	1	1.0004001600640257e-4	0.6602641056422569	6030
5904	1	1.0004001600640257e-4	0.6603641456582633	6031
5905	1	1.0004001600640257e-4	0.6604641856742697	6032
5906	1	1.0004001600640257e-4	0.6605642256902761	6033
5907	1	1.0004001600640257e-4	0.6606642657062824	6034
5908	1	1.0004001600640257e-4	0.660764305722289	6035
5910	1	1.0004001600640257e-4	0.6608643457382953	6036
5911	1	1.0004001600640257e-4	0.6609643857543017	6037
5912	1	1.0004001600640257e-4	0.6610644257703081	6038
5913	1	1.0004001600640257e-4	0.6611644657863145	6039
5914	1	1.0004001600640257e-4	0.6612645058023209	6040
5915	1	1.0004001600640257e-4	0.6613645458183273	6041
5916	1	1.0004001600640257e-4	0.6614645858343338	6042
5917	1	1.0004001600640257e-4	0.6615646258503401	6043
5918	1	1.0004001600640257e-4	0.6616646658663465	6044
5920	1	1.0004001600640257e-4	0.6617647058823529	6045
5921	1	1.0004001600640257e-4	0.6618647458983593	6046
5922	1	1.0004001600640257e-4	0.6619647859143657	6047
5923	1	1.0004001600640257e-4	0.6620648259303721	6048
5924	1	1.0004001600640257e-4	0.6621648659463786	6049
5925	1	1.0004001600640257e-4	0.662264905962385	6050
5926	1	1.0004001600640257e-4	0.6623649459783914	6051
5927	1	1.0004001600640257e-4	0.6624649859943977	6052
5928	1	1.0004001600640257e-4	0.6625650260104041	6053
5929	1	1.0004001600640257e-4	0.6626650660264105	6054
5930	1	1.0004001600640257e-4	0.662765106042417	6055
5931	1	1.0004001600640257e-4	0.6628651460584234	6056
5932	1	1.0004001600640257e-4	0.6629651860744298	6057
5933	1	1.0004001600640257e-4	0.6630652260904362	6058
5934	1	1.0004001600640257e-4	0.6631652661064426	6059
5935	1	1.0004001600640257e-4	0.6632653061224489	6060
5936	1	1.0004001600640257e-4	0.6633653461384553	6061
5937	1	1.0004001600640257e-4	0.6634653861544618	6062
5938	1	1.0004001600640257e-4	0.6635654261704682	6063
5939	1	1.0004001600640257e-4	0.6636654661864746	6064
5940	1	1.0004001600640257e-4	0.663765506202481	6065
5941	1	1.0004001600640257e-4	0.6638655462184874	6066
5942	1	1.0004001600640257e-4	0.6639655862344938	6067
5943	1	1.0004001600640257e-4	0.6640656262505001	6068
5944	1	1.0004001600640257e-4	0.6641656662665066	6069
5945	1	1.0004001600640257e-4	0.664265706282513	6070
5946	1	1.0004001600640257e-4	0.6643657462985194	6071
5947	1	1.0004001600640257e-4	0.6644657863145258	6072
5948	1	1.0004001600640257e-4	0.6645658263305322	6073
5949	1	1.0004001600640257e-4	0.6646658663465386	6074
5950	1	1.0004001600640257e-4	0.664765906362545	6075
5951	1	1.0004001600640257e-4	0.6648659463785515	6076
5952	1	1.0004001600640257e-4	0.6649659863945578	6077
5953	1	1.0004001600640257e-4	0.6650660264105642	6078
5954	1	1.0004001600640257e-4	0.6651660664265706	6079
5955	1	1.0004001600640257e-4	0.665266106442577	6080
5956	1	1.0004001600640257e-4	0.6653661464585834	6081
5957	1	1.0004001600640257e-4	0.6654661864745898	6082
5958	1	1.0004001600640257e-4	0.6655662264905963	6083
5959	1	1.0004001600640257e-4	0.6656662665066027	6084
5960	1	1.0004001600640257e-4	0.665766306522609	6085
5961	1	1.0004001600640257e-4	0.6658663465386154	6086
5962	1	1.0004001600640257e-4	0.6659663865546218	6087
5963	1	1.0004001600640257e-4	0.6660664265706282	6088
5964	1	1.0004001600640257e-4	0.6661664665866346	6089
5965	1	1.0004001600640257e-4	0.6662665066026411	6090
5966	1	1.0004001600640257e-4	0.6663665466186475	6091
5967	1	1.0004001600640257e-4	0.6664665866346539	6092
5968	1	1.0004001600640257e-4	0.6665666266506602	6093
5969	1	1.0004001600640257e-4	0.6666666666666666	6094
5970	1	1.0004001600640257e-4	0.666766706682673	6095
5971	1	1.0004001600640257e-4	0.6668667466986794	6096
5972	1	1.0004001600640257e-4	0.6669667867146859	6097
5973	1	1.0004001600640257e-4	0.6670668267306923	6098
5974	1	1.0004001600640257e-4	0.6671668667466987	6099
5975	1	1.0004001600640257e-4	0.6672669067627051	6100
5976	1	1.0004001600640257e-4	0.6673669467787114	6101
5977	1	1.0004001600640257e-4	0.6674669867947178	6102
5978	1	1.0004001600640257e-4	0.6675670268107243	6103
5979	1	1.0004001600640257e-4	0.6676670668267307	6104
5980	1	1.0004001600640257e-4	0.6677671068427371	6105
5981	1	1.0004001600640257e-4	0.6678671468587435	6106
5982	1	1.0004001600640257e-4	0.6679671868747499	6107
5983	1	1.0004001600640257e-4	0.6680672268907563	6108
5984	1	1.0004001600640257e-4	0.6681672669067626	6109
5985	1	1.0004001600640257e-4	0.6682673069227691	6110
5986	1	1.0004001600640257e-4	0.6683673469387755	6111
5987	1	1.0004001600640257e-4	0.6684673869547819	6112
5988	1	1.0004001600640257e-4	0.6685674269707883	6113
5989	1	1.0004001600640257e-4	0.6686674669867947	6114
5990	1	1.0004001600640257e-4	0.6687675070028011	6115
5991	1	1.0004001600640257e-4	0.6688675470188075	6116
5992	1	1.0004001600640257e-4	0.668967587034814	6117
5993	1	1.0004001600640257e-4	0.6690676270508203	6118
5994	1	1.0004001600640257e-4	0.6691676670668267	6119
5995	1	1.0004001600640257e-4	0.6692677070828331	6120
5996	1	1.0004001600640257e-4	0.6693677470988395	6121
5997	1	1.0004001600640257e-4	0.6694677871148459	6122
5998	1	1.0004001600640257e-4	0.6695678271308523	6123
5999	1	1.0004001600640257e-4	0.6696678671468588	6124
6000	1	1.0004001600640257e-4	0.6697679071628652	6125
6001	1	1.0004001600640257e-4	0.6698679471788715	6126
6002	1	1.0004001600640257e-4	0.6699679871948779	6127
6003	1	1.0004001600640257e-4	0.6700680272108843	6128
6004	1	1.0004001600640257e-4	0.6701680672268907	6129
6005	1	1.0004001600640257e-4	0.6702681072428971	6130
6006	1	1.0004001600640257e-4	0.6703681472589036	6131
6007	1	1.0004001600640257e-4	0.67046818727491	6132
6008	1	1.0004001600640257e-4	0.6705682272909164	6133
6009	1	1.0004001600640257e-4	0.6706682673069227	6134
6010	1	1.0004001600640257e-4	0.6707683073229291	6135
6011	1	1.0004001600640257e-4	0.6708683473389355	6136
6012	1	1.0004001600640257e-4	0.6709683873549419	6137
6013	1	1.0004001600640257e-4	0.6710684273709484	6138
6014	1	1.0004001600640257e-4	0.6711684673869548	6139
6015	1	1.0004001600640257e-4	0.6712685074029612	6140
6016	1	1.0004001600640257e-4	0.6713685474189676	6141
6017	1	1.0004001600640257e-4	0.671468587434974	6142
6018	1	1.0004001600640257e-4	0.6715686274509803	6143
6019	1	1.0004001600640257e-4	0.6716686674669867	6144
6020	1	1.0004001600640257e-4	0.6717687074829932	6145
6021	1	1.0004001600640257e-4	0.6718687474989996	6146
6022	1	1.0004001600640257e-4	0.671968787515006	6147
6023	1	1.0004001600640257e-4	0.6720688275310124	6148
6024	1	1.0004001600640257e-4	0.6721688675470188	6149
6025	1	1.0004001600640257e-4	0.6722689075630252	6150
6026	1	1.0004001600640257e-4	0.6723689475790317	6151
6027	1	1.0004001600640257e-4	0.672468987595038	6152
6028	1	1.0004001600640257e-4	0.6725690276110444	6153
6029	1	1.0004001600640257e-4	0.6726690676270508	6154
6030	1	1.0004001600640257e-4	0.6727691076430572	6155
6031	1	1.0004001600640257e-4	0.6728691476590636	6156
6032	1	1.0004001600640257e-4	0.67296918767507	6157
6033	1	1.0004001600640257e-4	0.6730692276910765	6158
6034	1	1.0004001600640257e-4	0.6731692677070829	6159
6035	1	1.0004001600640257e-4	0.6732693077230892	6160
6036	1	1.0004001600640257e-4	0.6733693477390956	6161
6037	1	1.0004001600640257e-4	0.673469387755102	6162
6038	1	1.0004001600640257e-4	0.6735694277711084	6163
6039	1	1.0004001600640257e-4	0.6736694677871148	6164
6040	1	1.0004001600640257e-4	0.6737695078031213	6165
6041	1	1.0004001600640257e-4	0.6738695478191277	6166
6042	1	1.0004001600640257e-4	0.673969587835134	6167
6043	1	1.0004001600640257e-4	0.6740696278511404	6168
6044	1	1.0004001600640257e-4	0.6741696678671468	6169
6045	1	1.0004001600640257e-4	0.6742697078831532	6170
6046	1	1.0004001600640257e-4	0.6743697478991596	6171
6047	1	1.0004001600640257e-4	0.6744697879151661	6172
6048	1	1.0004001600640257e-4	0.6745698279311725	6173
6049	1	1.0004001600640257e-4	0.6746698679471789	6174
6050	1	1.0004001600640257e-4	0.6747699079631853	6175
6051	1	1.0004001600640257e-4	0.6748699479791916	6176
6052	1	1.0004001600640257e-4	0.674969987995198	6177
6053	1	1.0004001600640257e-4	0.6750700280112044	6178
6054	1	1.0004001600640257e-4	0.6751700680272109	6179
6055	1	1.0004001600640257e-4	0.6752701080432173	6180
6056	1	1.0004001600640257e-4	0.6753701480592237	6181
6057	1	1.0004001600640257e-4	0.6754701880752301	6182
6058	1	1.0004001600640257e-4	0.6755702280912365	6183
6059	1	1.0004001600640257e-4	0.6756702681072428	6184
6060	1	1.0004001600640257e-4	0.6757703081232492	6185
6061	1	1.0004001600640257e-4	0.6758703481392557	6186
6062	1	1.0004001600640257e-4	0.6759703881552621	6187
6063	1	1.0004001600640257e-4	0.6760704281712685	6188
6064	1	1.0004001600640257e-4	0.6761704681872749	6189
6065	1	1.0004001600640257e-4	0.6762705082032813	6190
6066	1	1.0004001600640257e-4	0.6763705482192877	6191
6067	1	1.0004001600640257e-4	0.6764705882352942	6192
6068	1	1.0004001600640257e-4	0.6765706282513005	6193
6069	1	1.0004001600640257e-4	0.6766706682673069	6194
6070	1	1.0004001600640257e-4	0.6767707082833133	6195
6071	1	1.0004001600640257e-4	0.6768707482993197	6196
6072	1	1.0004001600640257e-4	0.6769707883153261	6197
6073	1	1.0004001600640257e-4	0.6770708283313325	6198
6074	1	1.0004001600640257e-4	0.677170868347339	6199
6075	1	1.0004001600640257e-4	0.6772709083633454	6200
6076	1	1.0004001600640257e-4	0.6773709483793517	6201
6077	1	1.0004001600640257e-4	0.6774709883953581	6202
6078	1	1.0004001600640257e-4	0.6775710284113645	6203
6079	1	1.0004001600640257e-4	0.6776710684273709	6204
6080	1	1.0004001600640257e-4	0.6777711084433773	6205
6081	1	1.0004001600640257e-4	0.6778711484593838	6206
6082	1	1.0004001600640257e-4	0.6779711884753902	6207
6083	1	1.0004001600640257e-4	0.6780712284913966	6208
6084	1	1.0004001600640257e-4	0.678171268507403	6209
6085	1	1.0004001600640257e-4	0.6782713085234093	6210
6086	1	1.0004001600640257e-4	0.6783713485394157	6211
6087	1	1.0004001600640257e-4	0.6784713885554221	6212
6088	1	1.0004001600640257e-4	0.6785714285714286	6213
6090	1	1.0004001600640257e-4	0.678671468587435	6214
6091	1	1.0004001600640257e-4	0.6787715086034414	6215
6092	1	1.0004001600640257e-4	0.6788715486194478	6216
6093	1	1.0004001600640257e-4	0.6789715886354541	6217
6094	1	1.0004001600640257e-4	0.6790716286514605	6218
6095	1	1.0004001600640257e-4	0.6791716686674669	6219
6096	1	1.0004001600640257e-4	0.6792717086834734	6220
6097	1	1.0004001600640257e-4	0.6793717486994798	6221
6098	1	1.0004001600640257e-4	0.6794717887154862	6222
6099	1	1.0004001600640257e-4	0.6795718287314926	6223
6100	1	1.0004001600640257e-4	0.679671868747499	6224
6101	1	1.0004001600640257e-4	0.6797719087635054	6225
6102	1	1.0004001600640257e-4	0.6798719487795117	6226
6103	1	1.0004001600640257e-4	0.6799719887955182	6227
6104	1	1.0004001600640257e-4	0.6800720288115246	6228
6105	1	1.0004001600640257e-4	0.680172068827531	6229
6106	1	1.0004001600640257e-4	0.6802721088435374	6230
6107	1	1.0004001600640257e-4	0.6803721488595438	6231
6108	1	1.0004001600640257e-4	0.6804721888755502	6232
6109	1	1.0004001600640257e-4	0.6805722288915566	6233
6110	1	1.0004001600640257e-4	0.680672268907563	6234
6111	1	1.0004001600640257e-4	0.6807723089235694	6235
6112	1	1.0004001600640257e-4	0.6808723489395758	6236
6113	1	1.0004001600640257e-4	0.6809723889555822	6237
6114	1	1.0004001600640257e-4	0.6810724289715886	6238
6115	1	1.0004001600640257e-4	0.681172468987595	6239
6116	1	1.0004001600640257e-4	0.6812725090036015	6240
6117	1	1.0004001600640257e-4	0.6813725490196079	6241
6118	1	1.0004001600640257e-4	0.6814725890356143	6242
6119	1	1.0004001600640257e-4	0.6815726290516206	6243
6120	1	1.0004001600640257e-4	0.681672669067627	6244
6121	1	1.0004001600640257e-4	0.6817727090836334	6245
6122	1	1.0004001600640257e-4	0.6818727490996398	6246
6123	1	1.0004001600640257e-4	0.6819727891156463	6247
6124	1	1.0004001600640257e-4	0.6820728291316527	6248
6125	1	1.0004001600640257e-4	0.6821728691476591	6249
6126	1	1.0004001600640257e-4	0.6822729091636655	6250
6127	1	1.0004001600640257e-4	0.6823729491796718	6251
6128	1	1.0004001600640257e-4	0.6824729891956782	6252
6129	1	1.0004001600640257e-4	0.6825730292116846	6253
6130	1	1.0004001600640257e-4	0.6826730692276911	6254
6132	1	1.0004001600640257e-4	0.6827731092436975	6255
6133	1	1.0004001600640257e-4	0.6828731492597039	6256
6135	1	1.0004001600640257e-4	0.6829731892757103	6257
6136	1	1.0004001600640257e-4	0.6830732292917167	6258
6137	1	1.0004001600640257e-4	0.683173269307723	6259
6138	1	1.0004001600640257e-4	0.6832733093237294	6260
6139	1	1.0004001600640257e-4	0.6833733493397359	6261
6140	1	1.0004001600640257e-4	0.6834733893557423	6262
6141	1	1.0004001600640257e-4	0.6835734293717487	6263
6142	1	1.0004001600640257e-4	0.6836734693877551	6264
6143	1	1.0004001600640257e-4	0.6837735094037615	6265
6144	1	1.0004001600640257e-4	0.6838735494197679	6266
6145	1	1.0004001600640257e-4	0.6839735894357742	6267
6148	1	1.0004001600640257e-4	0.6840736294517807	6268
6149	1	1.0004001600640257e-4	0.6841736694677871	6269
6150	1	1.0004001600640257e-4	0.6842737094837935	6270
6151	1	1.0004001600640257e-4	0.6843737494997999	6271
6152	1	1.0004001600640257e-4	0.6844737895158063	6272
6153	1	1.0004001600640257e-4	0.6845738295318127	6273
6154	1	1.0004001600640257e-4	0.6846738695478191	6274
6155	1	1.0004001600640257e-4	0.6847739095638256	6275
6156	1	1.0004001600640257e-4	0.6848739495798319	6276
6157	1	1.0004001600640257e-4	0.6849739895958383	6277
6158	1	1.0004001600640257e-4	0.6850740296118447	6278
6159	1	1.0004001600640257e-4	0.6851740696278511	6279
6160	1	1.0004001600640257e-4	0.6852741096438575	6280
6161	1	1.0004001600640257e-4	0.6853741496598639	6281
6162	1	1.0004001600640257e-4	0.6854741896758704	6282
6163	1	1.0004001600640257e-4	0.6855742296918768	6283
6164	1	1.0004001600640257e-4	0.6856742697078831	6284
6165	1	1.0004001600640257e-4	0.6857743097238895	6285
6167	1	1.0004001600640257e-4	0.6858743497398959	6286
6168	1	1.0004001600640257e-4	0.6859743897559023	6287
6169	1	1.0004001600640257e-4	0.6860744297719088	6288
6170	1	1.0004001600640257e-4	0.6861744697879152	6289
6171	1	1.0004001600640257e-4	0.6862745098039216	6290
6172	1	1.0004001600640257e-4	0.686374549819928	6291
6173	1	1.0004001600640257e-4	0.6864745898359343	6292
6174	1	1.0004001600640257e-4	0.6865746298519407	6293
6175	1	1.0004001600640257e-4	0.6866746698679471	6294
6176	1	1.0004001600640257e-4	0.6867747098839536	6295
6177	1	1.0004001600640257e-4	0.68687474989996	6296
6178	1	1.0004001600640257e-4	0.6869747899159664	6297
6179	1	1.0004001600640257e-4	0.6870748299319728	6298
6180	1	1.0004001600640257e-4	0.6871748699479792	6299
6181	1	1.0004001600640257e-4	0.6872749099639855	6300
6182	1	1.0004001600640257e-4	0.6873749499799919	6301
6183	1	1.0004001600640257e-4	0.6874749899959984	6302
6184	1	1.0004001600640257e-4	0.6875750300120048	6303
6185	1	1.0004001600640257e-4	0.6876750700280112	6304
6186	1	1.0004001600640257e-4	0.6877751100440176	6305
6187	1	1.0004001600640257e-4	0.687875150060024	6306
6188	1	1.0004001600640257e-4	0.6879751900760304	6307
6189	1	1.0004001600640257e-4	0.6880752300920367	6308
6190	1	1.0004001600640257e-4	0.6881752701080432	6309
6191	1	1.0004001600640257e-4	0.6882753101240496	6310
6192	1	1.0004001600640257e-4	0.688375350140056	6311
6193	1	1.0004001600640257e-4	0.6884753901560624	6312
6194	1	1.0004001600640257e-4	0.6885754301720688	6313
6196	1	1.0004001600640257e-4	0.6886754701880752	6314
6197	1	1.0004001600640257e-4	0.6887755102040816	6315
6198	1	1.0004001600640257e-4	0.6888755502200881	6316
6199	1	1.0004001600640257e-4	0.6889755902360944	6317
6201	1	1.0004001600640257e-4	0.6890756302521008	6318
6202	1	1.0004001600640257e-4	0.6891756702681072	6319
6203	1	1.0004001600640257e-4	0.6892757102841136	6320
6204	1	1.0004001600640257e-4	0.68937575030012	6321
6205	1	1.0004001600640257e-4	0.6894757903161264	6322
6206	1	1.0004001600640257e-4	0.6895758303321329	6323
6207	1	1.0004001600640257e-4	0.6896758703481393	6324
6208	1	1.0004001600640257e-4	0.6897759103641457	6325
6209	1	1.0004001600640257e-4	0.689875950380152	6326
6210	1	1.0004001600640257e-4	0.6899759903961584	6327
6211	1	1.0004001600640257e-4	0.6900760304121648	6328
6212	1	1.0004001600640257e-4	0.6901760704281713	6329
6213	1	1.0004001600640257e-4	0.6902761104441777	6330
6214	1	1.0004001600640257e-4	0.6903761504601841	6331
6215	1	1.0004001600640257e-4	0.6904761904761905	6332
6216	1	1.0004001600640257e-4	0.6905762304921969	6333
6217	1	1.0004001600640257e-4	0.6906762705082032	6334
6218	1	1.0004001600640257e-4	0.6907763105242096	6335
6219	1	1.0004001600640257e-4	0.6908763505402161	6336
6220	1	1.0004001600640257e-4	0.6909763905562225	6337
6221	1	1.0004001600640257e-4	0.6910764305722289	6338
6222	1	1.0004001600640257e-4	0.6911764705882353	6339
6223	1	1.0004001600640257e-4	0.6912765106042417	6340
6224	1	1.0004001600640257e-4	0.691376550620248	6341
6225	1	1.0004001600640257e-4	0.6914765906362544	6342
6226	1	1.0004001600640257e-4	0.6915766306522609	6343
6227	1	1.0004001600640257e-4	0.6916766706682673	6344
6228	1	1.0004001600640257e-4	0.6917767106842737	6345
6229	1	1.0004001600640257e-4	0.6918767507002801	6346
6230	1	1.0004001600640257e-4	0.6919767907162865	6347
6231	1	1.0004001600640257e-4	0.6920768307322929	6348
6232	1	1.0004001600640257e-4	0.6921768707482993	6349
6233	1	1.0004001600640257e-4	0.6922769107643058	6350
6234	1	1.0004001600640257e-4	0.6923769507803121	6351
6235	1	1.0004001600640257e-4	0.6924769907963185	6352
6236	1	1.0004001600640257e-4	0.6925770308123249	6353
6237	1	1.0004001600640257e-4	0.6926770708283313	6354
6238	1	1.0004001600640257e-4	0.6927771108443377	6355
6239	1	1.0004001600640257e-4	0.6928771508603441	6356
6240	1	1.0004001600640257e-4	0.6929771908763506	6357
6241	1	1.0004001600640257e-4	0.693077230892357	6358
6242	1	1.0004001600640257e-4	0.6931772709083633	6359
6243	1	1.0004001600640257e-4	0.6932773109243697	6360
6244	1	1.0004001600640257e-4	0.6933773509403761	6361
6245	1	1.0004001600640257e-4	0.6934773909563825	6362
6246	1	1.0004001600640257e-4	0.6935774309723889	6363
6247	1	1.0004001600640257e-4	0.6936774709883954	6364
6248	1	1.0004001600640257e-4	0.6937775110044018	6365
6249	1	1.0004001600640257e-4	0.6938775510204082	6366
6250	1	1.0004001600640257e-4	0.6939775910364145	6367
6251	1	1.0004001600640257e-4	0.6940776310524209	6368
6252	1	1.0004001600640257e-4	0.6941776710684273	6369
6253	1	1.0004001600640257e-4	0.6942777110844337	6370
6254	1	1.0004001600640257e-4	0.6943777511004402	6371
6255	1	1.0004001600640257e-4	0.6944777911164466	6372
6256	1	1.0004001600640257e-4	0.694577831132453	6373
6257	1	1.0004001600640257e-4	0.6946778711484594	6374
6258	1	1.0004001600640257e-4	0.6947779111644657	6375
6259	1	1.0004001600640257e-4	0.6948779511804721	6376
6260	1	1.0004001600640257e-4	0.6949779911964786	6377
6261	1	1.0004001600640257e-4	0.695078031212485	6378
6262	1	1.0004001600640257e-4	0.6951780712284914	6379
6263	1	1.0004001600640257e-4	0.6952781112444978	6380
6264	1	1.0004001600640257e-4	0.6953781512605042	6381
6265	1	1.0004001600640257e-4	0.6954781912765106	6382
6266	1	1.0004001600640257e-4	0.695578231292517	6383
6267	1	1.0004001600640257e-4	0.6956782713085234	6384
6268	1	1.0004001600640257e-4	0.6957783113245298	6385
6269	1	1.0004001600640257e-4	0.6958783513405362	6386
6270	1	1.0004001600640257e-4	0.6959783913565426	6387
6271	1	1.0004001600640257e-4	0.696078431372549	6388
6272	1	1.0004001600640257e-4	0.6961784713885554	6389
6273	1	1.0004001600640257e-4	0.6962785114045618	6390
6274	1	1.0004001600640257e-4	0.6963785514205683	6391
6275	1	1.0004001600640257e-4	0.6964785914365746	6392
6276	1	1.0004001600640257e-4	0.696578631452581	6393
6277	1	1.0004001600640257e-4	0.6966786714685874	6394
6279	1	1.0004001600640257e-4	0.6967787114845938	6395
6280	1	1.0004001600640257e-4	0.6968787515006002	6396
6281	1	1.0004001600640257e-4	0.6969787915166066	6397
6282	1	1.0004001600640257e-4	0.6970788315326131	6398
6283	1	1.0004001600640257e-4	0.6971788715486195	6399
6284	1	1.0004001600640257e-4	0.6972789115646258	6400
6285	1	1.0004001600640257e-4	0.6973789515806322	6401
6286	1	1.0004001600640257e-4	0.6974789915966386	6402
6287	1	1.0004001600640257e-4	0.697579031612645	6403
6288	1	1.0004001600640257e-4	0.6976790716286514	6404
6289	1	1.0004001600640257e-4	0.6977791116446579	6405
6290	1	1.0004001600640257e-4	0.6978791516606643	6406
6291	1	1.0004001600640257e-4	0.6979791916766707	6407
6292	1	1.0004001600640257e-4	0.698079231692677	6408
6293	1	1.0004001600640257e-4	0.6981792717086834	6409
6294	1	1.0004001600640257e-4	0.6982793117246898	6410
6295	1	1.0004001600640257e-4	0.6983793517406962	6411
6296	1	1.0004001600640257e-4	0.6984793917567027	6412
6297	1	1.0004001600640257e-4	0.6985794317727091	6413
6298	1	1.0004001600640257e-4	0.6986794717887155	6414
6299	1	1.0004001600640257e-4	0.6987795118047219	6415
6300	1	1.0004001600640257e-4	0.6988795518207283	6416
6301	1	1.0004001600640257e-4	0.6989795918367346	6417
6302	1	1.0004001600640257e-4	0.699079631852741	6418
6303	1	1.0004001600640257e-4	0.6991796718687475	6419
6304	1	1.0004001600640257e-4	0.6992797118847539	6420
6305	1	1.0004001600640257e-4	0.6993797519007603	6421
6306	1	1.0004001600640257e-4	0.6994797919167667	6422
6307	1	1.0004001600640257e-4	0.6995798319327731	6423
6308	1	1.0004001600640257e-4	0.6996798719487795	6424
6309	1	1.0004001600640257e-4	0.699779911964786	6425
6310	1	1.0004001600640257e-4	0.6998799519807923	6426
6311	1	1.0004001600640257e-4	0.6999799919967987	6427
6312	1	1.0004001600640257e-4	0.7000800320128051	6428
6313	1	1.0004001600640257e-4	0.7001800720288115	6429
6314	1	1.0004001600640257e-4	0.7002801120448179	6430
6315	1	1.0004001600640257e-4	0.7003801520608243	6431
6316	1	1.0004001600640257e-4	0.7004801920768308	6432
6317	1	1.0004001600640257e-4	0.7005802320928372	6433
6318	1	1.0004001600640257e-4	0.7006802721088435	6434
6319	1	1.0004001600640257e-4	0.7007803121248499	6435
6320	1	1.0004001600640257e-4	0.7008803521408563	6436
6321	1	1.0004001600640257e-4	0.7009803921568627	6437
6322	1	1.0004001600640257e-4	0.7010804321728691	6438
6323	1	1.0004001600640257e-4	0.7011804721888756	6439
6324	1	1.0004001600640257e-4	0.701280512204882	6440
6325	1	1.0004001600640257e-4	0.7013805522208884	6441
6326	1	1.0004001600640257e-4	0.7014805922368947	6442
6327	1	1.0004001600640257e-4	0.7015806322529011	6443
6328	1	1.0004001600640257e-4	0.7016806722689075	6444
6329	1	1.0004001600640257e-4	0.7017807122849139	6445
6330	1	1.0004001600640257e-4	0.7018807523009204	6446
6331	1	1.0004001600640257e-4	0.7019807923169268	6447
6332	1	1.0004001600640257e-4	0.7020808323329332	6448
6334	1	1.0004001600640257e-4	0.7021808723489396	6449
6335	1	1.0004001600640257e-4	0.7022809123649459	6450
6336	1	1.0004001600640257e-4	0.7023809523809523	6451
6337	1	1.0004001600640257e-4	0.7024809923969587	6452
6338	1	1.0004001600640257e-4	0.7025810324129652	6453
6339	1	1.0004001600640257e-4	0.7026810724289716	6454
6340	1	1.0004001600640257e-4	0.702781112444978	6455
6341	1	1.0004001600640257e-4	0.7028811524609844	6456
6342	1	1.0004001600640257e-4	0.7029811924769908	6457
6343	1	1.0004001600640257e-4	0.7030812324929971	6458
6344	1	1.0004001600640257e-4	0.7031812725090035	6459
6345	1	1.0004001600640257e-4	0.70328131252501	6460
6346	1	1.0004001600640257e-4	0.7033813525410164	6461
6347	1	1.0004001600640257e-4	0.7034813925570228	6462
6348	1	1.0004001600640257e-4	0.7035814325730292	6463
6349	1	1.0004001600640257e-4	0.7036814725890356	6464
6350	1	1.0004001600640257e-4	0.703781512605042	6465
6351	1	1.0004001600640257e-4	0.7038815526210485	6466
6352	1	1.0004001600640257e-4	0.7039815926370548	6467
6353	1	1.0004001600640257e-4	0.7040816326530612	6468
6354	1	1.0004001600640257e-4	0.7041816726690676	6469
6355	1	1.0004001600640257e-4	0.704281712685074	6470
6356	1	1.0004001600640257e-4	0.7043817527010804	6471
6357	1	1.0004001600640257e-4	0.7044817927170868	6472
6358	1	1.0004001600640257e-4	0.7045818327330933	6473
6359	1	1.0004001600640257e-4	0.7046818727490997	6474
6360	1	1.0004001600640257e-4	0.704781912765106	6475
6361	1	1.0004001600640257e-4	0.7048819527811124	6476
6362	1	1.0004001600640257e-4	0.7049819927971188	6477
6363	1	1.0004001600640257e-4	0.7050820328131252	6478
6364	1	1.0004001600640257e-4	0.7051820728291316	6479
6365	1	1.0004001600640257e-4	0.7052821128451381	6480
6366	1	1.0004001600640257e-4	0.7053821528611445	6481
6367	1	1.0004001600640257e-4	0.7054821928771509	6482
6368	1	1.0004001600640257e-4	0.7055822328931572	6483
6369	1	1.0004001600640257e-4	0.7056822729091636	6484
6370	1	1.0004001600640257e-4	0.70578231292517	6485
6371	1	1.0004001600640257e-4	0.7058823529411764	6486
6372	1	1.0004001600640257e-4	0.7059823929571829	6487
6373	1	1.0004001600640257e-4	0.7060824329731893	6488
6374	1	1.0004001600640257e-4	0.7061824729891957	6489
6375	1	1.0004001600640257e-4	0.7062825130052021	6490
6376	1	1.0004001600640257e-4	0.7063825530212084	6491
6377	1	1.0004001600640257e-4	0.7064825930372148	6492
6378	1	1.0004001600640257e-4	0.7065826330532212	6493
6379	1	1.0004001600640257e-4	0.7066826730692277	6494
6380	1	1.0004001600640257e-4	0.7067827130852341	6495
6381	1	1.0004001600640257e-4	0.7068827531012405	6496
6382	1	1.0004001600640257e-4	0.7069827931172469	6497
6383	1	1.0004001600640257e-4	0.7070828331332533	6498
6384	1	1.0004001600640257e-4	0.7071828731492596	6499
6385	1	1.0004001600640257e-4	0.707282913165266	6500
6386	1	1.0004001600640257e-4	0.7073829531812725	6501
6387	1	1.0004001600640257e-4	0.7074829931972789	6502
6388	1	1.0004001600640257e-4	0.7075830332132853	6503
6389	1	1.0004001600640257e-4	0.7076830732292917	6504
6390	1	1.0004001600640257e-4	0.7077831132452981	6505
6391	1	1.0004001600640257e-4	0.7078831532613045	6506
6392	1	1.0004001600640257e-4	0.7079831932773109	6507
6393	1	1.0004001600640257e-4	0.7080832332933173	6508
6394	1	1.0004001600640257e-4	0.7081832733093237	6509
6395	1	1.0004001600640257e-4	0.7082833133253301	6510
6396	1	1.0004001600640257e-4	0.7083833533413365	6511
6397	1	1.0004001600640257e-4	0.7084833933573429	6512
6398	1	1.0004001600640257e-4	0.7085834333733493	6513
6399	1	1.0004001600640257e-4	0.7086834733893558	6514
6400	1	1.0004001600640257e-4	0.7087835134053622	6515
6401	1	1.0004001600640257e-4	0.7088835534213686	6516
6402	1	1.0004001600640257e-4	0.7089835934373749	6517
6403	1	1.0004001600640257e-4	0.7090836334533813	6518
6404	1	1.0004001600640257e-4	0.7091836734693877	6519
6405	1	1.0004001600640257e-4	0.7092837134853941	6520
6406	1	1.0004001600640257e-4	0.7093837535014006	6521
6407	1	1.0004001600640257e-4	0.709483793517407	6522
6408	1	1.0004001600640257e-4	0.7095838335334134	6523
6409	1	1.0004001600640257e-4	0.7096838735494198	6524
6410	1	1.0004001600640257e-4	0.7097839135654261	6525
6411	1	1.0004001600640257e-4	0.7098839535814325	6526
6412	1	1.0004001600640257e-4	0.7099839935974389	6527
6413	1	1.0004001600640257e-4	0.7100840336134454	6528
6414	1	1.0004001600640257e-4	0.7101840736294518	6529
6415	1	1.0004001600640257e-4	0.7102841136454582	6530
6416	1	1.0004001600640257e-4	0.7103841536614646	6531
6417	1	1.0004001600640257e-4	0.710484193677471	6532
6418	1	1.0004001600640257e-4	0.7105842336934773	6533
6419	1	1.0004001600640257e-4	0.7106842737094837	6534
6420	1	1.0004001600640257e-4	0.7107843137254902	6535
6421	1	1.0004001600640257e-4	0.7108843537414966	6536
6422	1	1.0004001600640257e-4	0.710984393757503	6537
6423	1	1.0004001600640257e-4	0.7110844337735094	6538
6424	1	1.0004001600640257e-4	0.7111844737895158	6539
6425	1	1.0004001600640257e-4	0.7112845138055222	6540
6426	1	1.0004001600640257e-4	0.7113845538215285	6541
6427	1	1.0004001600640257e-4	0.711484593837535	6542
6428	1	1.0004001600640257e-4	0.7115846338535414	6543
6429	1	1.0004001600640257e-4	0.7116846738695478	6544
6430	1	1.0004001600640257e-4	0.7117847138855542	6545
6431	1	1.0004001600640257e-4	0.7118847539015606	6546
6432	1	1.0004001600640257e-4	0.711984793917567	6547
6433	1	1.0004001600640257e-4	0.7120848339335734	6548
6434	1	1.0004001600640257e-4	0.7121848739495799	6549
6435	1	1.0004001600640257e-4	0.7122849139655862	6550
6436	1	1.0004001600640257e-4	0.7123849539815926	6551
6437	1	1.0004001600640257e-4	0.712484993997599	6552
6438	1	1.0004001600640257e-4	0.7125850340136054	6553
6439	1	1.0004001600640257e-4	0.7126850740296118	6554
6440	1	1.0004001600640257e-4	0.7127851140456183	6555
6441	1	1.0004001600640257e-4	0.7128851540616247	6556
6442	1	1.0004001600640257e-4	0.7129851940776311	6557
6443	1	1.0004001600640257e-4	0.7130852340936374	6558
6444	1	1.0004001600640257e-4	0.7131852741096438	6559
6445	1	1.0004001600640257e-4	0.7132853141256502	6560
6446	1	1.0004001600640257e-4	0.7133853541416566	6561
6447	1	1.0004001600640257e-4	0.7134853941576631	6562
6448	1	1.0004001600640257e-4	0.7135854341736695	6563
6449	1	1.0004001600640257e-4	0.7136854741896759	6564
6450	1	1.0004001600640257e-4	0.7137855142056823	6565
6451	1	1.0004001600640257e-4	0.7138855542216886	6566
6452	1	1.0004001600640257e-4	0.713985594237695	6567
6453	1	1.0004001600640257e-4	0.7140856342537014	6568
6454	1	1.0004001600640257e-4	0.7141856742697079	6569
6455	1	1.0004001600640257e-4	0.7142857142857143	6570
6456	1	1.0004001600640257e-4	0.7143857543017207	6571
6457	1	1.0004001600640257e-4	0.7144857943177271	6572
6458	1	1.0004001600640257e-4	0.7145858343337335	6573
6459	1	1.0004001600640257e-4	0.7146858743497398	6574
6460	1	1.0004001600640257e-4	0.7147859143657462	6575
6461	1	1.0004001600640257e-4	0.7148859543817527	6576
6462	1	1.0004001600640257e-4	0.7149859943977591	6577
6463	1	1.0004001600640257e-4	0.7150860344137655	6578
6464	1	1.0004001600640257e-4	0.7151860744297719	6579
6465	1	1.0004001600640257e-4	0.7152861144457783	6580
6466	1	1.0004001600640257e-4	0.7153861544617847	6581
6467	1	1.0004001600640257e-4	0.715486194477791	6582
6468	1	1.0004001600640257e-4	0.7155862344937975	6583
6469	1	1.0004001600640257e-4	0.7156862745098039	6584
6470	1	1.0004001600640257e-4	0.7157863145258103	6585
6471	1	1.0004001600640257e-4	0.7158863545418167	6586
6472	1	1.0004001600640257e-4	0.7159863945578231	6587
6473	1	1.0004001600640257e-4	0.7160864345738295	6588
6474	1	1.0004001600640257e-4	0.7161864745898359	6589
6475	1	1.0004001600640257e-4	0.7162865146058424	6590
6476	1	1.0004001600640257e-4	0.7163865546218487	6591
6477	1	1.0004001600640257e-4	0.7164865946378551	6592
6478	1	1.0004001600640257e-4	0.7165866346538615	6593
6479	1	1.0004001600640257e-4	0.7166866746698679	6594
6480	1	1.0004001600640257e-4	0.7167867146858743	6595
6481	1	1.0004001600640257e-4	0.7168867547018807	6596
6482	1	1.0004001600640257e-4	0.7169867947178872	6597
6483	1	1.0004001600640257e-4	0.7170868347338936	6598
6484	1	1.0004001600640257e-4	0.7171868747499	6599
6485	1	1.0004001600640257e-4	0.7172869147659063	6600
6486	1	1.0004001600640257e-4	0.7173869547819127	6601
6487	1	1.0004001600640257e-4	0.7174869947979191	6602
6488	1	1.0004001600640257e-4	0.7175870348139256	6603
6489	1	1.0004001600640257e-4	0.717687074829932	6604
6490	1	1.0004001600640257e-4	0.7177871148459384	6605
6491	1	1.0004001600640257e-4	0.7178871548619448	6606
6492	1	1.0004001600640257e-4	0.7179871948779512	6607
6493	1	1.0004001600640257e-4	0.7180872348939575	6608
6494	1	1.0004001600640257e-4	0.7181872749099639	6609
6495	1	1.0004001600640257e-4	0.7182873149259704	6610
6496	1	1.0004001600640257e-4	0.7183873549419768	6611
6497	1	1.0004001600640257e-4	0.7184873949579832	6612
6498	1	1.0004001600640257e-4	0.7185874349739896	6613
6499	1	1.0004001600640257e-4	0.718687474989996	6614
6500	1	1.0004001600640257e-4	0.7187875150060024	6615
6501	1	1.0004001600640257e-4	0.7188875550220087	6616
6502	1	1.0004001600640257e-4	0.7189875950380152	6617
6503	1	1.0004001600640257e-4	0.7190876350540216	6618
6504	1	1.0004001600640257e-4	0.719187675070028	6619
6505	1	1.0004001600640257e-4	0.7192877150860344	6620
6506	1	1.0004001600640257e-4	0.7193877551020408	6621
6507	1	1.0004001600640257e-4	0.7194877951180472	6622
6508	1	1.0004001600640257e-4	0.7195878351340536	6623
6509	1	1.0004001600640257e-4	0.71968787515006	6624
6510	1	1.0004001600640257e-4	0.7197879151660664	6625
6511	1	1.0004001600640257e-4	0.7198879551820728	6626
6512	1	1.0004001600640257e-4	0.7199879951980792	6627
6513	1	1.0004001600640257e-4	0.7200880352140856	6628
6514	1	1.0004001600640257e-4	0.720188075230092	6629
6515	1	1.0004001600640257e-4	0.7202881152460984	6630
6516	1	1.0004001600640257e-4	0.7203881552621049	6631
6517	1	1.0004001600640257e-4	0.7204881952781113	6632
6518	1	1.0004001600640257e-4	0.7205882352941176	6633
6519	1	1.0004001600640257e-4	0.720688275310124	6634
6520	1	1.0004001600640257e-4	0.7207883153261304	6635
6521	1	1.0004001600640257e-4	0.7208883553421368	6636
6522	1	1.0004001600640257e-4	0.7209883953581432	6637
6523	1	1.0004001600640257e-4	0.7210884353741497	6638
6524	1	1.0004001600640257e-4	0.7211884753901561	6639
6525	1	1.0004001600640257e-4	0.7212885154061625	6640
6526	1	1.0004001600640257e-4	0.7213885554221688	6641
6527	1	1.0004001600640257e-4	0.7214885954381752	6642
6529	1	1.0004001600640257e-4	0.7215886354541816	6643
6530	1	1.0004001600640257e-4	0.721688675470188	6644
6531	1	1.0004001600640257e-4	0.7217887154861945	6645
6532	1	1.0004001600640257e-4	0.7218887555022009	6646
6533	1	1.0004001600640257e-4	0.7219887955182073	6647
6534	1	1.0004001600640257e-4	0.7220888355342137	6648
6535	1	1.0004001600640257e-4	0.72218887555022	6649
6536	1	1.0004001600640257e-4	0.7222889155662264	6650
6537	1	1.0004001600640257e-4	0.7223889555822329	6651
6538	1	1.0004001600640257e-4	0.7224889955982393	6652
6539	1	1.0004001600640257e-4	0.7225890356142457	6653
6540	1	1.0004001600640257e-4	0.7226890756302521	6654
6541	1	1.0004001600640257e-4	0.7227891156462585	6655
6542	1	1.0004001600640257e-4	0.7228891556622649	6656
6543	1	1.0004001600640257e-4	0.7229891956782712	6657
6544	1	1.0004001600640257e-4	0.7230892356942777	6658
6545	1	1.0004001600640257e-4	0.7231892757102841	6659
6546	1	1.0004001600640257e-4	0.7232893157262905	6660
6547	1	1.0004001600640257e-4	0.7233893557422969	6661
6548	1	1.0004001600640257e-4	0.7234893957583033	6662
6549	1	1.0004001600640257e-4	0.7235894357743097	6663
6550	1	1.0004001600640257e-4	0.7236894757903161	6664
6551	1	1.0004001600640257e-4	0.7237895158063226	6665
6552	1	1.0004001600640257e-4	0.723889555822329	6666
6553	1	1.0004001600640257e-4	0.7239895958383353	6667
6554	1	1.0004001600640257e-4	0.7240896358543417	6668
6555	1	1.0004001600640257e-4	0.7241896758703481	6669
6557	1	1.0004001600640257e-4	0.7242897158863545	6670
6558	1	1.0004001600640257e-4	0.7243897559023609	6671
6561	1	1.0004001600640257e-4	0.7244897959183674	6672
6562	1	1.0004001600640257e-4	0.7245898359343738	6673
6563	1	1.0004001600640257e-4	0.7246898759503801	6674
6564	1	1.0004001600640257e-4	0.7247899159663865	6675
6565	1	1.0004001600640257e-4	0.7248899559823929	6676
6566	1	1.0004001600640257e-4	0.7249899959983993	6677
6567	1	1.0004001600640257e-4	0.7250900360144057	6678
6568	1	1.0004001600640257e-4	0.7251900760304122	6679
6569	1	1.0004001600640257e-4	0.7252901160464186	6680
6571	1	1.0004001600640257e-4	0.725390156062425	6681
6572	1	1.0004001600640257e-4	0.7254901960784313	6682
6574	1	1.0004001600640257e-4	0.7255902360944377	6683
6575	1	1.0004001600640257e-4	0.7256902761104441	6684
6576	1	1.0004001600640257e-4	0.7257903161264505	6685
6577	1	1.0004001600640257e-4	0.725890356142457	6686
6578	1	1.0004001600640257e-4	0.7259903961584634	6687
6579	1	1.0004001600640257e-4	0.7260904361744698	6688
6580	1	1.0004001600640257e-4	0.7261904761904762	6689
6581	1	1.0004001600640257e-4	0.7262905162064826	6690
6582	1	1.0004001600640257e-4	0.7263905562224889	6691
6583	1	1.0004001600640257e-4	0.7264905962384954	6692
6584	1	1.0004001600640257e-4	0.7265906362545018	6693
6585	1	1.0004001600640257e-4	0.7266906762705082	6694
6586	1	1.0004001600640257e-4	0.7267907162865146	6695
6587	1	1.0004001600640257e-4	0.726890756302521	6696
6589	1	1.0004001600640257e-4	0.7269907963185274	6697
6590	1	1.0004001600640257e-4	0.7270908363345338	6698
6591	1	1.0004001600640257e-4	0.7271908763505402	6699
6592	1	1.0004001600640257e-4	0.7272909163665466	6700
6593	1	1.0004001600640257e-4	0.727390956382553	6701
6594	1	1.0004001600640257e-4	0.7274909963985594	6702
6596	1	1.0004001600640257e-4	0.7275910364145658	6703
6597	1	1.0004001600640257e-4	0.7276910764305722	6704
6598	1	1.0004001600640257e-4	0.7277911164465786	6705
6600	1	1.0004001600640257e-4	0.7278911564625851	6706
6601	1	1.0004001600640257e-4	0.7279911964785915	6707
6602	1	1.0004001600640257e-4	0.7280912364945978	6708
6603	1	1.0004001600640257e-4	0.7281912765106042	6709
6604	1	1.0004001600640257e-4	0.7282913165266106	6710
6606	1	1.0004001600640257e-4	0.728391356542617	6711
6608	1	1.0004001600640257e-4	0.7284913965586234	6712
6609	1	1.0004001600640257e-4	0.7285914365746299	6713
6610	1	1.0004001600640257e-4	0.7286914765906363	6714
6611	1	1.0004001600640257e-4	0.7287915166066427	6715
6613	1	1.0004001600640257e-4	0.728891556622649	6716
6614	1	1.0004001600640257e-4	0.7289915966386554	6717
6615	1	1.0004001600640257e-4	0.7290916366546618	6718
6617	1	1.0004001600640257e-4	0.7291916766706682	6719
6618	1	1.0004001600640257e-4	0.7292917166866747	6720
6619	1	1.0004001600640257e-4	0.7293917567026811	6721
6620	1	1.0004001600640257e-4	0.7294917967186875	6722
6622	1	1.0004001600640257e-4	0.7295918367346939	6723
6623	1	1.0004001600640257e-4	0.7296918767507002	6724
6625	1	1.0004001600640257e-4	0.7297919167667066	6725
6626	1	1.0004001600640257e-4	0.729891956782713	6726
6627	1	1.0004001600640257e-4	0.7299919967987195	6727
6628	1	1.0004001600640257e-4	0.7300920368147259	6728
6629	1	1.0004001600640257e-4	0.7301920768307323	6729
6630	1	1.0004001600640257e-4	0.7302921168467387	6730
6631	1	1.0004001600640257e-4	0.7303921568627451	6731
6632	1	1.0004001600640257e-4	0.7304921968787514	6732
6633	1	1.0004001600640257e-4	0.7305922368947578	6733
6634	1	1.0004001600640257e-4	0.7306922769107643	6734
6635	1	1.0004001600640257e-4	0.7307923169267707	6735
6636	1	1.0004001600640257e-4	0.7308923569427771	6736
6637	1	1.0004001600640257e-4	0.7309923969587835	6737
6638	1	1.0004001600640257e-4	0.7310924369747899	6738
6639	1	1.0004001600640257e-4	0.7311924769907963	6739
6640	1	1.0004001600640257e-4	0.7312925170068028	6740
6641	1	1.0004001600640257e-4	0.7313925570228091	6741
6642	1	1.0004001600640257e-4	0.7314925970388155	6742
6644	1	1.0004001600640257e-4	0.7315926370548219	6743
6645	1	1.0004001600640257e-4	0.7316926770708283	6744
6646	1	1.0004001600640257e-4	0.7317927170868347	6745
6647	1	1.0004001600640257e-4	0.7318927571028411	6746
6648	1	1.0004001600640257e-4	0.7319927971188476	6747
6649	1	1.0004001600640257e-4	0.732092837134854	6748
6650	1	1.0004001600640257e-4	0.7321928771508603	6749
6651	1	1.0004001600640257e-4	0.7322929171668667	6750
6652	1	1.0004001600640257e-4	0.7323929571828731	6751
6653	1	1.0004001600640257e-4	0.7324929971988795	6752
6654	1	1.0004001600640257e-4	0.7325930372148859	6753
6655	1	1.0004001600640257e-4	0.7326930772308924	6754
6656	1	1.0004001600640257e-4	0.7327931172468988	6755
6657	1	1.0004001600640257e-4	0.7328931572629052	6756
6658	1	1.0004001600640257e-4	0.7329931972789115	6757
6659	1	1.0004001600640257e-4	0.7330932372949179	6758
6660	1	1.0004001600640257e-4	0.7331932773109243	6759
6661	1	1.0004001600640257e-4	0.7332933173269307	6760
6662	1	1.0004001600640257e-4	0.7333933573429372	6761
6663	1	1.0004001600640257e-4	0.7334933973589436	6762
6664	1	1.0004001600640257e-4	0.73359343737495	6763
6665	1	1.0004001600640257e-4	0.7336934773909564	6764
6666	1	1.0004001600640257e-4	0.7337935174069627	6765
6667	1	1.0004001600640257e-4	0.7338935574229691	6766
6668	1	1.0004001600640257e-4	0.7339935974389755	6767
6669	1	1.0004001600640257e-4	0.734093637454982	6768
6670	1	1.0004001600640257e-4	0.7341936774709884	6769
6671	1	1.0004001600640257e-4	0.7342937174869948	6770
6672	1	1.0004001600640257e-4	0.7343937575030012	6771
6673	1	1.0004001600640257e-4	0.7344937975190076	6772
6674	1	1.0004001600640257e-4	0.734593837535014	6773
6675	1	1.0004001600640257e-4	0.7346938775510203	6774
6676	1	1.0004001600640257e-4	0.7347939175670268	6775
6677	1	1.0004001600640257e-4	0.7348939575830332	6776
6678	1	1.0004001600640257e-4	0.7349939975990396	6777
6679	1	1.0004001600640257e-4	0.735094037615046	6778
6680	1	1.0004001600640257e-4	0.7351940776310524	6779
6681	1	1.0004001600640257e-4	0.7352941176470588	6780
6682	1	1.0004001600640257e-4	0.7353941576630652	6781
6683	1	1.0004001600640257e-4	0.7354941976790716	6782
6684	1	1.0004001600640257e-4	0.735594237695078	6783
6685	1	1.0004001600640257e-4	0.7356942777110844	6784
6686	1	1.0004001600640257e-4	0.7357943177270908	6785
6687	1	1.0004001600640257e-4	0.7358943577430972	6786
6688	1	1.0004001600640257e-4	0.7359943977591036	6787
6689	1	1.0004001600640257e-4	0.7360944377751101	6788
6690	1	1.0004001600640257e-4	0.7361944777911165	6789
6691	1	1.0004001600640257e-4	0.7362945178071229	6790
6692	1	1.0004001600640257e-4	0.7363945578231292	6791
6693	1	1.0004001600640257e-4	0.7364945978391356	6792
6694	1	1.0004001600640257e-4	0.736594637855142	6793
6695	1	1.0004001600640257e-4	0.7366946778711484	6794
6696	1	1.0004001600640257e-4	0.7367947178871549	6795
6697	1	1.0004001600640257e-4	0.7368947579031613	6796
6698	1	1.0004001600640257e-4	0.7369947979191677	6797
6699	1	1.0004001600640257e-4	0.737094837935174	6798
6700	1	1.0004001600640257e-4	0.7371948779511804	6799
6703	1	1.0004001600640257e-4	0.7372949179671868	6800
6704	1	1.0004001600640257e-4	0.7373949579831932	6801
6705	1	1.0004001600640257e-4	0.7374949979991997	6802
6706	1	1.0004001600640257e-4	0.7375950380152061	6803
6708	1	1.0004001600640257e-4	0.7376950780312125	6804
6709	1	1.0004001600640257e-4	0.7377951180472189	6805
6711	1	1.0004001600640257e-4	0.7378951580632253	6806
6712	1	1.0004001600640257e-4	0.7379951980792316	6807
6713	1	1.0004001600640257e-4	0.738095238095238	6808
6714	1	1.0004001600640257e-4	0.7381952781112445	6809
6715	1	1.0004001600640257e-4	0.7382953181272509	6810
6716	1	1.0004001600640257e-4	0.7383953581432573	6811
6717	1	1.0004001600640257e-4	0.7384953981592637	6812
6718	1	1.0004001600640257e-4	0.7385954381752701	6813
6719	1	1.0004001600640257e-4	0.7386954781912765	6814
6720	1	1.0004001600640257e-4	0.7387955182072828	6815
6721	1	1.0004001600640257e-4	0.7388955582232893	6816
6722	1	1.0004001600640257e-4	0.7389955982392957	6817
6723	1	1.0004001600640257e-4	0.7390956382553021	6818
6724	1	1.0004001600640257e-4	0.7391956782713085	6819
6725	1	1.0004001600640257e-4	0.7392957182873149	6820
6726	1	1.0004001600640257e-4	0.7393957583033213	6821
6727	1	1.0004001600640257e-4	0.7394957983193277	6822
6728	1	1.0004001600640257e-4	0.7395958383353342	6823
6729	1	1.0004001600640257e-4	0.7396958783513405	6824
6730	1	1.0004001600640257e-4	0.7397959183673469	6825
6731	1	1.0004001600640257e-4	0.7398959583833533	6826
6732	1	1.0004001600640257e-4	0.7399959983993597	6827
6733	1	1.0004001600640257e-4	0.7400960384153661	6828
6734	1	1.0004001600640257e-4	0.7401960784313726	6829
6735	1	1.0004001600640257e-4	0.740296118447379	6830
6736	1	1.0004001600640257e-4	0.7403961584633854	6831
6737	1	1.0004001600640257e-4	0.7404961984793917	6832
6738	1	1.0004001600640257e-4	0.7405962384953981	6833
6739	1	1.0004001600640257e-4	0.7406962785114045	6834
6740	1	1.0004001600640257e-4	0.7407963185274109	6835
6741	1	1.0004001600640257e-4	0.7408963585434174	6836
6742	1	1.0004001600640257e-4	0.7409963985594238	6837
6743	1	1.0004001600640257e-4	0.7410964385754302	6838
6744	1	1.0004001600640257e-4	0.7411964785914366	6839
6745	1	1.0004001600640257e-4	0.741296518607443	6840
6746	1	1.0004001600640257e-4	0.7413965586234493	6841
6747	1	1.0004001600640257e-4	0.7414965986394557	6842
6748	1	1.0004001600640257e-4	0.7415966386554622	6843
6749	1	1.0004001600640257e-4	0.7416966786714686	6844
6750	1	1.0004001600640257e-4	0.741796718687475	6845
6751	1	1.0004001600640257e-4	0.7418967587034814	6846
6752	1	1.0004001600640257e-4	0.7419967987194878	6847
6753	1	1.0004001600640257e-4	0.7420968387354941	6848
6754	1	1.0004001600640257e-4	0.7421968787515005	6849
6755	1	1.0004001600640257e-4	0.742296918767507	6850
6756	1	1.0004001600640257e-4	0.7423969587835134	6851
6757	1	1.0004001600640257e-4	0.7424969987995198	6852
6758	1	1.0004001600640257e-4	0.7425970388155262	6853
6759	1	1.0004001600640257e-4	0.7426970788315326	6854
6760	1	1.0004001600640257e-4	0.742797118847539	6855
6761	1	1.0004001600640257e-4	0.7428971588635453	6856
6762	1	1.0004001600640257e-4	0.7429971988795518	6857
6763	1	1.0004001600640257e-4	0.7430972388955582	6858
6764	1	1.0004001600640257e-4	0.7431972789115646	6859
6765	1	1.0004001600640257e-4	0.743297318927571	6860
6766	1	1.0004001600640257e-4	0.7433973589435774	6861
6767	1	1.0004001600640257e-4	0.7434973989595838	6862
6769	1	1.0004001600640257e-4	0.7435974389755902	6863
6770	1	1.0004001600640257e-4	0.7436974789915967	6864
6771	1	1.0004001600640257e-4	0.743797519007603	6865
6772	1	1.0004001600640257e-4	0.7438975590236094	6866
6773	1	1.0004001600640257e-4	0.7439975990396158	6867
6774	1	1.0004001600640257e-4	0.7440976390556222	6868
6775	1	1.0004001600640257e-4	0.7441976790716286	6869
6776	1	1.0004001600640257e-4	0.744297719087635	6870
6777	1	1.0004001600640257e-4	0.7443977591036415	6871
6778	1	1.0004001600640257e-4	0.7444977991196479	6872
6779	1	1.0004001600640257e-4	0.7445978391356542	6873
6780	1	1.0004001600640257e-4	0.7446978791516606	6874
6781	1	1.0004001600640257e-4	0.744797919167667	6875
6782	1	1.0004001600640257e-4	0.7448979591836734	6876
6783	1	1.0004001600640257e-4	0.7449979991996799	6877
6784	1	1.0004001600640257e-4	0.7450980392156863	6878
6785	1	1.0004001600640257e-4	0.7451980792316927	6879
6786	1	1.0004001600640257e-4	0.7452981192476991	6880
6787	1	1.0004001600640257e-4	0.7453981592637055	6881
6788	1	1.0004001600640257e-4	0.7454981992797118	6882
6789	1	1.0004001600640257e-4	0.7455982392957182	6883
6790	1	1.0004001600640257e-4	0.7456982793117247	6884
6791	1	1.0004001600640257e-4	0.7457983193277311	6885
6792	1	1.0004001600640257e-4	0.7458983593437375	6886
6793	1	1.0004001600640257e-4	0.7459983993597439	6887
6794	1	1.0004001600640257e-4	0.7460984393757503	6888
6795	1	1.0004001600640257e-4	0.7461984793917567	6889
6796	1	1.0004001600640257e-4	0.746298519407763	6890
6797	1	1.0004001600640257e-4	0.7463985594237695	6891
6798	1	1.0004001600640257e-4	0.7464985994397759	6892
6799	1	1.0004001600640257e-4	0.7465986394557823	6893
6800	1	1.0004001600640257e-4	0.7466986794717887	6894
6801	1	1.0004001600640257e-4	0.7467987194877951	6895
6803	1	1.0004001600640257e-4	0.7468987595038015	6896
6804	1	1.0004001600640257e-4	0.7469987995198079	6897
6805	1	1.0004001600640257e-4	0.7470988395358144	6898
6806	1	1.0004001600640257e-4	0.7471988795518207	6899
6807	1	1.0004001600640257e-4	0.7472989195678271	6900
6808	1	1.0004001600640257e-4	0.7473989595838335	6901
6809	1	1.0004001600640257e-4	0.7474989995998399	6902
6810	1	1.0004001600640257e-4	0.7475990396158463	6903
6811	1	1.0004001600640257e-4	0.7476990796318527	6904
6812	1	1.0004001600640257e-4	0.7477991196478592	6905
6813	1	1.0004001600640257e-4	0.7478991596638656	6906
6814	1	1.0004001600640257e-4	0.7479991996798719	6907
6815	1	1.0004001600640257e-4	0.7480992396958783	6908
6816	1	1.0004001600640257e-4	0.7481992797118847	6909
6817	1	1.0004001600640257e-4	0.7482993197278911	6910
6818	1	1.0004001600640257e-4	0.7483993597438975	6911
6819	1	1.0004001600640257e-4	0.748499399759904	6912
6820	1	1.0004001600640257e-4	0.7485994397759104	6913
6821	1	1.0004001600640257e-4	0.7486994797919168	6914
6822	1	1.0004001600640257e-4	0.7487995198079231	6915
6823	1	1.0004001600640257e-4	0.7488995598239295	6916
6824	1	1.0004001600640257e-4	0.7489995998399359	6917
6825	1	1.0004001600640257e-4	0.7490996398559423	6918
6826	1	1.0004001600640257e-4	0.7491996798719488	6919
6828	1	1.0004001600640257e-4	0.7492997198879552	6920
6829	1	1.0004001600640257e-4	0.7493997599039616	6921
6830	1	1.0004001600640257e-4	0.749499799919968	6922
6831	1	1.0004001600640257e-4	0.7495998399359743	6923
6832	1	1.0004001600640257e-4	0.7496998799519807	6924
6834	1	1.0004001600640257e-4	0.7497999199679872	6925
6835	1	1.0004001600640257e-4	0.7498999599839936	6926
6836	1	1.0004001600640257e-4	0.75	6927
6837	1	1.0004001600640257e-4	0.7501000400160064	6928
6838	1	1.0004001600640257e-4	0.7502000800320128	6929
6839	1	1.0004001600640257e-4	0.7503001200480192	6930
6841	1	1.0004001600640257e-4	0.7504001600640255	6931
6842	1	1.0004001600640257e-4	0.750500200080032	6932
6843	1	1.0004001600640257e-4	0.7506002400960384	6933
6844	1	1.0004001600640257e-4	0.7507002801120448	6934
6845	1	1.0004001600640257e-4	0.7508003201280512	6935
6846	1	1.0004001600640257e-4	0.7509003601440576	6936
6847	1	1.0004001600640257e-4	0.751000400160064	6937
6848	1	1.0004001600640257e-4	0.7511004401760704	6938
6849	1	1.0004001600640257e-4	0.7512004801920769	6939
6850	1	1.0004001600640257e-4	0.7513005202080832	6940
6851	1	1.0004001600640257e-4	0.7514005602240896	6941
6852	1	1.0004001600640257e-4	0.751500600240096	6942
6853	1	1.0004001600640257e-4	0.7516006402561024	6943
6854	1	1.0004001600640257e-4	0.7517006802721088	6944
6855	1	1.0004001600640257e-4	0.7518007202881152	6945
6856	1	1.0004001600640257e-4	0.7519007603041217	6946
6857	1	1.0004001600640257e-4	0.7520008003201281	6947
6858	1	1.0004001600640257e-4	0.7521008403361344	6948
6859	1	1.0004001600640257e-4	0.7522008803521408	6949
6860	1	1.0004001600640257e-4	0.7523009203681472	6950
6861	1	1.0004001600640257e-4	0.7524009603841536	6951
6862	1	1.0004001600640257e-4	0.75250100040016	6952
6863	1	1.0004001600640257e-4	0.7526010404161665	6953
6864	1	1.0004001600640257e-4	0.7527010804321729	6954
6865	1	1.0004001600640257e-4	0.7528011204481793	6955
6866	1	1.0004001600640257e-4	0.7529011604641856	6956
6867	1	1.0004001600640257e-4	0.753001200480192	6957
6868	1	1.0004001600640257e-4	0.7531012404961984	6958
6869	1	1.0004001600640257e-4	0.7532012805122048	6959
6870	1	1.0004001600640257e-4	0.7533013205282113	6960
6871	1	1.0004001600640257e-4	0.7534013605442177	6961
6872	1	1.0004001600640257e-4	0.7535014005602241	6962
6873	1	1.0004001600640257e-4	0.7536014405762305	6963
6874	1	1.0004001600640257e-4	0.7537014805922368	6964
6875	1	1.0004001600640257e-4	0.7538015206082432	6965
6876	1	1.0004001600640257e-4	0.7539015606242497	6966
6877	1	1.0004001600640257e-4	0.7540016006402561	6967
6878	1	1.0004001600640257e-4	0.7541016406562625	6968
6879	1	1.0004001600640257e-4	0.7542016806722689	6969
6880	1	1.0004001600640257e-4	0.7543017206882753	6970
6881	1	1.0004001600640257e-4	0.7544017607042817	6971
6882	1	1.0004001600640257e-4	0.754501800720288	6972
6883	1	1.0004001600640257e-4	0.7546018407362945	6973
6884	1	1.0004001600640257e-4	0.7547018807523009	6974
6885	1	1.0004001600640257e-4	0.7548019207683073	6975
6886	1	1.0004001600640257e-4	0.7549019607843137	6976
6887	1	1.0004001600640257e-4	0.7550020008003201	6977
6888	1	1.0004001600640257e-4	0.7551020408163265	6978
6889	1	1.0004001600640257e-4	0.7552020808323329	6979
6890	1	1.0004001600640257e-4	0.7553021208483394	6980
6891	1	1.0004001600640257e-4	0.7554021608643458	6981
6892	1	1.0004001600640257e-4	0.7555022008803521	6982
6894	1	1.0004001600640257e-4	0.7556022408963585	6983
6895	1	1.0004001600640257e-4	0.7557022809123649	6984
6896	1	1.0004001600640257e-4	0.7558023209283713	6985
6897	1	1.0004001600640257e-4	0.7559023609443777	6986
6898	1	1.0004001600640257e-4	0.7560024009603842	6987
6899	1	1.0004001600640257e-4	0.7561024409763906	6988
6900	1	1.0004001600640257e-4	0.756202480992397	6989
6901	1	1.0004001600640257e-4	0.7563025210084033	6990
6902	1	1.0004001600640257e-4	0.7564025610244097	6991
6903	1	1.0004001600640257e-4	0.7565026010404161	6992
6904	1	1.0004001600640257e-4	0.7566026410564225	6993
6905	1	1.0004001600640257e-4	0.756702681072429	6994
6906	1	1.0004001600640257e-4	0.7568027210884354	6995
6907	1	1.0004001600640257e-4	0.7569027611044418	6996
6908	1	1.0004001600640257e-4	0.7570028011204482	6997
6909	1	1.0004001600640257e-4	0.7571028411364545	6998
6910	1	1.0004001600640257e-4	0.7572028811524609	6999
6911	1	1.0004001600640257e-4	0.7573029211684673	7000
6912	1	1.0004001600640257e-4	0.7574029611844738	7001
6913	1	1.0004001600640257e-4	0.7575030012004802	7002
6914	1	1.0004001600640257e-4	0.7576030412164866	7003
6915	1	1.0004001600640257e-4	0.757703081232493	7004
6916	1	1.0004001600640257e-4	0.7578031212484994	7005
6917	1	1.0004001600640257e-4	0.7579031612645057	7006
6918	1	1.0004001600640257e-4	0.7580032012805121	7007
6919	1	1.0004001600640257e-4	0.7581032412965186	7008
6920	1	1.0004001600640257e-4	0.758203281312525	7009
6921	1	1.0004001600640257e-4	0.7583033213285314	7010
6922	1	1.0004001600640257e-4	0.7584033613445378	7011
6923	1	1.0004001600640257e-4	0.7585034013605442	7012
6924	1	1.0004001600640257e-4	0.7586034413765506	7013
6925	1	1.0004001600640257e-4	0.75870348139255706	7014
6926	1	1.0004001600640257e-4	0.7588035214085634	7015
6927	1	1.0004001600640257e-4	0.7589035614245698	7016
6928	1	1.0004001600640257e-4	0.7590036014405762	7017
6929	1	1.0004001600640257e-4	0.7591036414565826	7018
6930	1	1.0004001600640257e-4	0.759203681472589	7019
6931	1	1.0004001600640257e-4	0.7593037214885954	7020
6933	1	1.0004001600640257e-4	0.7594037615046019	7021
6934	1	1.0004001600640257e-4	0.7595038015206083	7022
6935	1	1.0004001600640257e-4	0.7596038415366146	7023
6936	1	1.0004001600640257e-4	0.759703881552621	7024
6937	1	1.0004001600640257e-4	0.7598039215686274	7025
6939	1	1.0004001600640257e-4	0.7599039615846338	7026
6940	1	1.0004001600640257e-4	0.7600040016006402	7027
6941	1	1.0004001600640257e-4	0.7601040416166467	7028
6943	1	1.0004001600640257e-4	0.7602040816326531	7029
6944	1	1.0004001600640257e-4	0.7603041216486595	7030
6945	1	1.0004001600640257e-4	0.7604041616646658	7031
6946	1	1.0004001600640257e-4	0.7605042016806722	7032
6947	1	1.0004001600640257e-4	0.7606042416966786	7033
6948	1	1.0004001600640257e-4	0.760704281712685	7034
6949	1	1.0004001600640257e-4	0.7608043217286915	7035
6950	1	1.0004001600640257e-4	0.7609043617446979	7036
6952	1	1.0004001600640257e-4	0.7610044017607043	7037
6953	1	1.0004001600640257e-4	0.7611044417767107	7038
6954	1	1.0004001600640257e-4	0.761204481792717	7039
6955	1	1.0004001600640257e-4	0.7613045218087234	7040
6956	1	1.0004001600640257e-4	0.7614045618247298	7041
6957	1	1.0004001600640257e-4	0.7615046018407363	7042
6958	1	1.0004001600640257e-4	0.7616046418567427	7043
6959	1	1.0004001600640257e-4	0.7617046818727491	7044
6960	1	1.0004001600640257e-4	0.7618047218887555	7045
6961	1	1.0004001600640257e-4	0.7619047619047619	7046
6962	1	1.0004001600640257e-4	0.7620048019207682	7047
6963	1	1.0004001600640257e-4	0.7621048419367746	7048
6964	1	1.0004001600640257e-4	0.7622048819527811	7049
6965	1	1.0004001600640257e-4	0.7623049219687875	7050
6966	1	1.0004001600640257e-4	0.7624049619847939	7051
6967	1	1.0004001600640257e-4	0.7625050020008003	7052
6968	1	1.0004001600640257e-4	0.7626050420168067	7053
6969	1	1.0004001600640257e-4	0.7627050820328131	7054
6970	1	1.0004001600640257e-4	0.7628051220488195	7055
6971	1	1.0004001600640257e-4	0.762905162064826	7056
6973	1	1.0004001600640257e-4	0.7630052020808323	7057
6974	1	1.0004001600640257e-4	0.7631052420968387	7058
6975	1	1.0004001600640257e-4	0.7632052821128451	7059
6976	1	1.0004001600640257e-4	0.7633053221288515	7060
6977	1	1.0004001600640257e-4	0.7634053621448579	7061
6978	1	1.0004001600640257e-4	0.7635054021608644	7062
6979	1	1.0004001600640257e-4	0.7636054421768708	7063
6980	1	1.0004001600640257e-4	0.7637054821928771	7064
6981	1	1.0004001600640257e-4	0.7638055222088835	7065
6982	1	1.0004001600640257e-4	0.7639055622248899	7066
6983	1	1.0004001600640257e-4	0.7640056022408963	7067
6984	1	1.0004001600640257e-4	0.7641056422569027	7068
6985	1	1.0004001600640257e-4	0.7642056822729092	7069
6986	1	1.0004001600640257e-4	0.7643057222889156	7070
6987	1	1.0004001600640257e-4	0.764405762304922	7071
6988	1	1.0004001600640257e-4	0.7645058023209284	7072
6989	1	1.0004001600640257e-4	0.7646058423369347	7073
6990	1	1.0004001600640257e-4	0.7647058823529411	7074
6991	1	1.0004001600640257e-4	0.7648059223689475	7075
6992	1	1.0004001600640257e-4	0.764905962384954	7076
6993	1	1.0004001600640257e-4	0.7650060024009604	7077
6994	1	1.0004001600640257e-4	0.7651060424169668	7078
6995	1	1.0004001600640257e-4	0.7652060824329732	7079
6996	1	1.0004001600640257e-4	0.7653061224489796	7080
6997	1	1.0004001600640257e-4	0.7654061624649859	7081
6998	1	1.0004001600640257e-4	0.7655062024809923	7082
6999	1	1.0004001600640257e-4	0.7656062424969988	7083
7000	1	1.0004001600640257e-4	0.7657062825130052	7084
7001	1	1.0004001600640257e-4	0.7658063225290116	7085
7002	1	1.0004001600640257e-4	0.765906362545018	7086
7003	1	1.0004001600640257e-4	0.7660064025610244	7087
7004	1	1.0004001600640257e-4	0.7661064425770308	7088
7005	1	1.0004001600640257e-4	0.7662064825930371	7089
7006	1	1.0004001600640257e-4	0.7663065226090436	7090
7007	1	1.0004001600640257e-4	0.76640656262505	7091
7008	1	1.0004001600640257e-4	0.7665066026410564	7092
7009	1	1.0004001600640257e-4	0.7666066426570628	7093
7010	1	1.0004001600640257e-4	0.7667066826730692	7094
7011	1	1.0004001600640257e-4	0.7668067226890756	7095
7012	1	1.0004001600640257e-4	0.766906762705082	7096
7013	1	1.0004001600640257e-4	0.7670068027210885	7097
7014	1	1.0004001600640257e-4	0.7671068427370948	7098
7015	1	1.0004001600640257e-4	0.7672068827531012	7099
7016	1	1.0004001600640257e-4	0.7673069227691076	7100
7017	1	1.0004001600640257e-4	0.767406962785114	7101
7018	1	1.0004001600640257e-4	0.7675070028011204	7102
7019	1	1.0004001600640257e-4	0.7676070428171269	7103
7020	1	1.0004001600640257e-4	0.7677070828331333	7104
7021	1	1.0004001600640257e-4	0.7678071228491397	7105
7022	1	1.0004001600640257e-4	0.767907162865146	7106
7023	1	1.0004001600640257e-4	0.7680072028811524	7107
7024	1	1.0004001600640257e-4	0.7681072428971588	7108
7025	1	1.0004001600640257e-4	0.7682072829131652	7109
7026	1	1.0004001600640257e-4	0.7683073229291717	7110
7027	1	1.0004001600640257e-4	0.7684073629451781	7111
7028	1	1.0004001600640257e-4	0.7685074029611845	7112
7029	1	1.0004001600640257e-4	0.7686074429771909	7113
7030	1	1.0004001600640257e-4	0.7687074829931972	7114
7031	1	1.0004001600640257e-4	0.7688075230092036	7115
7032	1	1.0004001600640257e-4	0.76890756302521	7116
7033	1	1.0004001600640257e-4	0.7690076030412165	7117
7034	1	1.0004001600640257e-4	0.7691076430572229	7118
7035	1	1.0004001600640257e-4	0.7692076830732293	7119
7036	1	1.0004001600640257e-4	0.7693077230892357	7120
7037	1	1.0004001600640257e-4	0.7694077631052421	7121
7038	1	1.0004001600640257e-4	0.7695078031212484	7122
7039	1	1.0004001600640257e-4	0.7696078431372548	7123
7040	1	1.0004001600640257e-4	0.7697078831532613	7124
7041	1	1.0004001600640257e-4	0.7698079231692677	7125
7042	1	1.0004001600640257e-4	0.7699079631852741	7126
7043	1	1.0004001600640257e-4	0.7700080032012805	7127
7044	1	1.0004001600640257e-4	0.7701080432172869	7128
7045	1	1.0004001600640257e-4	0.7702080832332933	7129
7046	1	1.0004001600640257e-4	0.7703081232492996	7130
7047	1	1.0004001600640257e-4	0.7704081632653061	7131
7048	1	1.0004001600640257e-4	0.7705082032813125	7132
7049	1	1.0004001600640257e-4	0.7706082432973189	7133
7050	1	1.0004001600640257e-4	0.7707082833133253	7134
7051	1	1.0004001600640257e-4	0.7708083233293317	7135
7052	1	1.0004001600640257e-4	0.7709083633453381	7136
7053	1	1.0004001600640257e-4	0.7710084033613445	7137
7054	1	1.0004001600640257e-4	0.771108443377351	7138
7055	1	1.0004001600640257e-4	0.7712084833933573	7139
7056	1	1.0004001600640257e-4	0.7713085234093637	7140
7057	1	1.0004001600640257e-4	0.7714085634253701	7141
7058	1	1.0004001600640257e-4	0.7715086034413765	7142
7059	1	1.0004001600640257e-4	0.7716086434573829	7143
7060	1	1.0004001600640257e-4	0.7717086834733893	7144
7061	1	1.0004001600640257e-4	0.7718087234893958	7145
7062	1	1.0004001600640257e-4	0.7719087635054022	7146
7063	1	1.0004001600640257e-4	0.7720088035214085	7147
7064	1	1.0004001600640257e-4	0.7721088435374149	7148
7065	1	1.0004001600640257e-4	0.7722088835534213	7149
7066	1	1.0004001600640257e-4	0.7723089235694277	7150
7067	1	1.0004001600640257e-4	0.7724089635854342	7151
7068	1	1.0004001600640257e-4	0.7725090036014406	7152
7069	1	1.0004001600640257e-4	0.772609043617447	7153
7070	1	1.0004001600640257e-4	0.7727090836334534	7154
7071	1	1.0004001600640257e-4	0.7728091236494598	7155
7072	1	1.0004001600640257e-4	0.7729091636654661	7156
7073	1	1.0004001600640257e-4	0.7730092036814725	7157
7074	1	1.0004001600640257e-4	0.773109243697479	7158
7075	1	1.0004001600640257e-4	0.7732092837134854	7159
7076	1	1.0004001600640257e-4	0.7733093237294918	7160
7078	1	1.0004001600640257e-4	0.7734093637454982	7161
7079	1	1.0004001600640257e-4	0.7735094037615046	7162
7080	1	1.0004001600640257e-4	0.773609443777511	7163
7081	1	1.0004001600640257e-4	0.7737094837935173	7164
7082	1	1.0004001600640257e-4	0.7738095238095238	7165
7083	1	1.0004001600640257e-4	0.7739095638255302	7166
7084	1	1.0004001600640257e-4	0.7740096038415366	7167
7085	1	1.0004001600640257e-4	0.774109643857543	7168
7086	1	1.0004001600640257e-4	0.7742096838735494	7169
7087	1	1.0004001600640257e-4	0.7743097238895558	7170
7088	1	1.0004001600640257e-4	0.7744097639055622	7171
7089	1	1.0004001600640257e-4	0.7745098039215687	7172
7090	1	1.0004001600640257e-4	0.774609843937575	7173
7091	1	1.0004001600640257e-4	0.7747098839535814	7174
7092	1	1.0004001600640257e-4	0.7748099239695878	7175
7093	1	1.0004001600640257e-4	0.7749099639855942	7176
7094	1	1.0004001600640257e-4	0.7750100040016006	7177
7095	1	1.0004001600640257e-4	0.775110044017607	7178
7096	1	1.0004001600640257e-4	0.7752100840336135	7179
7097	1	1.0004001600640257e-4	0.7753101240496199	7180
7098	1	1.0004001600640257e-4	0.7754101640656262	7181
7099	1	1.0004001600640257e-4	0.7755102040816326	7182
7100	1	1.0004001600640257e-4	0.775610244097639	7183
7101	1	1.0004001600640257e-4	0.7757102841136454	7184
7102	1	1.0004001600640257e-4	0.7758103241296518	7185
7103	1	1.0004001600640257e-4	0.7759103641456583	7186
7104	1	1.0004001600640257e-4	0.7760104041616647	7187
7105	1	1.0004001600640257e-4	0.776110444177671	7188
7106	1	1.0004001600640257e-4	0.7762104841936774	7189
7107	1	1.0004001600640257e-4	0.7763105242096838	7190
7108	1	1.0004001600640257e-4	0.7764105642256902	7191
7109	1	1.0004001600640257e-4	0.7765106042416967	7192
7110	1	1.0004001600640257e-4	0.7766106442577031	7193
7111	1	1.0004001600640257e-4	0.7767106842737095	7194
7112	1	1.0004001600640257e-4	0.7768107242897159	7195
7113	1	1.0004001600640257e-4	0.7769107643057223	7196
7114	1	1.0004001600640257e-4	0.7770108043217286	7197
7115	1	1.0004001600640257e-4	0.777110844337735	7198
7116	1	1.0004001600640257e-4	0.7772108843537415	7199
7117	1	1.0004001600640257e-4	0.7773109243697479	7200
7118	1	1.0004001600640257e-4	0.7774109643857543	7201
7119	1	1.0004001600640257e-4	0.7775110044017607	7202
7120	1	1.0004001600640257e-4	0.7776110444177671	7203
7121	1	1.0004001600640257e-4	0.7777110844337735	7204
7122	1	1.0004001600640257e-4	0.7778111244497798	7205
7123	1	1.0004001600640257e-4	0.7779111644657863	7206
7124	1	1.0004001600640257e-4	0.7780112044817927	7207
7125	1	1.0004001600640257e-4	0.7781112444977991	7208
7126	1	1.0004001600640257e-4	0.7782112845138055	7209
7127	1	1.0004001600640257e-4	0.7783113245298119	7210
7128	1	1.0004001600640257e-4	0.7784113645458183	7211
7129	1	1.0004001600640257e-4	0.7785114045618247	7212
7130	1	1.0004001600640257e-4	0.7786114445778312	7213
7131	1	1.0004001600640257e-4	0.7787114845938375	7214
7132	1	1.0004001600640257e-4	0.7788115246098439	7215
7133	1	1.0004001600640257e-4	0.7789115646258503	7216
7134	1	1.0004001600640257e-4	0.7790116046418567	7217
7135	1	1.0004001600640257e-4	0.7791116446578631	7218
7136	1	1.0004001600640257e-4	0.7792116846738695	7219
7137	1	1.0004001600640257e-4	0.779311724689876	7220
7138	1	1.0004001600640257e-4	0.7794117647058824	7221
7139	1	1.0004001600640257e-4	0.7795118047218887	7222
7140	1	1.0004001600640257e-4	0.7796118447378951	7223
7141	1	1.0004001600640257e-4	0.7797118847539015	7224
7142	1	1.0004001600640257e-4	0.7798119247699079	7225
7143	1	1.0004001600640257e-4	0.7799119647859143	7226
7144	1	1.0004001600640257e-4	0.7800120048019208	7227
7145	1	1.0004001600640257e-4	0.7801120448179272	7228
7146	1	1.0004001600640257e-4	0.7802120848339336	7229
7147	1	1.0004001600640257e-4	0.78031212484994	7230
7149	1	1.0004001600640257e-4	0.7804121648659463	7231
7150	1	1.0004001600640257e-4	0.7805122048819527	7232
7151	1	1.0004001600640257e-4	0.7806122448979591	7233
7152	1	1.0004001600640257e-4	0.7807122849139656	7234
7153	1	1.0004001600640257e-4	0.780812324929972	7235
7154	1	1.0004001600640257e-4	0.7809123649459784	7236
7155	1	1.0004001600640257e-4	0.7810124049619848	7237
7156	1	1.0004001600640257e-4	0.7811124449779911	7238
7157	1	1.0004001600640257e-4	0.7812124849939975	7239
7158	1	1.0004001600640257e-4	0.781312525010004	7240
7159	1	1.0004001600640257e-4	0.7814125650260104	7241
7160	1	1.0004001600640257e-4	0.7815126050420168	7242
7161	1	1.0004001600640257e-4	0.7816126450580232	7243
7162	1	1.0004001600640257e-4	0.7817126850740296	7244
7163	1	1.0004001600640257e-4	0.781812725090036	7245
7164	1	1.0004001600640257e-4	0.7819127651060424	7246
7165	1	1.0004001600640257e-4	0.7820128051220488	7247
7167	1	1.0004001600640257e-4	0.7821128451380552	7248
7168	1	1.0004001600640257e-4	0.7822128851540616	7249
7169	1	1.0004001600640257e-4	0.782312925170068	7250
7170	1	1.0004001600640257e-4	0.7824129651860744	7251
7171	1	1.0004001600640257e-4	0.7825130052020808	7252
7172	1	1.0004001600640257e-4	0.7826130452180872	7253
7173	1	1.0004001600640257e-4	0.7827130852340937	7254
7174	1	1.0004001600640257e-4	0.7828131252501	7255
7175	1	1.0004001600640257e-4	0.7829131652661064	7256
7176	1	1.0004001600640257e-4	0.7830132052821128	7257
7177	1	1.0004001600640257e-4	0.7831132452981192	7258
7178	1	1.0004001600640257e-4	0.7832132853141256	7259
7179	1	1.0004001600640257e-4	0.783313325330132	7260
7180	1	1.0004001600640257e-4	0.7834133653461385	7261
7181	1	1.0004001600640257e-4	0.7835134053621449	7262
7182	1	1.0004001600640257e-4	0.7836134453781513	7263
7183	1	1.0004001600640257e-4	0.7837134853941576	7264
7184	1	1.0004001600640257e-4	0.783813525410164	7265
7185	1	1.0004001600640257e-4	0.7839135654261704	7266
7186	1	1.0004001600640257e-4	0.7840136054421768	7267
7187	1	1.0004001600640257e-4	0.7841136454581833	7268
7188	1	1.0004001600640257e-4	0.7842136854741897	7269
7189	1	1.0004001600640257e-4	0.7843137254901961	7270
7190	1	1.0004001600640257e-4	0.7844137655062025	7271
7191	1	1.0004001600640257e-4	0.7845138055222088	7272
7192	1	1.0004001600640257e-4	0.7846138455382152	7273
7194	1	1.0004001600640257e-4	0.7847138855542216	7274
7195	1	1.0004001600640257e-4	0.7848139255702281	7275
7197	1	1.0004001600640257e-4	0.7849139655862345	7276
7198	1	1.0004001600640257e-4	0.7850140056022409	7277
7199	1	1.0004001600640257e-4	0.7851140456182473	7278
7200	1	1.0004001600640257e-4	0.7852140856342537	7279
7201	1	1.0004001600640257e-4	0.78531412565026	7280
7202	1	1.0004001600640257e-4	0.7854141656662664	7281
7203	1	1.0004001600640257e-4	0.7855142056822729	7282
7205	1	1.0004001600640257e-4	0.7856142456982793	7283
7206	1	1.0004001600640257e-4	0.7857142857142857	7284
7207	1	1.0004001600640257e-4	0.7858143257302921	7285
7208	1	1.0004001600640257e-4	0.7859143657462985	7286
7209	1	1.0004001600640257e-4	0.7860144057623049	7287
7210	1	1.0004001600640257e-4	0.7861144457783114	7288
7211	1	1.0004001600640257e-4	0.7862144857943177	7289
7212	1	1.0004001600640257e-4	0.7863145258103241	7290
7213	1	1.0004001600640257e-4	0.7864145658263305	7291
7214	1	1.0004001600640257e-4	0.7865146058423369	7292
7215	1	1.0004001600640257e-4	0.7866146458583433	7293
7216	1	1.0004001600640257e-4	0.7867146858743497	7294
7217	1	1.0004001600640257e-4	0.7868147258903562	7295
7218	1	1.0004001600640257e-4	0.7869147659063626	7296
7219	1	1.0004001600640257e-4	0.7870148059223689	7297
7220	1	1.0004001600640257e-4	0.7871148459383753	7298
7221	1	1.0004001600640257e-4	0.7872148859543817	7299
7222	1	1.0004001600640257e-4	0.7873149259703881	7300
7223	1	1.0004001600640257e-4	0.7874149659863945	7301
7224	1	1.0004001600640257e-4	0.787515006002401	7302
7225	1	1.0004001600640257e-4	0.7876150460184074	7303
7226	1	1.0004001600640257e-4	0.7877150860344138	7304
7227	1	1.0004001600640257e-4	0.7878151260504201	7305
7228	1	1.0004001600640257e-4	0.7879151660664265	7306
7229	1	1.0004001600640257e-4	0.7880152060824329	7307
7230	1	1.0004001600640257e-4	0.7881152460984393	7308
7231	1	1.0004001600640257e-4	0.7882152861144458	7309
7232	1	1.0004001600640257e-4	0.7883153261304522	7310
7233	1	1.0004001600640257e-4	0.7884153661464586	7311
7234	1	1.0004001600640257e-4	0.788515406162465	7312
7235	1	1.0004001600640257e-4	0.7886154461784713	7313
7236	1	1.0004001600640257e-4	0.7887154861944777	7314
7237	1	1.0004001600640257e-4	0.7888155262104841	7315
7238	1	1.0004001600640257e-4	0.7889155662264906	7316
7239	1	1.0004001600640257e-4	0.789015606242497	7317
7240	1	1.0004001600640257e-4	0.7891156462585034	7318
7241	1	1.0004001600640257e-4	0.7892156862745098	7319
7242	1	1.0004001600640257e-4	0.7893157262905162	7320
7243	1	1.0004001600640257e-4	0.7894157663065225	7321
7244	1	1.0004001600640257e-4	0.7895158063225289	7322
7245	1	1.0004001600640257e-4	0.7896158463385354	7323
7246	1	1.0004001600640257e-4	0.7897158863545418	7324
7247	1	1.0004001600640257e-4	0.7898159263705482	7325
7248	1	1.0004001600640257e-4	0.7899159663865546	7326
7249	1	1.0004001600640257e-4	0.790016006402561	7327
7250	1	1.0004001600640257e-4	0.7901160464185674	7328
7251	1	1.0004001600640257e-4	0.7902160864345739	7329
7252	1	1.0004001600640257e-4	0.7903161264505802	7330
7253	1	1.0004001600640257e-4	0.7904161664665866	7331
7254	1	1.0004001600640257e-4	0.790516206482593	7332
7255	1	1.0004001600640257e-4	0.7906162464985994	7333
7256	1	1.0004001600640257e-4	0.7907162865146058	7334
7257	1	1.0004001600640257e-4	0.7908163265306122	7335
7258	1	1.0004001600640257e-4	0.7909163665466187	7336
7259	1	1.0004001600640257e-4	0.7910164065626251	7337
7260	1	1.0004001600640257e-4	0.7911164465786314	7338
7261	1	1.0004001600640257e-4	0.7912164865946378	7339
7262	1	1.0004001600640257e-4	0.7913165266106442	7340
7263	1	1.0004001600640257e-4	0.7914165666266506	7341
7264	1	1.0004001600640257e-4	0.791516606642657	7342
7265	1	1.0004001600640257e-4	0.7916166466586635	7343
7266	1	1.0004001600640257e-4	0.7917166866746699	7344
7267	1	1.0004001600640257e-4	0.7918167266906763	7345
7268	1	1.0004001600640257e-4	0.7919167667066827	7346
7269	1	1.0004001600640257e-4	0.792016806722689	7347
7270	1	1.0004001600640257e-4	0.7921168467386954	7348
7271	1	1.0004001600640257e-4	0.7922168867547018	7349
7272	1	1.0004001600640257e-4	0.7923169267707083	7350
7273	1	1.0004001600640257e-4	0.7924169667867147	7351
7274	1	1.0004001600640257e-4	0.7925170068027211	7352
7275	1	1.0004001600640257e-4	0.7926170468187275	7353
7276	1	1.0004001600640257e-4	0.7927170868347339	7354
7277	1	1.0004001600640257e-4	0.7928171268507402	7355
7278	1	1.0004001600640257e-4	0.7929171668667466	7356
7279	1	1.0004001600640257e-4	0.7930172068827531	7357
7280	1	1.0004001600640257e-4	0.7931172468987595	7358
7281	1	1.0004001600640257e-4	0.7932172869147659	7359
7282	1	1.0004001600640257e-4	0.7933173269307723	7360
7283	1	1.0004001600640257e-4	0.7934173669467787	7361
7284	1	1.0004001600640257e-4	0.793517406962785	7362
7285	1	1.0004001600640257e-4	0.7936174469787914	7363
7286	1	1.0004001600640257e-4	0.7937174869947979	7364
7287	1	1.0004001600640257e-4	0.7938175270108043	7365
7288	1	1.0004001600640257e-4	0.7939175670268107	7366
7289	1	1.0004001600640257e-4	0.7940176070428171	7367
7290	1	1.0004001600640257e-4	0.7941176470588235	7368
7291	1	1.0004001600640257e-4	0.7942176870748299	7369
7292	1	1.0004001600640257e-4	0.7943177270908363	7370
7293	1	1.0004001600640257e-4	0.7944177671068428	7371
7294	1	1.0004001600640257e-4	0.7945178071228491	7372
7295	1	1.0004001600640257e-4	0.7946178471388555	7373
7296	1	1.0004001600640257e-4	0.7947178871548619	7374
7297	1	1.0004001600640257e-4	0.7948179271708683	7375
7298	1	1.0004001600640257e-4	0.7949179671868747	7376
7299	1	1.0004001600640257e-4	0.7950180072028812	7377
7300	1	1.0004001600640257e-4	0.7951180472188876	7378
7301	1	1.0004001600640257e-4	0.795218087234894	7379
7302	1	1.0004001600640257e-4	0.7953181272509003	7380
7303	1	1.0004001600640257e-4	0.7954181672669067	7381
7304	1	1.0004001600640257e-4	0.7955182072829131	7382
7305	1	1.0004001600640257e-4	0.7956182472989195	7383
7306	1	1.0004001600640257e-4	0.795718287314926	7384
7307	1	1.0004001600640257e-4	0.7958183273309324	7385
7308	1	1.0004001600640257e-4	0.7959183673469388	7386
7309	1	1.0004001600640257e-4	0.7960184073629452	7387
7310	1	1.0004001600640257e-4	0.7961184473789515	7388
7311	1	1.0004001600640257e-4	0.7962184873949579	7389
7312	1	1.0004001600640257e-4	0.7963185274109643	7390
7313	1	1.0004001600640257e-4	0.7964185674269708	7391
7314	1	1.0004001600640257e-4	0.7965186074429772	7392
7315	1	1.0004001600640257e-4	0.7966186474589836	7393
7316	1	1.0004001600640257e-4	0.79671868747499	7394
7317	1	1.0004001600640257e-4	0.7968187274909964	7395
7318	1	1.0004001600640257e-4	0.7969187675070027	7396
7319	1	1.0004001600640257e-4	0.7970188075230091	7397
7320	1	1.0004001600640257e-4	0.7971188475390156	7398
7321	1	1.0004001600640257e-4	0.797218887555022	7399
7322	1	1.0004001600640257e-4	0.7973189275710284	7400
7323	1	1.0004001600640257e-4	0.7974189675870348	7401
7324	1	1.0004001600640257e-4	0.7975190076030412	7402
7325	1	1.0004001600640257e-4	0.7976190476190476	7403
7326	1	1.0004001600640257e-4	0.797719087635054	7404
7327	1	1.0004001600640257e-4	0.7978191276510604	7405
7328	1	1.0004001600640257e-4	0.7979191676670668	7406
7329	1	1.0004001600640257e-4	0.7980192076830732	7407
7331	1	1.0004001600640257e-4	0.7981192476990796	7408
7332	1	1.0004001600640257e-4	0.798219287715086	7409
7333	1	1.0004001600640257e-4	0.7983193277310924	7410
7334	1	1.0004001600640257e-4	0.7984193677470988	7411
7335	1	1.0004001600640257e-4	0.7985194077631053	7412
7336	1	1.0004001600640257e-4	0.7986194477791116	7413
7337	1	1.0004001600640257e-4	0.798719487795118	7414
7338	1	1.0004001600640257e-4	0.7988195278111244	7415
7339	1	1.0004001600640257e-4	0.7989195678271308	7416
7340	1	1.0004001600640257e-4	0.7990196078431372	7417
7341	1	1.0004001600640257e-4	0.7991196478591436	7418
7342	1	1.0004001600640257e-4	0.7992196878751501	7419
7343	1	1.0004001600640257e-4	0.7993197278911565	7420
7344	1	1.0004001600640257e-4	0.7994197679071628	7421
7345	1	1.0004001600640257e-4	0.7995198079231692	7422
7346	1	1.0004001600640257e-4	0.7996198479391756	7423
7347	1	1.0004001600640257e-4	0.799719887955182	7424
7348	1	1.0004001600640257e-4	0.7998199279711885	7425
7349	1	1.0004001600640257e-4	0.7999199679871949	7426
7350	1	1.0004001600640257e-4	0.8000200080032013	7427
7351	1	1.0004001600640257e-4	0.8001200480192077	7428
7352	1	1.0004001600640257e-4	0.800220088035214	7429
7353	1	1.0004001600640257e-4	0.8003201280512204	7430
7354	1	1.0004001600640257e-4	0.8004201680672268	7431
7355	1	1.0004001600640257e-4	0.8005202080832333	7432
7356	1	1.0004001600640257e-4	0.8006202480992397	7433
7357	1	1.0004001600640257e-4	0.8007202881152461	7434
7358	1	1.0004001600640257e-4	0.8008203281312525	7435
7359	1	1.0004001600640257e-4	0.8009203681472589	7436
7360	1	1.0004001600640257e-4	0.8010204081632653	7437
7361	1	1.0004001600640257e-4	0.8011204481792716	7438
7362	1	1.0004001600640257e-4	0.8012204881952781	7439
7363	1	1.0004001600640257e-4	0.8013205282112845	7440
7364	1	1.0004001600640257e-4	0.8014205682272909	7441
7365	1	1.0004001600640257e-4	0.8015206082432973	7442
7366	1	1.0004001600640257e-4	0.8016206482593037	7443
7367	1	1.0004001600640257e-4	0.8017206882753101	7444
7368	1	1.0004001600640257e-4	0.8018207282913165	7445
7369	1	1.0004001600640257e-4	0.801920768307323	7446
7370	1	1.0004001600640257e-4	0.8020208083233293	7447
7371	1	1.0004001600640257e-4	0.8021208483393357	7448
7372	1	1.0004001600640257e-4	0.8022208883553421	7449
7373	1	1.0004001600640257e-4	0.8023209283713485	7450
7374	1	1.0004001600640257e-4	0.8024209683873549	7451
7375	1	1.0004001600640257e-4	0.8025210084033613	7452
7376	1	1.0004001600640257e-4	0.8026210484193678	7453
7377	1	1.0004001600640257e-4	0.8027210884353742	7454
7378	1	1.0004001600640257e-4	0.8028211284513805	7455
7379	1	1.0004001600640257e-4	0.8029211684673869	7456
7380	1	1.0004001600640257e-4	0.8030212084833933	7457
7381	1	1.0004001600640257e-4	0.8031212484993997	7458
7382	1	1.0004001600640257e-4	0.8032212885154061	7459
7383	1	1.0004001600640257e-4	0.8033213285314126	7460
7384	1	1.0004001600640257e-4	0.803421368547419	7461
7385	1	1.0004001600640257e-4	0.8035214085634254	7462
7386	1	1.0004001600640257e-4	0.8036214485794317	7463
7387	1	1.0004001600640257e-4	0.8037214885954381	7464
7388	1	1.0004001600640257e-4	0.8038215286114445	7465
7389	1	1.0004001600640257e-4	0.803921568627451	7466
7390	1	1.0004001600640257e-4	0.8040216086434574	7467
7391	1	1.0004001600640257e-4	0.8041216486594638	7468
7392	1	1.0004001600640257e-4	0.8042216886754702	7469
7393	1	1.0004001600640257e-4	0.8043217286914766	7470
7394	1	1.0004001600640257e-4	0.8044217687074829	7471
7395	1	1.0004001600640257e-4	0.8045218087234893	7472
7396	1	1.0004001600640257e-4	0.8046218487394958	7473
7397	1	1.0004001600640257e-4	0.8047218887555022	7474
7398	1	1.0004001600640257e-4	0.8048219287715086	7475
7399	1	1.0004001600640257e-4	0.804921968787515	7476
7400	1	1.0004001600640257e-4	0.8050220088035214	7477
7402	1	1.0004001600640257e-4	0.8051220488195278	7478
7403	1	1.0004001600640257e-4	0.8052220888355341	7479
7404	1	1.0004001600640257e-4	0.8053221288515406	7480
7405	1	1.0004001600640257e-4	0.805422168867547	7481
7406	1	1.0004001600640257e-4	0.8055222088835534	7482
7407	1	1.0004001600640257e-4	0.8056222488995598	7483
7408	1	1.0004001600640257e-4	0.8057222889155662	7484
7409	1	1.0004001600640257e-4	0.8058223289315726	7485
7410	1	1.0004001600640257e-4	0.805922368947579	7486
7411	1	1.0004001600640257e-4	0.8060224089635855	7487
7412	1	1.0004001600640257e-4	0.8061224489795918	7488
7413	1	1.0004001600640257e-4	0.8062224889955982	7489
7414	1	1.0004001600640257e-4	0.8063225290116046	7490
7415	1	1.0004001600640257e-4	0.806422569027611	7491
7417	1	1.0004001600640257e-4	0.8065226090436174	7492
7418	1	1.0004001600640257e-4	0.8066226490596238	7493
7419	1	1.0004001600640257e-4	0.8067226890756303	7494
7420	1	1.0004001600640257e-4	0.8068227290916367	7495
7421	1	1.0004001600640257e-4	0.806922769107643	7496
7422	1	1.0004001600640257e-4	0.8070228091236494	7497
7423	1	1.0004001600640257e-4	0.8071228491396558	7498
7424	1	1.0004001600640257e-4	0.8072228891556622	7499
7425	1	1.0004001600640257e-4	0.8073229291716686	7500
7426	1	1.0004001600640257e-4	0.8074229691876751	7501
7427	1	1.0004001600640257e-4	0.8075230092036815	7502
7428	1	1.0004001600640257e-4	0.8076230492196879	7503
7429	1	1.0004001600640257e-4	0.8077230892356942	7504
7430	1	1.0004001600640257e-4	0.8078231292517006	7505
7431	1	1.0004001600640257e-4	0.807923169267707	7506
7432	1	1.0004001600640257e-4	0.8080232092837134	7507
7433	1	1.0004001600640257e-4	0.8081232492997199	7508
7434	1	1.0004001600640257e-4	0.8082232893157263	7509
7435	1	1.0004001600640257e-4	0.8083233293317327	7510
7436	1	1.0004001600640257e-4	0.8084233693477391	7511
7437	1	1.0004001600640257e-4	0.8085234093637454	7512
7438	1	1.0004001600640257e-4	0.8086234493797518	7513
7441	1	1.0004001600640257e-4	0.8087234893957583	7514
7442	1	1.0004001600640257e-4	0.8088235294117647	7515
7443	1	1.0004001600640257e-4	0.8089235694277711	7516
7444	1	1.0004001600640257e-4	0.8090236094437775	7517
7445	1	1.0004001600640257e-4	0.8091236494597839	7518
7446	1	1.0004001600640257e-4	0.8092236894757903	7519
7447	1	1.0004001600640257e-4	0.8093237294917967	7520
7448	1	1.0004001600640257e-4	0.8094237695078031	7521
7449	1	1.0004001600640257e-4	0.8095238095238095	7522
7450	1	1.0004001600640257e-4	0.8096238495398159	7523
7451	1	1.0004001600640257e-4	0.8097238895558223	7524
7452	1	1.0004001600640257e-4	0.8098239295718287	7525
7453	1	1.0004001600640257e-4	0.8099239695878351	7526
7454	1	1.0004001600640257e-4	0.8100240096038415	7527
7455	1	1.0004001600640257e-4	0.810124049619848	7528
7456	1	1.0004001600640257e-4	0.8102240896358543	7529
7458	1	1.0004001600640257e-4	0.8103241296518607	7530
7459	1	1.0004001600640257e-4	0.8104241696678671	7531
7460	1	1.0004001600640257e-4	0.8105242096838735	7532
7461	1	1.0004001600640257e-4	0.8106242496998799	7533
7462	1	1.0004001600640257e-4	0.8107242897158863	7534
7463	1	1.0004001600640257e-4	0.8108243297318928	7535
7464	1	1.0004001600640257e-4	0.8109243697478992	7536
7465	1	1.0004001600640257e-4	0.8110244097639056	7537
7466	1	1.0004001600640257e-4	0.8111244497799119	7538
7467	1	1.0004001600640257e-4	0.8112244897959183	7539
7468	1	1.0004001600640257e-4	0.8113245298119247	7540
7469	1	1.0004001600640257e-4	0.8114245698279311	7541
7470	1	1.0004001600640257e-4	0.8115246098439376	7542
7471	1	1.0004001600640257e-4	0.811624649859944	7543
7473	1	1.0004001600640257e-4	0.8117246898759504	7544
7474	1	1.0004001600640257e-4	0.8118247298919568	7545
7475	1	1.0004001600640257e-4	0.8119247699079631	7546
7476	1	1.0004001600640257e-4	0.8120248099239695	7547
7477	1	1.0004001600640257e-4	0.8121248499399759	7548
7478	1	1.0004001600640257e-4	0.8122248899559824	7549
7479	1	1.0004001600640257e-4	0.8123249299719888	7550
7480	1	1.0004001600640257e-4	0.8124249699879952	7551
7481	1	1.0004001600640257e-4	0.8125250100040016	7552
7482	1	1.0004001600640257e-4	0.812625050020008	7553
7483	1	1.0004001600640257e-4	0.8127250900360143	7554
7484	1	1.0004001600640257e-4	0.8128251300520207	7555
7485	1	1.0004001600640257e-4	0.8129251700680272	7556
7486	1	1.0004001600640257e-4	0.8130252100840336	7557
7487	1	1.0004001600640257e-4	0.81312525010004	7558
7488	1	1.0004001600640257e-4	0.8132252901160464	7559
7489	1	1.0004001600640257e-4	0.8133253301320528	7560
7490	1	1.0004001600640257e-4	0.8134253701480592	7561
7491	1	1.0004001600640257e-4	0.8135254101640657	7562
7492	1	1.0004001600640257e-4	0.813625450180072	7563
7493	1	1.0004001600640257e-4	0.8137254901960784	7564
7494	1	1.0004001600640257e-4	0.8138255302120848	7565
7495	1	1.0004001600640257e-4	0.8139255702280912	7566
7496	1	1.0004001600640257e-4	0.8140256102440976	7567
7497	1	1.0004001600640257e-4	0.814125650260104	7568
7498	1	1.0004001600640257e-4	0.8142256902761105	7569
7499	1	1.0004001600640257e-4	0.8143257302921169	7570
7500	1	1.0004001600640257e-4	0.8144257703081232	7571
7501	1	1.0004001600640257e-4	0.8145258103241296	7572
7502	1	1.0004001600640257e-4	0.814625850340136	7573
7503	1	1.0004001600640257e-4	0.8147258903561424	7574
7504	1	1.0004001600640257e-4	0.8148259303721488	7575
7505	1	1.0004001600640257e-4	0.8149259703881553	7576
7506	1	1.0004001600640257e-4	0.8150260104041617	7577
7507	1	1.0004001600640257e-4	0.8151260504201681	7578
7508	1	1.0004001600640257e-4	0.8152260904361744	7579
7509	1	1.0004001600640257e-4	0.8153261304521808	7580
7510	1	1.0004001600640257e-4	0.8154261704681872	7581
7511	1	1.0004001600640257e-4	0.8155262104841936	7582
7512	1	1.0004001600640257e-4	0.8156262505002001	7583
7513	1	1.0004001600640257e-4	0.8157262905162065	7584
7514	1	1.0004001600640257e-4	0.8158263305322129	7585
7515	1	1.0004001600640257e-4	0.8159263705482193	7586
7516	1	1.0004001600640257e-4	0.8160264105642256	7587
7517	1	1.0004001600640257e-4	0.816126450580232	7588
7518	1	1.0004001600640257e-4	0.8162264905962384	7589
7519	1	1.0004001600640257e-4	0.8163265306122449	7590
7520	1	1.0004001600640257e-4	0.8164265706282513	7591
7521	1	1.0004001600640257e-4	0.8165266106442577	7592
7522	1	1.0004001600640257e-4	0.8166266506602641	7593
7523	1	1.0004001600640257e-4	0.8167266906762705	7594
7524	1	1.0004001600640257e-4	0.8168267306922768	7595
7525	1	1.0004001600640257e-4	0.8169267707082832	7596
7526	1	1.0004001600640257e-4	0.8170268107242897	7597
7527	1	1.0004001600640257e-4	0.8171268507402961	7598
7528	1	1.0004001600640257e-4	0.8172268907563025	7599
7529	1	1.0004001600640257e-4	0.8173269307723089	7600
7530	1	1.0004001600640257e-4	0.8174269707883153	7601
7531	1	1.0004001600640257e-4	0.8175270108043217	7602
7532	1	1.0004001600640257e-4	0.8176270508203282	7603
7533	1	1.0004001600640257e-4	0.8177270908363345	7604
7534	1	1.0004001600640257e-4	0.8178271308523409	7605
7535	1	1.0004001600640257e-4	0.8179271708683473	7606
7536	1	1.0004001600640257e-4	0.8180272108843537	7607
7537	1	1.0004001600640257e-4	0.8181272509003601	7608
7538	1	1.0004001600640257e-4	0.8182272909163665	7609
7539	1	1.0004001600640257e-4	0.818327330932373	7610
7540	1	1.0004001600640257e-4	0.8184273709483794	7611
7541	1	1.0004001600640257e-4	0.8185274109643857	7612
7542	1	1.0004001600640257e-4	0.8186274509803921	7613
7543	1	1.0004001600640257e-4	0.8187274909963985	7614
7544	1	1.0004001600640257e-4	0.8188275310124049	7615
7545	1	1.0004001600640257e-4	0.8189275710284113	7616
7546	1	1.0004001600640257e-4	0.8190276110444178	7617
7547	1	1.0004001600640257e-4	0.8191276510604242	7618
7548	1	1.0004001600640257e-4	0.8192276910764306	7619
7549	1	1.0004001600640257e-4	0.819327731092437	7620
7550	1	1.0004001600640257e-4	0.8194277711084433	7621
7551	1	1.0004001600640257e-4	0.8195278111244497	7622
7552	1	1.0004001600640257e-4	0.8196278511404561	7623
7553	1	1.0004001600640257e-4	0.8197278911564626	7624
7554	1	1.0004001600640257e-4	0.819827931172469	7625
7555	1	1.0004001600640257e-4	0.8199279711884754	7626
7556	1	1.0004001600640257e-4	0.8200280112044818	7627
7557	1	1.0004001600640257e-4	0.8201280512204882	7628
7558	1	1.0004001600640257e-4	0.8202280912364945	7629
7559	1	1.0004001600640257e-4	0.8203281312525009	7630
7560	1	1.0004001600640257e-4	0.8204281712685074	7631
7561	1	1.0004001600640257e-4	0.8205282112845138	7632
7562	1	1.0004001600640257e-4	0.8206282513005202	7633
7563	1	1.0004001600640257e-4	0.8207282913165266	7634
7564	1	1.0004001600640257e-4	0.820828331332533	7635
7565	1	1.0004001600640257e-4	0.8209283713485394	7636
7566	1	1.0004001600640257e-4	0.8210284113645457	7637
7567	1	1.0004001600640257e-4	0.8211284513805522	7638
7568	1	1.0004001600640257e-4	0.8212284913965586	7639
7569	1	1.0004001600640257e-4	0.821328531412565	7640
7570	1	1.0004001600640257e-4	0.8214285714285714	7641
7571	1	1.0004001600640257e-4	0.8215286114445778	7642
7572	1	1.0004001600640257e-4	0.8216286514605842	7643
7573	1	1.0004001600640257e-4	0.8217286914765906	7644
7574	1	1.0004001600640257e-4	0.821828731492597	7645
7575	1	1.0004001600640257e-4	0.8219287715086034	7646
7576	1	1.0004001600640257e-4	0.8220288115246098	7647
7578	1	1.0004001600640257e-4	0.8221288515406162	7648
7579	1	1.0004001600640257e-4	0.8222288915566226	7649
7580	1	1.0004001600640257e-4	0.822328931572629	7650
7581	1	1.0004001600640257e-4	0.8224289715886355	7651
7582	1	1.0004001600640257e-4	0.8225290116046419	7652
7583	1	1.0004001600640257e-4	0.8226290516206483	7653
7584	1	1.0004001600640257e-4	0.8227290916366546	7654
7585	1	1.0004001600640257e-4	0.822829131652661	7655
7586	1	1.0004001600640257e-4	0.8229291716686674	7656
7587	1	1.0004001600640257e-4	0.8230292116846738	7657
7588	1	1.0004001600640257e-4	0.8231292517006803	7658
7589	1	1.0004001600640257e-4	0.8232292917166867	7659
7590	1	1.0004001600640257e-4	0.8233293317326931	7660
7591	1	1.0004001600640257e-4	0.8234293717486995	7661
7592	1	1.0004001600640257e-4	0.8235294117647058	7662
7593	1	1.0004001600640257e-4	0.8236294517807122	7663
7594	1	1.0004001600640257e-4	0.8237294917967186	7664
7595	1	1.0004001600640257e-4	0.8238295318127251	7665
7596	1	1.0004001600640257e-4	0.8239295718287315	7666
7597	1	1.0004001600640257e-4	0.8240296118447379	7667
7598	1	1.0004001600640257e-4	0.8241296518607443	7668
7599	1	1.0004001600640257e-4	0.8242296918767507	7669
7600	1	1.0004001600640257e-4	0.824329731892757	7670
7601	1	1.0004001600640257e-4	0.8244297719087634	7671
7602	1	1.0004001600640257e-4	0.8245298119247699	7672
7603	1	1.0004001600640257e-4	0.8246298519407763	7673
7604	1	1.0004001600640257e-4	0.8247298919567827	7674
7605	1	1.0004001600640257e-4	0.8248299319727891	7675
7606	1	1.0004001600640257e-4	0.8249299719887955	7676
7607	1	1.0004001600640257e-4	0.8250300120048019	7677
7608	1	1.0004001600640257e-4	0.8251300520208082	7678
7609	1	1.0004001600640257e-4	0.8252300920368147	7679
7610	1	1.0004001600640257e-4	0.8253301320528211	7680
7611	1	1.0004001600640257e-4	0.8254301720688275	7681
7612	1	1.0004001600640257e-4	0.8255302120848339	7682
7613	1	1.0004001600640257e-4	0.8256302521008403	7683
7614	1	1.0004001600640257e-4	0.8257302921168467	7684
7615	1	1.0004001600640257e-4	0.8258303321328531	7685
7616	1	1.0004001600640257e-4	0.8259303721488596	7686
7617	1	1.0004001600640257e-4	0.826030412164866	7687
7618	1	1.0004001600640257e-4	0.8261304521808723	7688
7621	1	1.0004001600640257e-4	0.8262304921968787	7689
7622	1	1.0004001600640257e-4	0.8263305322128851	7690
7623	1	1.0004001600640257e-4	0.8264305722288915	7691
7624	1	1.0004001600640257e-4	0.8265306122448979	7692
7625	1	1.0004001600640257e-4	0.8266306522609044	7693
7626	1	1.0004001600640257e-4	0.8267306922769108	7694
7627	1	1.0004001600640257e-4	0.8268307322929171	7695
7628	1	1.0004001600640257e-4	0.8269307723089235	7696
7630	1	1.0004001600640257e-4	0.8270308123249299	7697
7631	1	1.0004001600640257e-4	0.8271308523409363	7698
7632	1	1.0004001600640257e-4	0.8272308923569428	7699
7633	1	1.0004001600640257e-4	0.8273309323729492	7700
7635	1	1.0004001600640257e-4	0.8274309723889556	7701
7636	1	1.0004001600640257e-4	0.827531012404962	7702
7637	1	1.0004001600640257e-4	0.8276310524209683	7703
7638	1	1.0004001600640257e-4	0.8277310924369747	7704
7639	1	1.0004001600640257e-4	0.8278311324529811	7705
7640	1	1.0004001600640257e-4	0.8279311724689876	7706
7641	1	1.0004001600640257e-4	0.828031212484994	7707
7642	1	1.0004001600640257e-4	0.8281312525010004	7708
7643	1	1.0004001600640257e-4	0.8282312925170068	7709
7644	1	1.0004001600640257e-4	0.8283313325330132	7710
7645	1	1.0004001600640257e-4	0.8284313725490196	7711
7646	1	1.0004001600640257e-4	0.8285314125650259	7712
7647	1	1.0004001600640257e-4	0.8286314525810324	7713
7648	1	1.0004001600640257e-4	0.8287314925970388	7714
7649	1	1.0004001600640257e-4	0.8288315326130452	7715
7650	1	1.0004001600640257e-4	0.8289315726290516	7716
7651	1	1.0004001600640257e-4	0.829031612645058	7717
7652	1	1.0004001600640257e-4	0.8291316526610644	7718
7653	1	1.0004001600640257e-4	0.8292316926770708	7719
7654	1	1.0004001600640257e-4	0.8293317326930773	7720
7655	1	1.0004001600640257e-4	0.8294317727090836	7721
7656	1	1.0004001600640257e-4	0.82953181272509	7722
7657	1	1.0004001600640257e-4	0.8296318527410964	7723
7658	1	1.0004001600640257e-4	0.8297318927571028	7724
7659	1	1.0004001600640257e-4	0.8298319327731092	7725
7660	1	1.0004001600640257e-4	0.8299319727891156	7726
7661	1	1.0004001600640257e-4	0.8300320128051221	7727
7662	1	1.0004001600640257e-4	0.8301320528211285	7728
7663	1	1.0004001600640257e-4	0.8302320928371348	7729
7665	1	1.0004001600640257e-4	0.8303321328531412	7730
7666	1	1.0004001600640257e-4	0.8304321728691476	7731
7667	1	1.0004001600640257e-4	0.830532212885154	7732
7668	1	1.0004001600640257e-4	0.8306322529011604	7733
7669	1	1.0004001600640257e-4	0.8307322929171669	7734
7670	1	1.0004001600640257e-4	0.8308323329331733	7735
7671	1	1.0004001600640257e-4	0.8309323729491797	7736
7672	1	1.0004001600640257e-4	0.831032412965186	7737
7673	1	1.0004001600640257e-4	0.8311324529811924	7738
7674	1	1.0004001600640257e-4	0.8312324929971988	7739
7675	1	1.0004001600640257e-4	0.8313325330132053	7740
7676	1	1.0004001600640257e-4	0.8314325730292117	7741
7677	1	1.0004001600640257e-4	0.8315326130452181	7742
7678	1	1.0004001600640257e-4	0.8316326530612245	7743
7679	1	1.0004001600640257e-4	0.8317326930772309	7744
7680	1	1.0004001600640257e-4	0.8318327330932372	7745
7681	1	1.0004001600640257e-4	0.8319327731092436	7746
7682	1	1.0004001600640257e-4	0.8320328131252501	7747
7683	1	1.0004001600640257e-4	0.8321328531412565	7748
7684	1	1.0004001600640257e-4	0.8322328931572629	7749
7685	1	1.0004001600640257e-4	0.8323329331732693	7750
7687	1	1.0004001600640257e-4	0.8324329731892757	7751
7688	1	1.0004001600640257e-4	0.8325330132052821	7752
7689	1	1.0004001600640257e-4	0.8326330532212884	7753
7690	1	1.0004001600640257e-4	0.8327330932372949	7754
7691	1	1.0004001600640257e-4	0.8328331332533013	7755
7692	1	1.0004001600640257e-4	0.8329331732693077	7756
7693	1	1.0004001600640257e-4	0.8330332132853141	7757
7694	1	1.0004001600640257e-4	0.8331332533013205	7758
7695	1	1.0004001600640257e-4	0.8332332933173269	7759
7696	1	1.0004001600640257e-4	0.8333333333333333	7760
7697	1	1.0004001600640257e-4	0.8334333733493398	7761
7698	1	1.0004001600640257e-4	0.8335334133653461	7762
7699	1	1.0004001600640257e-4	0.8336334533813525	7763
7700	1	1.0004001600640257e-4	0.8337334933973589	7764
7701	1	1.0004001600640257e-4	0.8338335334133653	7765
7702	1	1.0004001600640257e-4	0.8339335734293717	7766
7703	1	1.0004001600640257e-4	0.8340336134453781	7767
7704	1	1.0004001600640257e-4	0.8341336534613846	7768
7705	1	1.0004001600640257e-4	0.834233693477391	7769
7706	1	1.0004001600640257e-4	0.8343337334933973	7770
7707	1	1.0004001600640257e-4	0.8344337735094037	7771
7708	1	1.0004001600640257e-4	0.8345338135254101	7772
7709	1	1.0004001600640257e-4	0.8346338535414165	7773
7710	1	1.0004001600640257e-4	0.8347338935574229	7774
7711	1	1.0004001600640257e-4	0.8348339335734294	7775
7712	1	1.0004001600640257e-4	0.8349339735894358	7776
7713	1	1.0004001600640257e-4	0.8350340136054422	7777
7714	1	1.0004001600640257e-4	0.8351340536214485	7778
7715	1	1.0004001600640257e-4	0.8352340936374549	7779
7716	1	1.0004001600640257e-4	0.8353341336534613	7780
7717	1	1.0004001600640257e-4	0.8354341736694677	7781
7718	1	1.0004001600640257e-4	0.8355342136854742	7782
7719	1	1.0004001600640257e-4	0.8356342537014806	7783
7720	1	1.0004001600640257e-4	0.835734293717487	7784
7721	1	1.0004001600640257e-4	0.8358343337334934	7785
7722	1	1.0004001600640257e-4	0.8359343737494997	7786
7723	1	1.0004001600640257e-4	0.8360344137655061	7787
7725	1	1.0004001600640257e-4	0.8361344537815126	7788
7726	1	1.0004001600640257e-4	0.836234493797519	7789
7727	1	1.0004001600640257e-4	0.8363345338135254	7790
7728	1	1.0004001600640257e-4	0.8364345738295318	7791
7729	1	1.0004001600640257e-4	0.8365346138455382	7792
7730	1	1.0004001600640257e-4	0.8366346538615446	7793
7731	1	1.0004001600640257e-4	0.836734693877551	7794
7732	1	1.0004001600640257e-4	0.8368347338935574	7795
7733	1	1.0004001600640257e-4	0.8369347739095638	7796
7734	1	1.0004001600640257e-4	0.8370348139255702	7797
7735	1	1.0004001600640257e-4	0.8371348539415766	7798
7736	1	1.0004001600640257e-4	0.837234893957583	7799
7737	1	1.0004001600640257e-4	0.8373349339735894	7800
7738	1	1.0004001600640257e-4	0.8374349739895958	7801
7739	1	1.0004001600640257e-4	0.8375350140056023	7802
7740	1	1.0004001600640257e-4	0.8376350540216086	7803
7741	1	1.0004001600640257e-4	0.837735094037615	7804
7742	1	1.0004001600640257e-4	0.8378351340536214	7805
7743	1	1.0004001600640257e-4	0.8379351740696278	7806
7744	1	1.0004001600640257e-4	0.8380352140856342	7807
7745	1	1.0004001600640257e-4	0.8381352541016406	7808
7746	1	1.0004001600640257e-4	0.8382352941176471	7809
7747	1	1.0004001600640257e-4	0.8383353341336535	7810
7748	1	1.0004001600640257e-4	0.8384353741496599	7811
7749	1	1.0004001600640257e-4	0.8385354141656662	7812
7750	1	1.0004001600640257e-4	0.8386354541816726	7813
7751	1	1.0004001600640257e-4	0.838735494197679	7814
7752	1	1.0004001600640257e-4	0.8388355342136854	7815
7753	1	1.0004001600640257e-4	0.8389355742296919	7816
7754	1	1.0004001600640257e-4	0.8390356142456983	7817
7755	1	1.0004001600640257e-4	0.8391356542617047	7818
7756	1	1.0004001600640257e-4	0.839235694277711	7819
7757	1	1.0004001600640257e-4	0.8393357342937174	7820
7758	1	1.0004001600640257e-4	0.8394357743097238	7821
7759	1	1.0004001600640257e-4	0.8395358143257302	7822
7760	1	1.0004001600640257e-4	0.8396358543417367	7823
7761	1	1.0004001600640257e-4	0.8397358943577431	7824
7762	1	1.0004001600640257e-4	0.8398359343737495	7825
7763	1	1.0004001600640257e-4	0.8399359743897559	7826
7764	1	1.0004001600640257e-4	0.8400360144057623	7827
7765	1	1.0004001600640257e-4	0.8401360544217686	7828
7766	1	1.0004001600640257e-4	0.8402360944377751	7829
7768	1	1.0004001600640257e-4	0.8403361344537815	7830
7769	1	1.0004001600640257e-4	0.8404361744697879	7831
7770	1	1.0004001600640257e-4	0.8405362144857943	7832
7771	1	1.0004001600640257e-4	0.8406362545018007	7833
7772	1	1.0004001600640257e-4	0.8407362945178071	7834
7773	1	1.0004001600640257e-4	0.8408363345338135	7835
7774	1	1.0004001600640257e-4	0.84093637454982	7836
7775	1	1.0004001600640257e-4	0.8410364145658263	7837
7776	1	1.0004001600640257e-4	0.8411364545818327	7838
7777	1	1.0004001600640257e-4	0.8412364945978391	7839
7778	1	1.0004001600640257e-4	0.8413365346138455	7840
7779	1	1.0004001600640257e-4	0.8414365746298519	7841
7780	1	1.0004001600640257e-4	0.8415366146458583	7842
7781	1	1.0004001600640257e-4	0.8416366546618648	7843
7782	1	1.0004001600640257e-4	0.8417366946778712	7844
7783	1	1.0004001600640257e-4	0.8418367346938775	7845
7784	1	1.0004001600640257e-4	0.8419367747098839	7846
7785	1	1.0004001600640257e-4	0.8420368147258903	7847
7786	1	1.0004001600640257e-4	0.8421368547418967	7848
7787	1	1.0004001600640257e-4	0.8422368947579031	7849
7788	1	1.0004001600640257e-4	0.8423369347739096	7850
7789	1	1.0004001600640257e-4	0.842436974789916	7851
7790	1	1.0004001600640257e-4	0.8425370148059224	7852
7791	1	1.0004001600640257e-4	0.8426370548219287	7853
7793	1	1.0004001600640257e-4	0.8427370948379351	7854
7794	1	1.0004001600640257e-4	0.8428371348539415	7855
7796	1	1.0004001600640257e-4	0.8429371748699479	7856
7797	1	1.0004001600640257e-4	0.8430372148859544	7857
7798	1	1.0004001600640257e-4	0.8431372549019608	7858
7799	1	1.0004001600640257e-4	0.8432372949179672	7859
7800	1	1.0004001600640257e-4	0.8433373349339736	7860
7801	1	1.0004001600640257e-4	0.84343737494998	7861
7802	1	1.0004001600640257e-4	0.8435374149659863	7862
7803	1	1.0004001600640257e-4	0.8436374549819927	7863
7804	1	1.0004001600640257e-4	0.8437374949979992	7864
7805	1	1.0004001600640257e-4	0.8438375350140056	7865
7806	1	1.0004001600640257e-4	0.843937575030012	7866
7807	1	1.0004001600640257e-4	0.8440376150460184	7867
7808	1	1.0004001600640257e-4	0.8441376550620248	7868
7809	1	1.0004001600640257e-4	0.8442376950780311	7869
7810	1	1.0004001600640257e-4	0.8443377350940375	7870
7811	1	1.0004001600640257e-4	0.844437775110044	7871
7812	1	1.0004001600640257e-4	0.8445378151260504	7872
7817	1	1.0004001600640257e-4	0.8446378551420568	7873
7818	1	1.0004001600640257e-4	0.8447378951580632	7874
7819	1	1.0004001600640257e-4	0.8448379351740696	7875
7820	1	1.0004001600640257e-4	0.844937975190076	7876
7821	1	1.0004001600640257e-4	0.8450380152060825	7877
7822	1	1.0004001600640257e-4	0.8451380552220888	7878
7823	1	1.0004001600640257e-4	0.8452380952380952	7879
7824	1	1.0004001600640257e-4	0.8453381352541016	7880
7826	1	1.0004001600640257e-4	0.845438175270108	7881
7827	1	1.0004001600640257e-4	0.8455382152861144	7882
7828	1	1.0004001600640257e-4	0.8456382553021208	7883
7829	1	1.0004001600640257e-4	0.8457382953181273	7884
7830	1	1.0004001600640257e-4	0.8458383353341337	7885
7831	1	1.0004001600640257e-4	0.84593837535014	7886
7832	1	1.0004001600640257e-4	0.8460384153661464	7887
7833	1	1.0004001600640257e-4	0.8461384553821528	7888
7834	1	1.0004001600640257e-4	0.8462384953981592	7889
7835	1	1.0004001600640257e-4	0.8463385354141656	7890
7836	1	1.0004001600640257e-4	0.8464385754301721	7891
7837	1	1.0004001600640257e-4	0.8465386154461785	7892
7838	1	1.0004001600640257e-4	0.8466386554621849	7893
7839	1	1.0004001600640257e-4	0.84673869547819125	7894
7840	1	1.0004001600640257e-4	0.8468387354941976	7895
7841	1	1.0004001600640257e-4	0.846938775510204	7896
7842	1	1.0004001600640257e-4	0.8470388155262104	7897
7843	1	1.0004001600640257e-4	0.8471388555422169	7898
7844	1	1.0004001600640257e-4	0.8472388955582233	7899
7845	1	1.0004001600640257e-4	0.8473389355742297	7900
7846	1	1.0004001600640257e-4	0.8474389755902361	7901
7847	1	1.0004001600640257e-4	0.8475390156062425	7902
7848	1	1.0004001600640257e-4	0.8476390556222488	7903
7849	1	1.0004001600640257e-4	0.8477390956382552	7904
7850	1	1.0004001600640257e-4	0.8478391356542617	7905
7851	1	1.0004001600640257e-4	0.8479391756702681	7906
7852	1	1.0004001600640257e-4	0.8480392156862745	7907
7853	1	1.0004001600640257e-4	0.8481392557022809	7908
7854	1	1.0004001600640257e-4	0.8482392957182873	7909
7855	1	1.0004001600640257e-4	0.8483393357342937	7910
7856	1	1.0004001600640257e-4	0.8484393757503	7911
7857	1	1.0004001600640257e-4	0.8485394157663065	7912
7858	1	1.0004001600640257e-4	0.8486394557823129	7913
7859	1	1.0004001600640257e-4	0.8487394957983193	7914
7860	1	1.0004001600640257e-4	0.8488395358143257	7915
7861	1	1.0004001600640257e-4	0.8489395758303321	7916
7862	1	1.0004001600640257e-4	0.8490396158463385	7917
7863	1	1.0004001600640257e-4	0.8491396558623449	7918
7864	1	1.0004001600640257e-4	0.8492396958783514	7919
7865	1	1.0004001600640257e-4	0.8493397358943577	7920
7866	1	1.0004001600640257e-4	0.8494397759103641	7921
7867	1	1.0004001600640257e-4	0.8495398159263705	7922
7868	1	1.0004001600640257e-4	0.8496398559423769	7923
7869	1	1.0004001600640257e-4	0.8497398959583833	7924
7870	1	1.0004001600640257e-4	0.8498399359743898	7925
7871	1	1.0004001600640257e-4	0.8499399759903962	7926
7872	1	1.0004001600640257e-4	0.8500400160064026	7927
7873	1	1.0004001600640257e-4	0.8501400560224089	7928
7874	1	1.0004001600640257e-4	0.8502400960384153	7929
7875	1	1.0004001600640257e-4	0.8503401360544217	7930
7876	1	1.0004001600640257e-4	0.8504401760704281	7931
7877	1	1.0004001600640257e-4	0.8505402160864346	7932
7878	1	1.0004001600640257e-4	0.850640256102441	7933
7879	1	1.0004001600640257e-4	0.8507402961184474	7934
7880	1	1.0004001600640257e-4	0.8508403361344538	7935
7881	1	1.0004001600640257e-4	0.8509403761504601	7936
7882	1	1.0004001600640257e-4	0.8510404161664665	7937
7883	1	1.0004001600640257e-4	0.8511404561824729	7938
7884	1	1.0004001600640257e-4	0.8512404961984794	7939
7885	1	1.0004001600640257e-4	0.8513405362144858	7940
7886	1	1.0004001600640257e-4	0.8514405762304922	7941
7887	1	1.0004001600640257e-4	0.8515406162464986	7942
7889	1	1.0004001600640257e-4	0.851640656262505	7943
7890	1	1.0004001600640257e-4	0.8517406962785113	7944
7891	1	1.0004001600640257e-4	0.8518407362945177	7945
7892	1	1.0004001600640257e-4	0.8519407763105242	7946
7893	1	1.0004001600640257e-4	0.8520408163265306	7947
7894	1	1.0004001600640257e-4	0.852140856342537	7948
7895	1	1.0004001600640257e-4	0.8522408963585434	7949
7896	1	1.0004001600640257e-4	0.8523409363745498	7950
7897	1	1.0004001600640257e-4	0.8524409763905562	7951
7898	1	1.0004001600640257e-4	0.8525410164065625	7952
7899	1	1.0004001600640257e-4	0.852641056422569	7953
7900	1	1.0004001600640257e-4	0.8527410964385754	7954
7901	1	1.0004001600640257e-4	0.8528411364545818	7955
7902	1	1.0004001600640257e-4	0.8529411764705882	7956
7903	1	1.0004001600640257e-4	0.8530412164865946	7957
7904	1	1.0004001600640257e-4	0.853141256502601	7958
7905	1	1.0004001600640257e-4	0.8532412965186074	7959
7906	1	1.0004001600640257e-4	0.8533413365346139	7960
7907	1	1.0004001600640257e-4	0.8534413765506202	7961
7908	1	1.0004001600640257e-4	0.8535414165666266	7962
7909	1	1.0004001600640257e-4	0.853641456582633	7963
7910	1	1.0004001600640257e-4	0.8537414965986394	7964
7911	1	1.0004001600640257e-4	0.8538415366146458	7965
7912	1	1.0004001600640257e-4	0.8539415766306523	7966
7913	1	1.0004001600640257e-4	0.8540416166466587	7967
7914	1	1.0004001600640257e-4	0.8541416566626651	7968
7915	1	1.0004001600640257e-4	0.8542416966786714	7969
7916	1	1.0004001600640257e-4	0.8543417366946778	7970
7917	1	1.0004001600640257e-4	0.8544417767106842	7971
7918	1	1.0004001600640257e-4	0.8545418167266906	7972
7919	1	1.0004001600640257e-4	0.8546418567426971	7973
7920	1	1.0004001600640257e-4	0.8547418967587035	7974
7921	1	1.0004001600640257e-4	0.8548419367747099	7975
7923	1	1.0004001600640257e-4	0.8549419767907163	7976
7924	1	1.0004001600640257e-4	0.8550420168067226	7977
7925	1	1.0004001600640257e-4	0.855142056822729	7978
7926	1	1.0004001600640257e-4	0.8552420968387354	7979
7927	1	1.0004001600640257e-4	0.8553421368547419	7980
7928	1	1.0004001600640257e-4	0.8554421768707483	7981
7929	1	1.0004001600640257e-4	0.8555422168867547	7982
7930	1	1.0004001600640257e-4	0.8556422569027611	7983
7931	1	1.0004001600640257e-4	0.8557422969187675	7984
7932	1	1.0004001600640257e-4	0.8558423369347739	7985
7933	1	1.0004001600640257e-4	0.8559423769507802	7986
7934	1	1.0004001600640257e-4	0.8560424169667867	7987
7935	1	1.0004001600640257e-4	0.8561424569827931	7988
7936	1	1.0004001600640257e-4	0.8562424969987995	7989
7937	1	1.0004001600640257e-4	0.8563425370148059	7990
7939	1	1.0004001600640257e-4	0.8564425770308123	7991
7940	1	1.0004001600640257e-4	0.8565426170468187	7992
7941	1	1.0004001600640257e-4	0.856642657062825	7993
7942	1	1.0004001600640257e-4	0.8567426970788315	7994
7943	1	1.0004001600640257e-4	0.8568427370948379	7995
7944	1	1.0004001600640257e-4	0.8569427771108443	7996
7945	1	1.0004001600640257e-4	0.8570428171268507	7997
7947	1	1.0004001600640257e-4	0.8571428571428571	7998
7948	1	1.0004001600640257e-4	0.8572428971588635	7999
7949	1	1.0004001600640257e-4	0.8573429371748699	8000
7950	1	1.0004001600640257e-4	0.8574429771908764	8001
7951	1	1.0004001600640257e-4	0.8575430172068828	8002
7952	1	1.0004001600640257e-4	0.8576430572228891	8003
7953	1	1.0004001600640257e-4	0.8577430972388955	8004
7954	1	1.0004001600640257e-4	0.8578431372549019	8005
7955	1	1.0004001600640257e-4	0.8579431772709083	8006
7956	1	1.0004001600640257e-4	0.8580432172869147	8007
7957	1	1.0004001600640257e-4	0.8581432573029212	8008
7958	1	1.0004001600640257e-4	0.8582432973189276	8009
7959	1	1.0004001600640257e-4	0.858343337334934	8010
7960	1	1.0004001600640257e-4	0.8584433773509403	8011
7961	1	1.0004001600640257e-4	0.8585434173669467	8012
7962	1	1.0004001600640257e-4	0.8586434573829531	8013
7963	1	1.0004001600640257e-4	0.8587434973989596	8014
7964	1	1.0004001600640257e-4	0.858843537414966	8015
7965	1	1.0004001600640257e-4	0.8589435774309724	8016
7966	1	1.0004001600640257e-4	0.8590436174469788	8017
7967	1	1.0004001600640257e-4	0.8591436574629852	8018
7968	1	1.0004001600640257e-4	0.8592436974789915	8019
7969	1	1.0004001600640257e-4	0.8593437374949979	8020
7970	1	1.0004001600640257e-4	0.8594437775110044	8021
7971	1	1.0004001600640257e-4	0.8595438175270108	8022
7972	1	1.0004001600640257e-4	0.8596438575430172	8023
7973	1	1.0004001600640257e-4	0.8597438975590236	8024
7974	1	1.0004001600640257e-4	0.85984393757503	8025
7975	1	1.0004001600640257e-4	0.8599439775910364	8026
7976	1	1.0004001600640257e-4	0.8600440176070427	8027
7977	1	1.0004001600640257e-4	0.8601440576230492	8028
7978	1	1.0004001600640257e-4	0.8602440976390556	8029
7979	1	1.0004001600640257e-4	0.860344137655062	8030
7980	1	1.0004001600640257e-4	0.8604441776710684	8031
7981	1	1.0004001600640257e-4	0.8605442176870748	8032
7982	1	1.0004001600640257e-4	0.8606442577030812	8033
7983	1	1.0004001600640257e-4	0.8607442977190876	8034
7984	1	1.0004001600640257e-4	0.8608443377350941	8035
7985	1	1.0004001600640257e-4	0.8609443777511004	8036
7986	1	1.0004001600640257e-4	0.8610444177671068	8037
7987	1	1.0004001600640257e-4	0.8611444577831132	8038
7988	1	1.0004001600640257e-4	0.8612444977991196	8039
7989	1	1.0004001600640257e-4	0.861344537815126	8040
7990	1	1.0004001600640257e-4	0.8614445778311324	8041
7991	1	1.0004001600640257e-4	0.8615446178471389	8042
7992	1	1.0004001600640257e-4	0.8616446578631453	8043
7993	1	1.0004001600640257e-4	0.8617446978791516	8044
7994	1	1.0004001600640257e-4	0.861844737895158	8045
7995	1	1.0004001600640257e-4	0.8619447779111644	8046
7996	1	1.0004001600640257e-4	0.8620448179271708	8047
7997	1	1.0004001600640257e-4	0.8621448579431772	8048
7998	1	1.0004001600640257e-4	0.8622448979591837	8049
7999	1	1.0004001600640257e-4	0.8623449379751901	8050
8000	1	1.0004001600640257e-4	0.8624449779911965	8051
8001	1	1.0004001600640257e-4	0.8625450180072028	8052
8002	1	1.0004001600640257e-4	0.8626450580232092	8053
8003	1	1.0004001600640257e-4	0.8627450980392156	8054
8004	1	1.0004001600640257e-4	0.862845138055222	8055
8005	1	1.0004001600640257e-4	0.8629451780712285	8056
8006	1	1.0004001600640257e-4	0.8630452180872349	8057
8007	1	1.0004001600640257e-4	0.8631452581032413	8058
8008	1	1.0004001600640257e-4	0.8632452981192477	8059
8009	1	1.0004001600640257e-4	0.863345338135254	8060
8010	1	1.0004001600640257e-4	0.8634453781512604	8061
8011	1	1.0004001600640257e-4	0.8635454181672669	8062
8012	1	1.0004001600640257e-4	0.8636454581832733	8063
8013	1	1.0004001600640257e-4	0.8637454981992797	8064
8014	1	1.0004001600640257e-4	0.8638455382152861	8065
8015	1	1.0004001600640257e-4	0.8639455782312925	8066
8017	1	1.0004001600640257e-4	0.8640456182472989	8067
8019	1	1.0004001600640257e-4	0.8641456582633052	8068
8020	1	1.0004001600640257e-4	0.8642456982793117	8069
8021	1	1.0004001600640257e-4	0.8643457382953181	8070
8022	1	1.0004001600640257e-4	0.8644457783113245	8071
8023	1	1.0004001600640257e-4	0.8645458183273309	8072
8024	1	1.0004001600640257e-4	0.8646458583433373	8073
8025	1	1.0004001600640257e-4	0.8647458983593437	8074
8026	1	1.0004001600640257e-4	0.8648459383753501	8075
8027	1	1.0004001600640257e-4	0.8649459783913566	8076
8028	1	1.0004001600640257e-4	0.865046018407363	8077
8029	1	1.0004001600640257e-4	0.8651460584233693	8078
8030	1	1.0004001600640257e-4	0.8652460984393757	8079
8031	1	1.0004001600640257e-4	0.8653461384553821	8080
8032	1	1.0004001600640257e-4	0.8654461784713885	8081
8033	1	1.0004001600640257e-4	0.8655462184873949	8082
8034	1	1.0004001600640257e-4	0.8656462585034014	8083
8035	1	1.0004001600640257e-4	0.8657462985194078	8084
8036	1	1.0004001600640257e-4	0.8658463385354142	8085
8037	1	1.0004001600640257e-4	0.8659463785514205	8086
8038	1	1.0004001600640257e-4	0.8660464185674269	8087
8039	1	1.0004001600640257e-4	0.8661464585834333	8088
8040	1	1.0004001600640257e-4	0.8662464985994397	8089
8041	1	1.0004001600640257e-4	0.8663465386154462	8090
8042	1	1.0004001600640257e-4	0.8664465786314526	8091
8043	1	1.0004001600640257e-4	0.866546618647459	8092
8044	1	1.0004001600640257e-4	0.8666466586634654	8093
8045	1	1.0004001600640257e-4	0.8667466986794717	8094
8046	1	1.0004001600640257e-4	0.8668467386954781	8095
8047	1	1.0004001600640257e-4	0.8669467787114845	8096
8048	1	1.0004001600640257e-4	0.867046818727491	8097
8049	1	1.0004001600640257e-4	0.8671468587434974	8098
8050	1	1.0004001600640257e-4	0.8672468987595038	8099
8051	1	1.0004001600640257e-4	0.8673469387755102	8100
8052	1	1.0004001600640257e-4	0.8674469787915166	8101
8053	1	1.0004001600640257e-4	0.8675470188075229	8102
8054	1	1.0004001600640257e-4	0.8676470588235294	8103
8055	1	1.0004001600640257e-4	0.8677470988395358	8104
8056	1	1.0004001600640257e-4	0.8678471388555422	8105
8057	1	1.0004001600640257e-4	0.8679471788715486	8106
8058	1	1.0004001600640257e-4	0.868047218887555	8107
8059	1	1.0004001600640257e-4	0.8681472589035614	8108
8060	1	1.0004001600640257e-4	0.8682472989195678	8109
8061	1	1.0004001600640257e-4	0.8683473389355743	8110
8062	1	1.0004001600640257e-4	0.8684473789515806	8111
8063	1	1.0004001600640257e-4	0.868547418967587	8112
8064	1	1.0004001600640257e-4	0.8686474589835934	8113
8065	1	1.0004001600640257e-4	0.8687474989995998	8114
8066	1	1.0004001600640257e-4	0.8688475390156062	8115
8067	1	1.0004001600640257e-4	0.8689475790316126	8116
8068	1	1.0004001600640257e-4	0.8690476190476191	8117
8069	1	1.0004001600640257e-4	0.8691476590636255	8118
8070	1	1.0004001600640257e-4	0.8692476990796318	8119
8071	1	1.0004001600640257e-4	0.8693477390956382	8120
8072	1	1.0004001600640257e-4	0.8694477791116446	8121
8073	1	1.0004001600640257e-4	0.869547819127651	8122
8074	1	1.0004001600640257e-4	0.8696478591436574	8123
8075	1	1.0004001600640257e-4	0.8697478991596639	8124
8076	1	1.0004001600640257e-4	0.8698479391756703	8125
8077	1	1.0004001600640257e-4	0.8699479791916767	8126
8078	1	1.0004001600640257e-4	0.870048019207683	8127
8080	1	1.0004001600640257e-4	0.8701480592236894	8128
8081	1	1.0004001600640257e-4	0.8702480992396958	8129
8082	1	1.0004001600640257e-4	0.8703481392557022	8130
8084	1	1.0004001600640257e-4	0.8704481792717087	8131
8085	1	1.0004001600640257e-4	0.8705482192877151	8132
8086	1	1.0004001600640257e-4	0.8706482593037215	8133
8087	1	1.0004001600640257e-4	0.8707482993197279	8134
8088	1	1.0004001600640257e-4	0.8708483393357342	8135
8089	1	1.0004001600640257e-4	0.8709483793517406	8136
8090	1	1.0004001600640257e-4	0.871048419367747	8137
8091	1	1.0004001600640257e-4	0.8711484593837535	8138
8092	1	1.0004001600640257e-4	0.8712484993997599	8139
8093	1	1.0004001600640257e-4	0.8713485394157663	8140
8094	1	1.0004001600640257e-4	0.8714485794317727	8141
8095	1	1.0004001600640257e-4	0.8715486194477791	8142
8096	1	1.0004001600640257e-4	0.8716486594637854	8143
8097	1	1.0004001600640257e-4	0.8717486994797918	8144
8098	1	1.0004001600640257e-4	0.8718487394957983	8145
8099	1	1.0004001600640257e-4	0.8719487795118047	8146
8100	1	1.0004001600640257e-4	0.8720488195278111	8147
8101	1	1.0004001600640257e-4	0.8721488595438175	8148
8102	1	1.0004001600640257e-4	0.8722488995598239	8149
8104	1	1.0004001600640257e-4	0.8723489395758303	8150
8105	1	1.0004001600640257e-4	0.8724489795918368	8151
8106	1	1.0004001600640257e-4	0.8725490196078431	8152
8108	1	1.0004001600640257e-4	0.8726490596238495	8153
8109	1	1.0004001600640257e-4	0.8727490996398559	8154
8110	1	1.0004001600640257e-4	0.8728491396558623	8155
8111	1	1.0004001600640257e-4	0.8729491796718687	8156
8112	1	1.0004001600640257e-4	0.8730492196878751	8157
8113	1	1.0004001600640257e-4	0.8731492597038816	8158
8114	1	1.0004001600640257e-4	0.873249299719888	8159
8115	1	1.0004001600640257e-4	0.8733493397358943	8160
8116	1	1.0004001600640257e-4	0.8734493797519007	8161
8117	1	1.0004001600640257e-4	0.8735494197679071	8162
8118	1	1.0004001600640257e-4	0.8736494597839135	8163
8119	1	1.0004001600640257e-4	0.8737494997999199	8164
8120	1	1.0004001600640257e-4	0.8738495398159264	8165
8121	1	1.0004001600640257e-4	0.8739495798319328	8166
8122	1	1.0004001600640257e-4	0.8740496198479392	8167
8123	1	1.0004001600640257e-4	0.8741496598639455	8168
8124	1	1.0004001600640257e-4	0.8742496998799519	8169
8125	1	1.0004001600640257e-4	0.8743497398959583	8170
8126	1	1.0004001600640257e-4	0.8744497799119647	8171
8127	1	1.0004001600640257e-4	0.8745498199279712	8172
8128	1	1.0004001600640257e-4	0.8746498599439776	8173
8129	1	1.0004001600640257e-4	0.874749899959984	8174
8130	1	1.0004001600640257e-4	0.8748499399759904	8175
8132	1	1.0004001600640257e-4	0.8749499799919968	8176
8133	1	1.0004001600640257e-4	0.8750500200080031	8177
8134	1	1.0004001600640257e-4	0.8751500600240095	8178
8135	1	1.0004001600640257e-4	0.875250100040016	8179
8136	1	1.0004001600640257e-4	0.8753501400560224	8180
8137	1	1.0004001600640257e-4	0.8754501800720288	8181
8138	1	1.0004001600640257e-4	0.8755502200880352	8182
8139	1	1.0004001600640257e-4	0.8756502601040416	8183
8140	1	1.0004001600640257e-4	0.875750300120048	8184
8141	1	1.0004001600640257e-4	0.8758503401360543	8185
8142	1	1.0004001600640257e-4	0.8759503801520608	8186
8143	1	1.0004001600640257e-4	0.8760504201680672	8187
8144	1	1.0004001600640257e-4	0.8761504601840736	8188
8145	1	1.0004001600640257e-4	0.87625050020008	8189
8146	1	1.0004001600640257e-4	0.8763505402160864	8190
8147	1	1.0004001600640257e-4	0.8764505802320928	8191
8148	1	1.0004001600640257e-4	0.8765506202480992	8192
8149	1	1.0004001600640257e-4	0.8766506602641057	8193
8150	1	1.0004001600640257e-4	0.876750700280112	8194
8151	1	1.0004001600640257e-4	0.8768507402961184	8195
8152	1	1.0004001600640257e-4	0.8769507803121248	8196
8153	1	1.0004001600640257e-4	0.8770508203281312	8197
8154	1	1.0004001600640257e-4	0.8771508603441376	8198
8155	1	1.0004001600640257e-4	0.8772509003601441	8199
8156	1	1.0004001600640257e-4	0.8773509403761505	8200
8158	1	1.0004001600640257e-4	0.8774509803921569	8201
8159	1	1.0004001600640257e-4	0.8775510204081632	8202
8160	1	1.0004001600640257e-4	0.8776510604241696	8203
8161	1	1.0004001600640257e-4	0.877751100440176	8204
8162	1	1.0004001600640257e-4	0.8778511404561824	8205
8163	1	1.0004001600640257e-4	0.8779511804721889	8206
8164	1	1.0004001600640257e-4	0.8780512204881953	8207
8165	1	1.0004001600640257e-4	0.8781512605042017	8208
8166	1	1.0004001600640257e-4	0.8782513005202081	8209
8167	1	1.0004001600640257e-4	0.8783513405362144	8210
8168	1	1.0004001600640257e-4	0.8784513805522208	8211
8169	1	1.0004001600640257e-4	0.8785514205682272	8212
8170	1	1.0004001600640257e-4	0.8786514605842337	8213
8171	1	1.0004001600640257e-4	0.8787515006002401	8214
8172	1	1.0004001600640257e-4	0.8788515406162465	8215
8173	1	1.0004001600640257e-4	0.8789515806322529	8216
8174	1	1.0004001600640257e-4	0.8790516206482593	8217
8175	1	1.0004001600640257e-4	0.8791516606642656	8218
8176	1	1.0004001600640257e-4	0.879251700680272	8219
8177	1	1.0004001600640257e-4	0.8793517406962785	8220
8178	1	1.0004001600640257e-4	0.8794517807122849	8221
8179	1	1.0004001600640257e-4	0.8795518207282913	8222
8180	1	1.0004001600640257e-4	0.8796518607442977	8223
8181	1	1.0004001600640257e-4	0.8797519007603041	8224
8182	1	1.0004001600640257e-4	0.8798519407763105	8225
8183	1	1.0004001600640257e-4	0.8799519807923168	8226
8184	1	1.0004001600640257e-4	0.8800520208083233	8227
8185	1	1.0004001600640257e-4	0.8801520608243297	8228
8186	1	1.0004001600640257e-4	0.8802521008403361	8229
8187	1	1.0004001600640257e-4	0.8803521408563425	8230
8188	1	1.0004001600640257e-4	0.8804521808723489	8231
8189	1	1.0004001600640257e-4	0.8805522208883553	8232
8190	1	1.0004001600640257e-4	0.8806522609043617	8233
8191	1	1.0004001600640257e-4	0.8807523009203682	8234
8192	1	1.0004001600640257e-4	0.8808523409363745	8235
8193	1	1.0004001600640257e-4	0.8809523809523809	8236
8194	1	1.0004001600640257e-4	0.8810524209683873	8237
8195	1	1.0004001600640257e-4	0.8811524609843937	8238
8196	1	1.0004001600640257e-4	0.8812525010004001	8239
8197	1	1.0004001600640257e-4	0.8813525410164066	8240
8198	1	1.0004001600640257e-4	0.881452581032413	8241
8199	1	1.0004001600640257e-4	0.8815526210484194	8242
8200	1	1.0004001600640257e-4	0.8816526610644257	8243
8201	1	1.0004001600640257e-4	0.8817527010804321	8244
8202	1	1.0004001600640257e-4	0.8818527410964385	8245
8204	1	1.0004001600640257e-4	0.8819527811124449	8246
8205	1	1.0004001600640257e-4	0.8820528211284514	8247
8206	1	1.0004001600640257e-4	0.8821528611444578	8248
8207	1	1.0004001600640257e-4	0.8822529011604642	8249
8208	1	1.0004001600640257e-4	0.8823529411764706	8250
8209	1	1.0004001600640257e-4	0.882452981192477	8251
8210	1	1.0004001600640257e-4	0.8825530212084833	8252
8211	1	1.0004001600640257e-4	0.8826530612244897	8253
8212	1	1.0004001600640257e-4	0.8827531012404962	8254
8213	1	1.0004001600640257e-4	0.8828531412565026	8255
8214	1	1.0004001600640257e-4	0.882953181272509	8256
8215	1	1.0004001600640257e-4	0.8830532212885154	8257
8216	1	1.0004001600640257e-4	0.8831532613045218	8258
8217	1	1.0004001600640257e-4	0.8832533013205282	8259
8218	1	1.0004001600640257e-4	0.8833533413365345	8260
8219	1	1.0004001600640257e-4	0.883453381352541	8261
8220	1	1.0004001600640257e-4	0.8835534213685474	8262
8221	1	1.0004001600640257e-4	0.8836534613845538	8263
8222	1	1.0004001600640257e-4	0.8837535014005602	8264
8223	1	1.0004001600640257e-4	0.8838535414165666	8265
8225	1	1.0004001600640257e-4	0.883953581432573	8266
8226	1	1.0004001600640257e-4	0.8840536214485794	8267
8227	1	1.0004001600640257e-4	0.8841536614645858	8268
8228	1	1.0004001600640257e-4	0.8842537014805922	8269
8229	1	1.0004001600640257e-4	0.8843537414965986	8270
8230	1	1.0004001600640257e-4	0.884453781512605	8271
8231	1	1.0004001600640257e-4	0.8845538215286114	8272
8232	1	1.0004001600640257e-4	0.8846538615446178	8273
8233	1	1.0004001600640257e-4	0.8847539015606242	8274
8234	1	1.0004001600640257e-4	0.8848539415766307	8275
8235	1	1.0004001600640257e-4	0.884953981592637	8276
8236	1	1.0004001600640257e-4	0.8850540216086434	8277
8237	1	1.0004001600640257e-4	0.8851540616246498	8278
8238	1	1.0004001600640257e-4	0.8852541016406562	8279
8239	1	1.0004001600640257e-4	0.8853541416566626	8280
8240	1	1.0004001600640257e-4	0.885454181672669	8281
8241	1	1.0004001600640257e-4	0.8855542216886755	8282
8242	1	1.0004001600640257e-4	0.8856542617046819	8283
8243	1	1.0004001600640257e-4	0.8857543017206883	8284
8244	1	1.0004001600640257e-4	0.8858543417366946	8285
8246	1	1.0004001600640257e-4	0.885954381752701	8286
8247	1	1.0004001600640257e-4	0.8860544217687074	8287
8248	1	1.0004001600640257e-4	0.8861544617847139	8288
8249	1	1.0004001600640257e-4	0.8862545018007203	8289
8250	1	1.0004001600640257e-4	0.8863545418167267	8290
8251	1	1.0004001600640257e-4	0.8864545818327331	8291
8252	1	1.0004001600640257e-4	0.8865546218487395	8292
8253	1	1.0004001600640257e-4	0.8866546618647458	8293
8254	1	1.0004001600640257e-4	0.8867547018807522	8294
8255	1	1.0004001600640257e-4	0.8868547418967587	8295
8256	1	1.0004001600640257e-4	0.8869547819127651	8296
8258	1	1.0004001600640257e-4	0.8870548219287715	8297
8259	1	1.0004001600640257e-4	0.8871548619447779	8298
8260	1	1.0004001600640257e-4	0.8872549019607843	8299
8262	1	1.0004001600640257e-4	0.8873549419767907	8300
8263	1	1.0004001600640257e-4	0.887454981992797	8301
8264	1	1.0004001600640257e-4	0.8875550220088035	8302
8265	1	1.0004001600640257e-4	0.8876550620248099	8303
8266	1	1.0004001600640257e-4	0.8877551020408163	8304
8267	1	1.0004001600640257e-4	0.8878551420568227	8305
8268	1	1.0004001600640257e-4	0.8879551820728291	8306
8269	1	1.0004001600640257e-4	0.8880552220888355	8307
8270	1	1.0004001600640257e-4	0.8881552621048419	8308
8271	1	1.0004001600640257e-4	0.8882553021208484	8309
8272	1	1.0004001600640257e-4	0.8883553421368547	8310
8273	1	1.0004001600640257e-4	0.8884553821528611	8311
8275	1	1.0004001600640257e-4	0.8885554221688675	8312
8276	1	1.0004001600640257e-4	0.8886554621848739	8313
8277	1	1.0004001600640257e-4	0.8887555022008803	8314
8278	1	1.0004001600640257e-4	0.8888555422168867	8315
8279	1	1.0004001600640257e-4	0.8889555822328932	8316
8280	1	1.0004001600640257e-4	0.8890556222488996	8317
8281	1	1.0004001600640257e-4	0.8891556622649059	8318
8282	1	1.0004001600640257e-4	0.8892557022809123	8319
8283	1	1.0004001600640257e-4	0.8893557422969187	8320
8284	1	1.0004001600640257e-4	0.8894557823129251	8321
8286	1	1.0004001600640257e-4	0.8895558223289315	8322
8287	1	1.0004001600640257e-4	0.889655862344938	8323
8288	1	1.0004001600640257e-4	0.8897559023609444	8324
8289	1	1.0004001600640257e-4	0.8898559423769508	8325
8290	1	1.0004001600640257e-4	0.8899559823929571	8326
8291	1	1.0004001600640257e-4	0.8900560224089635	8327
8292	1	1.0004001600640257e-4	0.8901560624249699	8328
8293	1	1.0004001600640257e-4	0.8902561024409763	8329
8294	1	1.0004001600640257e-4	0.8903561424569828	8330
8295	1	1.0004001600640257e-4	0.8904561824729892	8331
8296	1	1.0004001600640257e-4	0.8905562224889956	8332
8297	1	1.0004001600640257e-4	0.890656262505002	8333
8298	1	1.0004001600640257e-4	0.8907563025210083	8334
8299	1	1.0004001600640257e-4	0.8908563425370147	8335
8300	1	1.0004001600640257e-4	0.8909563825530212	8336
8301	1	1.0004001600640257e-4	0.8910564225690276	8337
8302	1	1.0004001600640257e-4	0.891156462585034	8338
8303	1	1.0004001600640257e-4	0.8912565026010404	8339
8304	1	1.0004001600640257e-4	0.8913565426170468	8340
8305	1	1.0004001600640257e-4	0.8914565826330532	8341
8306	1	1.0004001600640257e-4	0.8915566226490595	8342
8307	1	1.0004001600640257e-4	0.891656662665066	8343
8308	1	1.0004001600640257e-4	0.8917567026810724	8344
8310	1	1.0004001600640257e-4	0.8918567426970788	8345
8311	1	1.0004001600640257e-4	0.8919567827130852	8346
8312	1	1.0004001600640257e-4	0.8920568227290916	8347
8313	1	1.0004001600640257e-4	0.892156862745098	8348
8314	1	1.0004001600640257e-4	0.8922569027611044	8349
8315	1	1.0004001600640257e-4	0.8923569427771109	8350
8316	1	1.0004001600640257e-4	0.8924569827931172	8351
8317	1	1.0004001600640257e-4	0.8925570228091236	8352
8318	1	1.0004001600640257e-4	0.89265706282513	8353
8319	1	1.0004001600640257e-4	0.8927571028411364	8354
8320	1	1.0004001600640257e-4	0.8928571428571428	8355
8321	1	1.0004001600640257e-4	0.8929571828731492	8356
8322	1	1.0004001600640257e-4	0.8930572228891557	8357
8323	1	1.0004001600640257e-4	0.8931572629051621	8358
8324	1	1.0004001600640257e-4	0.8932573029211685	8359
8325	1	1.0004001600640257e-4	0.8933573429371748	8360
8326	1	1.0004001600640257e-4	0.8934573829531812	8361
8327	1	1.0004001600640257e-4	0.8935574229691876	8362
8328	1	1.0004001600640257e-4	0.893657462985194	8363
8329	1	1.0004001600640257e-4	0.8937575030012005	8364
8330	1	1.0004001600640257e-4	0.8938575430172069	8365
8331	1	1.0004001600640257e-4	0.8939575830332133	8366
8332	1	1.0004001600640257e-4	0.8940576230492197	8367
8333	1	1.0004001600640257e-4	0.894157663065226	8368
8334	1	1.0004001600640257e-4	0.8942577030812324	8369
8335	1	1.0004001600640257e-4	0.8943577430972388	8370
8337	1	1.0004001600640257e-4	0.8944577831132453	8371
8338	1	1.0004001600640257e-4	0.8945578231292517	8372
8339	1	1.0004001600640257e-4	0.8946578631452581	8373
8340	1	1.0004001600640257e-4	0.8947579031612645	8374
8341	1	1.0004001600640257e-4	0.8948579431772709	8375
8342	1	1.0004001600640257e-4	0.8949579831932772	8376
8343	1	1.0004001600640257e-4	0.8950580232092837	8377
8344	1	1.0004001600640257e-4	0.8951580632252901	8378
8345	1	1.0004001600640257e-4	0.8952581032412965	8379
8346	1	1.0004001600640257e-4	0.8953581432573029	8380
8347	1	1.0004001600640257e-4	0.8954581832733093	8381
8348	1	1.0004001600640257e-4	0.8955582232893157	8382
8349	1	1.0004001600640257e-4	0.89565826330532206	8383
8350	1	1.0004001600640257e-4	0.8957583033213286	8384
8351	1	1.0004001600640257e-4	0.8958583433373349	8385
8352	1	1.0004001600640257e-4	0.8959583833533413	8386
8353	1	1.0004001600640257e-4	0.8960584233693477	8387
8354	1	1.0004001600640257e-4	0.8961584633853541	8388
8355	1	1.0004001600640257e-4	0.8962585034013605	8389
8356	1	1.0004001600640257e-4	0.8963585434173669	8390
8357	1	1.0004001600640257e-4	0.8964585834333734	8391
8358	1	1.0004001600640257e-4	0.8965586234493798	8392
8360	1	1.0004001600640257e-4	0.8966586634653861	8393
8361	1	1.0004001600640257e-4	0.8967587034813925	8394
8362	1	1.0004001600640257e-4	0.8968587434973989	8395
8363	1	1.0004001600640257e-4	0.8969587835134053	8396
8364	1	1.0004001600640257e-4	0.8970588235294117	8397
8365	1	1.0004001600640257e-4	0.8971588635454182	8398
8366	1	1.0004001600640257e-4	0.8972589035614246	8399
8367	1	1.0004001600640257e-4	0.897358943577431	8400
8368	1	1.0004001600640257e-4	0.8974589835934373	8401
8369	1	1.0004001600640257e-4	0.8975590236094437	8402
8370	1	1.0004001600640257e-4	0.8976590636254501	8403
8371	1	1.0004001600640257e-4	0.8977591036414565	8404
8372	1	1.0004001600640257e-4	0.897859143657463	8405
8373	1	1.0004001600640257e-4	0.8979591836734694	8406
8374	1	1.0004001600640257e-4	0.8980592236894758	8407
8375	1	1.0004001600640257e-4	0.8981592637054822	8408
8376	1	1.0004001600640257e-4	0.8982593037214885	8409
8377	1	1.0004001600640257e-4	0.8983593437374949	8410
8378	1	1.0004001600640257e-4	0.8984593837535013	8411
8379	1	1.0004001600640257e-4	0.8985594237695078	8412
8380	1	1.0004001600640257e-4	0.8986594637855142	8413
8381	1	1.0004001600640257e-4	0.8987595038015206	8414
8382	1	1.0004001600640257e-4	0.898859543817527	8415
8383	1	1.0004001600640257e-4	0.8989595838335334	8416
8384	1	1.0004001600640257e-4	0.8990596238495397	8417
8386	1	1.0004001600640257e-4	0.8991596638655461	8418
8387	1	1.0004001600640257e-4	0.8992597038815526	8419
8388	1	1.0004001600640257e-4	0.899359743897559	8420
8389	1	1.0004001600640257e-4	0.8994597839135654	8421
8390	1	1.0004001600640257e-4	0.8995598239295718	8422
8392	1	1.0004001600640257e-4	0.8996598639455782	8423
8393	1	1.0004001600640257e-4	0.8997599039615846	8424
8394	1	1.0004001600640257e-4	0.8998599439775911	8425
8395	1	1.0004001600640257e-4	0.8999599839935974	8426
8396	1	1.0004001600640257e-4	0.9000600240096038	8427
8397	1	1.0004001600640257e-4	0.9001600640256102	8428
8398	1	1.0004001600640257e-4	0.9002601040416166	8429
8399	1	1.0004001600640257e-4	0.900360144057623	8430
8400	1	1.0004001600640257e-4	0.9004601840736294	8431
8402	1	1.0004001600640257e-4	0.9005602240896359	8432
8403	1	1.0004001600640257e-4	0.9006602641056423	8433
8404	1	1.0004001600640257e-4	0.9007603041216486	8434
8405	1	1.0004001600640257e-4	0.900860344137655	8435
8406	1	1.0004001600640257e-4	0.9009603841536614	8436
8407	1	1.0004001600640257e-4	0.9010604241696678	8437
8408	1	1.0004001600640257e-4	0.9011604641856742	8438
8410	1	1.0004001600640257e-4	0.9012605042016807	8439
8411	1	1.0004001600640257e-4	0.9013605442176871	8440
8412	1	1.0004001600640257e-4	0.9014605842336935	8441
8413	1	1.0004001600640257e-4	0.9015606242496998	8442
8414	1	1.0004001600640257e-4	0.9016606642657062	8443
8415	1	1.0004001600640257e-4	0.9017607042817126	8444
8416	1	1.0004001600640257e-4	0.901860744297719	8445
8418	1	1.0004001600640257e-4	0.9019607843137255	8446
8419	1	1.0004001600640257e-4	0.9020608243297319	8447
8420	1	1.0004001600640257e-4	0.9021608643457383	8448
8422	1	1.0004001600640257e-4	0.9022609043617447	8449
8423	1	1.0004001600640257e-4	0.902360944377751	8450
8424	1	1.0004001600640257e-4	0.9024609843937574	8451
8425	1	1.0004001600640257e-4	0.9025610244097638	8452
8426	1	1.0004001600640257e-4	0.9026610644257703	8453
8427	1	1.0004001600640257e-4	0.9027611044417767	8454
8428	1	1.0004001600640257e-4	0.9028611444577831	8455
8429	1	1.0004001600640257e-4	0.9029611844737895	8456
8430	1	1.0004001600640257e-4	0.9030612244897959	8457
8431	1	1.0004001600640257e-4	0.9031612645058023	8458
8432	1	1.0004001600640257e-4	0.9032613045218086	8459
8433	1	1.0004001600640257e-4	0.9033613445378151	8460
8434	1	1.0004001600640257e-4	0.9034613845538215	8461
8435	1	1.0004001600640257e-4	0.9035614245698279	8462
8436	1	1.0004001600640257e-4	0.9036614645858343	8463
8437	1	1.0004001600640257e-4	0.9037615046018407	8464
8438	1	1.0004001600640257e-4	0.9038615446178471	8465
8439	1	1.0004001600640257e-4	0.9039615846338536	8466
8440	1	1.0004001600640257e-4	0.90406162464986	8467
8441	1	1.0004001600640257e-4	0.9041616646658663	8468
8442	1	1.0004001600640257e-4	0.9042617046818727	8469
8443	1	1.0004001600640257e-4	0.9043617446978791	8470
8444	1	1.0004001600640257e-4	0.9044617847138855	8471
8445	1	1.0004001600640257e-4	0.9045618247298919	8472
8446	1	1.0004001600640257e-4	0.9046618647458984	8473
8447	1	1.0004001600640257e-4	0.9047619047619048	8474
8448	1	1.0004001600640257e-4	0.9048619447779112	8475
8449	1	1.0004001600640257e-4	0.9049619847939175	8476
8450	1	1.0004001600640257e-4	0.9050620248099239	8477
8451	1	1.0004001600640257e-4	0.9051620648259303	8478
8452	1	1.0004001600640257e-4	0.9052621048419367	8479
8454	1	1.0004001600640257e-4	0.9053621448579432	8480
8456	1	1.0004001600640257e-4	0.9054621848739496	8481
8457	1	1.0004001600640257e-4	0.905562224889956	8482
8458	1	1.0004001600640257e-4	0.9056622649059624	8483
8459	1	1.0004001600640257e-4	0.9057623049219687	8484
8460	1	1.0004001600640257e-4	0.9058623449379751	8485
8461	1	1.0004001600640257e-4	0.9059623849539815	8486
8462	1	1.0004001600640257e-4	0.906062424969988	8487
8463	1	1.0004001600640257e-4	0.9061624649859944	8488
8464	1	1.0004001600640257e-4	0.9062625050020008	8489
8465	1	1.0004001600640257e-4	0.9063625450180072	8490
8466	1	1.0004001600640257e-4	0.9064625850340136	8491
8467	1	1.0004001600640257e-4	0.9065626250500199	8492
8468	1	1.0004001600640257e-4	0.9066626650660263	8493
8470	1	1.0004001600640257e-4	0.9067627050820328	8494
8471	1	1.0004001600640257e-4	0.9068627450980392	8495
8472	1	1.0004001600640257e-4	0.9069627851140456	8496
8473	1	1.0004001600640257e-4	0.907062825130052	8497
8474	1	1.0004001600640257e-4	0.9071628651460584	8498
8475	1	1.0004001600640257e-4	0.9072629051620648	8499
8476	1	1.0004001600640257e-4	0.9073629451780711	8500
8477	1	1.0004001600640257e-4	0.9074629851940776	8501
8478	1	1.0004001600640257e-4	0.907563025210084	8502
8479	1	1.0004001600640257e-4	0.9076630652260904	8503
8480	1	1.0004001600640257e-4	0.9077631052420968	8504
8481	1	1.0004001600640257e-4	0.9078631452581032	8505
8482	1	1.0004001600640257e-4	0.9079631852741096	8506
8483	1	1.0004001600640257e-4	0.908063225290116	8507
8484	1	1.0004001600640257e-4	0.9081632653061225	8508
8485	1	1.0004001600640257e-4	0.9082633053221288	8509
8486	1	1.0004001600640257e-4	0.9083633453381352	8510
8487	1	1.0004001600640257e-4	0.9084633853541416	8511
8488	1	1.0004001600640257e-4	0.908563425370148	8512
8489	1	1.0004001600640257e-4	0.9086634653861544	8513
8490	1	1.0004001600640257e-4	0.9087635054021609	8514
8491	1	1.0004001600640257e-4	0.9088635454181673	8515
8492	1	1.0004001600640257e-4	0.9089635854341737	8516
8493	1	1.0004001600640257e-4	0.90906362545018	8517
8494	1	1.0004001600640257e-4	0.9091636654661864	8518
8495	1	1.0004001600640257e-4	0.9092637054821928	8519
8496	1	1.0004001600640257e-4	0.9093637454981992	8520
8497	1	1.0004001600640257e-4	0.9094637855142057	8521
8498	1	1.0004001600640257e-4	0.9095638255302121	8522
8499	1	1.0004001600640257e-4	0.9096638655462185	8523
8500	1	1.0004001600640257e-4	0.9097639055622249	8524
8501	1	1.0004001600640257e-4	0.9098639455782312	8525
8502	1	1.0004001600640257e-4	0.9099639855942376	8526
8503	1	1.0004001600640257e-4	0.910064025610244	8527
8504	1	1.0004001600640257e-4	0.9101640656262505	8528
8505	1	1.0004001600640257e-4	0.9102641056422569	8529
8506	1	1.0004001600640257e-4	0.9103641456582633	8530
8507	1	1.0004001600640257e-4	0.9104641856742697	8531
8508	1	1.0004001600640257e-4	0.9105642256902761	8532
8509	1	1.0004001600640257e-4	0.9106642657062824	8533
8510	1	1.0004001600640257e-4	0.9107643057222888	8534
8511	1	1.0004001600640257e-4	0.9108643457382953	8535
8512	1	1.0004001600640257e-4	0.9109643857543017	8536
8513	1	1.0004001600640257e-4	0.9110644257703081	8537
8514	1	1.0004001600640257e-4	0.9111644657863145	8538
8515	1	1.0004001600640257e-4	0.9112645058023209	8539
8516	1	1.0004001600640257e-4	0.9113645458183273	8540
8517	1	1.0004001600640257e-4	0.9114645858343337	8541
8518	1	1.0004001600640257e-4	0.9115646258503401	8542
8519	1	1.0004001600640257e-4	0.9116646658663465	8543
8520	1	1.0004001600640257e-4	0.9117647058823529	8544
8521	1	1.0004001600640257e-4	0.9118647458983593	8545
8522	1	1.0004001600640257e-4	0.9119647859143657	8546
8523	1	1.0004001600640257e-4	0.9120648259303721	8547
8524	1	1.0004001600640257e-4	0.9121648659463785	8548
8525	1	1.0004001600640257e-4	0.912264905962385	8549
8526	1	1.0004001600640257e-4	0.9123649459783914	8550
8527	1	1.0004001600640257e-4	0.9124649859943977	8551
8528	1	1.0004001600640257e-4	0.9125650260104041	8552
8529	1	1.0004001600640257e-4	0.9126650660264105	8553
8530	1	1.0004001600640257e-4	0.9127651060424169	8554
8531	1	1.0004001600640257e-4	0.9128651460584233	8555
8532	1	1.0004001600640257e-4	0.9129651860744298	8556
8533	1	1.0004001600640257e-4	0.9130652260904362	8557
8534	1	1.0004001600640257e-4	0.9131652661064426	8558
8535	1	1.0004001600640257e-4	0.9132653061224489	8559
8537	1	1.0004001600640257e-4	0.9133653461384553	8560
8538	1	1.0004001600640257e-4	0.9134653861544617	8561
8539	1	1.0004001600640257e-4	0.9135654261704682	8562
8540	1	1.0004001600640257e-4	0.9136654661864746	8563
8541	1	1.0004001600640257e-4	0.913765506202481	8564
8542	1	1.0004001600640257e-4	0.9138655462184874	8565
8543	1	1.0004001600640257e-4	0.9139655862344938	8566
8544	1	1.0004001600640257e-4	0.9140656262505001	8567
8545	1	1.0004001600640257e-4	0.9141656662665065	8568
8546	1	1.0004001600640257e-4	0.914265706282513	8569
8547	1	1.0004001600640257e-4	0.9143657462985194	8570
8548	1	1.0004001600640257e-4	0.9144657863145258	8571
8549	1	1.0004001600640257e-4	0.9145658263305322	8572
8550	1	1.0004001600640257e-4	0.9146658663465386	8573
8552	1	1.0004001600640257e-4	0.914765906362545	8574
8553	1	1.0004001600640257e-4	0.9148659463785513	8575
8554	1	1.0004001600640257e-4	0.9149659863945578	8576
8555	1	1.0004001600640257e-4	0.9150660264105642	8577
8556	1	1.0004001600640257e-4	0.9151660664265706	8578
8557	1	1.0004001600640257e-4	0.915266106442577	8579
8558	1	1.0004001600640257e-4	0.9153661464585834	8580
8559	1	1.0004001600640257e-4	0.9154661864745898	8581
8560	1	1.0004001600640257e-4	0.9155662264905962	8582
8561	1	1.0004001600640257e-4	0.9156662665066027	8583
8562	1	1.0004001600640257e-4	0.915766306522609	8584
8563	1	1.0004001600640257e-4	0.9158663465386154	8585
8564	1	1.0004001600640257e-4	0.9159663865546218	8586
8565	1	1.0004001600640257e-4	0.9160664265706282	8587
8566	1	1.0004001600640257e-4	0.9161664665866346	8588
8567	1	1.0004001600640257e-4	0.916266506602641	8589
8568	1	1.0004001600640257e-4	0.9163665466186475	8590
8569	1	1.0004001600640257e-4	0.9164665866346539	8591
8570	1	1.0004001600640257e-4	0.9165666266506602	8592
8571	1	1.0004001600640257e-4	0.9166666666666666	8593
8572	1	1.0004001600640257e-4	0.916766706682673	8594
8573	1	1.0004001600640257e-4	0.9168667466986794	8595
8574	1	1.0004001600640257e-4	0.9169667867146858	8596
8575	1	1.0004001600640257e-4	0.9170668267306923	8597
8576	1	1.0004001600640257e-4	0.9171668667466987	8598
8577	1	1.0004001600640257e-4	0.9172669067627051	8599
8578	1	1.0004001600640257e-4	0.9173669467787114	8600
8579	1	1.0004001600640257e-4	0.9174669867947178	8601
8580	1	1.0004001600640257e-4	0.9175670268107242	8602
8582	1	1.0004001600640257e-4	0.9176670668267307	8603
8584	1	1.0004001600640257e-4	0.9177671068427371	8604
8585	1	1.0004001600640257e-4	0.9178671468587435	8605
8586	1	1.0004001600640257e-4	0.9179671868747499	8606
8587	1	1.0004001600640257e-4	0.9180672268907563	8607
8588	1	1.0004001600640257e-4	0.9181672669067626	8608
8589	1	1.0004001600640257e-4	0.918267306922769	8609
8590	1	1.0004001600640257e-4	0.9183673469387755	8610
8591	1	1.0004001600640257e-4	0.9184673869547819	8611
8592	1	1.0004001600640257e-4	0.9185674269707883	8612
8593	1	1.0004001600640257e-4	0.9186674669867947	8613
8594	1	1.0004001600640257e-4	0.9187675070028011	8614
8595	1	1.0004001600640257e-4	0.9188675470188075	8615
8596	1	1.0004001600640257e-4	0.9189675870348138	8616
8597	1	1.0004001600640257e-4	0.9190676270508203	8617
8598	1	1.0004001600640257e-4	0.9191676670668267	8618
8599	1	1.0004001600640257e-4	0.9192677070828331	8619
8600	1	1.0004001600640257e-4	0.9193677470988395	8620
8601	1	1.0004001600640257e-4	0.9194677871148459	8621
8602	1	1.0004001600640257e-4	0.9195678271308523	8622
8603	1	1.0004001600640257e-4	0.9196678671468587	8623
8604	1	1.0004001600640257e-4	0.9197679071628652	8624
8605	1	1.0004001600640257e-4	0.9198679471788715	8625
8606	1	1.0004001600640257e-4	0.9199679871948779	8626
8607	1	1.0004001600640257e-4	0.9200680272108843	8627
8608	1	1.0004001600640257e-4	0.9201680672268907	8628
8609	1	1.0004001600640257e-4	0.9202681072428971	8629
8610	1	1.0004001600640257e-4	0.9203681472589035	8630
8611	1	1.0004001600640257e-4	0.92046818727491	8631
8612	1	1.0004001600640257e-4	0.9205682272909164	8632
8613	1	1.0004001600640257e-4	0.9206682673069227	8633
8614	1	1.0004001600640257e-4	0.9207683073229291	8634
8615	1	1.0004001600640257e-4	0.9208683473389355	8635
8616	1	1.0004001600640257e-4	0.9209683873549419	8636
8617	1	1.0004001600640257e-4	0.9210684273709483	8637
8618	1	1.0004001600640257e-4	0.9211684673869548	8638
8619	1	1.0004001600640257e-4	0.9212685074029612	8639
8620	1	1.0004001600640257e-4	0.9213685474189676	8640
8621	1	1.0004001600640257e-4	0.921468587434974	8641
8622	1	1.0004001600640257e-4	0.9215686274509803	8642
8623	1	1.0004001600640257e-4	0.9216686674669867	8643
8624	1	1.0004001600640257e-4	0.9217687074829931	8644
8625	1	1.0004001600640257e-4	0.9218687474989996	8645
8626	1	1.0004001600640257e-4	0.921968787515006	8646
8627	1	1.0004001600640257e-4	0.9220688275310124	8647
8628	1	1.0004001600640257e-4	0.9221688675470188	8648
8629	1	1.0004001600640257e-4	0.9222689075630252	8649
8630	1	1.0004001600640257e-4	0.9223689475790315	8650
8631	1	1.0004001600640257e-4	0.922468987595038	8651
8632	1	1.0004001600640257e-4	0.9225690276110444	8652
8633	1	1.0004001600640257e-4	0.9226690676270508	8653
8634	1	1.0004001600640257e-4	0.9227691076430572	8654
8635	1	1.0004001600640257e-4	0.9228691476590636	8655
8636	1	1.0004001600640257e-4	0.92296918767507	8656
8637	1	1.0004001600640257e-4	0.9230692276910764	8657
8638	1	1.0004001600640257e-4	0.9231692677070829	8658
8639	1	1.0004001600640257e-4	0.9232693077230892	8659
8640	1	1.0004001600640257e-4	0.9233693477390956	8660
8641	1	1.0004001600640257e-4	0.923469387755102	8661
8642	1	1.0004001600640257e-4	0.9235694277711084	8662
8644	1	1.0004001600640257e-4	0.9236694677871148	8663
8645	1	1.0004001600640257e-4	0.9237695078031212	8664
8646	1	1.0004001600640257e-4	0.9238695478191277	8665
8647	1	1.0004001600640257e-4	0.923969587835134	8666
8648	1	1.0004001600640257e-4	0.9240696278511404	8667
8649	1	1.0004001600640257e-4	0.9241696678671468	8668
8650	1	1.0004001600640257e-4	0.9242697078831532	8669
8651	1	1.0004001600640257e-4	0.9243697478991596	8670
8652	1	1.0004001600640257e-4	0.924469787915166	8671
8653	1	1.0004001600640257e-4	0.9245698279311725	8672
8654	1	1.0004001600640257e-4	0.9246698679471789	8673
8655	1	1.0004001600640257e-4	0.9247699079631853	8674
8656	1	1.0004001600640257e-4	0.9248699479791916	8675
8657	1	1.0004001600640257e-4	0.924969987995198	8676
8658	1	1.0004001600640257e-4	0.9250700280112044	8677
8659	1	1.0004001600640257e-4	0.9251700680272108	8678
8660	1	1.0004001600640257e-4	0.9252701080432173	8679
8661	1	1.0004001600640257e-4	0.9253701480592237	8680
8662	1	1.0004001600640257e-4	0.9254701880752301	8681
8663	1	1.0004001600640257e-4	0.9255702280912365	8682
8664	1	1.0004001600640257e-4	0.9256702681072428	8683
8665	1	1.0004001600640257e-4	0.9257703081232492	8684
8666	1	1.0004001600640257e-4	0.9258703481392556	8685
8667	1	1.0004001600640257e-4	0.9259703881552621	8686
8668	1	1.0004001600640257e-4	0.9260704281712685	8687
8669	1	1.0004001600640257e-4	0.9261704681872749	8688
8670	1	1.0004001600640257e-4	0.9262705082032813	8689
8671	1	1.0004001600640257e-4	0.9263705482192877	8690
8672	1	1.0004001600640257e-4	0.926470588235294	8691
8673	1	1.0004001600640257e-4	0.9265706282513004	8692
8674	1	1.0004001600640257e-4	0.9266706682673069	8693
8675	1	1.0004001600640257e-4	0.9267707082833133	8694
8676	1	1.0004001600640257e-4	0.9268707482993197	8695
8677	1	1.0004001600640257e-4	0.9269707883153261	8696
8678	1	1.0004001600640257e-4	0.9270708283313325	8697
8679	1	1.0004001600640257e-4	0.9271708683473389	8698
8680	1	1.0004001600640257e-4	0.9272709083633454	8699
8681	1	1.0004001600640257e-4	0.9273709483793517	8700
8682	1	1.0004001600640257e-4	0.9274709883953581	8701
8683	1	1.0004001600640257e-4	0.9275710284113645	8702
8684	1	1.0004001600640257e-4	0.9276710684273709	8703
8685	1	1.0004001600640257e-4	0.9277711084433773	8704
8686	1	1.0004001600640257e-4	0.9278711484593837	8705
8687	1	1.0004001600640257e-4	0.9279711884753902	8706
8688	1	1.0004001600640257e-4	0.9280712284913966	8707
8689	1	1.0004001600640257e-4	0.928171268507403	8708
8690	1	1.0004001600640257e-4	0.9282713085234093	8709
8691	1	1.0004001600640257e-4	0.9283713485394157	8710
8692	1	1.0004001600640257e-4	0.9284713885554221	8711
8693	1	1.0004001600640257e-4	0.9285714285714285	8712
8694	1	1.0004001600640257e-4	0.928671468587435	8713
8695	1	1.0004001600640257e-4	0.9287715086034414	8714
8696	1	1.0004001600640257e-4	0.9288715486194478	8715
8697	1	1.0004001600640257e-4	0.9289715886354541	8716
8698	1	1.0004001600640257e-4	0.9290716286514605	8717
8699	1	1.0004001600640257e-4	0.9291716686674669	8718
8700	1	1.0004001600640257e-4	0.9292717086834733	8719
8701	1	1.0004001600640257e-4	0.9293717486994798	8720
8702	1	1.0004001600640257e-4	0.9294717887154862	8721
8703	1	1.0004001600640257e-4	0.9295718287314926	8722
8704	1	1.0004001600640257e-4	0.929671868747499	8723
8705	1	1.0004001600640257e-4	0.9297719087635054	8724
8706	1	1.0004001600640257e-4	0.9298719487795117	8725
8707	1	1.0004001600640257e-4	0.9299719887955181	8726
8708	1	1.0004001600640257e-4	0.9300720288115246	8727
8710	1	1.0004001600640257e-4	0.930172068827531	8728
8711	1	1.0004001600640257e-4	0.9302721088435374	8729
8712	1	1.0004001600640257e-4	0.9303721488595438	8730
8713	1	1.0004001600640257e-4	0.9304721888755502	8731
8714	1	1.0004001600640257e-4	0.9305722288915566	8732
8715	1	1.0004001600640257e-4	0.9306722689075629	8733
8716	1	1.0004001600640257e-4	0.9307723089235694	8734
8717	1	1.0004001600640257e-4	0.9308723489395758	8735
8718	1	1.0004001600640257e-4	0.9309723889555822	8736
8719	1	1.0004001600640257e-4	0.9310724289715886	8737
8720	1	1.0004001600640257e-4	0.931172468987595	8738
8721	1	1.0004001600640257e-4	0.9312725090036014	8739
8722	1	1.0004001600640257e-4	0.9313725490196079	8740
8723	1	1.0004001600640257e-4	0.9314725890356143	8741
8724	1	1.0004001600640257e-4	0.9315726290516206	8742
8725	1	1.0004001600640257e-4	0.931672669067627	8743
8726	1	1.0004001600640257e-4	0.9317727090836334	8744
8727	1	1.0004001600640257e-4	0.9318727490996398	8745
8728	1	1.0004001600640257e-4	0.9319727891156462	8746
8729	1	1.0004001600640257e-4	0.9320728291316527	8747
8730	1	1.0004001600640257e-4	0.9321728691476591	8748
8731	1	1.0004001600640257e-4	0.9322729091636655	8749
8732	1	1.0004001600640257e-4	0.9323729491796718	8750
8733	1	1.0004001600640257e-4	0.9324729891956782	8751
8734	1	1.0004001600640257e-4	0.9325730292116846	8752
8735	1	1.0004001600640257e-4	0.932673069227691	8753
8736	1	1.0004001600640257e-4	0.9327731092436975	8754
8737	1	1.0004001600640257e-4	0.9328731492597039	8755
8738	1	1.0004001600640257e-4	0.9329731892757103	8756
8739	1	1.0004001600640257e-4	0.9330732292917167	8757
8740	1	1.0004001600640257e-4	0.933173269307723	8758
8741	1	1.0004001600640257e-4	0.9332733093237294	8759
8742	1	1.0004001600640257e-4	0.9333733493397358	8760
8743	1	1.0004001600640257e-4	0.9334733893557423	8761
8744	1	1.0004001600640257e-4	0.9335734293717487	8762
8745	1	1.0004001600640257e-4	0.9336734693877551	8763
8746	1	1.0004001600640257e-4	0.9337735094037615	8764
8747	1	1.0004001600640257e-4	0.9338735494197679	8765
8748	1	1.0004001600640257e-4	0.9339735894357742	8766
8749	1	1.0004001600640257e-4	0.9340736294517806	8767
8750	1	1.0004001600640257e-4	0.9341736694677871	8768
8751	1	1.0004001600640257e-4	0.9342737094837935	8769
8752	1	1.0004001600640257e-4	0.9343737494997999	8770
8753	1	1.0004001600640257e-4	0.9344737895158063	8771
8754	1	1.0004001600640257e-4	0.9345738295318127	8772
8755	1	1.0004001600640257e-4	0.9346738695478191	8773
8756	1	1.0004001600640257e-4	0.9347739095638254	8774
8757	1	1.0004001600640257e-4	0.9348739495798319	8775
8758	1	1.0004001600640257e-4	0.9349739895958383	8776
8759	1	1.0004001600640257e-4	0.9350740296118447	8777
8760	1	1.0004001600640257e-4	0.9351740696278511	8778
8761	1	1.0004001600640257e-4	0.9352741096438575	8779
8762	1	1.0004001600640257e-4	0.9353741496598639	8780
8763	1	1.0004001600640257e-4	0.9354741896758703	8781
8764	1	1.0004001600640257e-4	0.9355742296918768	8782
8765	1	1.0004001600640257e-4	0.9356742697078831	8783
8766	1	1.0004001600640257e-4	0.9357743097238895	8784
8767	1	1.0004001600640257e-4	0.9358743497398959	8785
8768	1	1.0004001600640257e-4	0.9359743897559023	8786
8769	1	1.0004001600640257e-4	0.9360744297719087	8787
8770	1	1.0004001600640257e-4	0.9361744697879152	8788
8771	1	1.0004001600640257e-4	0.9362745098039216	8789
8772	1	1.0004001600640257e-4	0.936374549819928	8790
8773	1	1.0004001600640257e-4	0.9364745898359343	8791
8774	1	1.0004001600640257e-4	0.9365746298519407	8792
8775	1	1.0004001600640257e-4	0.9366746698679471	8793
8776	1	1.0004001600640257e-4	0.9367747098839535	8794
8777	1	1.0004001600640257e-4	0.93687474989996	8795
8778	1	1.0004001600640257e-4	0.9369747899159664	8796
8779	1	1.0004001600640257e-4	0.9370748299319728	8797
8780	1	1.0004001600640257e-4	0.9371748699479792	8798
8781	1	1.0004001600640257e-4	0.9372749099639855	8799
8782	1	1.0004001600640257e-4	0.9373749499799919	8800
8783	1	1.0004001600640257e-4	0.9374749899959983	8801
8784	1	1.0004001600640257e-4	0.9375750300120048	8802
8785	1	1.0004001600640257e-4	0.9376750700280112	8803
8786	1	1.0004001600640257e-4	0.9377751100440176	8804
8787	1	1.0004001600640257e-4	0.937875150060024	8805
8788	1	1.0004001600640257e-4	0.9379751900760304	8806
8789	1	1.0004001600640257e-4	0.9380752300920367	8807
8790	1	1.0004001600640257e-4	0.9381752701080431	8808
8791	1	1.0004001600640257e-4	0.9382753101240496	8809
8792	1	1.0004001600640257e-4	0.938375350140056	8810
8793	1	1.0004001600640257e-4	0.9384753901560624	8811
8794	1	1.0004001600640257e-4	0.9385754301720688	8812
8795	1	1.0004001600640257e-4	0.9386754701880752	8813
8796	1	1.0004001600640257e-4	0.9387755102040816	8814
8797	1	1.0004001600640257e-4	0.938875550220088	8815
8798	1	1.0004001600640257e-4	0.9389755902360944	8816
8799	1	1.0004001600640257e-4	0.9390756302521008	8817
8800	1	1.0004001600640257e-4	0.9391756702681072	8818
8801	1	1.0004001600640257e-4	0.9392757102841136	8819
8802	1	1.0004001600640257e-4	0.93937575030012	8820
8803	1	1.0004001600640257e-4	0.9394757903161264	8821
8804	1	1.0004001600640257e-4	0.9395758303321328	8822
8805	1	1.0004001600640257e-4	0.9396758703481393	8823
8806	1	1.0004001600640257e-4	0.9397759103641457	8824
8807	1	1.0004001600640257e-4	0.939875950380152	8825
8808	1	1.0004001600640257e-4	0.9399759903961584	8826
8809	1	1.0004001600640257e-4	0.9400760304121648	8827
8810	1	1.0004001600640257e-4	0.9401760704281712	8828
8811	1	1.0004001600640257e-4	0.9402761104441776	8829
8812	1	1.0004001600640257e-4	0.9403761504601841	8830
8813	1	1.0004001600640257e-4	0.9404761904761905	8831
8814	1	1.0004001600640257e-4	0.9405762304921969	8832
8815	1	1.0004001600640257e-4	0.9406762705082032	8833
8816	1	1.0004001600640257e-4	0.9407763105242096	8834
8817	1	1.0004001600640257e-4	0.940876350540216	8835
8818	1	1.0004001600640257e-4	0.9409763905562225	8836
8819	1	1.0004001600640257e-4	0.9410764305722289	8837
8820	1	1.0004001600640257e-4	0.9411764705882353	8838
8821	1	1.0004001600640257e-4	0.9412765106042417	8839
8822	1	1.0004001600640257e-4	0.941376550620248	8840
8823	1	1.0004001600640257e-4	0.9414765906362544	8841
8824	1	1.0004001600640257e-4	0.9415766306522608	8842
8825	1	1.0004001600640257e-4	0.9416766706682673	8843
8826	1	1.0004001600640257e-4	0.9417767106842737	8844
8827	1	1.0004001600640257e-4	0.9418767507002801	8845
8828	1	1.0004001600640257e-4	0.9419767907162865	8846
8829	1	1.0004001600640257e-4	0.9420768307322929	8847
8830	1	1.0004001600640257e-4	0.9421768707482993	8848
8831	1	1.0004001600640257e-4	0.9422769107643056	8849
8832	1	1.0004001600640257e-4	0.9423769507803121	8850
8833	1	1.0004001600640257e-4	0.9424769907963185	8851
8834	1	1.0004001600640257e-4	0.9425770308123249	8852
8835	1	1.0004001600640257e-4	0.9426770708283313	8853
8836	1	1.0004001600640257e-4	0.9427771108443377	8854
8837	1	1.0004001600640257e-4	0.9428771508603441	8855
8838	1	1.0004001600640257e-4	0.9429771908763505	8856
8839	1	1.0004001600640257e-4	0.943077230892357	8857
8840	1	1.0004001600640257e-4	0.9431772709083633	8858
8841	1	1.0004001600640257e-4	0.9432773109243697	8859
8842	1	1.0004001600640257e-4	0.9433773509403761	8860
8843	1	1.0004001600640257e-4	0.9434773909563825	8861
8845	1	1.0004001600640257e-4	0.9435774309723889	8862
8846	1	1.0004001600640257e-4	0.9436774709883953	8863
8847	1	1.0004001600640257e-4	0.9437775110044018	8864
8848	1	1.0004001600640257e-4	0.9438775510204082	8865
8849	1	1.0004001600640257e-4	0.9439775910364145	8866
8850	1	1.0004001600640257e-4	0.9440776310524209	8867
8851	1	1.0004001600640257e-4	0.9441776710684273	8868
8852	1	1.0004001600640257e-4	0.9442777110844337	8869
8853	1	1.0004001600640257e-4	0.9443777511004401	8870
8854	1	1.0004001600640257e-4	0.9444777911164466	8871
8855	1	1.0004001600640257e-4	0.944577831132453	8872
8856	1	1.0004001600640257e-4	0.9446778711484594	8873
8857	1	1.0004001600640257e-4	0.9447779111644657	8874
8858	1	1.0004001600640257e-4	0.9448779511804721	8875
8859	1	1.0004001600640257e-4	0.9449779911964785	8876
8860	1	1.0004001600640257e-4	0.945078031212485	8877
8861	1	1.0004001600640257e-4	0.9451780712284914	8878
8862	1	1.0004001600640257e-4	0.9452781112444978	8879
8863	1	1.0004001600640257e-4	0.9453781512605042	8880
8864	1	1.0004001600640257e-4	0.9454781912765106	8881
8865	1	1.0004001600640257e-4	0.945578231292517	8882
8866	1	1.0004001600640257e-4	0.9456782713085233	8883
8867	1	1.0004001600640257e-4	0.9457783113245298	8884
8868	1	1.0004001600640257e-4	0.9458783513405362	8885
8869	1	1.0004001600640257e-4	0.9459783913565426	8886
8870	1	1.0004001600640257e-4	0.946078431372549	8887
8871	1	1.0004001600640257e-4	0.9461784713885554	8888
8872	1	1.0004001600640257e-4	0.9462785114045618	8889
8873	1	1.0004001600640257e-4	0.9463785514205681	8890
8874	1	1.0004001600640257e-4	0.9464785914365746	8891
8875	1	1.0004001600640257e-4	0.946578631452581	8892
8876	1	1.0004001600640257e-4	0.9466786714685874	8893
8877	1	1.0004001600640257e-4	0.9467787114845938	8894
8878	1	1.0004001600640257e-4	0.9468787515006002	8895
8879	1	1.0004001600640257e-4	0.9469787915166066	8896
8880	1	1.0004001600640257e-4	0.947078831532613	8897
8881	1	1.0004001600640257e-4	0.9471788715486195	8898
8882	1	1.0004001600640257e-4	0.9472789115646258	8899
8883	1	1.0004001600640257e-4	0.9473789515806322	8900
8884	1	1.0004001600640257e-4	0.9474789915966386	8901
8885	1	1.0004001600640257e-4	0.947579031612645	8902
8886	1	1.0004001600640257e-4	0.9476790716286514	8903
8887	1	1.0004001600640257e-4	0.9477791116446578	8904
8888	1	1.0004001600640257e-4	0.9478791516606643	8905
8889	1	1.0004001600640257e-4	0.9479791916766707	8906
8890	1	1.0004001600640257e-4	0.948079231692677	8907
8891	1	1.0004001600640257e-4	0.9481792717086834	8908
8892	1	1.0004001600640257e-4	0.9482793117246898	8909
8893	1	1.0004001600640257e-4	0.9483793517406962	8910
8894	1	1.0004001600640257e-4	0.9484793917567026	8911
8895	1	1.0004001600640257e-4	0.9485794317727091	8912
8896	1	1.0004001600640257e-4	0.9486794717887155	8913
8898	1	1.0004001600640257e-4	0.9487795118047219	8914
8899	1	1.0004001600640257e-4	0.9488795518207283	8915
8900	1	1.0004001600640257e-4	0.9489795918367346	8916
8901	1	1.0004001600640257e-4	0.949079631852741	8917
8902	1	1.0004001600640257e-4	0.9491796718687474	8918
8903	1	1.0004001600640257e-4	0.9492797118847539	8919
8904	1	1.0004001600640257e-4	0.9493797519007603	8920
8905	1	1.0004001600640257e-4	0.9494797919167667	8921
8906	1	1.0004001600640257e-4	0.9495798319327731	8922
8907	1	1.0004001600640257e-4	0.9496798719487795	8923
8908	1	1.0004001600640257e-4	0.9497799119647858	8924
8909	1	1.0004001600640257e-4	0.9498799519807923	8925
8910	1	1.0004001600640257e-4	0.9499799919967987	8926
8911	1	1.0004001600640257e-4	0.9500800320128051	8927
8912	1	1.0004001600640257e-4	0.9501800720288115	8928
8913	1	1.0004001600640257e-4	0.9502801120448179	8929
8914	1	1.0004001600640257e-4	0.9503801520608243	8930
8915	1	1.0004001600640257e-4	0.9504801920768307	8931
8916	1	1.0004001600640257e-4	0.9505802320928372	8932
8917	1	1.0004001600640257e-4	0.9506802721088435	8933
8918	1	1.0004001600640257e-4	0.9507803121248499	8934
8919	1	1.0004001600640257e-4	0.9508803521408563	8935
8920	1	1.0004001600640257e-4	0.9509803921568627	8936
8921	1	1.0004001600640257e-4	0.9510804321728691	8937
8922	1	1.0004001600640257e-4	0.9511804721888755	8938
8923	1	1.0004001600640257e-4	0.951280512204882	8939
8924	1	1.0004001600640257e-4	0.9513805522208884	8940
8926	1	1.0004001600640257e-4	0.9514805922368947	8941
8927	1	1.0004001600640257e-4	0.9515806322529011	8942
8929	1	1.0004001600640257e-4	0.9516806722689075	8943
8930	1	1.0004001600640257e-4	0.9517807122849139	8944
8931	1	1.0004001600640257e-4	0.9518807523009203	8945
8932	1	1.0004001600640257e-4	0.9519807923169268	8946
8933	1	1.0004001600640257e-4	0.9520808323329332	8947
8934	1	1.0004001600640257e-4	0.9521808723489396	8948
8935	1	1.0004001600640257e-4	0.9522809123649459	8949
8936	1	1.0004001600640257e-4	0.9523809523809523	8950
8937	1	1.0004001600640257e-4	0.9524809923969587	8951
8938	1	1.0004001600640257e-4	0.9525810324129651	8952
8939	1	1.0004001600640257e-4	0.9526810724289716	8953
8940	1	1.0004001600640257e-4	0.952781112444978	8954
8941	1	1.0004001600640257e-4	0.9528811524609844	8955
8942	1	1.0004001600640257e-4	0.9529811924769908	8956
8943	1	1.0004001600640257e-4	0.9530812324929971	8957
8944	1	1.0004001600640257e-4	0.9531812725090035	8958
8945	1	1.0004001600640257e-4	0.9532813125250099	8959
8946	1	1.0004001600640257e-4	0.9533813525410164	8960
8947	1	1.0004001600640257e-4	0.9534813925570228	8961
8948	1	1.0004001600640257e-4	0.9535814325730292	8962
8949	1	1.0004001600640257e-4	0.9536814725890356	8963
8950	1	1.0004001600640257e-4	0.953781512605042	8964
8951	1	1.0004001600640257e-4	0.9538815526210483	8965
8952	1	1.0004001600640257e-4	0.9539815926370547	8966
8953	1	1.0004001600640257e-4	0.9540816326530612	8967
8954	1	1.0004001600640257e-4	0.9541816726690676	8968
8955	1	1.0004001600640257e-4	0.954281712685074	8969
8956	1	1.0004001600640257e-4	0.9543817527010804	8970
8957	1	1.0004001600640257e-4	0.9544817927170868	8971
8958	1	1.0004001600640257e-4	0.9545818327330932	8972
8959	1	1.0004001600640257e-4	0.9546818727490997	8973
8960	1	1.0004001600640257e-4	0.954781912765106	8974
8961	1	1.0004001600640257e-4	0.9548819527811124	8975
8962	1	1.0004001600640257e-4	0.9549819927971188	8976
8963	1	1.0004001600640257e-4	0.9550820328131252	8977
8964	1	1.0004001600640257e-4	0.9551820728291316	8978
8965	1	1.0004001600640257e-4	0.955282112845138	8979
8966	1	1.0004001600640257e-4	0.9553821528611445	8980
8967	1	1.0004001600640257e-4	0.9554821928771509	8981
8968	1	1.0004001600640257e-4	0.9555822328931572	8982
8969	1	1.0004001600640257e-4	0.9556822729091636	8983
8970	1	1.0004001600640257e-4	0.95578231292517	8984
8971	1	1.0004001600640257e-4	0.9558823529411764	8985
8972	1	1.0004001600640257e-4	0.9559823929571828	8986
8973	1	1.0004001600640257e-4	0.9560824329731893	8987
8974	1	1.0004001600640257e-4	0.9561824729891957	8988
8975	1	1.0004001600640257e-4	0.9562825130052021	8989
8976	1	1.0004001600640257e-4	0.9563825530212084	8990
8977	1	1.0004001600640257e-4	0.9564825930372148	8991
8978	1	1.0004001600640257e-4	0.9565826330532212	8992
8979	1	1.0004001600640257e-4	0.9566826730692276	8993
8980	1	1.0004001600640257e-4	0.9567827130852341	8994
8981	1	1.0004001600640257e-4	0.9568827531012405	8995
8982	1	1.0004001600640257e-4	0.9569827931172469	8996
8983	1	1.0004001600640257e-4	0.9570828331332533	8997
8984	1	1.0004001600640257e-4	0.9571828731492596	8998
8985	1	1.0004001600640257e-4	0.957282913165266	8999
8986	1	1.0004001600640257e-4	0.9573829531812724	9000
8987	1	1.0004001600640257e-4	0.9574829931972789	9001
8988	1	1.0004001600640257e-4	0.9575830332132853	9002
8989	1	1.0004001600640257e-4	0.9576830732292917	9003
8990	1	1.0004001600640257e-4	0.9577831132452981	9004
8991	1	1.0004001600640257e-4	0.9578831532613045	9005
8992	1	1.0004001600640257e-4	0.9579831932773109	9006
8993	1	1.0004001600640257e-4	0.9580832332933172	9007
8994	1	1.0004001600640257e-4	0.9581832733093237	9008
8996	1	1.0004001600640257e-4	0.9582833133253301	9009
8997	1	1.0004001600640257e-4	0.9583833533413365	9010
8998	1	1.0004001600640257e-4	0.9584833933573429	9011
8999	1	1.0004001600640257e-4	0.9585834333733493	9012
9000	1	1.0004001600640257e-4	0.9586834733893557	9013
9001	1	1.0004001600640257e-4	0.9587835134053622	9014
9002	1	1.0004001600640257e-4	0.9588835534213686	9015
9003	1	1.0004001600640257e-4	0.9589835934373749	9016
9004	1	1.0004001600640257e-4	0.9590836334533813	9017
9005	1	1.0004001600640257e-4	0.9591836734693877	9018
9006	1	1.0004001600640257e-4	0.9592837134853941	9019
9007	1	1.0004001600640257e-4	0.9593837535014005	9020
9008	1	1.0004001600640257e-4	0.959483793517407	9021
9009	1	1.0004001600640257e-4	0.9595838335334134	9022
9010	1	1.0004001600640257e-4	0.9596838735494198	9023
9011	1	1.0004001600640257e-4	0.9597839135654261	9024
9012	1	1.0004001600640257e-4	0.9598839535814325	9025
9013	1	1.0004001600640257e-4	0.9599839935974389	9026
9014	1	1.0004001600640257e-4	0.9600840336134453	9027
9015	1	1.0004001600640257e-4	0.9601840736294518	9028
9016	1	1.0004001600640257e-4	0.9602841136454582	9029
9018	1	1.0004001600640257e-4	0.9603841536614646	9030
9019	1	1.0004001600640257e-4	0.960484193677471	9031
9020	1	1.0004001600640257e-4	0.9605842336934773	9032
9021	1	1.0004001600640257e-4	0.9606842737094837	9033
9022	1	1.0004001600640257e-4	0.9607843137254901	9034
9023	1	1.0004001600640257e-4	0.9608843537414966	9035
9024	1	1.0004001600640257e-4	0.960984393757503	9036
9025	1	1.0004001600640257e-4	0.9610844337735094	9037
9026	1	1.0004001600640257e-4	0.9611844737895158	9038
9027	1	1.0004001600640257e-4	0.9612845138055222	9039
9028	1	1.0004001600640257e-4	0.9613845538215285	9040
9029	1	1.0004001600640257e-4	0.9614845938375349	9041
9030	1	1.0004001600640257e-4	0.9615846338535414	9042
9031	1	1.0004001600640257e-4	0.9616846738695478	9043
9032	1	1.0004001600640257e-4	0.9617847138855542	9044
9033	1	1.0004001600640257e-4	0.9618847539015606	9045
9034	1	1.0004001600640257e-4	0.961984793917567	9046
9035	1	1.0004001600640257e-4	0.9620848339335734	9047
9036	1	1.0004001600640257e-4	0.9621848739495797	9048
9037	1	1.0004001600640257e-4	0.9622849139655862	9049
9038	1	1.0004001600640257e-4	0.9623849539815926	9050
9039	1	1.0004001600640257e-4	0.962484993997599	9051
9040	1	1.0004001600640257e-4	0.9625850340136054	9052
9041	1	1.0004001600640257e-4	0.9626850740296118	9053
9042	1	1.0004001600640257e-4	0.9627851140456182	9054
9043	1	1.0004001600640257e-4	0.9628851540616246	9055
9044	1	1.0004001600640257e-4	0.9629851940776311	9056
9045	1	1.0004001600640257e-4	0.9630852340936374	9057
9046	1	1.0004001600640257e-4	0.9631852741096438	9058
9047	1	1.0004001600640257e-4	0.9632853141256502	9059
9048	1	1.0004001600640257e-4	0.9633853541416566	9060
9049	1	1.0004001600640257e-4	0.963485394157663	9061
9050	1	1.0004001600640257e-4	0.9635854341736695	9062
9051	1	1.0004001600640257e-4	0.9636854741896759	9063
9052	1	1.0004001600640257e-4	0.9637855142056823	9064
9053	1	1.0004001600640257e-4	0.9638855542216886	9065
9054	1	1.0004001600640257e-4	0.963985594237695	9066
9055	1	1.0004001600640257e-4	0.9640856342537014	9067
9056	1	1.0004001600640257e-4	0.9641856742697078	9068
9057	1	1.0004001600640257e-4	0.9642857142857143	9069
9058	1	1.0004001600640257e-4	0.9643857543017207	9070
9059	1	1.0004001600640257e-4	0.9644857943177271	9071
9060	1	1.0004001600640257e-4	0.9645858343337335	9072
9061	1	1.0004001600640257e-4	0.9646858743497398	9073
9062	1	1.0004001600640257e-4	0.9647859143657462	9074
9063	1	1.0004001600640257e-4	0.9648859543817526	9075
9064	1	1.0004001600640257e-4	0.9649859943977591	9076
9065	1	1.0004001600640257e-4	0.9650860344137655	9077
9066	1	1.0004001600640257e-4	0.9651860744297719	9078
9067	1	1.0004001600640257e-4	0.9652861144457783	9079
9068	1	1.0004001600640257e-4	0.9653861544617847	9080
9069	1	1.0004001600640257e-4	0.965486194477791	9081
9070	1	1.0004001600640257e-4	0.9655862344937974	9082
9071	1	1.0004001600640257e-4	0.9656862745098039	9083
9072	1	1.0004001600640257e-4	0.9657863145258103	9084
9073	1	1.0004001600640257e-4	0.9658863545418167	9085
9074	1	1.0004001600640257e-4	0.9659863945578231	9086
9075	1	1.0004001600640257e-4	0.9660864345738295	9087
9076	1	1.0004001600640257e-4	0.9661864745898359	9088
9077	1	1.0004001600640257e-4	0.9662865146058423	9089
9078	1	1.0004001600640257e-4	0.9663865546218487	9090
9079	1	1.0004001600640257e-4	0.9664865946378551	9091
9080	1	1.0004001600640257e-4	0.9665866346538615	9092
9081	1	1.0004001600640257e-4	0.9666866746698679	9093
9082	1	1.0004001600640257e-4	0.9667867146858743	9094
9083	1	1.0004001600640257e-4	0.9668867547018807	9095
9084	1	1.0004001600640257e-4	0.9669867947178871	9096
9085	1	1.0004001600640257e-4	0.9670868347338936	9097
9086	1	1.0004001600640257e-4	0.9671868747499	9098
9087	1	1.0004001600640257e-4	0.9672869147659063	9099
9088	1	1.0004001600640257e-4	0.9673869547819127	9100
9089	1	1.0004001600640257e-4	0.9674869947979191	9101
9090	1	1.0004001600640257e-4	0.9675870348139255	9102
9091	1	1.0004001600640257e-4	0.9676870748299319	9103
9092	1	1.0004001600640257e-4	0.9677871148459384	9104
9093	1	1.0004001600640257e-4	0.9678871548619448	9105
9094	1	1.0004001600640257e-4	0.9679871948779512	9106
9095	1	1.0004001600640257e-4	0.9680872348939575	9107
9096	1	1.0004001600640257e-4	0.9681872749099639	9108
9097	1	1.0004001600640257e-4	0.9682873149259703	9109
9098	1	1.0004001600640257e-4	0.9683873549419768	9110
9099	1	1.0004001600640257e-4	0.9684873949579832	9111
9100	1	1.0004001600640257e-4	0.9685874349739896	9112
9101	1	1.0004001600640257e-4	0.968687474989996	9113
9102	1	1.0004001600640257e-4	0.9687875150060024	9114
9103	1	1.0004001600640257e-4	0.9688875550220087	9115
9104	1	1.0004001600640257e-4	0.9689875950380151	9116
9105	1	1.0004001600640257e-4	0.9690876350540216	9117
9106	1	1.0004001600640257e-4	0.969187675070028	9118
9107	1	1.0004001600640257e-4	0.9692877150860344	9119
9108	1	1.0004001600640257e-4	0.9693877551020408	9120
9109	1	1.0004001600640257e-4	0.9694877951180472	9121
9110	1	1.0004001600640257e-4	0.9695878351340536	9122
9111	1	1.0004001600640257e-4	0.9696878751500599	9123
9112	1	1.0004001600640257e-4	0.9697879151660664	9124
9113	1	1.0004001600640257e-4	0.9698879551820728	9125
9114	1	1.0004001600640257e-4	0.9699879951980792	9126
9115	1	1.0004001600640257e-4	0.9700880352140856	9127
9116	1	1.0004001600640257e-4	0.970188075230092	9128
9117	1	1.0004001600640257e-4	0.9702881152460984	9129
9118	1	1.0004001600640257e-4	0.9703881552621048	9130
9119	1	1.0004001600640257e-4	0.9704881952781113	9131
9120	1	1.0004001600640257e-4	0.9705882352941176	9132
9121	1	1.0004001600640257e-4	0.970688275310124	9133
9122	1	1.0004001600640257e-4	0.9707883153261304	9134
9123	1	1.0004001600640257e-4	0.9708883553421368	9135
9124	1	1.0004001600640257e-4	0.9709883953581432	9136
9125	1	1.0004001600640257e-4	0.9710884353741496	9137
9126	1	1.0004001600640257e-4	0.9711884753901561	9138
9127	1	1.0004001600640257e-4	0.9712885154061625	9139
9128	1	1.0004001600640257e-4	0.9713885554221688	9140
9129	1	1.0004001600640257e-4	0.9714885954381752	9141
9130	1	1.0004001600640257e-4	0.9715886354541816	9142
9131	1	1.0004001600640257e-4	0.971688675470188	9143
9132	1	1.0004001600640257e-4	0.9717887154861944	9144
9133	1	1.0004001600640257e-4	0.9718887555022009	9145
9134	1	1.0004001600640257e-4	0.9719887955182073	9146
9135	1	1.0004001600640257e-4	0.9720888355342137	9147
9136	1	1.0004001600640257e-4	0.97218887555022	9148
9137	1	1.0004001600640257e-4	0.9722889155662264	9149
9138	1	1.0004001600640257e-4	0.9723889555822328	9150
9139	1	1.0004001600640257e-4	0.9724889955982393	9151
9140	1	1.0004001600640257e-4	0.9725890356142457	9152
9141	1	1.0004001600640257e-4	0.9726890756302521	9153
9142	1	1.0004001600640257e-4	0.9727891156462585	9154
9143	1	1.0004001600640257e-4	0.9728891556622649	9155
9144	1	1.0004001600640257e-4	0.9729891956782712	9156
9145	1	1.0004001600640257e-4	0.9730892356942776	9157
9146	1	1.0004001600640257e-4	0.9731892757102841	9158
9147	1	1.0004001600640257e-4	0.9732893157262905	9159
9148	1	1.0004001600640257e-4	0.9733893557422969	9160
9149	1	1.0004001600640257e-4	0.9734893957583033	9161
9150	1	1.0004001600640257e-4	0.9735894357743097	9162
9151	1	1.0004001600640257e-4	0.9736894757903161	9163
9152	1	1.0004001600640257e-4	0.9737895158063224	9164
9153	1	1.0004001600640257e-4	0.973889555822329	9165
9154	1	1.0004001600640257e-4	0.9739895958383353	9166
9155	1	1.0004001600640257e-4	0.9740896358543417	9167
9156	1	1.0004001600640257e-4	0.9741896758703481	9168
9157	1	1.0004001600640257e-4	0.9742897158863545	9169
9158	1	1.0004001600640257e-4	0.9743897559023609	9170
9159	1	1.0004001600640257e-4	0.9744897959183673	9171
9160	1	1.0004001600640257e-4	0.9745898359343738	9172
9161	1	1.0004001600640257e-4	0.9746898759503801	9173
9162	1	1.0004001600640257e-4	0.9747899159663865	9174
9163	1	1.0004001600640257e-4	0.9748899559823929	9175
9165	1	1.0004001600640257e-4	0.9749899959983993	9176
9166	1	1.0004001600640257e-4	0.9750900360144057	9177
9167	1	1.0004001600640257e-4	0.9751900760304121	9178
9168	1	1.0004001600640257e-4	0.9752901160464186	9179
9169	1	1.0004001600640257e-4	0.975390156062425	9180
9170	1	1.0004001600640257e-4	0.9754901960784313	9181
9171	1	1.0004001600640257e-4	0.9755902360944377	9182
9172	1	1.0004001600640257e-4	0.9756902761104441	9183
9173	1	1.0004001600640257e-4	0.9757903161264505	9184
9174	1	1.0004001600640257e-4	0.9758903561424569	9185
9175	1	1.0004001600640257e-4	0.9759903961584634	9186
9176	1	1.0004001600640257e-4	0.9760904361744698	9187
9177	1	1.0004001600640257e-4	0.9761904761904762	9188
9178	1	1.0004001600640257e-4	0.9762905162064826	9189
9179	1	1.0004001600640257e-4	0.9763905562224889	9190
9180	1	1.0004001600640257e-4	0.9764905962384953	9191
9181	1	1.0004001600640257e-4	0.9765906362545017	9192
9182	1	1.0004001600640257e-4	0.9766906762705082	9193
9183	1	1.0004001600640257e-4	0.9767907162865146	9194
9184	1	1.0004001600640257e-4	0.976890756302521	9195
9185	1	1.0004001600640257e-4	0.9769907963185274	9196
9186	1	1.0004001600640257e-4	0.9770908363345338	9197
9187	1	1.0004001600640257e-4	0.9771908763505401	9198
9188	1	1.0004001600640257e-4	0.9772909163665466	9199
9189	1	1.0004001600640257e-4	0.977390956382553	9200
9190	1	1.0004001600640257e-4	0.9774909963985594	9201
9191	1	1.0004001600640257e-4	0.9775910364145658	9202
9192	1	1.0004001600640257e-4	0.9776910764305722	9203
9193	1	1.0004001600640257e-4	0.9777911164465786	9204
9194	1	1.0004001600640257e-4	0.977891156462585	9205
9195	1	1.0004001600640257e-4	0.9779911964785915	9206
9196	1	1.0004001600640257e-4	0.9780912364945978	9207
9197	1	1.0004001600640257e-4	0.9781912765106042	9208
9198	1	1.0004001600640257e-4	0.9782913165266106	9209
9199	1	1.0004001600640257e-4	0.978391356542617	9210
9200	1	1.0004001600640257e-4	0.9784913965586234	9211
9201	1	1.0004001600640257e-4	0.9785914365746298	9212
9202	1	1.0004001600640257e-4	0.9786914765906363	9213
9203	1	1.0004001600640257e-4	0.9787915166066427	9214
9204	1	1.0004001600640257e-4	0.978891556622649	9215
9205	1	1.0004001600640257e-4	0.9789915966386554	9216
9206	1	1.0004001600640257e-4	0.9790916366546618	9217
9207	1	1.0004001600640257e-4	0.9791916766706682	9218
9208	1	1.0004001600640257e-4	0.9792917166866746	9219
9209	1	1.0004001600640257e-4	0.9793917567026811	9220
9210	1	1.0004001600640257e-4	0.9794917967186875	9221
9211	1	1.0004001600640257e-4	0.9795918367346939	9222
9212	1	1.0004001600640257e-4	0.9796918767507002	9223
9213	1	1.0004001600640257e-4	0.9797919167667066	9224
9214	1	1.0004001600640257e-4	0.979891956782713	9225
9215	1	1.0004001600640257e-4	0.9799919967987194	9226
9216	1	1.0004001600640257e-4	0.9800920368147259	9227
9217	1	1.0004001600640257e-4	0.9801920768307323	9228
9218	1	1.0004001600640257e-4	0.9802921168467387	9229
9219	1	1.0004001600640257e-4	0.9803921568627451	9230
9220	1	1.0004001600640257e-4	0.9804921968787514	9231
9221	1	1.0004001600640257e-4	0.9805922368947578	9232
9222	1	1.0004001600640257e-4	0.9806922769107642	9233
9223	1	1.0004001600640257e-4	0.9807923169267707	9234
9224	1	1.0004001600640257e-4	0.9808923569427771	9235
9225	1	1.0004001600640257e-4	0.9809923969587835	9236
9226	1	1.0004001600640257e-4	0.9810924369747899	9237
9227	1	1.0004001600640257e-4	0.9811924769907963	9238
9228	1	1.0004001600640257e-4	0.9812925170068026	9239
9229	1	1.0004001600640257e-4	0.9813925570228091	9240
9230	1	1.0004001600640257e-4	0.9814925970388155	9241
9231	1	1.0004001600640257e-4	0.9815926370548219	9242
9232	1	1.0004001600640257e-4	0.9816926770708283	9243
9233	1	1.0004001600640257e-4	0.9817927170868347	9244
9234	1	1.0004001600640257e-4	0.9818927571028411	9245
9235	1	1.0004001600640257e-4	0.9819927971188475	9246
9236	1	1.0004001600640257e-4	0.982092837134854	9247
9237	1	1.0004001600640257e-4	0.9821928771508603	9248
9238	1	1.0004001600640257e-4	0.9822929171668667	9249
9239	1	1.0004001600640257e-4	0.9823929571828731	9250
9240	1	1.0004001600640257e-4	0.9824929971988795	9251
9241	1	1.0004001600640257e-4	0.9825930372148859	9252
9242	1	1.0004001600640257e-4	0.9826930772308923	9253
9244	1	1.0004001600640257e-4	0.9827931172468988	9254
9245	1	1.0004001600640257e-4	0.9828931572629052	9255
9246	1	1.0004001600640257e-4	0.9829931972789115	9256
9247	1	1.0004001600640257e-4	0.9830932372949179	9257
9248	1	1.0004001600640257e-4	0.9831932773109243	9258
9249	1	1.0004001600640257e-4	0.9832933173269307	9259
9250	1	1.0004001600640257e-4	0.9833933573429371	9260
9251	1	1.0004001600640257e-4	0.9834933973589436	9261
9252	1	1.0004001600640257e-4	0.98359343737495	9262
9253	1	1.0004001600640257e-4	0.9836934773909564	9263
9254	1	1.0004001600640257e-4	0.9837935174069627	9264
9255	1	1.0004001600640257e-4	0.9838935574229691	9265
9256	1	1.0004001600640257e-4	0.9839935974389755	9266
9257	1	1.0004001600640257e-4	0.9840936374549819	9267
9258	1	1.0004001600640257e-4	0.9841936774709884	9268
9259	1	1.0004001600640257e-4	0.9842937174869948	9269
9260	1	1.0004001600640257e-4	0.9843937575030012	9270
9261	1	1.0004001600640257e-4	0.9844937975190076	9271
9262	1	1.0004001600640257e-4	0.984593837535014	9272
9263	1	1.0004001600640257e-4	0.9846938775510203	9273
9264	1	1.0004001600640257e-4	0.9847939175670267	9274
9265	1	1.0004001600640257e-4	0.9848939575830332	9275
9266	1	1.0004001600640257e-4	0.9849939975990396	9276
9267	1	1.0004001600640257e-4	0.985094037615046	9277
9268	1	1.0004001600640257e-4	0.9851940776310524	9278
9269	1	1.0004001600640257e-4	0.9852941176470588	9279
9270	1	1.0004001600640257e-4	0.9853941576630652	9280
9271	1	1.0004001600640257e-4	0.9854941976790715	9281
9272	1	1.0004001600640257e-4	0.985594237695078	9282
9273	1	1.0004001600640257e-4	0.9856942777110844	9283
9274	1	1.0004001600640257e-4	0.9857943177270908	9284
9276	1	1.0004001600640257e-4	0.9858943577430972	9285
9277	1	1.0004001600640257e-4	0.9859943977591036	9286
9278	1	1.0004001600640257e-4	0.98609443777511	9287
9279	1	1.0004001600640257e-4	0.9861944777911165	9288
9280	1	1.0004001600640257e-4	0.9862945178071229	9289
9281	1	1.0004001600640257e-4	0.9863945578231292	9290
9282	1	1.0004001600640257e-4	0.9864945978391356	9291
9283	1	1.0004001600640257e-4	0.986594637855142	9292
9284	1	1.0004001600640257e-4	0.9866946778711484	9293
9285	1	1.0004001600640257e-4	0.9867947178871548	9294
9286	1	1.0004001600640257e-4	0.9868947579031613	9295
9287	1	1.0004001600640257e-4	0.9869947979191677	9296
9288	1	1.0004001600640257e-4	0.987094837935174	9297
9289	1	1.0004001600640257e-4	0.9871948779511804	9298
9290	1	1.0004001600640257e-4	0.9872949179671868	9299
9291	1	1.0004001600640257e-4	0.9873949579831932	9300
9292	1	1.0004001600640257e-4	0.9874949979991996	9301
9293	1	1.0004001600640257e-4	0.9875950380152061	9302
9294	1	1.0004001600640257e-4	0.9876950780312125	9303
9295	1	1.0004001600640257e-4	0.9877951180472189	9304
9296	1	1.0004001600640257e-4	0.9878951580632253	9305
9297	1	1.0004001600640257e-4	0.9879951980792316	9306
9298	1	1.0004001600640257e-4	0.988095238095238	9307
9299	1	1.0004001600640257e-4	0.9881952781112444	9308
9300	1	1.0004001600640257e-4	0.9882953181272509	9309
9301	1	1.0004001600640257e-4	0.9883953581432573	9310
9302	1	1.0004001600640257e-4	0.9884953981592637	9311
9303	1	1.0004001600640257e-4	0.9885954381752701	9312
9304	1	1.0004001600640257e-4	0.9886954781912765	9313
9306	1	1.0004001600640257e-4	0.9887955182072828	9314
9307	1	1.0004001600640257e-4	0.9888955582232892	9315
9308	1	1.0004001600640257e-4	0.9889955982392957	9316
9309	1	1.0004001600640257e-4	0.9890956382553021	9317
9310	1	1.0004001600640257e-4	0.9891956782713085	9318
9311	1	1.0004001600640257e-4	0.9892957182873149	9319
9312	1	1.0004001600640257e-4	0.9893957583033213	9320
9314	1	1.0004001600640257e-4	0.9894957983193277	9321
9315	1	1.0004001600640257e-4	0.989595838335334	9322
9316	1	1.0004001600640257e-4	0.9896958783513405	9323
9317	1	1.0004001600640257e-4	0.9897959183673469	9324
9318	1	1.0004001600640257e-4	0.9898959583833533	9325
9319	1	1.0004001600640257e-4	0.9899959983993597	9326
9321	1	1.0004001600640257e-4	0.9900960384153661	9327
9322	1	1.0004001600640257e-4	0.9901960784313725	9328
9323	1	1.0004001600640257e-4	0.9902961184473789	9329
9325	1	1.0004001600640257e-4	0.9903961584633854	9330
9327	1	1.0004001600640257e-4	0.9904961984793917	9331
9328	1	1.0004001600640257e-4	0.9905962384953981	9332
9329	1	1.0004001600640257e-4	0.9906962785114045	9333
9330	1	1.0004001600640257e-4	0.9907963185274109	9334
9331	1	1.0004001600640257e-4	0.9908963585434173	9335
9332	1	1.0004001600640257e-4	0.9909963985594238	9336
9333	1	1.0004001600640257e-4	0.9910964385754302	9337
9334	1	1.0004001600640257e-4	0.9911964785914366	9338
9335	1	1.0004001600640257e-4	0.991296518607443	9339
9336	1	1.0004001600640257e-4	0.9913965586234493	9340
9337	1	1.0004001600640257e-4	0.9914965986394557	9341
9338	1	1.0004001600640257e-4	0.9915966386554621	9342
9339	1	1.0004001600640257e-4	0.9916966786714686	9343
9340	1	1.0004001600640257e-4	0.991796718687475	9344
9341	1	1.0004001600640257e-4	0.9918967587034814	9345
9342	1	1.0004001600640257e-4	0.9919967987194878	9346
9343	1	1.0004001600640257e-4	0.9920968387354941	9347
9344	1	1.0004001600640257e-4	0.9921968787515005	9348
9345	1	1.0004001600640257e-4	0.9922969187675069	9349
9347	1	1.0004001600640257e-4	0.9923969587835134	9350
9348	1	1.0004001600640257e-4	0.9924969987995198	9351
9349	1	1.0004001600640257e-4	0.9925970388155262	9352
9350	1	1.0004001600640257e-4	0.9926970788315326	9353
9351	1	1.0004001600640257e-4	0.992797118847539	9354
9352	1	1.0004001600640257e-4	0.9928971588635453	9355
9353	1	1.0004001600640257e-4	0.9929971988795517	9356
9354	1	1.0004001600640257e-4	0.9930972388955582	9357
9355	1	1.0004001600640257e-4	0.9931972789115646	9358
9356	1	1.0004001600640257e-4	0.993297318927571	9359
9357	1	1.0004001600640257e-4	0.9933973589435774	9360
9358	1	1.0004001600640257e-4	0.9934973989595838	9361
9359	1	1.0004001600640257e-4	0.9935974389755902	9362
9360	1	1.0004001600640257e-4	0.99369747899159655	9363
9361	1	1.0004001600640257e-4	0.993797519007603	9364
9363	1	1.0004001600640257e-4	0.9938975590236094	9365
9364	1	1.0004001600640257e-4	0.9939975990396158	9366
9365	1	1.0004001600640257e-4	0.9940976390556222	9367
9366	1	1.0004001600640257e-4	0.9941976790716286	9368
9367	1	1.0004001600640257e-4	0.994297719087635	9369
9368	1	1.0004001600640257e-4	0.9943977591036414	9370
9369	1	1.0004001600640257e-4	0.9944977991196479	9371
9370	1	1.0004001600640257e-4	0.9945978391356542	9372
9371	1	1.0004001600640257e-4	0.9946978791516606	9373
9372	1	1.0004001600640257e-4	0.994797919167667	9374
9374	1	1.0004001600640257e-4	0.9948979591836734	9375
9375	1	1.0004001600640257e-4	0.9949979991996798	9376
9376	1	1.0004001600640257e-4	0.9950980392156863	9377
9377	1	1.0004001600640257e-4	0.9951980792316927	9378
9378	1	1.0004001600640257e-4	0.9952981192476991	9379
9379	1	1.0004001600640257e-4	0.9953981592637055	9380
9380	1	1.0004001600640257e-4	0.9954981992797118	9381
9381	1	1.0004001600640257e-4	0.9955982392957182	9382
9382	1	1.0004001600640257e-4	0.9956982793117246	9383
9383	1	1.0004001600640257e-4	0.9957983193277311	9384
9384	1	1.0004001600640257e-4	0.9958983593437375	9385
9385	1	1.0004001600640257e-4	0.9959983993597439	9386
9386	1	1.0004001600640257e-4	0.9960984393757503	9387
9387	1	1.0004001600640257e-4	0.9961984793917567	9388
9388	1	1.0004001600640257e-4	0.996298519407763	9389
9389	1	1.0004001600640257e-4	0.9963985594237694	9390
9390	1	1.0004001600640257e-4	0.9964985994397759	9391
9391	1	1.0004001600640257e-4	0.9965986394557823	9392
9392	1	1.0004001600640257e-4	0.9966986794717887	9393
9393	1	1.0004001600640257e-4	0.9967987194877951	9394
9394	1	1.0004001600640257e-4	0.9968987595038015	9395
9395	1	1.0004001600640257e-4	0.9969987995198079	9396
9396	1	1.0004001600640257e-4	0.9970988395358142	9397
9397	1	1.0004001600640257e-4	0.9971988795518207	9398
9398	1	1.0004001600640257e-4	0.9972989195678271	9399
9399	1	1.0004001600640257e-4	0.9973989595838335	9400
9400	1	1.0004001600640257e-4	0.9974989995998399	9401
9401	1	1.0004001600640257e-4	0.9975990396158463	9402
9402	1	1.0004001600640257e-4	0.9976990796318527	9403
9403	1	1.0004001600640257e-4	0.9977991196478591	9404
9405	1	1.0004001600640257e-4	0.9978991596638656	9405
9406	1	1.0004001600640257e-4	0.9979991996798719	9406
9407	1	1.0004001600640257e-4	0.9980992396958783	9407
9408	1	1.0004001600640257e-4	0.9981992797118847	9408
9409	1	1.0004001600640257e-4	0.9982993197278911	9409
9410	1	1.0004001600640257e-4	0.9983993597438975	9410
9411	1	1.0004001600640257e-4	0.9984993997599039	9411
9412	1	1.0004001600640257e-4	0.9985994397759104	9412
9413	1	1.0004001600640257e-4	0.9986994797919168	9413
9414	1	1.0004001600640257e-4	0.9987995198079231	9414
9415	1	1.0004001600640257e-4	0.9988995598239295	9415
9416	1	1.0004001600640257e-4	0.9989995998399359	9416
9417	1	1.0004001600640257e-4	0.9990996398559423	9417
9418	1	1.0004001600640257e-4	0.9991996798719487	9418
9419	1	1.0004001600640257e-4	0.9992997198879552	9419
9420	1	1.0004001600640257e-4	0.9993997599039616	9420
9421	1	1.0004001600640257e-4	0.999499799919968	9421
9422	1	1.0004001600640257e-4	0.9995998399359743	9422
9423	1	1.0004001600640257e-4	0.9996998799519807	9423
9424	1	1.0004001600640257e-4	0.9997999199679871	9424
9425	1	1.0004001600640257e-4	0.9998999599839936	9425
9426	1	1.0004001600640257e-4	1	9426
