clone_id	n_seq	freq	rank
2442	20	0.0020008003201280513	1
6701	11	0.0011004401760704283	2
2422	8	8.003201280512205e-4	3
9324	8	8.003201280512205e-4	4
7440	7	7.002801120448179e-4	5
5501	6	6.002400960384153e-4	6
6556	6	6.002400960384153e-4	7
9305	6	6.002400960384153e-4	8
2546	5	5.002000800320128e-4	9
3860	5	5.002000800320128e-4	10
3866	5	5.002000800320128e-4	11
5519	5	5.002000800320128e-4	12
8261	5	5.002000800320128e-4	13
425	4	4.0016006402561027e-4	14
565	4	4.0016006402561027e-4	15
625	4	4.0016006402561027e-4	16
764	4	4.0016006402561027e-4	17
1345	4	4.0016006402561027e-4	18
1637	4	4.0016006402561027e-4	19
1651	4	4.0016006402561027e-4	20
2342	4	4.0016006402561027e-4	21
2580	4	4.0016006402561027e-4	22
2618	4	4.0016006402561027e-4	23
2955	4	4.0016006402561027e-4	24
3332	4	4.0016006402561027e-4	25
3491	4	4.0016006402561027e-4	26
3669	4	4.0016006402561027e-4	27
3847	4	4.0016006402561027e-4	28
3865	4	4.0016006402561027e-4	29
4949	4	4.0016006402561027e-4	30
5527	4	4.0016006402561027e-4	31
5779	4	4.0016006402561027e-4	32
7457	4	4.0016006402561027e-4	33
8257	4	4.0016006402561027e-4	34
8285	4	4.0016006402561027e-4	35
8309	4	4.0016006402561027e-4	36
8385	4	4.0016006402561027e-4	37
9313	4	4.0016006402561027e-4	38
122	3	3.0012004801920766e-4	39
135	3	3.0012004801920766e-4	40
473	3	3.0012004801920766e-4	41
514	3	3.0012004801920766e-4	42
1028	3	3.0012004801920766e-4	43
1192	3	3.0012004801920766e-4	44
1368	3	3.0012004801920766e-4	45
2031	3	3.0012004801920766e-4	46
2055	3	3.0012004801920766e-4	47
2113	3	3.0012004801920766e-4	48
2333	3	3.0012004801920766e-4	49
2399	3	3.0012004801920766e-4	50
2467	3	3.0012004801920766e-4	51
2568	3	3.0012004801920766e-4	52
2574	3	3.0012004801920766e-4	53
2599	3	3.0012004801920766e-4	54
2600	3	3.0012004801920766e-4	55
3073	3	3.0012004801920766e-4	56
3336	3	3.0012004801920766e-4	57
3494	3	3.0012004801920766e-4	58
3637	3	3.0012004801920766e-4	59
3638	3	3.0012004801920766e-4	60
3652	3	3.0012004801920766e-4	61
3674	3	3.0012004801920766e-4	62
3685	3	3.0012004801920766e-4	63
3853	3	3.0012004801920766e-4	64
3870	3	3.0012004801920766e-4	65
4199	3	3.0012004801920766e-4	66
4233	3	3.0012004801920766e-4	67
4338	3	3.0012004801920766e-4	68
4950	3	3.0012004801920766e-4	69
5494	3	3.0012004801920766e-4	70
5510	3	3.0012004801920766e-4	71
5526	3	3.0012004801920766e-4	72
5529	3	3.0012004801920766e-4	73
5546	3	3.0012004801920766e-4	74
5547	3	3.0012004801920766e-4	75
5554	3	3.0012004801920766e-4	76
5883	3	3.0012004801920766e-4	77
6333	3	3.0012004801920766e-4	78
6560	3	3.0012004801920766e-4	79
6595	3	3.0012004801920766e-4	80
6605	3	3.0012004801920766e-4	81
6624	3	3.0012004801920766e-4	82
6702	3	3.0012004801920766e-4	83
6768	3	3.0012004801920766e-4	84
6802	3	3.0012004801920766e-4	85
6827	3	3.0012004801920766e-4	86
6833	3	3.0012004801920766e-4	87
6932	3	3.0012004801920766e-4	88
7193	3	3.0012004801920766e-4	89
7439	3	3.0012004801920766e-4	90
7634	3	3.0012004801920766e-4	91
7888	3	3.0012004801920766e-4	92
8157	3	3.0012004801920766e-4	93
8245	3	3.0012004801920766e-4	94
8274	3	3.0012004801920766e-4	95
8421	3	3.0012004801920766e-4	96
8844	3	3.0012004801920766e-4	97
9243	3	3.0012004801920766e-4	98
9346	3	3.0012004801920766e-4	99
21	2	2.0008003201280514e-4	100
163	2	2.0008003201280514e-4	101
164	2	2.0008003201280514e-4	102
206	2	2.0008003201280514e-4	103
208	2	2.0008003201280514e-4	104
210	2	2.0008003201280514e-4	105
211	2	2.0008003201280514e-4	106
256	2	2.0008003201280514e-4	107
263	2	2.0008003201280514e-4	108
431	2	2.0008003201280514e-4	109
439	2	2.0008003201280514e-4	110
475	2	2.0008003201280514e-4	111
551	2	2.0008003201280514e-4	112
560	2	2.0008003201280514e-4	113
569	2	2.0008003201280514e-4	114
589	2	2.0008003201280514e-4	115
590	2	2.0008003201280514e-4	116
596	2	2.0008003201280514e-4	117
601	2	2.0008003201280514e-4	118
620	2	2.0008003201280514e-4	119
631	2	2.0008003201280514e-4	120
655	2	2.0008003201280514e-4	121
719	2	2.0008003201280514e-4	122
735	2	2.0008003201280514e-4	123
750	2	2.0008003201280514e-4	124
757	2	2.0008003201280514e-4	125
772	2	2.0008003201280514e-4	126
799	2	2.0008003201280514e-4	127
855	2	2.0008003201280514e-4	128
868	2	2.0008003201280514e-4	129
876	2	2.0008003201280514e-4	130
878	2	2.0008003201280514e-4	131
943	2	2.0008003201280514e-4	132
964	2	2.0008003201280514e-4	133
979	2	2.0008003201280514e-4	134
1017	2	2.0008003201280514e-4	135
1026	2	2.0008003201280514e-4	136
1035	2	2.0008003201280514e-4	137
1039	2	2.0008003201280514e-4	138
1071	2	2.0008003201280514e-4	139
1085	2	2.0008003201280514e-4	140
1148	2	2.0008003201280514e-4	141
1150	2	2.0008003201280514e-4	142
1196	2	2.0008003201280514e-4	143
1347	2	2.0008003201280514e-4	144
1399	2	2.0008003201280514e-4	145
1464	2	2.0008003201280514e-4	146
1486	2	2.0008003201280514e-4	147
1491	2	2.0008003201280514e-4	148
1498	2	2.0008003201280514e-4	149
1534	2	2.0008003201280514e-4	150
1630	2	2.0008003201280514e-4	151
1633	2	2.0008003201280514e-4	152
1650	2	2.0008003201280514e-4	153
1653	2	2.0008003201280514e-4	154
1654	2	2.0008003201280514e-4	155
1661	2	2.0008003201280514e-4	156
1666	2	2.0008003201280514e-4	157
1804	2	2.0008003201280514e-4	158
1883	2	2.0008003201280514e-4	159
1887	2	2.0008003201280514e-4	160
1924	2	2.0008003201280514e-4	161
1984	2	2.0008003201280514e-4	162
1992	2	2.0008003201280514e-4	163
2019	2	2.0008003201280514e-4	164
2033	2	2.0008003201280514e-4	165
2037	2	2.0008003201280514e-4	166
2039	2	2.0008003201280514e-4	167
2100	2	2.0008003201280514e-4	168
2115	2	2.0008003201280514e-4	169
2132	2	2.0008003201280514e-4	170
2164	2	2.0008003201280514e-4	171
2168	2	2.0008003201280514e-4	172
2199	2	2.0008003201280514e-4	173
2223	2	2.0008003201280514e-4	174
2230	2	2.0008003201280514e-4	175
2313	2	2.0008003201280514e-4	176
2323	2	2.0008003201280514e-4	177
2332	2	2.0008003201280514e-4	178
2388	2	2.0008003201280514e-4	179
2404	2	2.0008003201280514e-4	180
2420	2	2.0008003201280514e-4	181
2425	2	2.0008003201280514e-4	182
2428	2	2.0008003201280514e-4	183
2534	2	2.0008003201280514e-4	184
2566	2	2.0008003201280514e-4	185
2598	2	2.0008003201280514e-4	186
2607	2	2.0008003201280514e-4	187
2657	2	2.0008003201280514e-4	188
2703	2	2.0008003201280514e-4	189
2732	2	2.0008003201280514e-4	190
2826	2	2.0008003201280514e-4	191
2921	2	2.0008003201280514e-4	192
2977	2	2.0008003201280514e-4	193
2984	2	2.0008003201280514e-4	194
3049	2	2.0008003201280514e-4	195
3075	2	2.0008003201280514e-4	196
3084	2	2.0008003201280514e-4	197
3130	2	2.0008003201280514e-4	198
3150	2	2.0008003201280514e-4	199
3151	2	2.0008003201280514e-4	200
3176	2	2.0008003201280514e-4	201
3209	2	2.0008003201280514e-4	202
3277	2	2.0008003201280514e-4	203
3329	2	2.0008003201280514e-4	204
3373	2	2.0008003201280514e-4	205
3383	2	2.0008003201280514e-4	206
3450	2	2.0008003201280514e-4	207
3521	2	2.0008003201280514e-4	208
3604	2	2.0008003201280514e-4	209
3624	2	2.0008003201280514e-4	210
3636	2	2.0008003201280514e-4	211
3640	2	2.0008003201280514e-4	212
3650	2	2.0008003201280514e-4	213
3654	2	2.0008003201280514e-4	214
3676	2	2.0008003201280514e-4	215
3682	2	2.0008003201280514e-4	216
3707	2	2.0008003201280514e-4	217
3720	2	2.0008003201280514e-4	218
3827	2	2.0008003201280514e-4	219
3857	2	2.0008003201280514e-4	220
3894	2	2.0008003201280514e-4	221
3900	2	2.0008003201280514e-4	222
3905	2	2.0008003201280514e-4	223
3918	2	2.0008003201280514e-4	224
3933	2	2.0008003201280514e-4	225
3983	2	2.0008003201280514e-4	226
3986	2	2.0008003201280514e-4	227
3995	2	2.0008003201280514e-4	228
4025	2	2.0008003201280514e-4	229
4028	2	2.0008003201280514e-4	230
4035	2	2.0008003201280514e-4	231
4039	2	2.0008003201280514e-4	232
4048	2	2.0008003201280514e-4	233
4071	2	2.0008003201280514e-4	234
4145	2	2.0008003201280514e-4	235
4164	2	2.0008003201280514e-4	236
4168	2	2.0008003201280514e-4	237
4175	2	2.0008003201280514e-4	238
4188	2	2.0008003201280514e-4	239
4250	2	2.0008003201280514e-4	240
4264	2	2.0008003201280514e-4	241
4265	2	2.0008003201280514e-4	242
4266	2	2.0008003201280514e-4	243
4269	2	2.0008003201280514e-4	244
4275	2	2.0008003201280514e-4	245
4340	2	2.0008003201280514e-4	246
4344	2	2.0008003201280514e-4	247
4377	2	2.0008003201280514e-4	248
4384	2	2.0008003201280514e-4	249
4385	2	2.0008003201280514e-4	250
4406	2	2.0008003201280514e-4	251
4408	2	2.0008003201280514e-4	252
4425	2	2.0008003201280514e-4	253
4432	2	2.0008003201280514e-4	254
4519	2	2.0008003201280514e-4	255
4547	2	2.0008003201280514e-4	256
4557	2	2.0008003201280514e-4	257
4609	2	2.0008003201280514e-4	258
4633	2	2.0008003201280514e-4	259
4664	2	2.0008003201280514e-4	260
4674	2	2.0008003201280514e-4	261
4675	2	2.0008003201280514e-4	262
4681	2	2.0008003201280514e-4	263
4723	2	2.0008003201280514e-4	264
4743	2	2.0008003201280514e-4	265
4769	2	2.0008003201280514e-4	266
4841	2	2.0008003201280514e-4	267
5121	2	2.0008003201280514e-4	268
5182	2	2.0008003201280514e-4	269
5183	2	2.0008003201280514e-4	270
5202	2	2.0008003201280514e-4	271
5208	2	2.0008003201280514e-4	272
5236	2	2.0008003201280514e-4	273
5244	2	2.0008003201280514e-4	274
5301	2	2.0008003201280514e-4	275
5321	2	2.0008003201280514e-4	276
5322	2	2.0008003201280514e-4	277
5351	2	2.0008003201280514e-4	278
5358	2	2.0008003201280514e-4	279
5419	2	2.0008003201280514e-4	280
5466	2	2.0008003201280514e-4	281
5498	2	2.0008003201280514e-4	282
5513	2	2.0008003201280514e-4	283
5549	2	2.0008003201280514e-4	284
5551	2	2.0008003201280514e-4	285
5566	2	2.0008003201280514e-4	286
5588	2	2.0008003201280514e-4	287
5597	2	2.0008003201280514e-4	288
5669	2	2.0008003201280514e-4	289
5735	2	2.0008003201280514e-4	290
5740	2	2.0008003201280514e-4	291
5772	2	2.0008003201280514e-4	292
5790	2	2.0008003201280514e-4	293
5889	2	2.0008003201280514e-4	294
5892	2	2.0008003201280514e-4	295
5909	2	2.0008003201280514e-4	296
5919	2	2.0008003201280514e-4	297
6089	2	2.0008003201280514e-4	298
6131	2	2.0008003201280514e-4	299
6134	2	2.0008003201280514e-4	300
6146	2	2.0008003201280514e-4	301
6147	2	2.0008003201280514e-4	302
6166	2	2.0008003201280514e-4	303
6195	2	2.0008003201280514e-4	304
6200	2	2.0008003201280514e-4	305
6278	2	2.0008003201280514e-4	306
6528	2	2.0008003201280514e-4	307
6559	2	2.0008003201280514e-4	308
6570	2	2.0008003201280514e-4	309
6573	2	2.0008003201280514e-4	310
6588	2	2.0008003201280514e-4	311
6599	2	2.0008003201280514e-4	312
6607	2	2.0008003201280514e-4	313
6612	2	2.0008003201280514e-4	314
6616	2	2.0008003201280514e-4	315
6621	2	2.0008003201280514e-4	316
6643	2	2.0008003201280514e-4	317
6707	2	2.0008003201280514e-4	318
6710	2	2.0008003201280514e-4	319
6840	2	2.0008003201280514e-4	320
6893	2	2.0008003201280514e-4	321
6938	2	2.0008003201280514e-4	322
6942	2	2.0008003201280514e-4	323
6951	2	2.0008003201280514e-4	324
6972	2	2.0008003201280514e-4	325
7077	2	2.0008003201280514e-4	326
7148	2	2.0008003201280514e-4	327
7166	2	2.0008003201280514e-4	328
7196	2	2.0008003201280514e-4	329
7204	2	2.0008003201280514e-4	330
7330	2	2.0008003201280514e-4	331
7401	2	2.0008003201280514e-4	332
7416	2	2.0008003201280514e-4	333
7472	2	2.0008003201280514e-4	334
7577	2	2.0008003201280514e-4	335
7619	2	2.0008003201280514e-4	336
7620	2	2.0008003201280514e-4	337
7629	2	2.0008003201280514e-4	338
7664	2	2.0008003201280514e-4	339
7686	2	2.0008003201280514e-4	340
7724	2	2.0008003201280514e-4	341
7767	2	2.0008003201280514e-4	342
7792	2	2.0008003201280514e-4	343
7795	2	2.0008003201280514e-4	344
7813	2	2.0008003201280514e-4	345
7814	2	2.0008003201280514e-4	346
7815	2	2.0008003201280514e-4	347
7816	2	2.0008003201280514e-4	348
7825	2	2.0008003201280514e-4	349
7922	2	2.0008003201280514e-4	350
7938	2	2.0008003201280514e-4	351
7946	2	2.0008003201280514e-4	352
8016	2	2.0008003201280514e-4	353
8018	2	2.0008003201280514e-4	354
8079	2	2.0008003201280514e-4	355
8083	2	2.0008003201280514e-4	356
8103	2	2.0008003201280514e-4	357
8107	2	2.0008003201280514e-4	358
8131	2	2.0008003201280514e-4	359
8203	2	2.0008003201280514e-4	360
8224	2	2.0008003201280514e-4	361
8336	2	2.0008003201280514e-4	362
8359	2	2.0008003201280514e-4	363
8391	2	2.0008003201280514e-4	364
8401	2	2.0008003201280514e-4	365
8409	2	2.0008003201280514e-4	366
8417	2	2.0008003201280514e-4	367
8453	2	2.0008003201280514e-4	368
8455	2	2.0008003201280514e-4	369
8469	2	2.0008003201280514e-4	370
8536	2	2.0008003201280514e-4	371
8551	2	2.0008003201280514e-4	372
8581	2	2.0008003201280514e-4	373
8583	2	2.0008003201280514e-4	374
8643	2	2.0008003201280514e-4	375
8709	2	2.0008003201280514e-4	376
8897	2	2.0008003201280514e-4	377
8925	2	2.0008003201280514e-4	378
8928	2	2.0008003201280514e-4	379
8995	2	2.0008003201280514e-4	380
9017	2	2.0008003201280514e-4	381
9164	2	2.0008003201280514e-4	382
9275	2	2.0008003201280514e-4	383
9320	2	2.0008003201280514e-4	384
9326	2	2.0008003201280514e-4	385
9362	2	2.0008003201280514e-4	386
9373	2	2.0008003201280514e-4	387
9404	2	2.0008003201280514e-4	388
1	1	1.0004001600640257e-4	389
2	1	1.0004001600640257e-4	390
3	1	1.0004001600640257e-4	391
4	1	1.0004001600640257e-4	392
5	1	1.0004001600640257e-4	393
6	1	1.0004001600640257e-4	394
7	1	1.0004001600640257e-4	395
8	1	1.0004001600640257e-4	396
9	1	1.0004001600640257e-4	397
10	1	1.0004001600640257e-4	398
11	1	1.0004001600640257e-4	399
12	1	1.0004001600640257e-4	400
13	1	1.0004001600640257e-4	401
14	1	1.0004001600640257e-4	402
15	1	1.0004001600640257e-4	403
16	1	1.0004001600640257e-4	404
17	1	1.0004001600640257e-4	405
18	1	1.0004001600640257e-4	406
19	1	1.0004001600640257e-4	407
20	1	1.0004001600640257e-4	408
22	1	1.0004001600640257e-4	409
23	1	1.0004001600640257e-4	410
24	1	1.0004001600640257e-4	411
25	1	1.0004001600640257e-4	412
26	1	1.0004001600640257e-4	413
27	1	1.0004001600640257e-4	414
28	1	1.0004001600640257e-4	415
29	1	1.0004001600640257e-4	416
30	1	1.0004001600640257e-4	417
31	1	1.0004001600640257e-4	418
32	1	1.0004001600640257e-4	419
33	1	1.0004001600640257e-4	420
34	1	1.0004001600640257e-4	421
35	1	1.0004001600640257e-4	422
36	1	1.0004001600640257e-4	423
37	1	1.0004001600640257e-4	424
38	1	1.0004001600640257e-4	425
39	1	1.0004001600640257e-4	426
40	1	1.0004001600640257e-4	427
41	1	1.0004001600640257e-4	428
42	1	1.0004001600640257e-4	429
43	1	1.0004001600640257e-4	430
44	1	1.0004001600640257e-4	431
45	1	1.0004001600640257e-4	432
46	1	1.0004001600640257e-4	433
47	1	1.0004001600640257e-4	434
48	1	1.0004001600640257e-4	435
49	1	1.0004001600640257e-4	436
50	1	1.0004001600640257e-4	437
51	1	1.0004001600640257e-4	438
52	1	1.0004001600640257e-4	439
53	1	1.0004001600640257e-4	440
54	1	1.0004001600640257e-4	441
55	1	1.0004001600640257e-4	442
56	1	1.0004001600640257e-4	443
57	1	1.0004001600640257e-4	444
58	1	1.0004001600640257e-4	445
59	1	1.0004001600640257e-4	446
60	1	1.0004001600640257e-4	447
61	1	1.0004001600640257e-4	448
62	1	1.0004001600640257e-4	449
63	1	1.0004001600640257e-4	450
64	1	1.0004001600640257e-4	451
65	1	1.0004001600640257e-4	452
66	1	1.0004001600640257e-4	453
67	1	1.0004001600640257e-4	454
68	1	1.0004001600640257e-4	455
69	1	1.0004001600640257e-4	456
70	1	1.0004001600640257e-4	457
71	1	1.0004001600640257e-4	458
72	1	1.0004001600640257e-4	459
73	1	1.0004001600640257e-4	460
74	1	1.0004001600640257e-4	461
75	1	1.0004001600640257e-4	462
76	1	1.0004001600640257e-4	463
77	1	1.0004001600640257e-4	464
78	1	1.0004001600640257e-4	465
79	1	1.0004001600640257e-4	466
80	1	1.0004001600640257e-4	467
81	1	1.0004001600640257e-4	468
82	1	1.0004001600640257e-4	469
83	1	1.0004001600640257e-4	470
84	1	1.0004001600640257e-4	471
85	1	1.0004001600640257e-4	472
86	1	1.0004001600640257e-4	473
87	1	1.0004001600640257e-4	474
88	1	1.0004001600640257e-4	475
89	1	1.0004001600640257e-4	476
90	1	1.0004001600640257e-4	477
91	1	1.0004001600640257e-4	478
92	1	1.0004001600640257e-4	479
93	1	1.0004001600640257e-4	480
94	1	1.0004001600640257e-4	481
95	1	1.0004001600640257e-4	482
96	1	1.0004001600640257e-4	483
97	1	1.0004001600640257e-4	484
98	1	1.0004001600640257e-4	485
99	1	1.0004001600640257e-4	486
100	1	1.0004001600640257e-4	487
101	1	1.0004001600640257e-4	488
102	1	1.0004001600640257e-4	489
103	1	1.0004001600640257e-4	490
104	1	1.0004001600640257e-4	491
105	1	1.0004001600640257e-4	492
106	1	1.0004001600640257e-4	493
107	1	1.0004001600640257e-4	494
108	1	1.0004001600640257e-4	495
109	1	1.0004001600640257e-4	496
110	1	1.0004001600640257e-4	497
111	1	1.0004001600640257e-4	498
112	1	1.0004001600640257e-4	499
113	1	1.0004001600640257e-4	500
114	1	1.0004001600640257e-4	501
115	1	1.0004001600640257e-4	502
116	1	1.0004001600640257e-4	503
117	1	1.0004001600640257e-4	504
118	1	1.0004001600640257e-4	505
119	1	1.0004001600640257e-4	506
120	1	1.0004001600640257e-4	507
121	1	1.0004001600640257e-4	508
123	1	1.0004001600640257e-4	509
124	1	1.0004001600640257e-4	510
125	1	1.0004001600640257e-4	511
126	1	1.0004001600640257e-4	512
127	1	1.0004001600640257e-4	513
128	1	1.0004001600640257e-4	514
129	1	1.0004001600640257e-4	515
130	1	1.0004001600640257e-4	516
131	1	1.0004001600640257e-4	517
132	1	1.0004001600640257e-4	518
133	1	1.0004001600640257e-4	519
134	1	1.0004001600640257e-4	520
136	1	1.0004001600640257e-4	521
137	1	1.0004001600640257e-4	522
138	1	1.0004001600640257e-4	523
139	1	1.0004001600640257e-4	524
140	1	1.0004001600640257e-4	525
141	1	1.0004001600640257e-4	526
142	1	1.0004001600640257e-4	527
143	1	1.0004001600640257e-4	528
144	1	1.0004001600640257e-4	529
145	1	1.0004001600640257e-4	530
146	1	1.0004001600640257e-4	531
147	1	1.0004001600640257e-4	532
148	1	1.0004001600640257e-4	533
149	1	1.0004001600640257e-4	534
150	1	1.0004001600640257e-4	535
151	1	1.0004001600640257e-4	536
152	1	1.0004001600640257e-4	537
153	1	1.0004001600640257e-4	538
154	1	1.0004001600640257e-4	539
155	1	1.0004001600640257e-4	540
156	1	1.0004001600640257e-4	541
157	1	1.0004001600640257e-4	542
158	1	1.0004001600640257e-4	543
159	1	1.0004001600640257e-4	544
160	1	1.0004001600640257e-4	545
161	1	1.0004001600640257e-4	546
162	1	1.0004001600640257e-4	547
165	1	1.0004001600640257e-4	548
166	1	1.0004001600640257e-4	549
167	1	1.0004001600640257e-4	550
168	1	1.0004001600640257e-4	551
169	1	1.0004001600640257e-4	552
170	1	1.0004001600640257e-4	553
171	1	1.0004001600640257e-4	554
172	1	1.0004001600640257e-4	555
173	1	1.0004001600640257e-4	556
174	1	1.0004001600640257e-4	557
175	1	1.0004001600640257e-4	558
176	1	1.0004001600640257e-4	559
177	1	1.0004001600640257e-4	560
178	1	1.0004001600640257e-4	561
179	1	1.0004001600640257e-4	562
180	1	1.0004001600640257e-4	563
181	1	1.0004001600640257e-4	564
182	1	1.0004001600640257e-4	565
183	1	1.0004001600640257e-4	566
184	1	1.0004001600640257e-4	567
185	1	1.0004001600640257e-4	568
186	1	1.0004001600640257e-4	569
187	1	1.0004001600640257e-4	570
188	1	1.0004001600640257e-4	571
189	1	1.0004001600640257e-4	572
190	1	1.0004001600640257e-4	573
191	1	1.0004001600640257e-4	574
192	1	1.0004001600640257e-4	575
193	1	1.0004001600640257e-4	576
194	1	1.0004001600640257e-4	577
195	1	1.0004001600640257e-4	578
196	1	1.0004001600640257e-4	579
197	1	1.0004001600640257e-4	580
198	1	1.0004001600640257e-4	581
199	1	1.0004001600640257e-4	582
200	1	1.0004001600640257e-4	583
201	1	1.0004001600640257e-4	584
202	1	1.0004001600640257e-4	585
203	1	1.0004001600640257e-4	586
204	1	1.0004001600640257e-4	587
205	1	1.0004001600640257e-4	588
207	1	1.0004001600640257e-4	589
209	1	1.0004001600640257e-4	590
212	1	1.0004001600640257e-4	591
213	1	1.0004001600640257e-4	592
214	1	1.0004001600640257e-4	593
215	1	1.0004001600640257e-4	594
216	1	1.0004001600640257e-4	595
217	1	1.0004001600640257e-4	596
218	1	1.0004001600640257e-4	597
219	1	1.0004001600640257e-4	598
220	1	1.0004001600640257e-4	599
221	1	1.0004001600640257e-4	600
222	1	1.0004001600640257e-4	601
223	1	1.0004001600640257e-4	602
224	1	1.0004001600640257e-4	603
225	1	1.0004001600640257e-4	604
226	1	1.0004001600640257e-4	605
227	1	1.0004001600640257e-4	606
228	1	1.0004001600640257e-4	607
229	1	1.0004001600640257e-4	608
230	1	1.0004001600640257e-4	609
231	1	1.0004001600640257e-4	610
232	1	1.0004001600640257e-4	611
233	1	1.0004001600640257e-4	612
234	1	1.0004001600640257e-4	613
235	1	1.0004001600640257e-4	614
236	1	1.0004001600640257e-4	615
237	1	1.0004001600640257e-4	616
238	1	1.0004001600640257e-4	617
239	1	1.0004001600640257e-4	618
240	1	1.0004001600640257e-4	619
241	1	1.0004001600640257e-4	620
242	1	1.0004001600640257e-4	621
243	1	1.0004001600640257e-4	622
244	1	1.0004001600640257e-4	623
245	1	1.0004001600640257e-4	624
246	1	1.0004001600640257e-4	625
247	1	1.0004001600640257e-4	626
248	1	1.0004001600640257e-4	627
249	1	1.0004001600640257e-4	628
250	1	1.0004001600640257e-4	629
251	1	1.0004001600640257e-4	630
252	1	1.0004001600640257e-4	631
253	1	1.0004001600640257e-4	632
254	1	1.0004001600640257e-4	633
255	1	1.0004001600640257e-4	634
257	1	1.0004001600640257e-4	635
258	1	1.0004001600640257e-4	636
259	1	1.0004001600640257e-4	637
260	1	1.0004001600640257e-4	638
261	1	1.0004001600640257e-4	639
262	1	1.0004001600640257e-4	640
264	1	1.0004001600640257e-4	641
265	1	1.0004001600640257e-4	642
266	1	1.0004001600640257e-4	643
267	1	1.0004001600640257e-4	644
268	1	1.0004001600640257e-4	645
269	1	1.0004001600640257e-4	646
270	1	1.0004001600640257e-4	647
271	1	1.0004001600640257e-4	648
272	1	1.0004001600640257e-4	649
273	1	1.0004001600640257e-4	650
274	1	1.0004001600640257e-4	651
275	1	1.0004001600640257e-4	652
276	1	1.0004001600640257e-4	653
277	1	1.0004001600640257e-4	654
278	1	1.0004001600640257e-4	655
279	1	1.0004001600640257e-4	656
280	1	1.0004001600640257e-4	657
281	1	1.0004001600640257e-4	658
282	1	1.0004001600640257e-4	659
283	1	1.0004001600640257e-4	660
284	1	1.0004001600640257e-4	661
285	1	1.0004001600640257e-4	662
286	1	1.0004001600640257e-4	663
287	1	1.0004001600640257e-4	664
288	1	1.0004001600640257e-4	665
289	1	1.0004001600640257e-4	666
290	1	1.0004001600640257e-4	667
291	1	1.0004001600640257e-4	668
292	1	1.0004001600640257e-4	669
293	1	1.0004001600640257e-4	670
294	1	1.0004001600640257e-4	671
295	1	1.0004001600640257e-4	672
296	1	1.0004001600640257e-4	673
297	1	1.0004001600640257e-4	674
298	1	1.0004001600640257e-4	675
299	1	1.0004001600640257e-4	676
300	1	1.0004001600640257e-4	677
301	1	1.0004001600640257e-4	678
302	1	1.0004001600640257e-4	679
303	1	1.0004001600640257e-4	680
304	1	1.0004001600640257e-4	681
305	1	1.0004001600640257e-4	682
306	1	1.0004001600640257e-4	683
307	1	1.0004001600640257e-4	684
308	1	1.0004001600640257e-4	685
309	1	1.0004001600640257e-4	686
310	1	1.0004001600640257e-4	687
311	1	1.0004001600640257e-4	688
312	1	1.0004001600640257e-4	689
313	1	1.0004001600640257e-4	690
314	1	1.0004001600640257e-4	691
315	1	1.0004001600640257e-4	692
316	1	1.0004001600640257e-4	693
317	1	1.0004001600640257e-4	694
318	1	1.0004001600640257e-4	695
319	1	1.0004001600640257e-4	696
320	1	1.0004001600640257e-4	697
321	1	1.0004001600640257e-4	698
322	1	1.0004001600640257e-4	699
323	1	1.0004001600640257e-4	700
324	1	1.0004001600640257e-4	701
325	1	1.0004001600640257e-4	702
326	1	1.0004001600640257e-4	703
327	1	1.0004001600640257e-4	704
328	1	1.0004001600640257e-4	705
329	1	1.0004001600640257e-4	706
330	1	1.0004001600640257e-4	707
331	1	1.0004001600640257e-4	708
332	1	1.0004001600640257e-4	709
333	1	1.0004001600640257e-4	710
334	1	1.0004001600640257e-4	711
335	1	1.0004001600640257e-4	712
336	1	1.0004001600640257e-4	713
337	1	1.0004001600640257e-4	714
338	1	1.0004001600640257e-4	715
339	1	1.0004001600640257e-4	716
340	1	1.0004001600640257e-4	717
341	1	1.0004001600640257e-4	718
342	1	1.0004001600640257e-4	719
343	1	1.0004001600640257e-4	720
344	1	1.0004001600640257e-4	721
345	1	1.0004001600640257e-4	722
346	1	1.0004001600640257e-4	723
347	1	1.0004001600640257e-4	724
348	1	1.0004001600640257e-4	725
349	1	1.0004001600640257e-4	726
350	1	1.0004001600640257e-4	727
351	1	1.0004001600640257e-4	728
352	1	1.0004001600640257e-4	729
353	1	1.0004001600640257e-4	730
354	1	1.0004001600640257e-4	731
355	1	1.0004001600640257e-4	732
356	1	1.0004001600640257e-4	733
357	1	1.0004001600640257e-4	734
358	1	1.0004001600640257e-4	735
359	1	1.0004001600640257e-4	736
360	1	1.0004001600640257e-4	737
361	1	1.0004001600640257e-4	738
362	1	1.0004001600640257e-4	739
363	1	1.0004001600640257e-4	740
364	1	1.0004001600640257e-4	741
365	1	1.0004001600640257e-4	742
366	1	1.0004001600640257e-4	743
367	1	1.0004001600640257e-4	744
368	1	1.0004001600640257e-4	745
369	1	1.0004001600640257e-4	746
370	1	1.0004001600640257e-4	747
371	1	1.0004001600640257e-4	748
372	1	1.0004001600640257e-4	749
373	1	1.0004001600640257e-4	750
374	1	1.0004001600640257e-4	751
375	1	1.0004001600640257e-4	752
376	1	1.0004001600640257e-4	753
377	1	1.0004001600640257e-4	754
378	1	1.0004001600640257e-4	755
379	1	1.0004001600640257e-4	756
380	1	1.0004001600640257e-4	757
381	1	1.0004001600640257e-4	758
382	1	1.0004001600640257e-4	759
383	1	1.0004001600640257e-4	760
384	1	1.0004001600640257e-4	761
385	1	1.0004001600640257e-4	762
386	1	1.0004001600640257e-4	763
387	1	1.0004001600640257e-4	764
388	1	1.0004001600640257e-4	765
389	1	1.0004001600640257e-4	766
390	1	1.0004001600640257e-4	767
391	1	1.0004001600640257e-4	768
392	1	1.0004001600640257e-4	769
393	1	1.0004001600640257e-4	770
394	1	1.0004001600640257e-4	771
395	1	1.0004001600640257e-4	772
396	1	1.0004001600640257e-4	773
397	1	1.0004001600640257e-4	774
398	1	1.0004001600640257e-4	775
399	1	1.0004001600640257e-4	776
400	1	1.0004001600640257e-4	777
401	1	1.0004001600640257e-4	778
402	1	1.0004001600640257e-4	779
403	1	1.0004001600640257e-4	780
404	1	1.0004001600640257e-4	781
405	1	1.0004001600640257e-4	782
406	1	1.0004001600640257e-4	783
407	1	1.0004001600640257e-4	784
408	1	1.0004001600640257e-4	785
409	1	1.0004001600640257e-4	786
410	1	1.0004001600640257e-4	787
411	1	1.0004001600640257e-4	788
412	1	1.0004001600640257e-4	789
413	1	1.0004001600640257e-4	790
414	1	1.0004001600640257e-4	791
415	1	1.0004001600640257e-4	792
416	1	1.0004001600640257e-4	793
417	1	1.0004001600640257e-4	794
418	1	1.0004001600640257e-4	795
419	1	1.0004001600640257e-4	796
420	1	1.0004001600640257e-4	797
421	1	1.0004001600640257e-4	798
422	1	1.0004001600640257e-4	799
423	1	1.0004001600640257e-4	800
424	1	1.0004001600640257e-4	801
426	1	1.0004001600640257e-4	802
427	1	1.0004001600640257e-4	803
428	1	1.0004001600640257e-4	804
429	1	1.0004001600640257e-4	805
430	1	1.0004001600640257e-4	806
432	1	1.0004001600640257e-4	807
433	1	1.0004001600640257e-4	808
434	1	1.0004001600640257e-4	809
435	1	1.0004001600640257e-4	810
436	1	1.0004001600640257e-4	811
437	1	1.0004001600640257e-4	812
438	1	1.0004001600640257e-4	813
440	1	1.0004001600640257e-4	814
441	1	1.0004001600640257e-4	815
442	1	1.0004001600640257e-4	816
443	1	1.0004001600640257e-4	817
444	1	1.0004001600640257e-4	818
445	1	1.0004001600640257e-4	819
446	1	1.0004001600640257e-4	820
447	1	1.0004001600640257e-4	821
448	1	1.0004001600640257e-4	822
449	1	1.0004001600640257e-4	823
450	1	1.0004001600640257e-4	824
451	1	1.0004001600640257e-4	825
452	1	1.0004001600640257e-4	826
453	1	1.0004001600640257e-4	827
454	1	1.0004001600640257e-4	828
455	1	1.0004001600640257e-4	829
456	1	1.0004001600640257e-4	830
457	1	1.0004001600640257e-4	831
458	1	1.0004001600640257e-4	832
459	1	1.0004001600640257e-4	833
460	1	1.0004001600640257e-4	834
461	1	1.0004001600640257e-4	835
462	1	1.0004001600640257e-4	836
463	1	1.0004001600640257e-4	837
464	1	1.0004001600640257e-4	838
465	1	1.0004001600640257e-4	839
466	1	1.0004001600640257e-4	840
467	1	1.0004001600640257e-4	841
468	1	1.0004001600640257e-4	842
469	1	1.0004001600640257e-4	843
470	1	1.0004001600640257e-4	844
471	1	1.0004001600640257e-4	845
472	1	1.0004001600640257e-4	846
474	1	1.0004001600640257e-4	847
476	1	1.0004001600640257e-4	848
477	1	1.0004001600640257e-4	849
478	1	1.0004001600640257e-4	850
479	1	1.0004001600640257e-4	851
480	1	1.0004001600640257e-4	852
481	1	1.0004001600640257e-4	853
482	1	1.0004001600640257e-4	854
483	1	1.0004001600640257e-4	855
484	1	1.0004001600640257e-4	856
485	1	1.0004001600640257e-4	857
486	1	1.0004001600640257e-4	858
487	1	1.0004001600640257e-4	859
488	1	1.0004001600640257e-4	860
489	1	1.0004001600640257e-4	861
490	1	1.0004001600640257e-4	862
491	1	1.0004001600640257e-4	863
492	1	1.0004001600640257e-4	864
493	1	1.0004001600640257e-4	865
494	1	1.0004001600640257e-4	866
495	1	1.0004001600640257e-4	867
496	1	1.0004001600640257e-4	868
497	1	1.0004001600640257e-4	869
498	1	1.0004001600640257e-4	870
499	1	1.0004001600640257e-4	871
500	1	1.0004001600640257e-4	872
501	1	1.0004001600640257e-4	873
502	1	1.0004001600640257e-4	874
503	1	1.0004001600640257e-4	875
504	1	1.0004001600640257e-4	876
505	1	1.0004001600640257e-4	877
506	1	1.0004001600640257e-4	878
507	1	1.0004001600640257e-4	879
508	1	1.0004001600640257e-4	880
509	1	1.0004001600640257e-4	881
510	1	1.0004001600640257e-4	882
511	1	1.0004001600640257e-4	883
512	1	1.0004001600640257e-4	884
513	1	1.0004001600640257e-4	885
515	1	1.0004001600640257e-4	886
516	1	1.0004001600640257e-4	887
517	1	1.0004001600640257e-4	888
518	1	1.0004001600640257e-4	889
519	1	1.0004001600640257e-4	890
520	1	1.0004001600640257e-4	891
521	1	1.0004001600640257e-4	892
522	1	1.0004001600640257e-4	893
523	1	1.0004001600640257e-4	894
524	1	1.0004001600640257e-4	895
525	1	1.0004001600640257e-4	896
526	1	1.0004001600640257e-4	897
527	1	1.0004001600640257e-4	898
528	1	1.0004001600640257e-4	899
529	1	1.0004001600640257e-4	900
530	1	1.0004001600640257e-4	901
531	1	1.0004001600640257e-4	902
532	1	1.0004001600640257e-4	903
533	1	1.0004001600640257e-4	904
534	1	1.0004001600640257e-4	905
535	1	1.0004001600640257e-4	906
536	1	1.0004001600640257e-4	907
537	1	1.0004001600640257e-4	908
538	1	1.0004001600640257e-4	909
539	1	1.0004001600640257e-4	910
540	1	1.0004001600640257e-4	911
541	1	1.0004001600640257e-4	912
542	1	1.0004001600640257e-4	913
543	1	1.0004001600640257e-4	914
544	1	1.0004001600640257e-4	915
545	1	1.0004001600640257e-4	916
546	1	1.0004001600640257e-4	917
547	1	1.0004001600640257e-4	918
548	1	1.0004001600640257e-4	919
549	1	1.0004001600640257e-4	920
550	1	1.0004001600640257e-4	921
552	1	1.0004001600640257e-4	922
553	1	1.0004001600640257e-4	923
554	1	1.0004001600640257e-4	924
555	1	1.0004001600640257e-4	925
556	1	1.0004001600640257e-4	926
557	1	1.0004001600640257e-4	927
558	1	1.0004001600640257e-4	928
559	1	1.0004001600640257e-4	929
561	1	1.0004001600640257e-4	930
562	1	1.0004001600640257e-4	931
563	1	1.0004001600640257e-4	932
564	1	1.0004001600640257e-4	933
566	1	1.0004001600640257e-4	934
567	1	1.0004001600640257e-4	935
568	1	1.0004001600640257e-4	936
570	1	1.0004001600640257e-4	937
571	1	1.0004001600640257e-4	938
572	1	1.0004001600640257e-4	939
573	1	1.0004001600640257e-4	940
574	1	1.0004001600640257e-4	941
575	1	1.0004001600640257e-4	942
576	1	1.0004001600640257e-4	943
577	1	1.0004001600640257e-4	944
578	1	1.0004001600640257e-4	945
579	1	1.0004001600640257e-4	946
580	1	1.0004001600640257e-4	947
581	1	1.0004001600640257e-4	948
582	1	1.0004001600640257e-4	949
583	1	1.0004001600640257e-4	950
584	1	1.0004001600640257e-4	951
585	1	1.0004001600640257e-4	952
586	1	1.0004001600640257e-4	953
587	1	1.0004001600640257e-4	954
588	1	1.0004001600640257e-4	955
591	1	1.0004001600640257e-4	956
592	1	1.0004001600640257e-4	957
593	1	1.0004001600640257e-4	958
594	1	1.0004001600640257e-4	959
595	1	1.0004001600640257e-4	960
597	1	1.0004001600640257e-4	961
598	1	1.0004001600640257e-4	962
599	1	1.0004001600640257e-4	963
600	1	1.0004001600640257e-4	964
602	1	1.0004001600640257e-4	965
603	1	1.0004001600640257e-4	966
604	1	1.0004001600640257e-4	967
605	1	1.0004001600640257e-4	968
606	1	1.0004001600640257e-4	969
607	1	1.0004001600640257e-4	970
608	1	1.0004001600640257e-4	971
609	1	1.0004001600640257e-4	972
610	1	1.0004001600640257e-4	973
611	1	1.0004001600640257e-4	974
612	1	1.0004001600640257e-4	975
613	1	1.0004001600640257e-4	976
614	1	1.0004001600640257e-4	977
615	1	1.0004001600640257e-4	978
616	1	1.0004001600640257e-4	979
617	1	1.0004001600640257e-4	980
618	1	1.0004001600640257e-4	981
619	1	1.0004001600640257e-4	982
621	1	1.0004001600640257e-4	983
622	1	1.0004001600640257e-4	984
623	1	1.0004001600640257e-4	985
624	1	1.0004001600640257e-4	986
626	1	1.0004001600640257e-4	987
627	1	1.0004001600640257e-4	988
628	1	1.0004001600640257e-4	989
629	1	1.0004001600640257e-4	990
630	1	1.0004001600640257e-4	991
632	1	1.0004001600640257e-4	992
633	1	1.0004001600640257e-4	993
634	1	1.0004001600640257e-4	994
635	1	1.0004001600640257e-4	995
636	1	1.0004001600640257e-4	996
637	1	1.0004001600640257e-4	997
638	1	1.0004001600640257e-4	998
639	1	1.0004001600640257e-4	999
640	1	1.0004001600640257e-4	1000
641	1	1.0004001600640257e-4	1001
642	1	1.0004001600640257e-4	1002
643	1	1.0004001600640257e-4	1003
644	1	1.0004001600640257e-4	1004
645	1	1.0004001600640257e-4	1005
646	1	1.0004001600640257e-4	1006
647	1	1.0004001600640257e-4	1007
648	1	1.0004001600640257e-4	1008
649	1	1.0004001600640257e-4	1009
650	1	1.0004001600640257e-4	1010
651	1	1.0004001600640257e-4	1011
652	1	1.0004001600640257e-4	1012
653	1	1.0004001600640257e-4	1013
654	1	1.0004001600640257e-4	1014
656	1	1.0004001600640257e-4	1015
657	1	1.0004001600640257e-4	1016
658	1	1.0004001600640257e-4	1017
659	1	1.0004001600640257e-4	1018
660	1	1.0004001600640257e-4	1019
661	1	1.0004001600640257e-4	1020
662	1	1.0004001600640257e-4	1021
663	1	1.0004001600640257e-4	1022
664	1	1.0004001600640257e-4	1023
665	1	1.0004001600640257e-4	1024
666	1	1.0004001600640257e-4	1025
667	1	1.0004001600640257e-4	1026
668	1	1.0004001600640257e-4	1027
669	1	1.0004001600640257e-4	1028
670	1	1.0004001600640257e-4	1029
671	1	1.0004001600640257e-4	1030
672	1	1.0004001600640257e-4	1031
673	1	1.0004001600640257e-4	1032
674	1	1.0004001600640257e-4	1033
675	1	1.0004001600640257e-4	1034
676	1	1.0004001600640257e-4	1035
677	1	1.0004001600640257e-4	1036
678	1	1.0004001600640257e-4	1037
679	1	1.0004001600640257e-4	1038
680	1	1.0004001600640257e-4	1039
681	1	1.0004001600640257e-4	1040
682	1	1.0004001600640257e-4	1041
683	1	1.0004001600640257e-4	1042
684	1	1.0004001600640257e-4	1043
685	1	1.0004001600640257e-4	1044
686	1	1.0004001600640257e-4	1045
687	1	1.0004001600640257e-4	1046
688	1	1.0004001600640257e-4	1047
689	1	1.0004001600640257e-4	1048
690	1	1.0004001600640257e-4	1049
691	1	1.0004001600640257e-4	1050
692	1	1.0004001600640257e-4	1051
693	1	1.0004001600640257e-4	1052
694	1	1.0004001600640257e-4	1053
695	1	1.0004001600640257e-4	1054
696	1	1.0004001600640257e-4	1055
697	1	1.0004001600640257e-4	1056
698	1	1.0004001600640257e-4	1057
699	1	1.0004001600640257e-4	1058
700	1	1.0004001600640257e-4	1059
701	1	1.0004001600640257e-4	1060
702	1	1.0004001600640257e-4	1061
703	1	1.0004001600640257e-4	1062
704	1	1.0004001600640257e-4	1063
705	1	1.0004001600640257e-4	1064
706	1	1.0004001600640257e-4	1065
707	1	1.0004001600640257e-4	1066
708	1	1.0004001600640257e-4	1067
709	1	1.0004001600640257e-4	1068
710	1	1.0004001600640257e-4	1069
711	1	1.0004001600640257e-4	1070
712	1	1.0004001600640257e-4	1071
713	1	1.0004001600640257e-4	1072
714	1	1.0004001600640257e-4	1073
715	1	1.0004001600640257e-4	1074
716	1	1.0004001600640257e-4	1075
717	1	1.0004001600640257e-4	1076
718	1	1.0004001600640257e-4	1077
720	1	1.0004001600640257e-4	1078
721	1	1.0004001600640257e-4	1079
722	1	1.0004001600640257e-4	1080
723	1	1.0004001600640257e-4	1081
724	1	1.0004001600640257e-4	1082
725	1	1.0004001600640257e-4	1083
726	1	1.0004001600640257e-4	1084
727	1	1.0004001600640257e-4	1085
728	1	1.0004001600640257e-4	1086
729	1	1.0004001600640257e-4	1087
730	1	1.0004001600640257e-4	1088
731	1	1.0004001600640257e-4	1089
732	1	1.0004001600640257e-4	1090
733	1	1.0004001600640257e-4	1091
734	1	1.0004001600640257e-4	1092
736	1	1.0004001600640257e-4	1093
737	1	1.0004001600640257e-4	1094
738	1	1.0004001600640257e-4	1095
739	1	1.0004001600640257e-4	1096
740	1	1.0004001600640257e-4	1097
741	1	1.0004001600640257e-4	1098
742	1	1.0004001600640257e-4	1099
743	1	1.0004001600640257e-4	1100
744	1	1.0004001600640257e-4	1101
745	1	1.0004001600640257e-4	1102
746	1	1.0004001600640257e-4	1103
747	1	1.0004001600640257e-4	1104
748	1	1.0004001600640257e-4	1105
749	1	1.0004001600640257e-4	1106
751	1	1.0004001600640257e-4	1107
752	1	1.0004001600640257e-4	1108
753	1	1.0004001600640257e-4	1109
754	1	1.0004001600640257e-4	1110
755	1	1.0004001600640257e-4	1111
756	1	1.0004001600640257e-4	1112
758	1	1.0004001600640257e-4	1113
759	1	1.0004001600640257e-4	1114
760	1	1.0004001600640257e-4	1115
761	1	1.0004001600640257e-4	1116
762	1	1.0004001600640257e-4	1117
763	1	1.0004001600640257e-4	1118
765	1	1.0004001600640257e-4	1119
766	1	1.0004001600640257e-4	1120
767	1	1.0004001600640257e-4	1121
768	1	1.0004001600640257e-4	1122
769	1	1.0004001600640257e-4	1123
770	1	1.0004001600640257e-4	1124
771	1	1.0004001600640257e-4	1125
773	1	1.0004001600640257e-4	1126
774	1	1.0004001600640257e-4	1127
775	1	1.0004001600640257e-4	1128
776	1	1.0004001600640257e-4	1129
777	1	1.0004001600640257e-4	1130
778	1	1.0004001600640257e-4	1131
779	1	1.0004001600640257e-4	1132
780	1	1.0004001600640257e-4	1133
781	1	1.0004001600640257e-4	1134
782	1	1.0004001600640257e-4	1135
783	1	1.0004001600640257e-4	1136
784	1	1.0004001600640257e-4	1137
785	1	1.0004001600640257e-4	1138
786	1	1.0004001600640257e-4	1139
787	1	1.0004001600640257e-4	1140
788	1	1.0004001600640257e-4	1141
789	1	1.0004001600640257e-4	1142
790	1	1.0004001600640257e-4	1143
791	1	1.0004001600640257e-4	1144
792	1	1.0004001600640257e-4	1145
793	1	1.0004001600640257e-4	1146
794	1	1.0004001600640257e-4	1147
795	1	1.0004001600640257e-4	1148
796	1	1.0004001600640257e-4	1149
797	1	1.0004001600640257e-4	1150
798	1	1.0004001600640257e-4	1151
800	1	1.0004001600640257e-4	1152
801	1	1.0004001600640257e-4	1153
802	1	1.0004001600640257e-4	1154
803	1	1.0004001600640257e-4	1155
804	1	1.0004001600640257e-4	1156
805	1	1.0004001600640257e-4	1157
806	1	1.0004001600640257e-4	1158
807	1	1.0004001600640257e-4	1159
808	1	1.0004001600640257e-4	1160
809	1	1.0004001600640257e-4	1161
810	1	1.0004001600640257e-4	1162
811	1	1.0004001600640257e-4	1163
812	1	1.0004001600640257e-4	1164
813	1	1.0004001600640257e-4	1165
814	1	1.0004001600640257e-4	1166
815	1	1.0004001600640257e-4	1167
816	1	1.0004001600640257e-4	1168
817	1	1.0004001600640257e-4	1169
818	1	1.0004001600640257e-4	1170
819	1	1.0004001600640257e-4	1171
820	1	1.0004001600640257e-4	1172
821	1	1.0004001600640257e-4	1173
822	1	1.0004001600640257e-4	1174
823	1	1.0004001600640257e-4	1175
824	1	1.0004001600640257e-4	1176
825	1	1.0004001600640257e-4	1177
826	1	1.0004001600640257e-4	1178
827	1	1.0004001600640257e-4	1179
828	1	1.0004001600640257e-4	1180
829	1	1.0004001600640257e-4	1181
830	1	1.0004001600640257e-4	1182
831	1	1.0004001600640257e-4	1183
832	1	1.0004001600640257e-4	1184
833	1	1.0004001600640257e-4	1185
834	1	1.0004001600640257e-4	1186
835	1	1.0004001600640257e-4	1187
836	1	1.0004001600640257e-4	1188
837	1	1.0004001600640257e-4	1189
838	1	1.0004001600640257e-4	1190
839	1	1.0004001600640257e-4	1191
840	1	1.0004001600640257e-4	1192
841	1	1.0004001600640257e-4	1193
842	1	1.0004001600640257e-4	1194
843	1	1.0004001600640257e-4	1195
844	1	1.0004001600640257e-4	1196
845	1	1.0004001600640257e-4	1197
846	1	1.0004001600640257e-4	1198
847	1	1.0004001600640257e-4	1199
848	1	1.0004001600640257e-4	1200
849	1	1.0004001600640257e-4	1201
850	1	1.0004001600640257e-4	1202
851	1	1.0004001600640257e-4	1203
852	1	1.0004001600640257e-4	1204
853	1	1.0004001600640257e-4	1205
854	1	1.0004001600640257e-4	1206
856	1	1.0004001600640257e-4	1207
857	1	1.0004001600640257e-4	1208
858	1	1.0004001600640257e-4	1209
859	1	1.0004001600640257e-4	1210
860	1	1.0004001600640257e-4	1211
861	1	1.0004001600640257e-4	1212
862	1	1.0004001600640257e-4	1213
863	1	1.0004001600640257e-4	1214
864	1	1.0004001600640257e-4	1215
865	1	1.0004001600640257e-4	1216
866	1	1.0004001600640257e-4	1217
867	1	1.0004001600640257e-4	1218
869	1	1.0004001600640257e-4	1219
870	1	1.0004001600640257e-4	1220
871	1	1.0004001600640257e-4	1221
872	1	1.0004001600640257e-4	1222
873	1	1.0004001600640257e-4	1223
874	1	1.0004001600640257e-4	1224
875	1	1.0004001600640257e-4	1225
877	1	1.0004001600640257e-4	1226
879	1	1.0004001600640257e-4	1227
880	1	1.0004001600640257e-4	1228
881	1	1.0004001600640257e-4	1229
882	1	1.0004001600640257e-4	1230
883	1	1.0004001600640257e-4	1231
884	1	1.0004001600640257e-4	1232
885	1	1.0004001600640257e-4	1233
886	1	1.0004001600640257e-4	1234
887	1	1.0004001600640257e-4	1235
888	1	1.0004001600640257e-4	1236
889	1	1.0004001600640257e-4	1237
890	1	1.0004001600640257e-4	1238
891	1	1.0004001600640257e-4	1239
892	1	1.0004001600640257e-4	1240
893	1	1.0004001600640257e-4	1241
894	1	1.0004001600640257e-4	1242
895	1	1.0004001600640257e-4	1243
896	1	1.0004001600640257e-4	1244
897	1	1.0004001600640257e-4	1245
898	1	1.0004001600640257e-4	1246
899	1	1.0004001600640257e-4	1247
900	1	1.0004001600640257e-4	1248
901	1	1.0004001600640257e-4	1249
902	1	1.0004001600640257e-4	1250
903	1	1.0004001600640257e-4	1251
904	1	1.0004001600640257e-4	1252
905	1	1.0004001600640257e-4	1253
906	1	1.0004001600640257e-4	1254
907	1	1.0004001600640257e-4	1255
908	1	1.0004001600640257e-4	1256
909	1	1.0004001600640257e-4	1257
910	1	1.0004001600640257e-4	1258
911	1	1.0004001600640257e-4	1259
912	1	1.0004001600640257e-4	1260
913	1	1.0004001600640257e-4	1261
914	1	1.0004001600640257e-4	1262
915	1	1.0004001600640257e-4	1263
916	1	1.0004001600640257e-4	1264
917	1	1.0004001600640257e-4	1265
918	1	1.0004001600640257e-4	1266
919	1	1.0004001600640257e-4	1267
920	1	1.0004001600640257e-4	1268
921	1	1.0004001600640257e-4	1269
922	1	1.0004001600640257e-4	1270
923	1	1.0004001600640257e-4	1271
924	1	1.0004001600640257e-4	1272
925	1	1.0004001600640257e-4	1273
926	1	1.0004001600640257e-4	1274
927	1	1.0004001600640257e-4	1275
928	1	1.0004001600640257e-4	1276
929	1	1.0004001600640257e-4	1277
930	1	1.0004001600640257e-4	1278
931	1	1.0004001600640257e-4	1279
932	1	1.0004001600640257e-4	1280
933	1	1.0004001600640257e-4	1281
934	1	1.0004001600640257e-4	1282
935	1	1.0004001600640257e-4	1283
936	1	1.0004001600640257e-4	1284
937	1	1.0004001600640257e-4	1285
938	1	1.0004001600640257e-4	1286
939	1	1.0004001600640257e-4	1287
940	1	1.0004001600640257e-4	1288
941	1	1.0004001600640257e-4	1289
942	1	1.0004001600640257e-4	1290
944	1	1.0004001600640257e-4	1291
945	1	1.0004001600640257e-4	1292
946	1	1.0004001600640257e-4	1293
947	1	1.0004001600640257e-4	1294
948	1	1.0004001600640257e-4	1295
949	1	1.0004001600640257e-4	1296
950	1	1.0004001600640257e-4	1297
951	1	1.0004001600640257e-4	1298
952	1	1.0004001600640257e-4	1299
953	1	1.0004001600640257e-4	1300
954	1	1.0004001600640257e-4	1301
955	1	1.0004001600640257e-4	1302
956	1	1.0004001600640257e-4	1303
957	1	1.0004001600640257e-4	1304
958	1	1.0004001600640257e-4	1305
959	1	1.0004001600640257e-4	1306
960	1	1.0004001600640257e-4	1307
961	1	1.0004001600640257e-4	1308
962	1	1.0004001600640257e-4	1309
963	1	1.0004001600640257e-4	1310
965	1	1.0004001600640257e-4	1311
966	1	1.0004001600640257e-4	1312
967	1	1.0004001600640257e-4	1313
968	1	1.0004001600640257e-4	1314
969	1	1.0004001600640257e-4	1315
970	1	1.0004001600640257e-4	1316
971	1	1.0004001600640257e-4	1317
972	1	1.0004001600640257e-4	1318
973	1	1.0004001600640257e-4	1319
974	1	1.0004001600640257e-4	1320
975	1	1.0004001600640257e-4	1321
976	1	1.0004001600640257e-4	1322
977	1	1.0004001600640257e-4	1323
978	1	1.0004001600640257e-4	1324
980	1	1.0004001600640257e-4	1325
981	1	1.0004001600640257e-4	1326
982	1	1.0004001600640257e-4	1327
983	1	1.0004001600640257e-4	1328
984	1	1.0004001600640257e-4	1329
985	1	1.0004001600640257e-4	1330
986	1	1.0004001600640257e-4	1331
987	1	1.0004001600640257e-4	1332
988	1	1.0004001600640257e-4	1333
989	1	1.0004001600640257e-4	1334
990	1	1.0004001600640257e-4	1335
991	1	1.0004001600640257e-4	1336
992	1	1.0004001600640257e-4	1337
993	1	1.0004001600640257e-4	1338
994	1	1.0004001600640257e-4	1339
995	1	1.0004001600640257e-4	1340
996	1	1.0004001600640257e-4	1341
997	1	1.0004001600640257e-4	1342
998	1	1.0004001600640257e-4	1343
999	1	1.0004001600640257e-4	1344
1000	1	1.0004001600640257e-4	1345
1001	1	1.0004001600640257e-4	1346
1002	1	1.0004001600640257e-4	1347
1003	1	1.0004001600640257e-4	1348
1004	1	1.0004001600640257e-4	1349
1005	1	1.0004001600640257e-4	1350
1006	1	1.0004001600640257e-4	1351
1007	1	1.0004001600640257e-4	1352
1008	1	1.0004001600640257e-4	1353
1009	1	1.0004001600640257e-4	1354
1010	1	1.0004001600640257e-4	1355
1011	1	1.0004001600640257e-4	1356
1012	1	1.0004001600640257e-4	1357
1013	1	1.0004001600640257e-4	1358
1014	1	1.0004001600640257e-4	1359
1015	1	1.0004001600640257e-4	1360
1016	1	1.0004001600640257e-4	1361
1018	1	1.0004001600640257e-4	1362
1019	1	1.0004001600640257e-4	1363
1020	1	1.0004001600640257e-4	1364
1021	1	1.0004001600640257e-4	1365
1022	1	1.0004001600640257e-4	1366
1023	1	1.0004001600640257e-4	1367
1024	1	1.0004001600640257e-4	1368
1025	1	1.0004001600640257e-4	1369
1027	1	1.0004001600640257e-4	1370
1029	1	1.0004001600640257e-4	1371
1030	1	1.0004001600640257e-4	1372
1031	1	1.0004001600640257e-4	1373
1032	1	1.0004001600640257e-4	1374
1033	1	1.0004001600640257e-4	1375
1034	1	1.0004001600640257e-4	1376
1036	1	1.0004001600640257e-4	1377
1037	1	1.0004001600640257e-4	1378
1038	1	1.0004001600640257e-4	1379
1040	1	1.0004001600640257e-4	1380
1041	1	1.0004001600640257e-4	1381
1042	1	1.0004001600640257e-4	1382
1043	1	1.0004001600640257e-4	1383
1044	1	1.0004001600640257e-4	1384
1045	1	1.0004001600640257e-4	1385
1046	1	1.0004001600640257e-4	1386
1047	1	1.0004001600640257e-4	1387
1048	1	1.0004001600640257e-4	1388
1049	1	1.0004001600640257e-4	1389
1050	1	1.0004001600640257e-4	1390
1051	1	1.0004001600640257e-4	1391
1052	1	1.0004001600640257e-4	1392
1053	1	1.0004001600640257e-4	1393
1054	1	1.0004001600640257e-4	1394
1055	1	1.0004001600640257e-4	1395
1056	1	1.0004001600640257e-4	1396
1057	1	1.0004001600640257e-4	1397
1058	1	1.0004001600640257e-4	1398
1059	1	1.0004001600640257e-4	1399
1060	1	1.0004001600640257e-4	1400
1061	1	1.0004001600640257e-4	1401
1062	1	1.0004001600640257e-4	1402
1063	1	1.0004001600640257e-4	1403
1064	1	1.0004001600640257e-4	1404
1065	1	1.0004001600640257e-4	1405
1066	1	1.0004001600640257e-4	1406
1067	1	1.0004001600640257e-4	1407
1068	1	1.0004001600640257e-4	1408
1069	1	1.0004001600640257e-4	1409
1070	1	1.0004001600640257e-4	1410
1072	1	1.0004001600640257e-4	1411
1073	1	1.0004001600640257e-4	1412
1074	1	1.0004001600640257e-4	1413
1075	1	1.0004001600640257e-4	1414
1076	1	1.0004001600640257e-4	1415
1077	1	1.0004001600640257e-4	1416
1078	1	1.0004001600640257e-4	1417
1079	1	1.0004001600640257e-4	1418
1080	1	1.0004001600640257e-4	1419
1081	1	1.0004001600640257e-4	1420
1082	1	1.0004001600640257e-4	1421
1083	1	1.0004001600640257e-4	1422
1084	1	1.0004001600640257e-4	1423
1086	1	1.0004001600640257e-4	1424
1087	1	1.0004001600640257e-4	1425
1088	1	1.0004001600640257e-4	1426
1089	1	1.0004001600640257e-4	1427
1090	1	1.0004001600640257e-4	1428
1091	1	1.0004001600640257e-4	1429
1092	1	1.0004001600640257e-4	1430
1093	1	1.0004001600640257e-4	1431
1094	1	1.0004001600640257e-4	1432
1095	1	1.0004001600640257e-4	1433
1096	1	1.0004001600640257e-4	1434
1097	1	1.0004001600640257e-4	1435
1098	1	1.0004001600640257e-4	1436
1099	1	1.0004001600640257e-4	1437
1100	1	1.0004001600640257e-4	1438
1101	1	1.0004001600640257e-4	1439
1102	1	1.0004001600640257e-4	1440
1103	1	1.0004001600640257e-4	1441
1104	1	1.0004001600640257e-4	1442
1105	1	1.0004001600640257e-4	1443
1106	1	1.0004001600640257e-4	1444
1107	1	1.0004001600640257e-4	1445
1108	1	1.0004001600640257e-4	1446
1109	1	1.0004001600640257e-4	1447
1110	1	1.0004001600640257e-4	1448
1111	1	1.0004001600640257e-4	1449
1112	1	1.0004001600640257e-4	1450
1113	1	1.0004001600640257e-4	1451
1114	1	1.0004001600640257e-4	1452
1115	1	1.0004001600640257e-4	1453
1116	1	1.0004001600640257e-4	1454
1117	1	1.0004001600640257e-4	1455
1118	1	1.0004001600640257e-4	1456
1119	1	1.0004001600640257e-4	1457
1120	1	1.0004001600640257e-4	1458
1121	1	1.0004001600640257e-4	1459
1122	1	1.0004001600640257e-4	1460
1123	1	1.0004001600640257e-4	1461
1124	1	1.0004001600640257e-4	1462
1125	1	1.0004001600640257e-4	1463
1126	1	1.0004001600640257e-4	1464
1127	1	1.0004001600640257e-4	1465
1128	1	1.0004001600640257e-4	1466
1129	1	1.0004001600640257e-4	1467
1130	1	1.0004001600640257e-4	1468
1131	1	1.0004001600640257e-4	1469
1132	1	1.0004001600640257e-4	1470
1133	1	1.0004001600640257e-4	1471
1134	1	1.0004001600640257e-4	1472
1135	1	1.0004001600640257e-4	1473
1136	1	1.0004001600640257e-4	1474
1137	1	1.0004001600640257e-4	1475
1138	1	1.0004001600640257e-4	1476
1139	1	1.0004001600640257e-4	1477
1140	1	1.0004001600640257e-4	1478
1141	1	1.0004001600640257e-4	1479
1142	1	1.0004001600640257e-4	1480
1143	1	1.0004001600640257e-4	1481
1144	1	1.0004001600640257e-4	1482
1145	1	1.0004001600640257e-4	1483
1146	1	1.0004001600640257e-4	1484
1147	1	1.0004001600640257e-4	1485
1149	1	1.0004001600640257e-4	1486
1151	1	1.0004001600640257e-4	1487
1152	1	1.0004001600640257e-4	1488
1153	1	1.0004001600640257e-4	1489
1154	1	1.0004001600640257e-4	1490
1155	1	1.0004001600640257e-4	1491
1156	1	1.0004001600640257e-4	1492
1157	1	1.0004001600640257e-4	1493
1158	1	1.0004001600640257e-4	1494
1159	1	1.0004001600640257e-4	1495
1160	1	1.0004001600640257e-4	1496
1161	1	1.0004001600640257e-4	1497
1162	1	1.0004001600640257e-4	1498
1163	1	1.0004001600640257e-4	1499
1164	1	1.0004001600640257e-4	1500
1165	1	1.0004001600640257e-4	1501
1166	1	1.0004001600640257e-4	1502
1167	1	1.0004001600640257e-4	1503
1168	1	1.0004001600640257e-4	1504
1169	1	1.0004001600640257e-4	1505
1170	1	1.0004001600640257e-4	1506
1171	1	1.0004001600640257e-4	1507
1172	1	1.0004001600640257e-4	1508
1173	1	1.0004001600640257e-4	1509
1174	1	1.0004001600640257e-4	1510
1175	1	1.0004001600640257e-4	1511
1176	1	1.0004001600640257e-4	1512
1177	1	1.0004001600640257e-4	1513
1178	1	1.0004001600640257e-4	1514
1179	1	1.0004001600640257e-4	1515
1180	1	1.0004001600640257e-4	1516
1181	1	1.0004001600640257e-4	1517
1182	1	1.0004001600640257e-4	1518
1183	1	1.0004001600640257e-4	1519
1184	1	1.0004001600640257e-4	1520
1185	1	1.0004001600640257e-4	1521
1186	1	1.0004001600640257e-4	1522
1187	1	1.0004001600640257e-4	1523
1188	1	1.0004001600640257e-4	1524
1189	1	1.0004001600640257e-4	1525
1190	1	1.0004001600640257e-4	1526
1191	1	1.0004001600640257e-4	1527
1193	1	1.0004001600640257e-4	1528
1194	1	1.0004001600640257e-4	1529
1195	1	1.0004001600640257e-4	1530
1197	1	1.0004001600640257e-4	1531
1198	1	1.0004001600640257e-4	1532
1199	1	1.0004001600640257e-4	1533
1200	1	1.0004001600640257e-4	1534
1201	1	1.0004001600640257e-4	1535
1202	1	1.0004001600640257e-4	1536
1203	1	1.0004001600640257e-4	1537
1204	1	1.0004001600640257e-4	1538
1205	1	1.0004001600640257e-4	1539
1206	1	1.0004001600640257e-4	1540
1207	1	1.0004001600640257e-4	1541
1208	1	1.0004001600640257e-4	1542
1209	1	1.0004001600640257e-4	1543
1210	1	1.0004001600640257e-4	1544
1211	1	1.0004001600640257e-4	1545
1212	1	1.0004001600640257e-4	1546
1213	1	1.0004001600640257e-4	1547
1214	1	1.0004001600640257e-4	1548
1215	1	1.0004001600640257e-4	1549
1216	1	1.0004001600640257e-4	1550
1217	1	1.0004001600640257e-4	1551
1218	1	1.0004001600640257e-4	1552
1219	1	1.0004001600640257e-4	1553
1220	1	1.0004001600640257e-4	1554
1221	1	1.0004001600640257e-4	1555
1222	1	1.0004001600640257e-4	1556
1223	1	1.0004001600640257e-4	1557
1224	1	1.0004001600640257e-4	1558
1225	1	1.0004001600640257e-4	1559
1226	1	1.0004001600640257e-4	1560
1227	1	1.0004001600640257e-4	1561
1228	1	1.0004001600640257e-4	1562
1229	1	1.0004001600640257e-4	1563
1230	1	1.0004001600640257e-4	1564
1231	1	1.0004001600640257e-4	1565
1232	1	1.0004001600640257e-4	1566
1233	1	1.0004001600640257e-4	1567
1234	1	1.0004001600640257e-4	1568
1235	1	1.0004001600640257e-4	1569
1236	1	1.0004001600640257e-4	1570
1237	1	1.0004001600640257e-4	1571
1238	1	1.0004001600640257e-4	1572
1239	1	1.0004001600640257e-4	1573
1240	1	1.0004001600640257e-4	1574
1241	1	1.0004001600640257e-4	1575
1242	1	1.0004001600640257e-4	1576
1243	1	1.0004001600640257e-4	1577
1244	1	1.0004001600640257e-4	1578
1245	1	1.0004001600640257e-4	1579
1246	1	1.0004001600640257e-4	1580
1247	1	1.0004001600640257e-4	1581
1248	1	1.0004001600640257e-4	1582
1249	1	1.0004001600640257e-4	1583
1250	1	1.0004001600640257e-4	1584
1251	1	1.0004001600640257e-4	1585
1252	1	1.0004001600640257e-4	1586
1253	1	1.0004001600640257e-4	1587
1254	1	1.0004001600640257e-4	1588
1255	1	1.0004001600640257e-4	1589
1256	1	1.0004001600640257e-4	1590
1257	1	1.0004001600640257e-4	1591
1258	1	1.0004001600640257e-4	1592
1259	1	1.0004001600640257e-4	1593
1260	1	1.0004001600640257e-4	1594
1261	1	1.0004001600640257e-4	1595
1262	1	1.0004001600640257e-4	1596
1263	1	1.0004001600640257e-4	1597
1264	1	1.0004001600640257e-4	1598
1265	1	1.0004001600640257e-4	1599
1266	1	1.0004001600640257e-4	1600
1267	1	1.0004001600640257e-4	1601
1268	1	1.0004001600640257e-4	1602
1269	1	1.0004001600640257e-4	1603
1270	1	1.0004001600640257e-4	1604
1271	1	1.0004001600640257e-4	1605
1272	1	1.0004001600640257e-4	1606
1273	1	1.0004001600640257e-4	1607
1274	1	1.0004001600640257e-4	1608
1275	1	1.0004001600640257e-4	1609
1276	1	1.0004001600640257e-4	1610
1277	1	1.0004001600640257e-4	1611
1278	1	1.0004001600640257e-4	1612
1279	1	1.0004001600640257e-4	1613
1280	1	1.0004001600640257e-4	1614
1281	1	1.0004001600640257e-4	1615
1282	1	1.0004001600640257e-4	1616
1283	1	1.0004001600640257e-4	1617
1284	1	1.0004001600640257e-4	1618
1285	1	1.0004001600640257e-4	1619
1286	1	1.0004001600640257e-4	1620
1287	1	1.0004001600640257e-4	1621
1288	1	1.0004001600640257e-4	1622
1289	1	1.0004001600640257e-4	1623
1290	1	1.0004001600640257e-4	1624
1291	1	1.0004001600640257e-4	1625
1292	1	1.0004001600640257e-4	1626
1293	1	1.0004001600640257e-4	1627
1294	1	1.0004001600640257e-4	1628
1295	1	1.0004001600640257e-4	1629
1296	1	1.0004001600640257e-4	1630
1297	1	1.0004001600640257e-4	1631
1298	1	1.0004001600640257e-4	1632
1299	1	1.0004001600640257e-4	1633
1300	1	1.0004001600640257e-4	1634
1301	1	1.0004001600640257e-4	1635
1302	1	1.0004001600640257e-4	1636
1303	1	1.0004001600640257e-4	1637
1304	1	1.0004001600640257e-4	1638
1305	1	1.0004001600640257e-4	1639
1306	1	1.0004001600640257e-4	1640
1307	1	1.0004001600640257e-4	1641
1308	1	1.0004001600640257e-4	1642
1309	1	1.0004001600640257e-4	1643
1310	1	1.0004001600640257e-4	1644
1311	1	1.0004001600640257e-4	1645
1312	1	1.0004001600640257e-4	1646
1313	1	1.0004001600640257e-4	1647
1314	1	1.0004001600640257e-4	1648
1315	1	1.0004001600640257e-4	1649
1316	1	1.0004001600640257e-4	1650
1317	1	1.0004001600640257e-4	1651
1318	1	1.0004001600640257e-4	1652
1319	1	1.0004001600640257e-4	1653
1320	1	1.0004001600640257e-4	1654
1321	1	1.0004001600640257e-4	1655
1322	1	1.0004001600640257e-4	1656
1323	1	1.0004001600640257e-4	1657
1324	1	1.0004001600640257e-4	1658
1325	1	1.0004001600640257e-4	1659
1326	1	1.0004001600640257e-4	1660
1327	1	1.0004001600640257e-4	1661
1328	1	1.0004001600640257e-4	1662
1329	1	1.0004001600640257e-4	1663
1330	1	1.0004001600640257e-4	1664
1331	1	1.0004001600640257e-4	1665
1332	1	1.0004001600640257e-4	1666
1333	1	1.0004001600640257e-4	1667
1334	1	1.0004001600640257e-4	1668
1335	1	1.0004001600640257e-4	1669
1336	1	1.0004001600640257e-4	1670
1337	1	1.0004001600640257e-4	1671
1338	1	1.0004001600640257e-4	1672
1339	1	1.0004001600640257e-4	1673
1340	1	1.0004001600640257e-4	1674
1341	1	1.0004001600640257e-4	1675
1342	1	1.0004001600640257e-4	1676
1343	1	1.0004001600640257e-4	1677
1344	1	1.0004001600640257e-4	1678
1346	1	1.0004001600640257e-4	1679
1348	1	1.0004001600640257e-4	1680
1349	1	1.0004001600640257e-4	1681
1350	1	1.0004001600640257e-4	1682
1351	1	1.0004001600640257e-4	1683
1352	1	1.0004001600640257e-4	1684
1353	1	1.0004001600640257e-4	1685
1354	1	1.0004001600640257e-4	1686
1355	1	1.0004001600640257e-4	1687
1356	1	1.0004001600640257e-4	1688
1357	1	1.0004001600640257e-4	1689
1358	1	1.0004001600640257e-4	1690
1359	1	1.0004001600640257e-4	1691
1360	1	1.0004001600640257e-4	1692
1361	1	1.0004001600640257e-4	1693
1362	1	1.0004001600640257e-4	1694
1363	1	1.0004001600640257e-4	1695
1364	1	1.0004001600640257e-4	1696
1365	1	1.0004001600640257e-4	1697
1366	1	1.0004001600640257e-4	1698
1367	1	1.0004001600640257e-4	1699
1369	1	1.0004001600640257e-4	1700
1370	1	1.0004001600640257e-4	1701
1371	1	1.0004001600640257e-4	1702
1372	1	1.0004001600640257e-4	1703
1373	1	1.0004001600640257e-4	1704
1374	1	1.0004001600640257e-4	1705
1375	1	1.0004001600640257e-4	1706
1376	1	1.0004001600640257e-4	1707
1377	1	1.0004001600640257e-4	1708
1378	1	1.0004001600640257e-4	1709
1379	1	1.0004001600640257e-4	1710
1380	1	1.0004001600640257e-4	1711
1381	1	1.0004001600640257e-4	1712
1382	1	1.0004001600640257e-4	1713
1383	1	1.0004001600640257e-4	1714
1384	1	1.0004001600640257e-4	1715
1385	1	1.0004001600640257e-4	1716
1386	1	1.0004001600640257e-4	1717
1387	1	1.0004001600640257e-4	1718
1388	1	1.0004001600640257e-4	1719
1389	1	1.0004001600640257e-4	1720
1390	1	1.0004001600640257e-4	1721
1391	1	1.0004001600640257e-4	1722
1392	1	1.0004001600640257e-4	1723
1393	1	1.0004001600640257e-4	1724
1394	1	1.0004001600640257e-4	1725
1395	1	1.0004001600640257e-4	1726
1396	1	1.0004001600640257e-4	1727
1397	1	1.0004001600640257e-4	1728
1398	1	1.0004001600640257e-4	1729
1400	1	1.0004001600640257e-4	1730
1401	1	1.0004001600640257e-4	1731
1402	1	1.0004001600640257e-4	1732
1403	1	1.0004001600640257e-4	1733
1404	1	1.0004001600640257e-4	1734
1405	1	1.0004001600640257e-4	1735
1406	1	1.0004001600640257e-4	1736
1407	1	1.0004001600640257e-4	1737
1408	1	1.0004001600640257e-4	1738
1409	1	1.0004001600640257e-4	1739
1410	1	1.0004001600640257e-4	1740
1411	1	1.0004001600640257e-4	1741
1412	1	1.0004001600640257e-4	1742
1413	1	1.0004001600640257e-4	1743
1414	1	1.0004001600640257e-4	1744
1415	1	1.0004001600640257e-4	1745
1416	1	1.0004001600640257e-4	1746
1417	1	1.0004001600640257e-4	1747
1418	1	1.0004001600640257e-4	1748
1419	1	1.0004001600640257e-4	1749
1420	1	1.0004001600640257e-4	1750
1421	1	1.0004001600640257e-4	1751
1422	1	1.0004001600640257e-4	1752
1423	1	1.0004001600640257e-4	1753
1424	1	1.0004001600640257e-4	1754
1425	1	1.0004001600640257e-4	1755
1426	1	1.0004001600640257e-4	1756
1427	1	1.0004001600640257e-4	1757
1428	1	1.0004001600640257e-4	1758
1429	1	1.0004001600640257e-4	1759
1430	1	1.0004001600640257e-4	1760
1431	1	1.0004001600640257e-4	1761
1432	1	1.0004001600640257e-4	1762
1433	1	1.0004001600640257e-4	1763
1434	1	1.0004001600640257e-4	1764
1435	1	1.0004001600640257e-4	1765
1436	1	1.0004001600640257e-4	1766
1437	1	1.0004001600640257e-4	1767
1438	1	1.0004001600640257e-4	1768
1439	1	1.0004001600640257e-4	1769
1440	1	1.0004001600640257e-4	1770
1441	1	1.0004001600640257e-4	1771
1442	1	1.0004001600640257e-4	1772
1443	1	1.0004001600640257e-4	1773
1444	1	1.0004001600640257e-4	1774
1445	1	1.0004001600640257e-4	1775
1446	1	1.0004001600640257e-4	1776
1447	1	1.0004001600640257e-4	1777
1448	1	1.0004001600640257e-4	1778
1449	1	1.0004001600640257e-4	1779
1450	1	1.0004001600640257e-4	1780
1451	1	1.0004001600640257e-4	1781
1452	1	1.0004001600640257e-4	1782
1453	1	1.0004001600640257e-4	1783
1454	1	1.0004001600640257e-4	1784
1455	1	1.0004001600640257e-4	1785
1456	1	1.0004001600640257e-4	1786
1457	1	1.0004001600640257e-4	1787
1458	1	1.0004001600640257e-4	1788
1459	1	1.0004001600640257e-4	1789
1460	1	1.0004001600640257e-4	1790
1461	1	1.0004001600640257e-4	1791
1462	1	1.0004001600640257e-4	1792
1463	1	1.0004001600640257e-4	1793
1465	1	1.0004001600640257e-4	1794
1466	1	1.0004001600640257e-4	1795
1467	1	1.0004001600640257e-4	1796
1468	1	1.0004001600640257e-4	1797
1469	1	1.0004001600640257e-4	1798
1470	1	1.0004001600640257e-4	1799
1471	1	1.0004001600640257e-4	1800
1472	1	1.0004001600640257e-4	1801
1473	1	1.0004001600640257e-4	1802
1474	1	1.0004001600640257e-4	1803
1475	1	1.0004001600640257e-4	1804
1476	1	1.0004001600640257e-4	1805
1477	1	1.0004001600640257e-4	1806
1478	1	1.0004001600640257e-4	1807
1479	1	1.0004001600640257e-4	1808
1480	1	1.0004001600640257e-4	1809
1481	1	1.0004001600640257e-4	1810
1482	1	1.0004001600640257e-4	1811
1483	1	1.0004001600640257e-4	1812
1484	1	1.0004001600640257e-4	1813
1485	1	1.0004001600640257e-4	1814
1487	1	1.0004001600640257e-4	1815
1488	1	1.0004001600640257e-4	1816
1489	1	1.0004001600640257e-4	1817
1490	1	1.0004001600640257e-4	1818
1492	1	1.0004001600640257e-4	1819
1493	1	1.0004001600640257e-4	1820
1494	1	1.0004001600640257e-4	1821
1495	1	1.0004001600640257e-4	1822
1496	1	1.0004001600640257e-4	1823
1497	1	1.0004001600640257e-4	1824
1499	1	1.0004001600640257e-4	1825
1500	1	1.0004001600640257e-4	1826
1501	1	1.0004001600640257e-4	1827
1502	1	1.0004001600640257e-4	1828
1503	1	1.0004001600640257e-4	1829
1504	1	1.0004001600640257e-4	1830
1505	1	1.0004001600640257e-4	1831
1506	1	1.0004001600640257e-4	1832
1507	1	1.0004001600640257e-4	1833
1508	1	1.0004001600640257e-4	1834
1509	1	1.0004001600640257e-4	1835
1510	1	1.0004001600640257e-4	1836
1511	1	1.0004001600640257e-4	1837
1512	1	1.0004001600640257e-4	1838
1513	1	1.0004001600640257e-4	1839
1514	1	1.0004001600640257e-4	1840
1515	1	1.0004001600640257e-4	1841
1516	1	1.0004001600640257e-4	1842
1517	1	1.0004001600640257e-4	1843
1518	1	1.0004001600640257e-4	1844
1519	1	1.0004001600640257e-4	1845
1520	1	1.0004001600640257e-4	1846
1521	1	1.0004001600640257e-4	1847
1522	1	1.0004001600640257e-4	1848
1523	1	1.0004001600640257e-4	1849
1524	1	1.0004001600640257e-4	1850
1525	1	1.0004001600640257e-4	1851
1526	1	1.0004001600640257e-4	1852
1527	1	1.0004001600640257e-4	1853
1528	1	1.0004001600640257e-4	1854
1529	1	1.0004001600640257e-4	1855
1530	1	1.0004001600640257e-4	1856
1531	1	1.0004001600640257e-4	1857
1532	1	1.0004001600640257e-4	1858
1533	1	1.0004001600640257e-4	1859
1535	1	1.0004001600640257e-4	1860
1536	1	1.0004001600640257e-4	1861
1537	1	1.0004001600640257e-4	1862
1538	1	1.0004001600640257e-4	1863
1539	1	1.0004001600640257e-4	1864
1540	1	1.0004001600640257e-4	1865
1541	1	1.0004001600640257e-4	1866
1542	1	1.0004001600640257e-4	1867
1543	1	1.0004001600640257e-4	1868
1544	1	1.0004001600640257e-4	1869
1545	1	1.0004001600640257e-4	1870
1546	1	1.0004001600640257e-4	1871
1547	1	1.0004001600640257e-4	1872
1548	1	1.0004001600640257e-4	1873
1549	1	1.0004001600640257e-4	1874
1550	1	1.0004001600640257e-4	1875
1551	1	1.0004001600640257e-4	1876
1552	1	1.0004001600640257e-4	1877
1553	1	1.0004001600640257e-4	1878
1554	1	1.0004001600640257e-4	1879
1555	1	1.0004001600640257e-4	1880
1556	1	1.0004001600640257e-4	1881
1557	1	1.0004001600640257e-4	1882
1558	1	1.0004001600640257e-4	1883
1559	1	1.0004001600640257e-4	1884
1560	1	1.0004001600640257e-4	1885
1561	1	1.0004001600640257e-4	1886
1562	1	1.0004001600640257e-4	1887
1563	1	1.0004001600640257e-4	1888
1564	1	1.0004001600640257e-4	1889
1565	1	1.0004001600640257e-4	1890
1566	1	1.0004001600640257e-4	1891
1567	1	1.0004001600640257e-4	1892
1568	1	1.0004001600640257e-4	1893
1569	1	1.0004001600640257e-4	1894
1570	1	1.0004001600640257e-4	1895
1571	1	1.0004001600640257e-4	1896
1572	1	1.0004001600640257e-4	1897
1573	1	1.0004001600640257e-4	1898
1574	1	1.0004001600640257e-4	1899
1575	1	1.0004001600640257e-4	1900
1576	1	1.0004001600640257e-4	1901
1577	1	1.0004001600640257e-4	1902
1578	1	1.0004001600640257e-4	1903
1579	1	1.0004001600640257e-4	1904
1580	1	1.0004001600640257e-4	1905
1581	1	1.0004001600640257e-4	1906
1582	1	1.0004001600640257e-4	1907
1583	1	1.0004001600640257e-4	1908
1584	1	1.0004001600640257e-4	1909
1585	1	1.0004001600640257e-4	1910
1586	1	1.0004001600640257e-4	1911
1587	1	1.0004001600640257e-4	1912
1588	1	1.0004001600640257e-4	1913
1589	1	1.0004001600640257e-4	1914
1590	1	1.0004001600640257e-4	1915
1591	1	1.0004001600640257e-4	1916
1592	1	1.0004001600640257e-4	1917
1593	1	1.0004001600640257e-4	1918
1594	1	1.0004001600640257e-4	1919
1595	1	1.0004001600640257e-4	1920
1596	1	1.0004001600640257e-4	1921
1597	1	1.0004001600640257e-4	1922
1598	1	1.0004001600640257e-4	1923
1599	1	1.0004001600640257e-4	1924
1600	1	1.0004001600640257e-4	1925
1601	1	1.0004001600640257e-4	1926
1602	1	1.0004001600640257e-4	1927
1603	1	1.0004001600640257e-4	1928
1604	1	1.0004001600640257e-4	1929
1605	1	1.0004001600640257e-4	1930
1606	1	1.0004001600640257e-4	1931
1607	1	1.0004001600640257e-4	1932
1608	1	1.0004001600640257e-4	1933
1609	1	1.0004001600640257e-4	1934
1610	1	1.0004001600640257e-4	1935
1611	1	1.0004001600640257e-4	1936
1612	1	1.0004001600640257e-4	1937
1613	1	1.0004001600640257e-4	1938
1614	1	1.0004001600640257e-4	1939
1615	1	1.0004001600640257e-4	1940
1616	1	1.0004001600640257e-4	1941
1617	1	1.0004001600640257e-4	1942
1618	1	1.0004001600640257e-4	1943
1619	1	1.0004001600640257e-4	1944
1620	1	1.0004001600640257e-4	1945
1621	1	1.0004001600640257e-4	1946
1622	1	1.0004001600640257e-4	1947
1623	1	1.0004001600640257e-4	1948
1624	1	1.0004001600640257e-4	1949
1625	1	1.0004001600640257e-4	1950
1626	1	1.0004001600640257e-4	1951
1627	1	1.0004001600640257e-4	1952
1628	1	1.0004001600640257e-4	1953
1629	1	1.0004001600640257e-4	1954
1631	1	1.0004001600640257e-4	1955
1632	1	1.0004001600640257e-4	1956
1634	1	1.0004001600640257e-4	1957
1635	1	1.0004001600640257e-4	1958
1636	1	1.0004001600640257e-4	1959
1638	1	1.0004001600640257e-4	1960
1639	1	1.0004001600640257e-4	1961
1640	1	1.0004001600640257e-4	1962
1641	1	1.0004001600640257e-4	1963
1642	1	1.0004001600640257e-4	1964
1643	1	1.0004001600640257e-4	1965
1644	1	1.0004001600640257e-4	1966
1645	1	1.0004001600640257e-4	1967
1646	1	1.0004001600640257e-4	1968
1647	1	1.0004001600640257e-4	1969
1648	1	1.0004001600640257e-4	1970
1649	1	1.0004001600640257e-4	1971
1652	1	1.0004001600640257e-4	1972
1655	1	1.0004001600640257e-4	1973
1656	1	1.0004001600640257e-4	1974
1657	1	1.0004001600640257e-4	1975
1658	1	1.0004001600640257e-4	1976
1659	1	1.0004001600640257e-4	1977
1660	1	1.0004001600640257e-4	1978
1662	1	1.0004001600640257e-4	1979
1663	1	1.0004001600640257e-4	1980
1664	1	1.0004001600640257e-4	1981
1665	1	1.0004001600640257e-4	1982
1667	1	1.0004001600640257e-4	1983
1668	1	1.0004001600640257e-4	1984
1669	1	1.0004001600640257e-4	1985
1670	1	1.0004001600640257e-4	1986
1671	1	1.0004001600640257e-4	1987
1672	1	1.0004001600640257e-4	1988
1673	1	1.0004001600640257e-4	1989
1674	1	1.0004001600640257e-4	1990
1675	1	1.0004001600640257e-4	1991
1676	1	1.0004001600640257e-4	1992
1677	1	1.0004001600640257e-4	1993
1678	1	1.0004001600640257e-4	1994
1679	1	1.0004001600640257e-4	1995
1680	1	1.0004001600640257e-4	1996
1681	1	1.0004001600640257e-4	1997
1682	1	1.0004001600640257e-4	1998
1683	1	1.0004001600640257e-4	1999
1684	1	1.0004001600640257e-4	2000
1685	1	1.0004001600640257e-4	2001
1686	1	1.0004001600640257e-4	2002
1687	1	1.0004001600640257e-4	2003
1688	1	1.0004001600640257e-4	2004
1689	1	1.0004001600640257e-4	2005
1690	1	1.0004001600640257e-4	2006
1691	1	1.0004001600640257e-4	2007
1692	1	1.0004001600640257e-4	2008
1693	1	1.0004001600640257e-4	2009
1694	1	1.0004001600640257e-4	2010
1695	1	1.0004001600640257e-4	2011
1696	1	1.0004001600640257e-4	2012
1697	1	1.0004001600640257e-4	2013
1698	1	1.0004001600640257e-4	2014
1699	1	1.0004001600640257e-4	2015
1700	1	1.0004001600640257e-4	2016
1701	1	1.0004001600640257e-4	2017
1702	1	1.0004001600640257e-4	2018
1703	1	1.0004001600640257e-4	2019
1704	1	1.0004001600640257e-4	2020
1705	1	1.0004001600640257e-4	2021
1706	1	1.0004001600640257e-4	2022
1707	1	1.0004001600640257e-4	2023
1708	1	1.0004001600640257e-4	2024
1709	1	1.0004001600640257e-4	2025
1710	1	1.0004001600640257e-4	2026
1711	1	1.0004001600640257e-4	2027
1712	1	1.0004001600640257e-4	2028
1713	1	1.0004001600640257e-4	2029
1714	1	1.0004001600640257e-4	2030
1715	1	1.0004001600640257e-4	2031
1716	1	1.0004001600640257e-4	2032
1717	1	1.0004001600640257e-4	2033
1718	1	1.0004001600640257e-4	2034
1719	1	1.0004001600640257e-4	2035
1720	1	1.0004001600640257e-4	2036
1721	1	1.0004001600640257e-4	2037
1722	1	1.0004001600640257e-4	2038
1723	1	1.0004001600640257e-4	2039
1724	1	1.0004001600640257e-4	2040
1725	1	1.0004001600640257e-4	2041
1726	1	1.0004001600640257e-4	2042
1727	1	1.0004001600640257e-4	2043
1728	1	1.0004001600640257e-4	2044
1729	1	1.0004001600640257e-4	2045
1730	1	1.0004001600640257e-4	2046
1731	1	1.0004001600640257e-4	2047
1732	1	1.0004001600640257e-4	2048
1733	1	1.0004001600640257e-4	2049
1734	1	1.0004001600640257e-4	2050
1735	1	1.0004001600640257e-4	2051
1736	1	1.0004001600640257e-4	2052
1737	1	1.0004001600640257e-4	2053
1738	1	1.0004001600640257e-4	2054
1739	1	1.0004001600640257e-4	2055
1740	1	1.0004001600640257e-4	2056
1741	1	1.0004001600640257e-4	2057
1742	1	1.0004001600640257e-4	2058
1743	1	1.0004001600640257e-4	2059
1744	1	1.0004001600640257e-4	2060
1745	1	1.0004001600640257e-4	2061
1746	1	1.0004001600640257e-4	2062
1747	1	1.0004001600640257e-4	2063
1748	1	1.0004001600640257e-4	2064
1749	1	1.0004001600640257e-4	2065
1750	1	1.0004001600640257e-4	2066
1751	1	1.0004001600640257e-4	2067
1752	1	1.0004001600640257e-4	2068
1753	1	1.0004001600640257e-4	2069
1754	1	1.0004001600640257e-4	2070
1755	1	1.0004001600640257e-4	2071
1756	1	1.0004001600640257e-4	2072
1757	1	1.0004001600640257e-4	2073
1758	1	1.0004001600640257e-4	2074
1759	1	1.0004001600640257e-4	2075
1760	1	1.0004001600640257e-4	2076
1761	1	1.0004001600640257e-4	2077
1762	1	1.0004001600640257e-4	2078
1763	1	1.0004001600640257e-4	2079
1764	1	1.0004001600640257e-4	2080
1765	1	1.0004001600640257e-4	2081
1766	1	1.0004001600640257e-4	2082
1767	1	1.0004001600640257e-4	2083
1768	1	1.0004001600640257e-4	2084
1769	1	1.0004001600640257e-4	2085
1770	1	1.0004001600640257e-4	2086
1771	1	1.0004001600640257e-4	2087
1772	1	1.0004001600640257e-4	2088
1773	1	1.0004001600640257e-4	2089
1774	1	1.0004001600640257e-4	2090
1775	1	1.0004001600640257e-4	2091
1776	1	1.0004001600640257e-4	2092
1777	1	1.0004001600640257e-4	2093
1778	1	1.0004001600640257e-4	2094
1779	1	1.0004001600640257e-4	2095
1780	1	1.0004001600640257e-4	2096
1781	1	1.0004001600640257e-4	2097
1782	1	1.0004001600640257e-4	2098
1783	1	1.0004001600640257e-4	2099
1784	1	1.0004001600640257e-4	2100
1785	1	1.0004001600640257e-4	2101
1786	1	1.0004001600640257e-4	2102
1787	1	1.0004001600640257e-4	2103
1788	1	1.0004001600640257e-4	2104
1789	1	1.0004001600640257e-4	2105
1790	1	1.0004001600640257e-4	2106
1791	1	1.0004001600640257e-4	2107
1792	1	1.0004001600640257e-4	2108
1793	1	1.0004001600640257e-4	2109
1794	1	1.0004001600640257e-4	2110
1795	1	1.0004001600640257e-4	2111
1796	1	1.0004001600640257e-4	2112
1797	1	1.0004001600640257e-4	2113
1798	1	1.0004001600640257e-4	2114
1799	1	1.0004001600640257e-4	2115
1800	1	1.0004001600640257e-4	2116
1801	1	1.0004001600640257e-4	2117
1802	1	1.0004001600640257e-4	2118
1803	1	1.0004001600640257e-4	2119
1805	1	1.0004001600640257e-4	2120
1806	1	1.0004001600640257e-4	2121
1807	1	1.0004001600640257e-4	2122
1808	1	1.0004001600640257e-4	2123
1809	1	1.0004001600640257e-4	2124
1810	1	1.0004001600640257e-4	2125
1811	1	1.0004001600640257e-4	2126
1812	1	1.0004001600640257e-4	2127
1813	1	1.0004001600640257e-4	2128
1814	1	1.0004001600640257e-4	2129
1815	1	1.0004001600640257e-4	2130
1816	1	1.0004001600640257e-4	2131
1817	1	1.0004001600640257e-4	2132
1818	1	1.0004001600640257e-4	2133
1819	1	1.0004001600640257e-4	2134
1820	1	1.0004001600640257e-4	2135
1821	1	1.0004001600640257e-4	2136
1822	1	1.0004001600640257e-4	2137
1823	1	1.0004001600640257e-4	2138
1824	1	1.0004001600640257e-4	2139
1825	1	1.0004001600640257e-4	2140
1826	1	1.0004001600640257e-4	2141
1827	1	1.0004001600640257e-4	2142
1828	1	1.0004001600640257e-4	2143
1829	1	1.0004001600640257e-4	2144
1830	1	1.0004001600640257e-4	2145
1831	1	1.0004001600640257e-4	2146
1832	1	1.0004001600640257e-4	2147
1833	1	1.0004001600640257e-4	2148
1834	1	1.0004001600640257e-4	2149
1835	1	1.0004001600640257e-4	2150
1836	1	1.0004001600640257e-4	2151
1837	1	1.0004001600640257e-4	2152
1838	1	1.0004001600640257e-4	2153
1839	1	1.0004001600640257e-4	2154
1840	1	1.0004001600640257e-4	2155
1841	1	1.0004001600640257e-4	2156
1842	1	1.0004001600640257e-4	2157
1843	1	1.0004001600640257e-4	2158
1844	1	1.0004001600640257e-4	2159
1845	1	1.0004001600640257e-4	2160
1846	1	1.0004001600640257e-4	2161
1847	1	1.0004001600640257e-4	2162
1848	1	1.0004001600640257e-4	2163
1849	1	1.0004001600640257e-4	2164
1850	1	1.0004001600640257e-4	2165
1851	1	1.0004001600640257e-4	2166
1852	1	1.0004001600640257e-4	2167
1853	1	1.0004001600640257e-4	2168
1854	1	1.0004001600640257e-4	2169
1855	1	1.0004001600640257e-4	2170
1856	1	1.0004001600640257e-4	2171
1857	1	1.0004001600640257e-4	2172
1858	1	1.0004001600640257e-4	2173
1859	1	1.0004001600640257e-4	2174
1860	1	1.0004001600640257e-4	2175
1861	1	1.0004001600640257e-4	2176
1862	1	1.0004001600640257e-4	2177
1863	1	1.0004001600640257e-4	2178
1864	1	1.0004001600640257e-4	2179
1865	1	1.0004001600640257e-4	2180
1866	1	1.0004001600640257e-4	2181
1867	1	1.0004001600640257e-4	2182
1868	1	1.0004001600640257e-4	2183
1869	1	1.0004001600640257e-4	2184
1870	1	1.0004001600640257e-4	2185
1871	1	1.0004001600640257e-4	2186
1872	1	1.0004001600640257e-4	2187
1873	1	1.0004001600640257e-4	2188
1874	1	1.0004001600640257e-4	2189
1875	1	1.0004001600640257e-4	2190
1876	1	1.0004001600640257e-4	2191
1877	1	1.0004001600640257e-4	2192
1878	1	1.0004001600640257e-4	2193
1879	1	1.0004001600640257e-4	2194
1880	1	1.0004001600640257e-4	2195
1881	1	1.0004001600640257e-4	2196
1882	1	1.0004001600640257e-4	2197
1884	1	1.0004001600640257e-4	2198
1885	1	1.0004001600640257e-4	2199
1886	1	1.0004001600640257e-4	2200
1888	1	1.0004001600640257e-4	2201
1889	1	1.0004001600640257e-4	2202
1890	1	1.0004001600640257e-4	2203
1891	1	1.0004001600640257e-4	2204
1892	1	1.0004001600640257e-4	2205
1893	1	1.0004001600640257e-4	2206
1894	1	1.0004001600640257e-4	2207
1895	1	1.0004001600640257e-4	2208
1896	1	1.0004001600640257e-4	2209
1897	1	1.0004001600640257e-4	2210
1898	1	1.0004001600640257e-4	2211
1899	1	1.0004001600640257e-4	2212
1900	1	1.0004001600640257e-4	2213
1901	1	1.0004001600640257e-4	2214
1902	1	1.0004001600640257e-4	2215
1903	1	1.0004001600640257e-4	2216
1904	1	1.0004001600640257e-4	2217
1905	1	1.0004001600640257e-4	2218
1906	1	1.0004001600640257e-4	2219
1907	1	1.0004001600640257e-4	2220
1908	1	1.0004001600640257e-4	2221
1909	1	1.0004001600640257e-4	2222
1910	1	1.0004001600640257e-4	2223
1911	1	1.0004001600640257e-4	2224
1912	1	1.0004001600640257e-4	2225
1913	1	1.0004001600640257e-4	2226
1914	1	1.0004001600640257e-4	2227
1915	1	1.0004001600640257e-4	2228
1916	1	1.0004001600640257e-4	2229
1917	1	1.0004001600640257e-4	2230
1918	1	1.0004001600640257e-4	2231
1919	1	1.0004001600640257e-4	2232
1920	1	1.0004001600640257e-4	2233
1921	1	1.0004001600640257e-4	2234
1922	1	1.0004001600640257e-4	2235
1923	1	1.0004001600640257e-4	2236
1925	1	1.0004001600640257e-4	2237
1926	1	1.0004001600640257e-4	2238
1927	1	1.0004001600640257e-4	2239
1928	1	1.0004001600640257e-4	2240
1929	1	1.0004001600640257e-4	2241
1930	1	1.0004001600640257e-4	2242
1931	1	1.0004001600640257e-4	2243
1932	1	1.0004001600640257e-4	2244
1933	1	1.0004001600640257e-4	2245
1934	1	1.0004001600640257e-4	2246
1935	1	1.0004001600640257e-4	2247
1936	1	1.0004001600640257e-4	2248
1937	1	1.0004001600640257e-4	2249
1938	1	1.0004001600640257e-4	2250
1939	1	1.0004001600640257e-4	2251
1940	1	1.0004001600640257e-4	2252
1941	1	1.0004001600640257e-4	2253
1942	1	1.0004001600640257e-4	2254
1943	1	1.0004001600640257e-4	2255
1944	1	1.0004001600640257e-4	2256
1945	1	1.0004001600640257e-4	2257
1946	1	1.0004001600640257e-4	2258
1947	1	1.0004001600640257e-4	2259
1948	1	1.0004001600640257e-4	2260
1949	1	1.0004001600640257e-4	2261
1950	1	1.0004001600640257e-4	2262
1951	1	1.0004001600640257e-4	2263
1952	1	1.0004001600640257e-4	2264
1953	1	1.0004001600640257e-4	2265
1954	1	1.0004001600640257e-4	2266
1955	1	1.0004001600640257e-4	2267
1956	1	1.0004001600640257e-4	2268
1957	1	1.0004001600640257e-4	2269
1958	1	1.0004001600640257e-4	2270
1959	1	1.0004001600640257e-4	2271
1960	1	1.0004001600640257e-4	2272
1961	1	1.0004001600640257e-4	2273
1962	1	1.0004001600640257e-4	2274
1963	1	1.0004001600640257e-4	2275
1964	1	1.0004001600640257e-4	2276
1965	1	1.0004001600640257e-4	2277
1966	1	1.0004001600640257e-4	2278
1967	1	1.0004001600640257e-4	2279
1968	1	1.0004001600640257e-4	2280
1969	1	1.0004001600640257e-4	2281
1970	1	1.0004001600640257e-4	2282
1971	1	1.0004001600640257e-4	2283
1972	1	1.0004001600640257e-4	2284
1973	1	1.0004001600640257e-4	2285
1974	1	1.0004001600640257e-4	2286
1975	1	1.0004001600640257e-4	2287
1976	1	1.0004001600640257e-4	2288
1977	1	1.0004001600640257e-4	2289
1978	1	1.0004001600640257e-4	2290
1979	1	1.0004001600640257e-4	2291
1980	1	1.0004001600640257e-4	2292
1981	1	1.0004001600640257e-4	2293
1982	1	1.0004001600640257e-4	2294
1983	1	1.0004001600640257e-4	2295
1985	1	1.0004001600640257e-4	2296
1986	1	1.0004001600640257e-4	2297
1987	1	1.0004001600640257e-4	2298
1988	1	1.0004001600640257e-4	2299
1989	1	1.0004001600640257e-4	2300
1990	1	1.0004001600640257e-4	2301
1991	1	1.0004001600640257e-4	2302
1993	1	1.0004001600640257e-4	2303
1994	1	1.0004001600640257e-4	2304
1995	1	1.0004001600640257e-4	2305
1996	1	1.0004001600640257e-4	2306
1997	1	1.0004001600640257e-4	2307
1998	1	1.0004001600640257e-4	2308
1999	1	1.0004001600640257e-4	2309
2000	1	1.0004001600640257e-4	2310
2001	1	1.0004001600640257e-4	2311
2002	1	1.0004001600640257e-4	2312
2003	1	1.0004001600640257e-4	2313
2004	1	1.0004001600640257e-4	2314
2005	1	1.0004001600640257e-4	2315
2006	1	1.0004001600640257e-4	2316
2007	1	1.0004001600640257e-4	2317
2008	1	1.0004001600640257e-4	2318
2009	1	1.0004001600640257e-4	2319
2010	1	1.0004001600640257e-4	2320
2011	1	1.0004001600640257e-4	2321
2012	1	1.0004001600640257e-4	2322
2013	1	1.0004001600640257e-4	2323
2014	1	1.0004001600640257e-4	2324
2015	1	1.0004001600640257e-4	2325
2016	1	1.0004001600640257e-4	2326
2017	1	1.0004001600640257e-4	2327
2018	1	1.0004001600640257e-4	2328
2020	1	1.0004001600640257e-4	2329
2021	1	1.0004001600640257e-4	2330
2022	1	1.0004001600640257e-4	2331
2023	1	1.0004001600640257e-4	2332
2024	1	1.0004001600640257e-4	2333
2025	1	1.0004001600640257e-4	2334
2026	1	1.0004001600640257e-4	2335
2027	1	1.0004001600640257e-4	2336
2028	1	1.0004001600640257e-4	2337
2029	1	1.0004001600640257e-4	2338
2030	1	1.0004001600640257e-4	2339
2032	1	1.0004001600640257e-4	2340
2034	1	1.0004001600640257e-4	2341
2035	1	1.0004001600640257e-4	2342
2036	1	1.0004001600640257e-4	2343
2038	1	1.0004001600640257e-4	2344
2040	1	1.0004001600640257e-4	2345
2041	1	1.0004001600640257e-4	2346
2042	1	1.0004001600640257e-4	2347
2043	1	1.0004001600640257e-4	2348
2044	1	1.0004001600640257e-4	2349
2045	1	1.0004001600640257e-4	2350
2046	1	1.0004001600640257e-4	2351
2047	1	1.0004001600640257e-4	2352
2048	1	1.0004001600640257e-4	2353
2049	1	1.0004001600640257e-4	2354
2050	1	1.0004001600640257e-4	2355
2051	1	1.0004001600640257e-4	2356
2052	1	1.0004001600640257e-4	2357
2053	1	1.0004001600640257e-4	2358
2054	1	1.0004001600640257e-4	2359
2056	1	1.0004001600640257e-4	2360
2057	1	1.0004001600640257e-4	2361
2058	1	1.0004001600640257e-4	2362
2059	1	1.0004001600640257e-4	2363
2060	1	1.0004001600640257e-4	2364
2061	1	1.0004001600640257e-4	2365
2062	1	1.0004001600640257e-4	2366
2063	1	1.0004001600640257e-4	2367
2064	1	1.0004001600640257e-4	2368
2065	1	1.0004001600640257e-4	2369
2066	1	1.0004001600640257e-4	2370
2067	1	1.0004001600640257e-4	2371
2068	1	1.0004001600640257e-4	2372
2069	1	1.0004001600640257e-4	2373
2070	1	1.0004001600640257e-4	2374
2071	1	1.0004001600640257e-4	2375
2072	1	1.0004001600640257e-4	2376
2073	1	1.0004001600640257e-4	2377
2074	1	1.0004001600640257e-4	2378
2075	1	1.0004001600640257e-4	2379
2076	1	1.0004001600640257e-4	2380
2077	1	1.0004001600640257e-4	2381
2078	1	1.0004001600640257e-4	2382
2079	1	1.0004001600640257e-4	2383
2080	1	1.0004001600640257e-4	2384
2081	1	1.0004001600640257e-4	2385
2082	1	1.0004001600640257e-4	2386
2083	1	1.0004001600640257e-4	2387
2084	1	1.0004001600640257e-4	2388
2085	1	1.0004001600640257e-4	2389
2086	1	1.0004001600640257e-4	2390
2087	1	1.0004001600640257e-4	2391
2088	1	1.0004001600640257e-4	2392
2089	1	1.0004001600640257e-4	2393
2090	1	1.0004001600640257e-4	2394
2091	1	1.0004001600640257e-4	2395
2092	1	1.0004001600640257e-4	2396
2093	1	1.0004001600640257e-4	2397
2094	1	1.0004001600640257e-4	2398
2095	1	1.0004001600640257e-4	2399
2096	1	1.0004001600640257e-4	2400
2097	1	1.0004001600640257e-4	2401
2098	1	1.0004001600640257e-4	2402
2099	1	1.0004001600640257e-4	2403
2101	1	1.0004001600640257e-4	2404
2102	1	1.0004001600640257e-4	2405
2103	1	1.0004001600640257e-4	2406
2104	1	1.0004001600640257e-4	2407
2105	1	1.0004001600640257e-4	2408
2106	1	1.0004001600640257e-4	2409
2107	1	1.0004001600640257e-4	2410
2108	1	1.0004001600640257e-4	2411
2109	1	1.0004001600640257e-4	2412
2110	1	1.0004001600640257e-4	2413
2111	1	1.0004001600640257e-4	2414
2112	1	1.0004001600640257e-4	2415
2114	1	1.0004001600640257e-4	2416
2116	1	1.0004001600640257e-4	2417
2117	1	1.0004001600640257e-4	2418
2118	1	1.0004001600640257e-4	2419
2119	1	1.0004001600640257e-4	2420
2120	1	1.0004001600640257e-4	2421
2121	1	1.0004001600640257e-4	2422
2122	1	1.0004001600640257e-4	2423
2123	1	1.0004001600640257e-4	2424
2124	1	1.0004001600640257e-4	2425
2125	1	1.0004001600640257e-4	2426
2126	1	1.0004001600640257e-4	2427
2127	1	1.0004001600640257e-4	2428
2128	1	1.0004001600640257e-4	2429
2129	1	1.0004001600640257e-4	2430
2130	1	1.0004001600640257e-4	2431
2131	1	1.0004001600640257e-4	2432
2133	1	1.0004001600640257e-4	2433
2134	1	1.0004001600640257e-4	2434
2135	1	1.0004001600640257e-4	2435
2136	1	1.0004001600640257e-4	2436
2137	1	1.0004001600640257e-4	2437
2138	1	1.0004001600640257e-4	2438
2139	1	1.0004001600640257e-4	2439
2140	1	1.0004001600640257e-4	2440
2141	1	1.0004001600640257e-4	2441
2142	1	1.0004001600640257e-4	2442
2143	1	1.0004001600640257e-4	2443
2144	1	1.0004001600640257e-4	2444
2145	1	1.0004001600640257e-4	2445
2146	1	1.0004001600640257e-4	2446
2147	1	1.0004001600640257e-4	2447
2148	1	1.0004001600640257e-4	2448
2149	1	1.0004001600640257e-4	2449
2150	1	1.0004001600640257e-4	2450
2151	1	1.0004001600640257e-4	2451
2152	1	1.0004001600640257e-4	2452
2153	1	1.0004001600640257e-4	2453
2154	1	1.0004001600640257e-4	2454
2155	1	1.0004001600640257e-4	2455
2156	1	1.0004001600640257e-4	2456
2157	1	1.0004001600640257e-4	2457
2158	1	1.0004001600640257e-4	2458
2159	1	1.0004001600640257e-4	2459
2160	1	1.0004001600640257e-4	2460
2161	1	1.0004001600640257e-4	2461
2162	1	1.0004001600640257e-4	2462
2163	1	1.0004001600640257e-4	2463
2165	1	1.0004001600640257e-4	2464
2166	1	1.0004001600640257e-4	2465
2167	1	1.0004001600640257e-4	2466
2169	1	1.0004001600640257e-4	2467
2170	1	1.0004001600640257e-4	2468
2171	1	1.0004001600640257e-4	2469
2172	1	1.0004001600640257e-4	2470
2173	1	1.0004001600640257e-4	2471
2174	1	1.0004001600640257e-4	2472
2175	1	1.0004001600640257e-4	2473
2176	1	1.0004001600640257e-4	2474
2177	1	1.0004001600640257e-4	2475
2178	1	1.0004001600640257e-4	2476
2179	1	1.0004001600640257e-4	2477
2180	1	1.0004001600640257e-4	2478
2181	1	1.0004001600640257e-4	2479
2182	1	1.0004001600640257e-4	2480
2183	1	1.0004001600640257e-4	2481
2184	1	1.0004001600640257e-4	2482
2185	1	1.0004001600640257e-4	2483
2186	1	1.0004001600640257e-4	2484
2187	1	1.0004001600640257e-4	2485
2188	1	1.0004001600640257e-4	2486
2189	1	1.0004001600640257e-4	2487
2190	1	1.0004001600640257e-4	2488
2191	1	1.0004001600640257e-4	2489
2192	1	1.0004001600640257e-4	2490
2193	1	1.0004001600640257e-4	2491
2194	1	1.0004001600640257e-4	2492
2195	1	1.0004001600640257e-4	2493
2196	1	1.0004001600640257e-4	2494
2197	1	1.0004001600640257e-4	2495
2198	1	1.0004001600640257e-4	2496
2200	1	1.0004001600640257e-4	2497
2201	1	1.0004001600640257e-4	2498
2202	1	1.0004001600640257e-4	2499
2203	1	1.0004001600640257e-4	2500
2204	1	1.0004001600640257e-4	2501
2205	1	1.0004001600640257e-4	2502
2206	1	1.0004001600640257e-4	2503
2207	1	1.0004001600640257e-4	2504
2208	1	1.0004001600640257e-4	2505
2209	1	1.0004001600640257e-4	2506
2210	1	1.0004001600640257e-4	2507
2211	1	1.0004001600640257e-4	2508
2212	1	1.0004001600640257e-4	2509
2213	1	1.0004001600640257e-4	2510
2214	1	1.0004001600640257e-4	2511
2215	1	1.0004001600640257e-4	2512
2216	1	1.0004001600640257e-4	2513
2217	1	1.0004001600640257e-4	2514
2218	1	1.0004001600640257e-4	2515
2219	1	1.0004001600640257e-4	2516
2220	1	1.0004001600640257e-4	2517
2221	1	1.0004001600640257e-4	2518
2222	1	1.0004001600640257e-4	2519
2224	1	1.0004001600640257e-4	2520
2225	1	1.0004001600640257e-4	2521
2226	1	1.0004001600640257e-4	2522
2227	1	1.0004001600640257e-4	2523
2228	1	1.0004001600640257e-4	2524
2229	1	1.0004001600640257e-4	2525
2231	1	1.0004001600640257e-4	2526
2232	1	1.0004001600640257e-4	2527
2233	1	1.0004001600640257e-4	2528
2234	1	1.0004001600640257e-4	2529
2235	1	1.0004001600640257e-4	2530
2236	1	1.0004001600640257e-4	2531
2237	1	1.0004001600640257e-4	2532
2238	1	1.0004001600640257e-4	2533
2239	1	1.0004001600640257e-4	2534
2240	1	1.0004001600640257e-4	2535
2241	1	1.0004001600640257e-4	2536
2242	1	1.0004001600640257e-4	2537
2243	1	1.0004001600640257e-4	2538
2244	1	1.0004001600640257e-4	2539
2245	1	1.0004001600640257e-4	2540
2246	1	1.0004001600640257e-4	2541
2247	1	1.0004001600640257e-4	2542
2248	1	1.0004001600640257e-4	2543
2249	1	1.0004001600640257e-4	2544
2250	1	1.0004001600640257e-4	2545
2251	1	1.0004001600640257e-4	2546
2252	1	1.0004001600640257e-4	2547
2253	1	1.0004001600640257e-4	2548
2254	1	1.0004001600640257e-4	2549
2255	1	1.0004001600640257e-4	2550
2256	1	1.0004001600640257e-4	2551
2257	1	1.0004001600640257e-4	2552
2258	1	1.0004001600640257e-4	2553
2259	1	1.0004001600640257e-4	2554
2260	1	1.0004001600640257e-4	2555
2261	1	1.0004001600640257e-4	2556
2262	1	1.0004001600640257e-4	2557
2263	1	1.0004001600640257e-4	2558
2264	1	1.0004001600640257e-4	2559
2265	1	1.0004001600640257e-4	2560
2266	1	1.0004001600640257e-4	2561
2267	1	1.0004001600640257e-4	2562
2268	1	1.0004001600640257e-4	2563
2269	1	1.0004001600640257e-4	2564
2270	1	1.0004001600640257e-4	2565
2271	1	1.0004001600640257e-4	2566
2272	1	1.0004001600640257e-4	2567
2273	1	1.0004001600640257e-4	2568
2274	1	1.0004001600640257e-4	2569
2275	1	1.0004001600640257e-4	2570
2276	1	1.0004001600640257e-4	2571
2277	1	1.0004001600640257e-4	2572
2278	1	1.0004001600640257e-4	2573
2279	1	1.0004001600640257e-4	2574
2280	1	1.0004001600640257e-4	2575
2281	1	1.0004001600640257e-4	2576
2282	1	1.0004001600640257e-4	2577
2283	1	1.0004001600640257e-4	2578
2284	1	1.0004001600640257e-4	2579
2285	1	1.0004001600640257e-4	2580
2286	1	1.0004001600640257e-4	2581
2287	1	1.0004001600640257e-4	2582
2288	1	1.0004001600640257e-4	2583
2289	1	1.0004001600640257e-4	2584
2290	1	1.0004001600640257e-4	2585
2291	1	1.0004001600640257e-4	2586
2292	1	1.0004001600640257e-4	2587
2293	1	1.0004001600640257e-4	2588
2294	1	1.0004001600640257e-4	2589
2295	1	1.0004001600640257e-4	2590
2296	1	1.0004001600640257e-4	2591
2297	1	1.0004001600640257e-4	2592
2298	1	1.0004001600640257e-4	2593
2299	1	1.0004001600640257e-4	2594
2300	1	1.0004001600640257e-4	2595
2301	1	1.0004001600640257e-4	2596
2302	1	1.0004001600640257e-4	2597
2303	1	1.0004001600640257e-4	2598
2304	1	1.0004001600640257e-4	2599
2305	1	1.0004001600640257e-4	2600
2306	1	1.0004001600640257e-4	2601
2307	1	1.0004001600640257e-4	2602
2308	1	1.0004001600640257e-4	2603
2309	1	1.0004001600640257e-4	2604
2310	1	1.0004001600640257e-4	2605
2311	1	1.0004001600640257e-4	2606
2312	1	1.0004001600640257e-4	2607
2314	1	1.0004001600640257e-4	2608
2315	1	1.0004001600640257e-4	2609
2316	1	1.0004001600640257e-4	2610
2317	1	1.0004001600640257e-4	2611
2318	1	1.0004001600640257e-4	2612
2319	1	1.0004001600640257e-4	2613
2320	1	1.0004001600640257e-4	2614
2321	1	1.0004001600640257e-4	2615
2322	1	1.0004001600640257e-4	2616
2324	1	1.0004001600640257e-4	2617
2325	1	1.0004001600640257e-4	2618
2326	1	1.0004001600640257e-4	2619
2327	1	1.0004001600640257e-4	2620
2328	1	1.0004001600640257e-4	2621
2329	1	1.0004001600640257e-4	2622
2330	1	1.0004001600640257e-4	2623
2331	1	1.0004001600640257e-4	2624
2334	1	1.0004001600640257e-4	2625
2335	1	1.0004001600640257e-4	2626
2336	1	1.0004001600640257e-4	2627
2337	1	1.0004001600640257e-4	2628
2338	1	1.0004001600640257e-4	2629
2339	1	1.0004001600640257e-4	2630
2340	1	1.0004001600640257e-4	2631
2341	1	1.0004001600640257e-4	2632
2343	1	1.0004001600640257e-4	2633
2344	1	1.0004001600640257e-4	2634
2345	1	1.0004001600640257e-4	2635
2346	1	1.0004001600640257e-4	2636
2347	1	1.0004001600640257e-4	2637
2348	1	1.0004001600640257e-4	2638
2349	1	1.0004001600640257e-4	2639
2350	1	1.0004001600640257e-4	2640
2351	1	1.0004001600640257e-4	2641
2352	1	1.0004001600640257e-4	2642
2353	1	1.0004001600640257e-4	2643
2354	1	1.0004001600640257e-4	2644
2355	1	1.0004001600640257e-4	2645
2356	1	1.0004001600640257e-4	2646
2357	1	1.0004001600640257e-4	2647
2358	1	1.0004001600640257e-4	2648
2359	1	1.0004001600640257e-4	2649
2360	1	1.0004001600640257e-4	2650
2361	1	1.0004001600640257e-4	2651
2362	1	1.0004001600640257e-4	2652
2363	1	1.0004001600640257e-4	2653
2364	1	1.0004001600640257e-4	2654
2365	1	1.0004001600640257e-4	2655
2366	1	1.0004001600640257e-4	2656
2367	1	1.0004001600640257e-4	2657
2368	1	1.0004001600640257e-4	2658
2369	1	1.0004001600640257e-4	2659
2370	1	1.0004001600640257e-4	2660
2371	1	1.0004001600640257e-4	2661
2372	1	1.0004001600640257e-4	2662
2373	1	1.0004001600640257e-4	2663
2374	1	1.0004001600640257e-4	2664
2375	1	1.0004001600640257e-4	2665
2376	1	1.0004001600640257e-4	2666
2377	1	1.0004001600640257e-4	2667
2378	1	1.0004001600640257e-4	2668
2379	1	1.0004001600640257e-4	2669
2380	1	1.0004001600640257e-4	2670
2381	1	1.0004001600640257e-4	2671
2382	1	1.0004001600640257e-4	2672
2383	1	1.0004001600640257e-4	2673
2384	1	1.0004001600640257e-4	2674
2385	1	1.0004001600640257e-4	2675
2386	1	1.0004001600640257e-4	2676
2387	1	1.0004001600640257e-4	2677
2389	1	1.0004001600640257e-4	2678
2390	1	1.0004001600640257e-4	2679
2391	1	1.0004001600640257e-4	2680
2392	1	1.0004001600640257e-4	2681
2393	1	1.0004001600640257e-4	2682
2394	1	1.0004001600640257e-4	2683
2395	1	1.0004001600640257e-4	2684
2396	1	1.0004001600640257e-4	2685
2397	1	1.0004001600640257e-4	2686
2398	1	1.0004001600640257e-4	2687
2400	1	1.0004001600640257e-4	2688
2401	1	1.0004001600640257e-4	2689
2402	1	1.0004001600640257e-4	2690
2403	1	1.0004001600640257e-4	2691
2405	1	1.0004001600640257e-4	2692
2406	1	1.0004001600640257e-4	2693
2407	1	1.0004001600640257e-4	2694
2408	1	1.0004001600640257e-4	2695
2409	1	1.0004001600640257e-4	2696
2410	1	1.0004001600640257e-4	2697
2411	1	1.0004001600640257e-4	2698
2412	1	1.0004001600640257e-4	2699
2413	1	1.0004001600640257e-4	2700
2414	1	1.0004001600640257e-4	2701
2415	1	1.0004001600640257e-4	2702
2416	1	1.0004001600640257e-4	2703
2417	1	1.0004001600640257e-4	2704
2418	1	1.0004001600640257e-4	2705
2419	1	1.0004001600640257e-4	2706
2421	1	1.0004001600640257e-4	2707
2423	1	1.0004001600640257e-4	2708
2424	1	1.0004001600640257e-4	2709
2426	1	1.0004001600640257e-4	2710
2427	1	1.0004001600640257e-4	2711
2429	1	1.0004001600640257e-4	2712
2430	1	1.0004001600640257e-4	2713
2431	1	1.0004001600640257e-4	2714
2432	1	1.0004001600640257e-4	2715
2433	1	1.0004001600640257e-4	2716
2434	1	1.0004001600640257e-4	2717
2435	1	1.0004001600640257e-4	2718
2436	1	1.0004001600640257e-4	2719
2437	1	1.0004001600640257e-4	2720
2438	1	1.0004001600640257e-4	2721
2439	1	1.0004001600640257e-4	2722
2440	1	1.0004001600640257e-4	2723
2441	1	1.0004001600640257e-4	2724
2443	1	1.0004001600640257e-4	2725
2444	1	1.0004001600640257e-4	2726
2445	1	1.0004001600640257e-4	2727
2446	1	1.0004001600640257e-4	2728
2447	1	1.0004001600640257e-4	2729
2448	1	1.0004001600640257e-4	2730
2449	1	1.0004001600640257e-4	2731
2450	1	1.0004001600640257e-4	2732
2451	1	1.0004001600640257e-4	2733
2452	1	1.0004001600640257e-4	2734
2453	1	1.0004001600640257e-4	2735
2454	1	1.0004001600640257e-4	2736
2455	1	1.0004001600640257e-4	2737
2456	1	1.0004001600640257e-4	2738
2457	1	1.0004001600640257e-4	2739
2458	1	1.0004001600640257e-4	2740
2459	1	1.0004001600640257e-4	2741
2460	1	1.0004001600640257e-4	2742
2461	1	1.0004001600640257e-4	2743
2462	1	1.0004001600640257e-4	2744
2463	1	1.0004001600640257e-4	2745
2464	1	1.0004001600640257e-4	2746
2465	1	1.0004001600640257e-4	2747
2466	1	1.0004001600640257e-4	2748
2468	1	1.0004001600640257e-4	2749
2469	1	1.0004001600640257e-4	2750
2470	1	1.0004001600640257e-4	2751
2471	1	1.0004001600640257e-4	2752
2472	1	1.0004001600640257e-4	2753
2473	1	1.0004001600640257e-4	2754
2474	1	1.0004001600640257e-4	2755
2475	1	1.0004001600640257e-4	2756
2476	1	1.0004001600640257e-4	2757
2477	1	1.0004001600640257e-4	2758
2478	1	1.0004001600640257e-4	2759
2479	1	1.0004001600640257e-4	2760
2480	1	1.0004001600640257e-4	2761
2481	1	1.0004001600640257e-4	2762
2482	1	1.0004001600640257e-4	2763
2483	1	1.0004001600640257e-4	2764
2484	1	1.0004001600640257e-4	2765
2485	1	1.0004001600640257e-4	2766
2486	1	1.0004001600640257e-4	2767
2487	1	1.0004001600640257e-4	2768
2488	1	1.0004001600640257e-4	2769
2489	1	1.0004001600640257e-4	2770
2490	1	1.0004001600640257e-4	2771
2491	1	1.0004001600640257e-4	2772
2492	1	1.0004001600640257e-4	2773
2493	1	1.0004001600640257e-4	2774
2494	1	1.0004001600640257e-4	2775
2495	1	1.0004001600640257e-4	2776
2496	1	1.0004001600640257e-4	2777
2497	1	1.0004001600640257e-4	2778
2498	1	1.0004001600640257e-4	2779
2499	1	1.0004001600640257e-4	2780
2500	1	1.0004001600640257e-4	2781
2501	1	1.0004001600640257e-4	2782
2502	1	1.0004001600640257e-4	2783
2503	1	1.0004001600640257e-4	2784
2504	1	1.0004001600640257e-4	2785
2505	1	1.0004001600640257e-4	2786
2506	1	1.0004001600640257e-4	2787
2507	1	1.0004001600640257e-4	2788
2508	1	1.0004001600640257e-4	2789
2509	1	1.0004001600640257e-4	2790
2510	1	1.0004001600640257e-4	2791
2511	1	1.0004001600640257e-4	2792
2512	1	1.0004001600640257e-4	2793
2513	1	1.0004001600640257e-4	2794
2514	1	1.0004001600640257e-4	2795
2515	1	1.0004001600640257e-4	2796
2516	1	1.0004001600640257e-4	2797
2517	1	1.0004001600640257e-4	2798
2518	1	1.0004001600640257e-4	2799
2519	1	1.0004001600640257e-4	2800
2520	1	1.0004001600640257e-4	2801
2521	1	1.0004001600640257e-4	2802
2522	1	1.0004001600640257e-4	2803
2523	1	1.0004001600640257e-4	2804
2524	1	1.0004001600640257e-4	2805
2525	1	1.0004001600640257e-4	2806
2526	1	1.0004001600640257e-4	2807
2527	1	1.0004001600640257e-4	2808
2528	1	1.0004001600640257e-4	2809
2529	1	1.0004001600640257e-4	2810
2530	1	1.0004001600640257e-4	2811
2531	1	1.0004001600640257e-4	2812
2532	1	1.0004001600640257e-4	2813
2533	1	1.0004001600640257e-4	2814
2535	1	1.0004001600640257e-4	2815
2536	1	1.0004001600640257e-4	2816
2537	1	1.0004001600640257e-4	2817
2538	1	1.0004001600640257e-4	2818
2539	1	1.0004001600640257e-4	2819
2540	1	1.0004001600640257e-4	2820
2541	1	1.0004001600640257e-4	2821
2542	1	1.0004001600640257e-4	2822
2543	1	1.0004001600640257e-4	2823
2544	1	1.0004001600640257e-4	2824
2545	1	1.0004001600640257e-4	2825
2547	1	1.0004001600640257e-4	2826
2548	1	1.0004001600640257e-4	2827
2549	1	1.0004001600640257e-4	2828
2550	1	1.0004001600640257e-4	2829
2551	1	1.0004001600640257e-4	2830
2552	1	1.0004001600640257e-4	2831
2553	1	1.0004001600640257e-4	2832
2554	1	1.0004001600640257e-4	2833
2555	1	1.0004001600640257e-4	2834
2556	1	1.0004001600640257e-4	2835
2557	1	1.0004001600640257e-4	2836
2558	1	1.0004001600640257e-4	2837
2559	1	1.0004001600640257e-4	2838
2560	1	1.0004001600640257e-4	2839
2561	1	1.0004001600640257e-4	2840
2562	1	1.0004001600640257e-4	2841
2563	1	1.0004001600640257e-4	2842
2564	1	1.0004001600640257e-4	2843
2565	1	1.0004001600640257e-4	2844
2567	1	1.0004001600640257e-4	2845
2569	1	1.0004001600640257e-4	2846
2570	1	1.0004001600640257e-4	2847
2571	1	1.0004001600640257e-4	2848
2572	1	1.0004001600640257e-4	2849
2573	1	1.0004001600640257e-4	2850
2575	1	1.0004001600640257e-4	2851
2576	1	1.0004001600640257e-4	2852
2577	1	1.0004001600640257e-4	2853
2578	1	1.0004001600640257e-4	2854
2579	1	1.0004001600640257e-4	2855
2581	1	1.0004001600640257e-4	2856
2582	1	1.0004001600640257e-4	2857
2583	1	1.0004001600640257e-4	2858
2584	1	1.0004001600640257e-4	2859
2585	1	1.0004001600640257e-4	2860
2586	1	1.0004001600640257e-4	2861
2587	1	1.0004001600640257e-4	2862
2588	1	1.0004001600640257e-4	2863
2589	1	1.0004001600640257e-4	2864
2590	1	1.0004001600640257e-4	2865
2591	1	1.0004001600640257e-4	2866
2592	1	1.0004001600640257e-4	2867
2593	1	1.0004001600640257e-4	2868
2594	1	1.0004001600640257e-4	2869
2595	1	1.0004001600640257e-4	2870
2596	1	1.0004001600640257e-4	2871
2597	1	1.0004001600640257e-4	2872
2601	1	1.0004001600640257e-4	2873
2602	1	1.0004001600640257e-4	2874
2603	1	1.0004001600640257e-4	2875
2604	1	1.0004001600640257e-4	2876
2605	1	1.0004001600640257e-4	2877
2606	1	1.0004001600640257e-4	2878
2608	1	1.0004001600640257e-4	2879
2609	1	1.0004001600640257e-4	2880
2610	1	1.0004001600640257e-4	2881
2611	1	1.0004001600640257e-4	2882
2612	1	1.0004001600640257e-4	2883
2613	1	1.0004001600640257e-4	2884
2614	1	1.0004001600640257e-4	2885
2615	1	1.0004001600640257e-4	2886
2616	1	1.0004001600640257e-4	2887
2617	1	1.0004001600640257e-4	2888
2619	1	1.0004001600640257e-4	2889
2620	1	1.0004001600640257e-4	2890
2621	1	1.0004001600640257e-4	2891
2622	1	1.0004001600640257e-4	2892
2623	1	1.0004001600640257e-4	2893
2624	1	1.0004001600640257e-4	2894
2625	1	1.0004001600640257e-4	2895
2626	1	1.0004001600640257e-4	2896
2627	1	1.0004001600640257e-4	2897
2628	1	1.0004001600640257e-4	2898
2629	1	1.0004001600640257e-4	2899
2630	1	1.0004001600640257e-4	2900
2631	1	1.0004001600640257e-4	2901
2632	1	1.0004001600640257e-4	2902
2633	1	1.0004001600640257e-4	2903
2634	1	1.0004001600640257e-4	2904
2635	1	1.0004001600640257e-4	2905
2636	1	1.0004001600640257e-4	2906
2637	1	1.0004001600640257e-4	2907
2638	1	1.0004001600640257e-4	2908
2639	1	1.0004001600640257e-4	2909
2640	1	1.0004001600640257e-4	2910
2641	1	1.0004001600640257e-4	2911
2642	1	1.0004001600640257e-4	2912
2643	1	1.0004001600640257e-4	2913
2644	1	1.0004001600640257e-4	2914
2645	1	1.0004001600640257e-4	2915
2646	1	1.0004001600640257e-4	2916
2647	1	1.0004001600640257e-4	2917
2648	1	1.0004001600640257e-4	2918
2649	1	1.0004001600640257e-4	2919
2650	1	1.0004001600640257e-4	2920
2651	1	1.0004001600640257e-4	2921
2652	1	1.0004001600640257e-4	2922
2653	1	1.0004001600640257e-4	2923
2654	1	1.0004001600640257e-4	2924
2655	1	1.0004001600640257e-4	2925
2656	1	1.0004001600640257e-4	2926
2658	1	1.0004001600640257e-4	2927
2659	1	1.0004001600640257e-4	2928
2660	1	1.0004001600640257e-4	2929
2661	1	1.0004001600640257e-4	2930
2662	1	1.0004001600640257e-4	2931
2663	1	1.0004001600640257e-4	2932
2664	1	1.0004001600640257e-4	2933
2665	1	1.0004001600640257e-4	2934
2666	1	1.0004001600640257e-4	2935
2667	1	1.0004001600640257e-4	2936
2668	1	1.0004001600640257e-4	2937
2669	1	1.0004001600640257e-4	2938
2670	1	1.0004001600640257e-4	2939
2671	1	1.0004001600640257e-4	2940
2672	1	1.0004001600640257e-4	2941
2673	1	1.0004001600640257e-4	2942
2674	1	1.0004001600640257e-4	2943
2675	1	1.0004001600640257e-4	2944
2676	1	1.0004001600640257e-4	2945
2677	1	1.0004001600640257e-4	2946
2678	1	1.0004001600640257e-4	2947
2679	1	1.0004001600640257e-4	2948
2680	1	1.0004001600640257e-4	2949
2681	1	1.0004001600640257e-4	2950
2682	1	1.0004001600640257e-4	2951
2683	1	1.0004001600640257e-4	2952
2684	1	1.0004001600640257e-4	2953
2685	1	1.0004001600640257e-4	2954
2686	1	1.0004001600640257e-4	2955
2687	1	1.0004001600640257e-4	2956
2688	1	1.0004001600640257e-4	2957
2689	1	1.0004001600640257e-4	2958
2690	1	1.0004001600640257e-4	2959
2691	1	1.0004001600640257e-4	2960
2692	1	1.0004001600640257e-4	2961
2693	1	1.0004001600640257e-4	2962
2694	1	1.0004001600640257e-4	2963
2695	1	1.0004001600640257e-4	2964
2696	1	1.0004001600640257e-4	2965
2697	1	1.0004001600640257e-4	2966
2698	1	1.0004001600640257e-4	2967
2699	1	1.0004001600640257e-4	2968
2700	1	1.0004001600640257e-4	2969
2701	1	1.0004001600640257e-4	2970
2702	1	1.0004001600640257e-4	2971
2704	1	1.0004001600640257e-4	2972
2705	1	1.0004001600640257e-4	2973
2706	1	1.0004001600640257e-4	2974
2707	1	1.0004001600640257e-4	2975
2708	1	1.0004001600640257e-4	2976
2709	1	1.0004001600640257e-4	2977
2710	1	1.0004001600640257e-4	2978
2711	1	1.0004001600640257e-4	2979
2712	1	1.0004001600640257e-4	2980
2713	1	1.0004001600640257e-4	2981
2714	1	1.0004001600640257e-4	2982
2715	1	1.0004001600640257e-4	2983
2716	1	1.0004001600640257e-4	2984
2717	1	1.0004001600640257e-4	2985
2718	1	1.0004001600640257e-4	2986
2719	1	1.0004001600640257e-4	2987
2720	1	1.0004001600640257e-4	2988
2721	1	1.0004001600640257e-4	2989
2722	1	1.0004001600640257e-4	2990
2723	1	1.0004001600640257e-4	2991
2724	1	1.0004001600640257e-4	2992
2725	1	1.0004001600640257e-4	2993
2726	1	1.0004001600640257e-4	2994
2727	1	1.0004001600640257e-4	2995
2728	1	1.0004001600640257e-4	2996
2729	1	1.0004001600640257e-4	2997
2730	1	1.0004001600640257e-4	2998
2731	1	1.0004001600640257e-4	2999
2733	1	1.0004001600640257e-4	3000
2734	1	1.0004001600640257e-4	3001
2735	1	1.0004001600640257e-4	3002
2736	1	1.0004001600640257e-4	3003
2737	1	1.0004001600640257e-4	3004
2738	1	1.0004001600640257e-4	3005
2739	1	1.0004001600640257e-4	3006
2740	1	1.0004001600640257e-4	3007
2741	1	1.0004001600640257e-4	3008
2742	1	1.0004001600640257e-4	3009
2743	1	1.0004001600640257e-4	3010
2744	1	1.0004001600640257e-4	3011
2745	1	1.0004001600640257e-4	3012
2746	1	1.0004001600640257e-4	3013
2747	1	1.0004001600640257e-4	3014
2748	1	1.0004001600640257e-4	3015
2749	1	1.0004001600640257e-4	3016
2750	1	1.0004001600640257e-4	3017
2751	1	1.0004001600640257e-4	3018
2752	1	1.0004001600640257e-4	3019
2753	1	1.0004001600640257e-4	3020
2754	1	1.0004001600640257e-4	3021
2755	1	1.0004001600640257e-4	3022
2756	1	1.0004001600640257e-4	3023
2757	1	1.0004001600640257e-4	3024
2758	1	1.0004001600640257e-4	3025
2759	1	1.0004001600640257e-4	3026
2760	1	1.0004001600640257e-4	3027
2761	1	1.0004001600640257e-4	3028
2762	1	1.0004001600640257e-4	3029
2763	1	1.0004001600640257e-4	3030
2764	1	1.0004001600640257e-4	3031
2765	1	1.0004001600640257e-4	3032
2766	1	1.0004001600640257e-4	3033
2767	1	1.0004001600640257e-4	3034
2768	1	1.0004001600640257e-4	3035
2769	1	1.0004001600640257e-4	3036
2770	1	1.0004001600640257e-4	3037
2771	1	1.0004001600640257e-4	3038
2772	1	1.0004001600640257e-4	3039
2773	1	1.0004001600640257e-4	3040
2774	1	1.0004001600640257e-4	3041
2775	1	1.0004001600640257e-4	3042
2776	1	1.0004001600640257e-4	3043
2777	1	1.0004001600640257e-4	3044
2778	1	1.0004001600640257e-4	3045
2779	1	1.0004001600640257e-4	3046
2780	1	1.0004001600640257e-4	3047
2781	1	1.0004001600640257e-4	3048
2782	1	1.0004001600640257e-4	3049
2783	1	1.0004001600640257e-4	3050
2784	1	1.0004001600640257e-4	3051
2785	1	1.0004001600640257e-4	3052
2786	1	1.0004001600640257e-4	3053
2787	1	1.0004001600640257e-4	3054
2788	1	1.0004001600640257e-4	3055
2789	1	1.0004001600640257e-4	3056
2790	1	1.0004001600640257e-4	3057
2791	1	1.0004001600640257e-4	3058
2792	1	1.0004001600640257e-4	3059
2793	1	1.0004001600640257e-4	3060
2794	1	1.0004001600640257e-4	3061
2795	1	1.0004001600640257e-4	3062
2796	1	1.0004001600640257e-4	3063
2797	1	1.0004001600640257e-4	3064
2798	1	1.0004001600640257e-4	3065
2799	1	1.0004001600640257e-4	3066
2800	1	1.0004001600640257e-4	3067
2801	1	1.0004001600640257e-4	3068
2802	1	1.0004001600640257e-4	3069
2803	1	1.0004001600640257e-4	3070
2804	1	1.0004001600640257e-4	3071
2805	1	1.0004001600640257e-4	3072
2806	1	1.0004001600640257e-4	3073
2807	1	1.0004001600640257e-4	3074
2808	1	1.0004001600640257e-4	3075
2809	1	1.0004001600640257e-4	3076
2810	1	1.0004001600640257e-4	3077
2811	1	1.0004001600640257e-4	3078
2812	1	1.0004001600640257e-4	3079
2813	1	1.0004001600640257e-4	3080
2814	1	1.0004001600640257e-4	3081
2815	1	1.0004001600640257e-4	3082
2816	1	1.0004001600640257e-4	3083
2817	1	1.0004001600640257e-4	3084
2818	1	1.0004001600640257e-4	3085
2819	1	1.0004001600640257e-4	3086
2820	1	1.0004001600640257e-4	3087
2821	1	1.0004001600640257e-4	3088
2822	1	1.0004001600640257e-4	3089
2823	1	1.0004001600640257e-4	3090
2824	1	1.0004001600640257e-4	3091
2825	1	1.0004001600640257e-4	3092
2827	1	1.0004001600640257e-4	3093
2828	1	1.0004001600640257e-4	3094
2829	1	1.0004001600640257e-4	3095
2830	1	1.0004001600640257e-4	3096
2831	1	1.0004001600640257e-4	3097
2832	1	1.0004001600640257e-4	3098
2833	1	1.0004001600640257e-4	3099
2834	1	1.0004001600640257e-4	3100
2835	1	1.0004001600640257e-4	3101
2836	1	1.0004001600640257e-4	3102
2837	1	1.0004001600640257e-4	3103
2838	1	1.0004001600640257e-4	3104
2839	1	1.0004001600640257e-4	3105
2840	1	1.0004001600640257e-4	3106
2841	1	1.0004001600640257e-4	3107
2842	1	1.0004001600640257e-4	3108
2843	1	1.0004001600640257e-4	3109
2844	1	1.0004001600640257e-4	3110
2845	1	1.0004001600640257e-4	3111
2846	1	1.0004001600640257e-4	3112
2847	1	1.0004001600640257e-4	3113
2848	1	1.0004001600640257e-4	3114
2849	1	1.0004001600640257e-4	3115
2850	1	1.0004001600640257e-4	3116
2851	1	1.0004001600640257e-4	3117
2852	1	1.0004001600640257e-4	3118
2853	1	1.0004001600640257e-4	3119
2854	1	1.0004001600640257e-4	3120
2855	1	1.0004001600640257e-4	3121
2856	1	1.0004001600640257e-4	3122
2857	1	1.0004001600640257e-4	3123
2858	1	1.0004001600640257e-4	3124
2859	1	1.0004001600640257e-4	3125
2860	1	1.0004001600640257e-4	3126
2861	1	1.0004001600640257e-4	3127
2862	1	1.0004001600640257e-4	3128
2863	1	1.0004001600640257e-4	3129
2864	1	1.0004001600640257e-4	3130
2865	1	1.0004001600640257e-4	3131
2866	1	1.0004001600640257e-4	3132
2867	1	1.0004001600640257e-4	3133
2868	1	1.0004001600640257e-4	3134
2869	1	1.0004001600640257e-4	3135
2870	1	1.0004001600640257e-4	3136
2871	1	1.0004001600640257e-4	3137
2872	1	1.0004001600640257e-4	3138
2873	1	1.0004001600640257e-4	3139
2874	1	1.0004001600640257e-4	3140
2875	1	1.0004001600640257e-4	3141
2876	1	1.0004001600640257e-4	3142
2877	1	1.0004001600640257e-4	3143
2878	1	1.0004001600640257e-4	3144
2879	1	1.0004001600640257e-4	3145
2880	1	1.0004001600640257e-4	3146
2881	1	1.0004001600640257e-4	3147
2882	1	1.0004001600640257e-4	3148
2883	1	1.0004001600640257e-4	3149
2884	1	1.0004001600640257e-4	3150
2885	1	1.0004001600640257e-4	3151
2886	1	1.0004001600640257e-4	3152
2887	1	1.0004001600640257e-4	3153
2888	1	1.0004001600640257e-4	3154
2889	1	1.0004001600640257e-4	3155
2890	1	1.0004001600640257e-4	3156
2891	1	1.0004001600640257e-4	3157
2892	1	1.0004001600640257e-4	3158
2893	1	1.0004001600640257e-4	3159
2894	1	1.0004001600640257e-4	3160
2895	1	1.0004001600640257e-4	3161
2896	1	1.0004001600640257e-4	3162
2897	1	1.0004001600640257e-4	3163
2898	1	1.0004001600640257e-4	3164
2899	1	1.0004001600640257e-4	3165
2900	1	1.0004001600640257e-4	3166
2901	1	1.0004001600640257e-4	3167
2902	1	1.0004001600640257e-4	3168
2903	1	1.0004001600640257e-4	3169
2904	1	1.0004001600640257e-4	3170
2905	1	1.0004001600640257e-4	3171
2906	1	1.0004001600640257e-4	3172
2907	1	1.0004001600640257e-4	3173
2908	1	1.0004001600640257e-4	3174
2909	1	1.0004001600640257e-4	3175
2910	1	1.0004001600640257e-4	3176
2911	1	1.0004001600640257e-4	3177
2912	1	1.0004001600640257e-4	3178
2913	1	1.0004001600640257e-4	3179
2914	1	1.0004001600640257e-4	3180
2915	1	1.0004001600640257e-4	3181
2916	1	1.0004001600640257e-4	3182
2917	1	1.0004001600640257e-4	3183
2918	1	1.0004001600640257e-4	3184
2919	1	1.0004001600640257e-4	3185
2920	1	1.0004001600640257e-4	3186
2922	1	1.0004001600640257e-4	3187
2923	1	1.0004001600640257e-4	3188
2924	1	1.0004001600640257e-4	3189
2925	1	1.0004001600640257e-4	3190
2926	1	1.0004001600640257e-4	3191
2927	1	1.0004001600640257e-4	3192
2928	1	1.0004001600640257e-4	3193
2929	1	1.0004001600640257e-4	3194
2930	1	1.0004001600640257e-4	3195
2931	1	1.0004001600640257e-4	3196
2932	1	1.0004001600640257e-4	3197
2933	1	1.0004001600640257e-4	3198
2934	1	1.0004001600640257e-4	3199
2935	1	1.0004001600640257e-4	3200
2936	1	1.0004001600640257e-4	3201
2937	1	1.0004001600640257e-4	3202
2938	1	1.0004001600640257e-4	3203
2939	1	1.0004001600640257e-4	3204
2940	1	1.0004001600640257e-4	3205
2941	1	1.0004001600640257e-4	3206
2942	1	1.0004001600640257e-4	3207
2943	1	1.0004001600640257e-4	3208
2944	1	1.0004001600640257e-4	3209
2945	1	1.0004001600640257e-4	3210
2946	1	1.0004001600640257e-4	3211
2947	1	1.0004001600640257e-4	3212
2948	1	1.0004001600640257e-4	3213
2949	1	1.0004001600640257e-4	3214
2950	1	1.0004001600640257e-4	3215
2951	1	1.0004001600640257e-4	3216
2952	1	1.0004001600640257e-4	3217
2953	1	1.0004001600640257e-4	3218
2954	1	1.0004001600640257e-4	3219
2956	1	1.0004001600640257e-4	3220
2957	1	1.0004001600640257e-4	3221
2958	1	1.0004001600640257e-4	3222
2959	1	1.0004001600640257e-4	3223
2960	1	1.0004001600640257e-4	3224
2961	1	1.0004001600640257e-4	3225
2962	1	1.0004001600640257e-4	3226
2963	1	1.0004001600640257e-4	3227
2964	1	1.0004001600640257e-4	3228
2965	1	1.0004001600640257e-4	3229
2966	1	1.0004001600640257e-4	3230
2967	1	1.0004001600640257e-4	3231
2968	1	1.0004001600640257e-4	3232
2969	1	1.0004001600640257e-4	3233
2970	1	1.0004001600640257e-4	3234
2971	1	1.0004001600640257e-4	3235
2972	1	1.0004001600640257e-4	3236
2973	1	1.0004001600640257e-4	3237
2974	1	1.0004001600640257e-4	3238
2975	1	1.0004001600640257e-4	3239
2976	1	1.0004001600640257e-4	3240
2978	1	1.0004001600640257e-4	3241
2979	1	1.0004001600640257e-4	3242
2980	1	1.0004001600640257e-4	3243
2981	1	1.0004001600640257e-4	3244
2982	1	1.0004001600640257e-4	3245
2983	1	1.0004001600640257e-4	3246
2985	1	1.0004001600640257e-4	3247
2986	1	1.0004001600640257e-4	3248
2987	1	1.0004001600640257e-4	3249
2988	1	1.0004001600640257e-4	3250
2989	1	1.0004001600640257e-4	3251
2990	1	1.0004001600640257e-4	3252
2991	1	1.0004001600640257e-4	3253
2992	1	1.0004001600640257e-4	3254
2993	1	1.0004001600640257e-4	3255
2994	1	1.0004001600640257e-4	3256
2995	1	1.0004001600640257e-4	3257
2996	1	1.0004001600640257e-4	3258
2997	1	1.0004001600640257e-4	3259
2998	1	1.0004001600640257e-4	3260
2999	1	1.0004001600640257e-4	3261
3000	1	1.0004001600640257e-4	3262
3001	1	1.0004001600640257e-4	3263
3002	1	1.0004001600640257e-4	3264
3003	1	1.0004001600640257e-4	3265
3004	1	1.0004001600640257e-4	3266
3005	1	1.0004001600640257e-4	3267
3006	1	1.0004001600640257e-4	3268
3007	1	1.0004001600640257e-4	3269
3008	1	1.0004001600640257e-4	3270
3009	1	1.0004001600640257e-4	3271
3010	1	1.0004001600640257e-4	3272
3011	1	1.0004001600640257e-4	3273
3012	1	1.0004001600640257e-4	3274
3013	1	1.0004001600640257e-4	3275
3014	1	1.0004001600640257e-4	3276
3015	1	1.0004001600640257e-4	3277
3016	1	1.0004001600640257e-4	3278
3017	1	1.0004001600640257e-4	3279
3018	1	1.0004001600640257e-4	3280
3019	1	1.0004001600640257e-4	3281
3020	1	1.0004001600640257e-4	3282
3021	1	1.0004001600640257e-4	3283
3022	1	1.0004001600640257e-4	3284
3023	1	1.0004001600640257e-4	3285
3024	1	1.0004001600640257e-4	3286
3025	1	1.0004001600640257e-4	3287
3026	1	1.0004001600640257e-4	3288
3027	1	1.0004001600640257e-4	3289
3028	1	1.0004001600640257e-4	3290
3029	1	1.0004001600640257e-4	3291
3030	1	1.0004001600640257e-4	3292
3031	1	1.0004001600640257e-4	3293
3032	1	1.0004001600640257e-4	3294
3033	1	1.0004001600640257e-4	3295
3034	1	1.0004001600640257e-4	3296
3035	1	1.0004001600640257e-4	3297
3036	1	1.0004001600640257e-4	3298
3037	1	1.0004001600640257e-4	3299
3038	1	1.0004001600640257e-4	3300
3039	1	1.0004001600640257e-4	3301
3040	1	1.0004001600640257e-4	3302
3041	1	1.0004001600640257e-4	3303
3042	1	1.0004001600640257e-4	3304
3043	1	1.0004001600640257e-4	3305
3044	1	1.0004001600640257e-4	3306
3045	1	1.0004001600640257e-4	3307
3046	1	1.0004001600640257e-4	3308
3047	1	1.0004001600640257e-4	3309
3048	1	1.0004001600640257e-4	3310
3050	1	1.0004001600640257e-4	3311
3051	1	1.0004001600640257e-4	3312
3052	1	1.0004001600640257e-4	3313
3053	1	1.0004001600640257e-4	3314
3054	1	1.0004001600640257e-4	3315
3055	1	1.0004001600640257e-4	3316
3056	1	1.0004001600640257e-4	3317
3057	1	1.0004001600640257e-4	3318
3058	1	1.0004001600640257e-4	3319
3059	1	1.0004001600640257e-4	3320
3060	1	1.0004001600640257e-4	3321
3061	1	1.0004001600640257e-4	3322
3062	1	1.0004001600640257e-4	3323
3063	1	1.0004001600640257e-4	3324
3064	1	1.0004001600640257e-4	3325
3065	1	1.0004001600640257e-4	3326
3066	1	1.0004001600640257e-4	3327
3067	1	1.0004001600640257e-4	3328
3068	1	1.0004001600640257e-4	3329
3069	1	1.0004001600640257e-4	3330
3070	1	1.0004001600640257e-4	3331
3071	1	1.0004001600640257e-4	3332
3072	1	1.0004001600640257e-4	3333
3074	1	1.0004001600640257e-4	3334
3076	1	1.0004001600640257e-4	3335
3077	1	1.0004001600640257e-4	3336
3078	1	1.0004001600640257e-4	3337
3079	1	1.0004001600640257e-4	3338
3080	1	1.0004001600640257e-4	3339
3081	1	1.0004001600640257e-4	3340
3082	1	1.0004001600640257e-4	3341
3083	1	1.0004001600640257e-4	3342
3085	1	1.0004001600640257e-4	3343
3086	1	1.0004001600640257e-4	3344
3087	1	1.0004001600640257e-4	3345
3088	1	1.0004001600640257e-4	3346
3089	1	1.0004001600640257e-4	3347
3090	1	1.0004001600640257e-4	3348
3091	1	1.0004001600640257e-4	3349
3092	1	1.0004001600640257e-4	3350
3093	1	1.0004001600640257e-4	3351
3094	1	1.0004001600640257e-4	3352
3095	1	1.0004001600640257e-4	3353
3096	1	1.0004001600640257e-4	3354
3097	1	1.0004001600640257e-4	3355
3098	1	1.0004001600640257e-4	3356
3099	1	1.0004001600640257e-4	3357
3100	1	1.0004001600640257e-4	3358
3101	1	1.0004001600640257e-4	3359
3102	1	1.0004001600640257e-4	3360
3103	1	1.0004001600640257e-4	3361
3104	1	1.0004001600640257e-4	3362
3105	1	1.0004001600640257e-4	3363
3106	1	1.0004001600640257e-4	3364
3107	1	1.0004001600640257e-4	3365
3108	1	1.0004001600640257e-4	3366
3109	1	1.0004001600640257e-4	3367
3110	1	1.0004001600640257e-4	3368
3111	1	1.0004001600640257e-4	3369
3112	1	1.0004001600640257e-4	3370
3113	1	1.0004001600640257e-4	3371
3114	1	1.0004001600640257e-4	3372
3115	1	1.0004001600640257e-4	3373
3116	1	1.0004001600640257e-4	3374
3117	1	1.0004001600640257e-4	3375
3118	1	1.0004001600640257e-4	3376
3119	1	1.0004001600640257e-4	3377
3120	1	1.0004001600640257e-4	3378
3121	1	1.0004001600640257e-4	3379
3122	1	1.0004001600640257e-4	3380
3123	1	1.0004001600640257e-4	3381
3124	1	1.0004001600640257e-4	3382
3125	1	1.0004001600640257e-4	3383
3126	1	1.0004001600640257e-4	3384
3127	1	1.0004001600640257e-4	3385
3128	1	1.0004001600640257e-4	3386
3129	1	1.0004001600640257e-4	3387
3131	1	1.0004001600640257e-4	3388
3132	1	1.0004001600640257e-4	3389
3133	1	1.0004001600640257e-4	3390
3134	1	1.0004001600640257e-4	3391
3135	1	1.0004001600640257e-4	3392
3136	1	1.0004001600640257e-4	3393
3137	1	1.0004001600640257e-4	3394
3138	1	1.0004001600640257e-4	3395
3139	1	1.0004001600640257e-4	3396
3140	1	1.0004001600640257e-4	3397
3141	1	1.0004001600640257e-4	3398
3142	1	1.0004001600640257e-4	3399
3143	1	1.0004001600640257e-4	3400
3144	1	1.0004001600640257e-4	3401
3145	1	1.0004001600640257e-4	3402
3146	1	1.0004001600640257e-4	3403
3147	1	1.0004001600640257e-4	3404
3148	1	1.0004001600640257e-4	3405
3149	1	1.0004001600640257e-4	3406
3152	1	1.0004001600640257e-4	3407
3153	1	1.0004001600640257e-4	3408
3154	1	1.0004001600640257e-4	3409
3155	1	1.0004001600640257e-4	3410
3156	1	1.0004001600640257e-4	3411
3157	1	1.0004001600640257e-4	3412
3158	1	1.0004001600640257e-4	3413
3159	1	1.0004001600640257e-4	3414
3160	1	1.0004001600640257e-4	3415
3161	1	1.0004001600640257e-4	3416
3162	1	1.0004001600640257e-4	3417
3163	1	1.0004001600640257e-4	3418
3164	1	1.0004001600640257e-4	3419
3165	1	1.0004001600640257e-4	3420
3166	1	1.0004001600640257e-4	3421
3167	1	1.0004001600640257e-4	3422
3168	1	1.0004001600640257e-4	3423
3169	1	1.0004001600640257e-4	3424
3170	1	1.0004001600640257e-4	3425
3171	1	1.0004001600640257e-4	3426
3172	1	1.0004001600640257e-4	3427
3173	1	1.0004001600640257e-4	3428
3174	1	1.0004001600640257e-4	3429
3175	1	1.0004001600640257e-4	3430
3177	1	1.0004001600640257e-4	3431
3178	1	1.0004001600640257e-4	3432
3179	1	1.0004001600640257e-4	3433
3180	1	1.0004001600640257e-4	3434
3181	1	1.0004001600640257e-4	3435
3182	1	1.0004001600640257e-4	3436
3183	1	1.0004001600640257e-4	3437
3184	1	1.0004001600640257e-4	3438
3185	1	1.0004001600640257e-4	3439
3186	1	1.0004001600640257e-4	3440
3187	1	1.0004001600640257e-4	3441
3188	1	1.0004001600640257e-4	3442
3189	1	1.0004001600640257e-4	3443
3190	1	1.0004001600640257e-4	3444
3191	1	1.0004001600640257e-4	3445
3192	1	1.0004001600640257e-4	3446
3193	1	1.0004001600640257e-4	3447
3194	1	1.0004001600640257e-4	3448
3195	1	1.0004001600640257e-4	3449
3196	1	1.0004001600640257e-4	3450
3197	1	1.0004001600640257e-4	3451
3198	1	1.0004001600640257e-4	3452
3199	1	1.0004001600640257e-4	3453
3200	1	1.0004001600640257e-4	3454
3201	1	1.0004001600640257e-4	3455
3202	1	1.0004001600640257e-4	3456
3203	1	1.0004001600640257e-4	3457
3204	1	1.0004001600640257e-4	3458
3205	1	1.0004001600640257e-4	3459
3206	1	1.0004001600640257e-4	3460
3207	1	1.0004001600640257e-4	3461
3208	1	1.0004001600640257e-4	3462
3210	1	1.0004001600640257e-4	3463
3211	1	1.0004001600640257e-4	3464
3212	1	1.0004001600640257e-4	3465
3213	1	1.0004001600640257e-4	3466
3214	1	1.0004001600640257e-4	3467
3215	1	1.0004001600640257e-4	3468
3216	1	1.0004001600640257e-4	3469
3217	1	1.0004001600640257e-4	3470
3218	1	1.0004001600640257e-4	3471
3219	1	1.0004001600640257e-4	3472
3220	1	1.0004001600640257e-4	3473
3221	1	1.0004001600640257e-4	3474
3222	1	1.0004001600640257e-4	3475
3223	1	1.0004001600640257e-4	3476
3224	1	1.0004001600640257e-4	3477
3225	1	1.0004001600640257e-4	3478
3226	1	1.0004001600640257e-4	3479
3227	1	1.0004001600640257e-4	3480
3228	1	1.0004001600640257e-4	3481
3229	1	1.0004001600640257e-4	3482
3230	1	1.0004001600640257e-4	3483
3231	1	1.0004001600640257e-4	3484
3232	1	1.0004001600640257e-4	3485
3233	1	1.0004001600640257e-4	3486
3234	1	1.0004001600640257e-4	3487
3235	1	1.0004001600640257e-4	3488
3236	1	1.0004001600640257e-4	3489
3237	1	1.0004001600640257e-4	3490
3238	1	1.0004001600640257e-4	3491
3239	1	1.0004001600640257e-4	3492
3240	1	1.0004001600640257e-4	3493
3241	1	1.0004001600640257e-4	3494
3242	1	1.0004001600640257e-4	3495
3243	1	1.0004001600640257e-4	3496
3244	1	1.0004001600640257e-4	3497
3245	1	1.0004001600640257e-4	3498
3246	1	1.0004001600640257e-4	3499
3247	1	1.0004001600640257e-4	3500
3248	1	1.0004001600640257e-4	3501
3249	1	1.0004001600640257e-4	3502
3250	1	1.0004001600640257e-4	3503
3251	1	1.0004001600640257e-4	3504
3252	1	1.0004001600640257e-4	3505
3253	1	1.0004001600640257e-4	3506
3254	1	1.0004001600640257e-4	3507
3255	1	1.0004001600640257e-4	3508
3256	1	1.0004001600640257e-4	3509
3257	1	1.0004001600640257e-4	3510
3258	1	1.0004001600640257e-4	3511
3259	1	1.0004001600640257e-4	3512
3260	1	1.0004001600640257e-4	3513
3261	1	1.0004001600640257e-4	3514
3262	1	1.0004001600640257e-4	3515
3263	1	1.0004001600640257e-4	3516
3264	1	1.0004001600640257e-4	3517
3265	1	1.0004001600640257e-4	3518
3266	1	1.0004001600640257e-4	3519
3267	1	1.0004001600640257e-4	3520
3268	1	1.0004001600640257e-4	3521
3269	1	1.0004001600640257e-4	3522
3270	1	1.0004001600640257e-4	3523
3271	1	1.0004001600640257e-4	3524
3272	1	1.0004001600640257e-4	3525
3273	1	1.0004001600640257e-4	3526
3274	1	1.0004001600640257e-4	3527
3275	1	1.0004001600640257e-4	3528
3276	1	1.0004001600640257e-4	3529
3278	1	1.0004001600640257e-4	3530
3279	1	1.0004001600640257e-4	3531
3280	1	1.0004001600640257e-4	3532
3281	1	1.0004001600640257e-4	3533
3282	1	1.0004001600640257e-4	3534
3283	1	1.0004001600640257e-4	3535
3284	1	1.0004001600640257e-4	3536
3285	1	1.0004001600640257e-4	3537
3286	1	1.0004001600640257e-4	3538
3287	1	1.0004001600640257e-4	3539
3288	1	1.0004001600640257e-4	3540
3289	1	1.0004001600640257e-4	3541
3290	1	1.0004001600640257e-4	3542
3291	1	1.0004001600640257e-4	3543
3292	1	1.0004001600640257e-4	3544
3293	1	1.0004001600640257e-4	3545
3294	1	1.0004001600640257e-4	3546
3295	1	1.0004001600640257e-4	3547
3296	1	1.0004001600640257e-4	3548
3297	1	1.0004001600640257e-4	3549
3298	1	1.0004001600640257e-4	3550
3299	1	1.0004001600640257e-4	3551
3300	1	1.0004001600640257e-4	3552
3301	1	1.0004001600640257e-4	3553
3302	1	1.0004001600640257e-4	3554
3303	1	1.0004001600640257e-4	3555
3304	1	1.0004001600640257e-4	3556
3305	1	1.0004001600640257e-4	3557
3306	1	1.0004001600640257e-4	3558
3307	1	1.0004001600640257e-4	3559
3308	1	1.0004001600640257e-4	3560
3309	1	1.0004001600640257e-4	3561
3310	1	1.0004001600640257e-4	3562
3311	1	1.0004001600640257e-4	3563
3312	1	1.0004001600640257e-4	3564
3313	1	1.0004001600640257e-4	3565
3314	1	1.0004001600640257e-4	3566
3315	1	1.0004001600640257e-4	3567
3316	1	1.0004001600640257e-4	3568
3317	1	1.0004001600640257e-4	3569
3318	1	1.0004001600640257e-4	3570
3319	1	1.0004001600640257e-4	3571
3320	1	1.0004001600640257e-4	3572
3321	1	1.0004001600640257e-4	3573
3322	1	1.0004001600640257e-4	3574
3323	1	1.0004001600640257e-4	3575
3324	1	1.0004001600640257e-4	3576
3325	1	1.0004001600640257e-4	3577
3326	1	1.0004001600640257e-4	3578
3327	1	1.0004001600640257e-4	3579
3328	1	1.0004001600640257e-4	3580
3330	1	1.0004001600640257e-4	3581
3331	1	1.0004001600640257e-4	3582
3333	1	1.0004001600640257e-4	3583
3334	1	1.0004001600640257e-4	3584
3335	1	1.0004001600640257e-4	3585
3337	1	1.0004001600640257e-4	3586
3338	1	1.0004001600640257e-4	3587
3339	1	1.0004001600640257e-4	3588
3340	1	1.0004001600640257e-4	3589
3341	1	1.0004001600640257e-4	3590
3342	1	1.0004001600640257e-4	3591
3343	1	1.0004001600640257e-4	3592
3344	1	1.0004001600640257e-4	3593
3345	1	1.0004001600640257e-4	3594
3346	1	1.0004001600640257e-4	3595
3347	1	1.0004001600640257e-4	3596
3348	1	1.0004001600640257e-4	3597
3349	1	1.0004001600640257e-4	3598
3350	1	1.0004001600640257e-4	3599
3351	1	1.0004001600640257e-4	3600
3352	1	1.0004001600640257e-4	3601
3353	1	1.0004001600640257e-4	3602
3354	1	1.0004001600640257e-4	3603
3355	1	1.0004001600640257e-4	3604
3356	1	1.0004001600640257e-4	3605
3357	1	1.0004001600640257e-4	3606
3358	1	1.0004001600640257e-4	3607
3359	1	1.0004001600640257e-4	3608
3360	1	1.0004001600640257e-4	3609
3361	1	1.0004001600640257e-4	3610
3362	1	1.0004001600640257e-4	3611
3363	1	1.0004001600640257e-4	3612
3364	1	1.0004001600640257e-4	3613
3365	1	1.0004001600640257e-4	3614
3366	1	1.0004001600640257e-4	3615
3367	1	1.0004001600640257e-4	3616
3368	1	1.0004001600640257e-4	3617
3369	1	1.0004001600640257e-4	3618
3370	1	1.0004001600640257e-4	3619
3371	1	1.0004001600640257e-4	3620
3372	1	1.0004001600640257e-4	3621
3374	1	1.0004001600640257e-4	3622
3375	1	1.0004001600640257e-4	3623
3376	1	1.0004001600640257e-4	3624
3377	1	1.0004001600640257e-4	3625
3378	1	1.0004001600640257e-4	3626
3379	1	1.0004001600640257e-4	3627
3380	1	1.0004001600640257e-4	3628
3381	1	1.0004001600640257e-4	3629
3382	1	1.0004001600640257e-4	3630
3384	1	1.0004001600640257e-4	3631
3385	1	1.0004001600640257e-4	3632
3386	1	1.0004001600640257e-4	3633
3387	1	1.0004001600640257e-4	3634
3388	1	1.0004001600640257e-4	3635
3389	1	1.0004001600640257e-4	3636
3390	1	1.0004001600640257e-4	3637
3391	1	1.0004001600640257e-4	3638
3392	1	1.0004001600640257e-4	3639
3393	1	1.0004001600640257e-4	3640
3394	1	1.0004001600640257e-4	3641
3395	1	1.0004001600640257e-4	3642
3396	1	1.0004001600640257e-4	3643
3397	1	1.0004001600640257e-4	3644
3398	1	1.0004001600640257e-4	3645
3399	1	1.0004001600640257e-4	3646
3400	1	1.0004001600640257e-4	3647
3401	1	1.0004001600640257e-4	3648
3402	1	1.0004001600640257e-4	3649
3403	1	1.0004001600640257e-4	3650
3404	1	1.0004001600640257e-4	3651
3405	1	1.0004001600640257e-4	3652
3406	1	1.0004001600640257e-4	3653
3407	1	1.0004001600640257e-4	3654
3408	1	1.0004001600640257e-4	3655
3409	1	1.0004001600640257e-4	3656
3410	1	1.0004001600640257e-4	3657
3411	1	1.0004001600640257e-4	3658
3412	1	1.0004001600640257e-4	3659
3413	1	1.0004001600640257e-4	3660
3414	1	1.0004001600640257e-4	3661
3415	1	1.0004001600640257e-4	3662
3416	1	1.0004001600640257e-4	3663
3417	1	1.0004001600640257e-4	3664
3418	1	1.0004001600640257e-4	3665
3419	1	1.0004001600640257e-4	3666
3420	1	1.0004001600640257e-4	3667
3421	1	1.0004001600640257e-4	3668
3422	1	1.0004001600640257e-4	3669
3423	1	1.0004001600640257e-4	3670
3424	1	1.0004001600640257e-4	3671
3425	1	1.0004001600640257e-4	3672
3426	1	1.0004001600640257e-4	3673
3427	1	1.0004001600640257e-4	3674
3428	1	1.0004001600640257e-4	3675
3429	1	1.0004001600640257e-4	3676
3430	1	1.0004001600640257e-4	3677
3431	1	1.0004001600640257e-4	3678
3432	1	1.0004001600640257e-4	3679
3433	1	1.0004001600640257e-4	3680
3434	1	1.0004001600640257e-4	3681
3435	1	1.0004001600640257e-4	3682
3436	1	1.0004001600640257e-4	3683
3437	1	1.0004001600640257e-4	3684
3438	1	1.0004001600640257e-4	3685
3439	1	1.0004001600640257e-4	3686
3440	1	1.0004001600640257e-4	3687
3441	1	1.0004001600640257e-4	3688
3442	1	1.0004001600640257e-4	3689
3443	1	1.0004001600640257e-4	3690
3444	1	1.0004001600640257e-4	3691
3445	1	1.0004001600640257e-4	3692
3446	1	1.0004001600640257e-4	3693
3447	1	1.0004001600640257e-4	3694
3448	1	1.0004001600640257e-4	3695
3449	1	1.0004001600640257e-4	3696
3451	1	1.0004001600640257e-4	3697
3452	1	1.0004001600640257e-4	3698
3453	1	1.0004001600640257e-4	3699
3454	1	1.0004001600640257e-4	3700
3455	1	1.0004001600640257e-4	3701
3456	1	1.0004001600640257e-4	3702
3457	1	1.0004001600640257e-4	3703
3458	1	1.0004001600640257e-4	3704
3459	1	1.0004001600640257e-4	3705
3460	1	1.0004001600640257e-4	3706
3461	1	1.0004001600640257e-4	3707
3462	1	1.0004001600640257e-4	3708
3463	1	1.0004001600640257e-4	3709
3464	1	1.0004001600640257e-4	3710
3465	1	1.0004001600640257e-4	3711
3466	1	1.0004001600640257e-4	3712
3467	1	1.0004001600640257e-4	3713
3468	1	1.0004001600640257e-4	3714
3469	1	1.0004001600640257e-4	3715
3470	1	1.0004001600640257e-4	3716
3471	1	1.0004001600640257e-4	3717
3472	1	1.0004001600640257e-4	3718
3473	1	1.0004001600640257e-4	3719
3474	1	1.0004001600640257e-4	3720
3475	1	1.0004001600640257e-4	3721
3476	1	1.0004001600640257e-4	3722
3477	1	1.0004001600640257e-4	3723
3478	1	1.0004001600640257e-4	3724
3479	1	1.0004001600640257e-4	3725
3480	1	1.0004001600640257e-4	3726
3481	1	1.0004001600640257e-4	3727
3482	1	1.0004001600640257e-4	3728
3483	1	1.0004001600640257e-4	3729
3484	1	1.0004001600640257e-4	3730
3485	1	1.0004001600640257e-4	3731
3486	1	1.0004001600640257e-4	3732
3487	1	1.0004001600640257e-4	3733
3488	1	1.0004001600640257e-4	3734
3489	1	1.0004001600640257e-4	3735
3490	1	1.0004001600640257e-4	3736
3492	1	1.0004001600640257e-4	3737
3493	1	1.0004001600640257e-4	3738
3495	1	1.0004001600640257e-4	3739
3496	1	1.0004001600640257e-4	3740
3497	1	1.0004001600640257e-4	3741
3498	1	1.0004001600640257e-4	3742
3499	1	1.0004001600640257e-4	3743
3500	1	1.0004001600640257e-4	3744
3501	1	1.0004001600640257e-4	3745
3502	1	1.0004001600640257e-4	3746
3503	1	1.0004001600640257e-4	3747
3504	1	1.0004001600640257e-4	3748
3505	1	1.0004001600640257e-4	3749
3506	1	1.0004001600640257e-4	3750
3507	1	1.0004001600640257e-4	3751
3508	1	1.0004001600640257e-4	3752
3509	1	1.0004001600640257e-4	3753
3510	1	1.0004001600640257e-4	3754
3511	1	1.0004001600640257e-4	3755
3512	1	1.0004001600640257e-4	3756
3513	1	1.0004001600640257e-4	3757
3514	1	1.0004001600640257e-4	3758
3515	1	1.0004001600640257e-4	3759
3516	1	1.0004001600640257e-4	3760
3517	1	1.0004001600640257e-4	3761
3518	1	1.0004001600640257e-4	3762
3519	1	1.0004001600640257e-4	3763
3520	1	1.0004001600640257e-4	3764
3522	1	1.0004001600640257e-4	3765
3523	1	1.0004001600640257e-4	3766
3524	1	1.0004001600640257e-4	3767
3525	1	1.0004001600640257e-4	3768
3526	1	1.0004001600640257e-4	3769
3527	1	1.0004001600640257e-4	3770
3528	1	1.0004001600640257e-4	3771
3529	1	1.0004001600640257e-4	3772
3530	1	1.0004001600640257e-4	3773
3531	1	1.0004001600640257e-4	3774
3532	1	1.0004001600640257e-4	3775
3533	1	1.0004001600640257e-4	3776
3534	1	1.0004001600640257e-4	3777
3535	1	1.0004001600640257e-4	3778
3536	1	1.0004001600640257e-4	3779
3537	1	1.0004001600640257e-4	3780
3538	1	1.0004001600640257e-4	3781
3539	1	1.0004001600640257e-4	3782
3540	1	1.0004001600640257e-4	3783
3541	1	1.0004001600640257e-4	3784
3542	1	1.0004001600640257e-4	3785
3543	1	1.0004001600640257e-4	3786
3544	1	1.0004001600640257e-4	3787
3545	1	1.0004001600640257e-4	3788
3546	1	1.0004001600640257e-4	3789
3547	1	1.0004001600640257e-4	3790
3548	1	1.0004001600640257e-4	3791
3549	1	1.0004001600640257e-4	3792
3550	1	1.0004001600640257e-4	3793
3551	1	1.0004001600640257e-4	3794
3552	1	1.0004001600640257e-4	3795
3553	1	1.0004001600640257e-4	3796
3554	1	1.0004001600640257e-4	3797
3555	1	1.0004001600640257e-4	3798
3556	1	1.0004001600640257e-4	3799
3557	1	1.0004001600640257e-4	3800
3558	1	1.0004001600640257e-4	3801
3559	1	1.0004001600640257e-4	3802
3560	1	1.0004001600640257e-4	3803
3561	1	1.0004001600640257e-4	3804
3562	1	1.0004001600640257e-4	3805
3563	1	1.0004001600640257e-4	3806
3564	1	1.0004001600640257e-4	3807
3565	1	1.0004001600640257e-4	3808
3566	1	1.0004001600640257e-4	3809
3567	1	1.0004001600640257e-4	3810
3568	1	1.0004001600640257e-4	3811
3569	1	1.0004001600640257e-4	3812
3570	1	1.0004001600640257e-4	3813
3571	1	1.0004001600640257e-4	3814
3572	1	1.0004001600640257e-4	3815
3573	1	1.0004001600640257e-4	3816
3574	1	1.0004001600640257e-4	3817
3575	1	1.0004001600640257e-4	3818
3576	1	1.0004001600640257e-4	3819
3577	1	1.0004001600640257e-4	3820
3578	1	1.0004001600640257e-4	3821
3579	1	1.0004001600640257e-4	3822
3580	1	1.0004001600640257e-4	3823
3581	1	1.0004001600640257e-4	3824
3582	1	1.0004001600640257e-4	3825
3583	1	1.0004001600640257e-4	3826
3584	1	1.0004001600640257e-4	3827
3585	1	1.0004001600640257e-4	3828
3586	1	1.0004001600640257e-4	3829
3587	1	1.0004001600640257e-4	3830
3588	1	1.0004001600640257e-4	3831
3589	1	1.0004001600640257e-4	3832
3590	1	1.0004001600640257e-4	3833
3591	1	1.0004001600640257e-4	3834
3592	1	1.0004001600640257e-4	3835
3593	1	1.0004001600640257e-4	3836
3594	1	1.0004001600640257e-4	3837
3595	1	1.0004001600640257e-4	3838
3596	1	1.0004001600640257e-4	3839
3597	1	1.0004001600640257e-4	3840
3598	1	1.0004001600640257e-4	3841
3599	1	1.0004001600640257e-4	3842
3600	1	1.0004001600640257e-4	3843
3601	1	1.0004001600640257e-4	3844
3602	1	1.0004001600640257e-4	3845
3603	1	1.0004001600640257e-4	3846
3605	1	1.0004001600640257e-4	3847
3606	1	1.0004001600640257e-4	3848
3607	1	1.0004001600640257e-4	3849
3608	1	1.0004001600640257e-4	3850
3609	1	1.0004001600640257e-4	3851
3610	1	1.0004001600640257e-4	3852
3611	1	1.0004001600640257e-4	3853
3612	1	1.0004001600640257e-4	3854
3613	1	1.0004001600640257e-4	3855
3614	1	1.0004001600640257e-4	3856
3615	1	1.0004001600640257e-4	3857
3616	1	1.0004001600640257e-4	3858
3617	1	1.0004001600640257e-4	3859
3618	1	1.0004001600640257e-4	3860
3619	1	1.0004001600640257e-4	3861
3620	1	1.0004001600640257e-4	3862
3621	1	1.0004001600640257e-4	3863
3622	1	1.0004001600640257e-4	3864
3623	1	1.0004001600640257e-4	3865
3625	1	1.0004001600640257e-4	3866
3626	1	1.0004001600640257e-4	3867
3627	1	1.0004001600640257e-4	3868
3628	1	1.0004001600640257e-4	3869
3629	1	1.0004001600640257e-4	3870
3630	1	1.0004001600640257e-4	3871
3631	1	1.0004001600640257e-4	3872
3632	1	1.0004001600640257e-4	3873
3633	1	1.0004001600640257e-4	3874
3634	1	1.0004001600640257e-4	3875
3635	1	1.0004001600640257e-4	3876
3639	1	1.0004001600640257e-4	3877
3641	1	1.0004001600640257e-4	3878
3642	1	1.0004001600640257e-4	3879
3643	1	1.0004001600640257e-4	3880
3644	1	1.0004001600640257e-4	3881
3645	1	1.0004001600640257e-4	3882
3646	1	1.0004001600640257e-4	3883
3647	1	1.0004001600640257e-4	3884
3648	1	1.0004001600640257e-4	3885
3649	1	1.0004001600640257e-4	3886
3651	1	1.0004001600640257e-4	3887
3653	1	1.0004001600640257e-4	3888
3655	1	1.0004001600640257e-4	3889
3656	1	1.0004001600640257e-4	3890
3657	1	1.0004001600640257e-4	3891
3658	1	1.0004001600640257e-4	3892
3659	1	1.0004001600640257e-4	3893
3660	1	1.0004001600640257e-4	3894
3661	1	1.0004001600640257e-4	3895
3662	1	1.0004001600640257e-4	3896
3663	1	1.0004001600640257e-4	3897
3664	1	1.0004001600640257e-4	3898
3665	1	1.0004001600640257e-4	3899
3666	1	1.0004001600640257e-4	3900
3667	1	1.0004001600640257e-4	3901
3668	1	1.0004001600640257e-4	3902
3670	1	1.0004001600640257e-4	3903
3671	1	1.0004001600640257e-4	3904
3672	1	1.0004001600640257e-4	3905
3673	1	1.0004001600640257e-4	3906
3675	1	1.0004001600640257e-4	3907
3677	1	1.0004001600640257e-4	3908
3678	1	1.0004001600640257e-4	3909
3679	1	1.0004001600640257e-4	3910
3680	1	1.0004001600640257e-4	3911
3681	1	1.0004001600640257e-4	3912
3683	1	1.0004001600640257e-4	3913
3684	1	1.0004001600640257e-4	3914
3686	1	1.0004001600640257e-4	3915
3687	1	1.0004001600640257e-4	3916
3688	1	1.0004001600640257e-4	3917
3689	1	1.0004001600640257e-4	3918
3690	1	1.0004001600640257e-4	3919
3691	1	1.0004001600640257e-4	3920
3692	1	1.0004001600640257e-4	3921
3693	1	1.0004001600640257e-4	3922
3694	1	1.0004001600640257e-4	3923
3695	1	1.0004001600640257e-4	3924
3696	1	1.0004001600640257e-4	3925
3697	1	1.0004001600640257e-4	3926
3698	1	1.0004001600640257e-4	3927
3699	1	1.0004001600640257e-4	3928
3700	1	1.0004001600640257e-4	3929
3701	1	1.0004001600640257e-4	3930
3702	1	1.0004001600640257e-4	3931
3703	1	1.0004001600640257e-4	3932
3704	1	1.0004001600640257e-4	3933
3705	1	1.0004001600640257e-4	3934
3706	1	1.0004001600640257e-4	3935
3708	1	1.0004001600640257e-4	3936
3709	1	1.0004001600640257e-4	3937
3710	1	1.0004001600640257e-4	3938
3711	1	1.0004001600640257e-4	3939
3712	1	1.0004001600640257e-4	3940
3713	1	1.0004001600640257e-4	3941
3714	1	1.0004001600640257e-4	3942
3715	1	1.0004001600640257e-4	3943
3716	1	1.0004001600640257e-4	3944
3717	1	1.0004001600640257e-4	3945
3718	1	1.0004001600640257e-4	3946
3719	1	1.0004001600640257e-4	3947
3721	1	1.0004001600640257e-4	3948
3722	1	1.0004001600640257e-4	3949
3723	1	1.0004001600640257e-4	3950
3724	1	1.0004001600640257e-4	3951
3725	1	1.0004001600640257e-4	3952
3726	1	1.0004001600640257e-4	3953
3727	1	1.0004001600640257e-4	3954
3728	1	1.0004001600640257e-4	3955
3729	1	1.0004001600640257e-4	3956
3730	1	1.0004001600640257e-4	3957
3731	1	1.0004001600640257e-4	3958
3732	1	1.0004001600640257e-4	3959
3733	1	1.0004001600640257e-4	3960
3734	1	1.0004001600640257e-4	3961
3735	1	1.0004001600640257e-4	3962
3736	1	1.0004001600640257e-4	3963
3737	1	1.0004001600640257e-4	3964
3738	1	1.0004001600640257e-4	3965
3739	1	1.0004001600640257e-4	3966
3740	1	1.0004001600640257e-4	3967
3741	1	1.0004001600640257e-4	3968
3742	1	1.0004001600640257e-4	3969
3743	1	1.0004001600640257e-4	3970
3744	1	1.0004001600640257e-4	3971
3745	1	1.0004001600640257e-4	3972
3746	1	1.0004001600640257e-4	3973
3747	1	1.0004001600640257e-4	3974
3748	1	1.0004001600640257e-4	3975
3749	1	1.0004001600640257e-4	3976
3750	1	1.0004001600640257e-4	3977
3751	1	1.0004001600640257e-4	3978
3752	1	1.0004001600640257e-4	3979
3753	1	1.0004001600640257e-4	3980
3754	1	1.0004001600640257e-4	3981
3755	1	1.0004001600640257e-4	3982
3756	1	1.0004001600640257e-4	3983
3757	1	1.0004001600640257e-4	3984
3758	1	1.0004001600640257e-4	3985
3759	1	1.0004001600640257e-4	3986
3760	1	1.0004001600640257e-4	3987
3761	1	1.0004001600640257e-4	3988
3762	1	1.0004001600640257e-4	3989
3763	1	1.0004001600640257e-4	3990
3764	1	1.0004001600640257e-4	3991
3765	1	1.0004001600640257e-4	3992
3766	1	1.0004001600640257e-4	3993
3767	1	1.0004001600640257e-4	3994
3768	1	1.0004001600640257e-4	3995
3769	1	1.0004001600640257e-4	3996
3770	1	1.0004001600640257e-4	3997
3771	1	1.0004001600640257e-4	3998
3772	1	1.0004001600640257e-4	3999
3773	1	1.0004001600640257e-4	4000
3774	1	1.0004001600640257e-4	4001
3775	1	1.0004001600640257e-4	4002
3776	1	1.0004001600640257e-4	4003
3777	1	1.0004001600640257e-4	4004
3778	1	1.0004001600640257e-4	4005
3779	1	1.0004001600640257e-4	4006
3780	1	1.0004001600640257e-4	4007
3781	1	1.0004001600640257e-4	4008
3782	1	1.0004001600640257e-4	4009
3783	1	1.0004001600640257e-4	4010
3784	1	1.0004001600640257e-4	4011
3785	1	1.0004001600640257e-4	4012
3786	1	1.0004001600640257e-4	4013
3787	1	1.0004001600640257e-4	4014
3788	1	1.0004001600640257e-4	4015
3789	1	1.0004001600640257e-4	4016
3790	1	1.0004001600640257e-4	4017
3791	1	1.0004001600640257e-4	4018
3792	1	1.0004001600640257e-4	4019
3793	1	1.0004001600640257e-4	4020
3794	1	1.0004001600640257e-4	4021
3795	1	1.0004001600640257e-4	4022
3796	1	1.0004001600640257e-4	4023
3797	1	1.0004001600640257e-4	4024
3798	1	1.0004001600640257e-4	4025
3799	1	1.0004001600640257e-4	4026
3800	1	1.0004001600640257e-4	4027
3801	1	1.0004001600640257e-4	4028
3802	1	1.0004001600640257e-4	4029
3803	1	1.0004001600640257e-4	4030
3804	1	1.0004001600640257e-4	4031
3805	1	1.0004001600640257e-4	4032
3806	1	1.0004001600640257e-4	4033
3807	1	1.0004001600640257e-4	4034
3808	1	1.0004001600640257e-4	4035
3809	1	1.0004001600640257e-4	4036
3810	1	1.0004001600640257e-4	4037
3811	1	1.0004001600640257e-4	4038
3812	1	1.0004001600640257e-4	4039
3813	1	1.0004001600640257e-4	4040
3814	1	1.0004001600640257e-4	4041
3815	1	1.0004001600640257e-4	4042
3816	1	1.0004001600640257e-4	4043
3817	1	1.0004001600640257e-4	4044
3818	1	1.0004001600640257e-4	4045
3819	1	1.0004001600640257e-4	4046
3820	1	1.0004001600640257e-4	4047
3821	1	1.0004001600640257e-4	4048
3822	1	1.0004001600640257e-4	4049
3823	1	1.0004001600640257e-4	4050
3824	1	1.0004001600640257e-4	4051
3825	1	1.0004001600640257e-4	4052
3826	1	1.0004001600640257e-4	4053
3828	1	1.0004001600640257e-4	4054
3829	1	1.0004001600640257e-4	4055
3830	1	1.0004001600640257e-4	4056
3831	1	1.0004001600640257e-4	4057
3832	1	1.0004001600640257e-4	4058
3833	1	1.0004001600640257e-4	4059
3834	1	1.0004001600640257e-4	4060
3835	1	1.0004001600640257e-4	4061
3836	1	1.0004001600640257e-4	4062
3837	1	1.0004001600640257e-4	4063
3838	1	1.0004001600640257e-4	4064
3839	1	1.0004001600640257e-4	4065
3840	1	1.0004001600640257e-4	4066
3841	1	1.0004001600640257e-4	4067
3842	1	1.0004001600640257e-4	4068
3843	1	1.0004001600640257e-4	4069
3844	1	1.0004001600640257e-4	4070
3845	1	1.0004001600640257e-4	4071
3846	1	1.0004001600640257e-4	4072
3848	1	1.0004001600640257e-4	4073
3849	1	1.0004001600640257e-4	4074
3850	1	1.0004001600640257e-4	4075
3851	1	1.0004001600640257e-4	4076
3852	1	1.0004001600640257e-4	4077
3854	1	1.0004001600640257e-4	4078
3855	1	1.0004001600640257e-4	4079
3856	1	1.0004001600640257e-4	4080
3858	1	1.0004001600640257e-4	4081
3859	1	1.0004001600640257e-4	4082
3861	1	1.0004001600640257e-4	4083
3862	1	1.0004001600640257e-4	4084
3863	1	1.0004001600640257e-4	4085
3864	1	1.0004001600640257e-4	4086
3867	1	1.0004001600640257e-4	4087
3868	1	1.0004001600640257e-4	4088
3869	1	1.0004001600640257e-4	4089
3871	1	1.0004001600640257e-4	4090
3872	1	1.0004001600640257e-4	4091
3873	1	1.0004001600640257e-4	4092
3874	1	1.0004001600640257e-4	4093
3875	1	1.0004001600640257e-4	4094
3876	1	1.0004001600640257e-4	4095
3877	1	1.0004001600640257e-4	4096
3878	1	1.0004001600640257e-4	4097
3879	1	1.0004001600640257e-4	4098
3880	1	1.0004001600640257e-4	4099
3881	1	1.0004001600640257e-4	4100
3882	1	1.0004001600640257e-4	4101
3883	1	1.0004001600640257e-4	4102
3884	1	1.0004001600640257e-4	4103
3885	1	1.0004001600640257e-4	4104
3886	1	1.0004001600640257e-4	4105
3887	1	1.0004001600640257e-4	4106
3888	1	1.0004001600640257e-4	4107
3889	1	1.0004001600640257e-4	4108
3890	1	1.0004001600640257e-4	4109
3891	1	1.0004001600640257e-4	4110
3892	1	1.0004001600640257e-4	4111
3893	1	1.0004001600640257e-4	4112
3895	1	1.0004001600640257e-4	4113
3896	1	1.0004001600640257e-4	4114
3897	1	1.0004001600640257e-4	4115
3898	1	1.0004001600640257e-4	4116
3899	1	1.0004001600640257e-4	4117
3901	1	1.0004001600640257e-4	4118
3902	1	1.0004001600640257e-4	4119
3903	1	1.0004001600640257e-4	4120
3904	1	1.0004001600640257e-4	4121
3906	1	1.0004001600640257e-4	4122
3907	1	1.0004001600640257e-4	4123
3908	1	1.0004001600640257e-4	4124
3909	1	1.0004001600640257e-4	4125
3910	1	1.0004001600640257e-4	4126
3911	1	1.0004001600640257e-4	4127
3912	1	1.0004001600640257e-4	4128
3913	1	1.0004001600640257e-4	4129
3914	1	1.0004001600640257e-4	4130
3915	1	1.0004001600640257e-4	4131
3916	1	1.0004001600640257e-4	4132
3917	1	1.0004001600640257e-4	4133
3919	1	1.0004001600640257e-4	4134
3920	1	1.0004001600640257e-4	4135
3921	1	1.0004001600640257e-4	4136
3922	1	1.0004001600640257e-4	4137
3923	1	1.0004001600640257e-4	4138
3924	1	1.0004001600640257e-4	4139
3925	1	1.0004001600640257e-4	4140
3926	1	1.0004001600640257e-4	4141
3927	1	1.0004001600640257e-4	4142
3928	1	1.0004001600640257e-4	4143
3929	1	1.0004001600640257e-4	4144
3930	1	1.0004001600640257e-4	4145
3931	1	1.0004001600640257e-4	4146
3932	1	1.0004001600640257e-4	4147
3934	1	1.0004001600640257e-4	4148
3935	1	1.0004001600640257e-4	4149
3936	1	1.0004001600640257e-4	4150
3937	1	1.0004001600640257e-4	4151
3938	1	1.0004001600640257e-4	4152
3939	1	1.0004001600640257e-4	4153
3940	1	1.0004001600640257e-4	4154
3941	1	1.0004001600640257e-4	4155
3942	1	1.0004001600640257e-4	4156
3943	1	1.0004001600640257e-4	4157
3944	1	1.0004001600640257e-4	4158
3945	1	1.0004001600640257e-4	4159
3946	1	1.0004001600640257e-4	4160
3947	1	1.0004001600640257e-4	4161
3948	1	1.0004001600640257e-4	4162
3949	1	1.0004001600640257e-4	4163
3950	1	1.0004001600640257e-4	4164
3951	1	1.0004001600640257e-4	4165
3952	1	1.0004001600640257e-4	4166
3953	1	1.0004001600640257e-4	4167
3954	1	1.0004001600640257e-4	4168
3955	1	1.0004001600640257e-4	4169
3956	1	1.0004001600640257e-4	4170
3957	1	1.0004001600640257e-4	4171
3958	1	1.0004001600640257e-4	4172
3959	1	1.0004001600640257e-4	4173
3960	1	1.0004001600640257e-4	4174
3961	1	1.0004001600640257e-4	4175
3962	1	1.0004001600640257e-4	4176
3963	1	1.0004001600640257e-4	4177
3964	1	1.0004001600640257e-4	4178
3965	1	1.0004001600640257e-4	4179
3966	1	1.0004001600640257e-4	4180
3967	1	1.0004001600640257e-4	4181
3968	1	1.0004001600640257e-4	4182
3969	1	1.0004001600640257e-4	4183
3970	1	1.0004001600640257e-4	4184
3971	1	1.0004001600640257e-4	4185
3972	1	1.0004001600640257e-4	4186
3973	1	1.0004001600640257e-4	4187
3974	1	1.0004001600640257e-4	4188
3975	1	1.0004001600640257e-4	4189
3976	1	1.0004001600640257e-4	4190
3977	1	1.0004001600640257e-4	4191
3978	1	1.0004001600640257e-4	4192
3979	1	1.0004001600640257e-4	4193
3980	1	1.0004001600640257e-4	4194
3981	1	1.0004001600640257e-4	4195
3982	1	1.0004001600640257e-4	4196
3984	1	1.0004001600640257e-4	4197
3985	1	1.0004001600640257e-4	4198
3987	1	1.0004001600640257e-4	4199
3988	1	1.0004001600640257e-4	4200
3989	1	1.0004001600640257e-4	4201
3990	1	1.0004001600640257e-4	4202
3991	1	1.0004001600640257e-4	4203
3992	1	1.0004001600640257e-4	4204
3993	1	1.0004001600640257e-4	4205
3994	1	1.0004001600640257e-4	4206
3996	1	1.0004001600640257e-4	4207
3997	1	1.0004001600640257e-4	4208
3998	1	1.0004001600640257e-4	4209
3999	1	1.0004001600640257e-4	4210
4000	1	1.0004001600640257e-4	4211
4001	1	1.0004001600640257e-4	4212
4002	1	1.0004001600640257e-4	4213
4003	1	1.0004001600640257e-4	4214
4004	1	1.0004001600640257e-4	4215
4005	1	1.0004001600640257e-4	4216
4006	1	1.0004001600640257e-4	4217
4007	1	1.0004001600640257e-4	4218
4008	1	1.0004001600640257e-4	4219
4009	1	1.0004001600640257e-4	4220
4010	1	1.0004001600640257e-4	4221
4011	1	1.0004001600640257e-4	4222
4012	1	1.0004001600640257e-4	4223
4013	1	1.0004001600640257e-4	4224
4014	1	1.0004001600640257e-4	4225
4015	1	1.0004001600640257e-4	4226
4016	1	1.0004001600640257e-4	4227
4017	1	1.0004001600640257e-4	4228
4018	1	1.0004001600640257e-4	4229
4019	1	1.0004001600640257e-4	4230
4020	1	1.0004001600640257e-4	4231
4021	1	1.0004001600640257e-4	4232
4022	1	1.0004001600640257e-4	4233
4023	1	1.0004001600640257e-4	4234
4024	1	1.0004001600640257e-4	4235
4026	1	1.0004001600640257e-4	4236
4027	1	1.0004001600640257e-4	4237
4029	1	1.0004001600640257e-4	4238
4030	1	1.0004001600640257e-4	4239
4031	1	1.0004001600640257e-4	4240
4032	1	1.0004001600640257e-4	4241
4033	1	1.0004001600640257e-4	4242
4034	1	1.0004001600640257e-4	4243
4036	1	1.0004001600640257e-4	4244
4037	1	1.0004001600640257e-4	4245
4038	1	1.0004001600640257e-4	4246
4040	1	1.0004001600640257e-4	4247
4041	1	1.0004001600640257e-4	4248
4042	1	1.0004001600640257e-4	4249
4043	1	1.0004001600640257e-4	4250
4044	1	1.0004001600640257e-4	4251
4045	1	1.0004001600640257e-4	4252
4046	1	1.0004001600640257e-4	4253
4047	1	1.0004001600640257e-4	4254
4049	1	1.0004001600640257e-4	4255
4050	1	1.0004001600640257e-4	4256
4051	1	1.0004001600640257e-4	4257
4052	1	1.0004001600640257e-4	4258
4053	1	1.0004001600640257e-4	4259
4054	1	1.0004001600640257e-4	4260
4055	1	1.0004001600640257e-4	4261
4056	1	1.0004001600640257e-4	4262
4057	1	1.0004001600640257e-4	4263
4058	1	1.0004001600640257e-4	4264
4059	1	1.0004001600640257e-4	4265
4060	1	1.0004001600640257e-4	4266
4061	1	1.0004001600640257e-4	4267
4062	1	1.0004001600640257e-4	4268
4063	1	1.0004001600640257e-4	4269
4064	1	1.0004001600640257e-4	4270
4065	1	1.0004001600640257e-4	4271
4066	1	1.0004001600640257e-4	4272
4067	1	1.0004001600640257e-4	4273
4068	1	1.0004001600640257e-4	4274
4069	1	1.0004001600640257e-4	4275
4070	1	1.0004001600640257e-4	4276
4072	1	1.0004001600640257e-4	4277
4073	1	1.0004001600640257e-4	4278
4074	1	1.0004001600640257e-4	4279
4075	1	1.0004001600640257e-4	4280
4076	1	1.0004001600640257e-4	4281
4077	1	1.0004001600640257e-4	4282
4078	1	1.0004001600640257e-4	4283
4079	1	1.0004001600640257e-4	4284
4080	1	1.0004001600640257e-4	4285
4081	1	1.0004001600640257e-4	4286
4082	1	1.0004001600640257e-4	4287
4083	1	1.0004001600640257e-4	4288
4084	1	1.0004001600640257e-4	4289
4085	1	1.0004001600640257e-4	4290
4086	1	1.0004001600640257e-4	4291
4087	1	1.0004001600640257e-4	4292
4088	1	1.0004001600640257e-4	4293
4089	1	1.0004001600640257e-4	4294
4090	1	1.0004001600640257e-4	4295
4091	1	1.0004001600640257e-4	4296
4092	1	1.0004001600640257e-4	4297
4093	1	1.0004001600640257e-4	4298
4094	1	1.0004001600640257e-4	4299
4095	1	1.0004001600640257e-4	4300
4096	1	1.0004001600640257e-4	4301
4097	1	1.0004001600640257e-4	4302
4098	1	1.0004001600640257e-4	4303
4099	1	1.0004001600640257e-4	4304
4100	1	1.0004001600640257e-4	4305
4101	1	1.0004001600640257e-4	4306
4102	1	1.0004001600640257e-4	4307
4103	1	1.0004001600640257e-4	4308
4104	1	1.0004001600640257e-4	4309
4105	1	1.0004001600640257e-4	4310
4106	1	1.0004001600640257e-4	4311
4107	1	1.0004001600640257e-4	4312
4108	1	1.0004001600640257e-4	4313
4109	1	1.0004001600640257e-4	4314
4110	1	1.0004001600640257e-4	4315
4111	1	1.0004001600640257e-4	4316
4112	1	1.0004001600640257e-4	4317
4113	1	1.0004001600640257e-4	4318
4114	1	1.0004001600640257e-4	4319
4115	1	1.0004001600640257e-4	4320
4116	1	1.0004001600640257e-4	4321
4117	1	1.0004001600640257e-4	4322
4118	1	1.0004001600640257e-4	4323
4119	1	1.0004001600640257e-4	4324
4120	1	1.0004001600640257e-4	4325
4121	1	1.0004001600640257e-4	4326
4122	1	1.0004001600640257e-4	4327
4123	1	1.0004001600640257e-4	4328
4124	1	1.0004001600640257e-4	4329
4125	1	1.0004001600640257e-4	4330
4126	1	1.0004001600640257e-4	4331
4127	1	1.0004001600640257e-4	4332
4128	1	1.0004001600640257e-4	4333
4129	1	1.0004001600640257e-4	4334
4130	1	1.0004001600640257e-4	4335
4131	1	1.0004001600640257e-4	4336
4132	1	1.0004001600640257e-4	4337
4133	1	1.0004001600640257e-4	4338
4134	1	1.0004001600640257e-4	4339
4135	1	1.0004001600640257e-4	4340
4136	1	1.0004001600640257e-4	4341
4137	1	1.0004001600640257e-4	4342
4138	1	1.0004001600640257e-4	4343
4139	1	1.0004001600640257e-4	4344
4140	1	1.0004001600640257e-4	4345
4141	1	1.0004001600640257e-4	4346
4142	1	1.0004001600640257e-4	4347
4143	1	1.0004001600640257e-4	4348
4144	1	1.0004001600640257e-4	4349
4146	1	1.0004001600640257e-4	4350
4147	1	1.0004001600640257e-4	4351
4148	1	1.0004001600640257e-4	4352
4149	1	1.0004001600640257e-4	4353
4150	1	1.0004001600640257e-4	4354
4151	1	1.0004001600640257e-4	4355
4152	1	1.0004001600640257e-4	4356
4153	1	1.0004001600640257e-4	4357
4154	1	1.0004001600640257e-4	4358
4155	1	1.0004001600640257e-4	4359
4156	1	1.0004001600640257e-4	4360
4157	1	1.0004001600640257e-4	4361
4158	1	1.0004001600640257e-4	4362
4159	1	1.0004001600640257e-4	4363
4160	1	1.0004001600640257e-4	4364
4161	1	1.0004001600640257e-4	4365
4162	1	1.0004001600640257e-4	4366
4163	1	1.0004001600640257e-4	4367
4165	1	1.0004001600640257e-4	4368
4166	1	1.0004001600640257e-4	4369
4167	1	1.0004001600640257e-4	4370
4169	1	1.0004001600640257e-4	4371
4170	1	1.0004001600640257e-4	4372
4171	1	1.0004001600640257e-4	4373
4172	1	1.0004001600640257e-4	4374
4173	1	1.0004001600640257e-4	4375
4174	1	1.0004001600640257e-4	4376
4176	1	1.0004001600640257e-4	4377
4177	1	1.0004001600640257e-4	4378
4178	1	1.0004001600640257e-4	4379
4179	1	1.0004001600640257e-4	4380
4180	1	1.0004001600640257e-4	4381
4181	1	1.0004001600640257e-4	4382
4182	1	1.0004001600640257e-4	4383
4183	1	1.0004001600640257e-4	4384
4184	1	1.0004001600640257e-4	4385
4185	1	1.0004001600640257e-4	4386
4186	1	1.0004001600640257e-4	4387
4187	1	1.0004001600640257e-4	4388
4189	1	1.0004001600640257e-4	4389
4190	1	1.0004001600640257e-4	4390
4191	1	1.0004001600640257e-4	4391
4192	1	1.0004001600640257e-4	4392
4193	1	1.0004001600640257e-4	4393
4194	1	1.0004001600640257e-4	4394
4195	1	1.0004001600640257e-4	4395
4196	1	1.0004001600640257e-4	4396
4197	1	1.0004001600640257e-4	4397
4198	1	1.0004001600640257e-4	4398
4200	1	1.0004001600640257e-4	4399
4201	1	1.0004001600640257e-4	4400
4202	1	1.0004001600640257e-4	4401
4203	1	1.0004001600640257e-4	4402
4204	1	1.0004001600640257e-4	4403
4205	1	1.0004001600640257e-4	4404
4206	1	1.0004001600640257e-4	4405
4207	1	1.0004001600640257e-4	4406
4208	1	1.0004001600640257e-4	4407
4209	1	1.0004001600640257e-4	4408
4210	1	1.0004001600640257e-4	4409
4211	1	1.0004001600640257e-4	4410
4212	1	1.0004001600640257e-4	4411
4213	1	1.0004001600640257e-4	4412
4214	1	1.0004001600640257e-4	4413
4215	1	1.0004001600640257e-4	4414
4216	1	1.0004001600640257e-4	4415
4217	1	1.0004001600640257e-4	4416
4218	1	1.0004001600640257e-4	4417
4219	1	1.0004001600640257e-4	4418
4220	1	1.0004001600640257e-4	4419
4221	1	1.0004001600640257e-4	4420
4222	1	1.0004001600640257e-4	4421
4223	1	1.0004001600640257e-4	4422
4224	1	1.0004001600640257e-4	4423
4225	1	1.0004001600640257e-4	4424
4226	1	1.0004001600640257e-4	4425
4227	1	1.0004001600640257e-4	4426
4228	1	1.0004001600640257e-4	4427
4229	1	1.0004001600640257e-4	4428
4230	1	1.0004001600640257e-4	4429
4231	1	1.0004001600640257e-4	4430
4232	1	1.0004001600640257e-4	4431
4234	1	1.0004001600640257e-4	4432
4235	1	1.0004001600640257e-4	4433
4236	1	1.0004001600640257e-4	4434
4237	1	1.0004001600640257e-4	4435
4238	1	1.0004001600640257e-4	4436
4239	1	1.0004001600640257e-4	4437
4240	1	1.0004001600640257e-4	4438
4241	1	1.0004001600640257e-4	4439
4242	1	1.0004001600640257e-4	4440
4243	1	1.0004001600640257e-4	4441
4244	1	1.0004001600640257e-4	4442
4245	1	1.0004001600640257e-4	4443
4246	1	1.0004001600640257e-4	4444
4247	1	1.0004001600640257e-4	4445
4248	1	1.0004001600640257e-4	4446
4249	1	1.0004001600640257e-4	4447
4251	1	1.0004001600640257e-4	4448
4252	1	1.0004001600640257e-4	4449
4253	1	1.0004001600640257e-4	4450
4254	1	1.0004001600640257e-4	4451
4255	1	1.0004001600640257e-4	4452
4256	1	1.0004001600640257e-4	4453
4257	1	1.0004001600640257e-4	4454
4258	1	1.0004001600640257e-4	4455
4259	1	1.0004001600640257e-4	4456
4260	1	1.0004001600640257e-4	4457
4261	1	1.0004001600640257e-4	4458
4262	1	1.0004001600640257e-4	4459
4263	1	1.0004001600640257e-4	4460
4267	1	1.0004001600640257e-4	4461
4268	1	1.0004001600640257e-4	4462
4270	1	1.0004001600640257e-4	4463
4271	1	1.0004001600640257e-4	4464
4272	1	1.0004001600640257e-4	4465
4273	1	1.0004001600640257e-4	4466
4274	1	1.0004001600640257e-4	4467
4276	1	1.0004001600640257e-4	4468
4277	1	1.0004001600640257e-4	4469
4278	1	1.0004001600640257e-4	4470
4279	1	1.0004001600640257e-4	4471
4280	1	1.0004001600640257e-4	4472
4281	1	1.0004001600640257e-4	4473
4282	1	1.0004001600640257e-4	4474
4283	1	1.0004001600640257e-4	4475
4284	1	1.0004001600640257e-4	4476
4285	1	1.0004001600640257e-4	4477
4286	1	1.0004001600640257e-4	4478
4287	1	1.0004001600640257e-4	4479
4288	1	1.0004001600640257e-4	4480
4289	1	1.0004001600640257e-4	4481
4290	1	1.0004001600640257e-4	4482
4291	1	1.0004001600640257e-4	4483
4292	1	1.0004001600640257e-4	4484
4293	1	1.0004001600640257e-4	4485
4294	1	1.0004001600640257e-4	4486
4295	1	1.0004001600640257e-4	4487
4296	1	1.0004001600640257e-4	4488
4297	1	1.0004001600640257e-4	4489
4298	1	1.0004001600640257e-4	4490
4299	1	1.0004001600640257e-4	4491
4300	1	1.0004001600640257e-4	4492
4301	1	1.0004001600640257e-4	4493
4302	1	1.0004001600640257e-4	4494
4303	1	1.0004001600640257e-4	4495
4304	1	1.0004001600640257e-4	4496
4305	1	1.0004001600640257e-4	4497
4306	1	1.0004001600640257e-4	4498
4307	1	1.0004001600640257e-4	4499
4308	1	1.0004001600640257e-4	4500
4309	1	1.0004001600640257e-4	4501
4310	1	1.0004001600640257e-4	4502
4311	1	1.0004001600640257e-4	4503
4312	1	1.0004001600640257e-4	4504
4313	1	1.0004001600640257e-4	4505
4314	1	1.0004001600640257e-4	4506
4315	1	1.0004001600640257e-4	4507
4316	1	1.0004001600640257e-4	4508
4317	1	1.0004001600640257e-4	4509
4318	1	1.0004001600640257e-4	4510
4319	1	1.0004001600640257e-4	4511
4320	1	1.0004001600640257e-4	4512
4321	1	1.0004001600640257e-4	4513
4322	1	1.0004001600640257e-4	4514
4323	1	1.0004001600640257e-4	4515
4324	1	1.0004001600640257e-4	4516
4325	1	1.0004001600640257e-4	4517
4326	1	1.0004001600640257e-4	4518
4327	1	1.0004001600640257e-4	4519
4328	1	1.0004001600640257e-4	4520
4329	1	1.0004001600640257e-4	4521
4330	1	1.0004001600640257e-4	4522
4331	1	1.0004001600640257e-4	4523
4332	1	1.0004001600640257e-4	4524
4333	1	1.0004001600640257e-4	4525
4334	1	1.0004001600640257e-4	4526
4335	1	1.0004001600640257e-4	4527
4336	1	1.0004001600640257e-4	4528
4337	1	1.0004001600640257e-4	4529
4339	1	1.0004001600640257e-4	4530
4341	1	1.0004001600640257e-4	4531
4342	1	1.0004001600640257e-4	4532
4343	1	1.0004001600640257e-4	4533
4345	1	1.0004001600640257e-4	4534
4346	1	1.0004001600640257e-4	4535
4347	1	1.0004001600640257e-4	4536
4348	1	1.0004001600640257e-4	4537
4349	1	1.0004001600640257e-4	4538
4350	1	1.0004001600640257e-4	4539
4351	1	1.0004001600640257e-4	4540
4352	1	1.0004001600640257e-4	4541
4353	1	1.0004001600640257e-4	4542
4354	1	1.0004001600640257e-4	4543
4355	1	1.0004001600640257e-4	4544
4356	1	1.0004001600640257e-4	4545
4357	1	1.0004001600640257e-4	4546
4358	1	1.0004001600640257e-4	4547
4359	1	1.0004001600640257e-4	4548
4360	1	1.0004001600640257e-4	4549
4361	1	1.0004001600640257e-4	4550
4362	1	1.0004001600640257e-4	4551
4363	1	1.0004001600640257e-4	4552
4364	1	1.0004001600640257e-4	4553
4365	1	1.0004001600640257e-4	4554
4366	1	1.0004001600640257e-4	4555
4367	1	1.0004001600640257e-4	4556
4368	1	1.0004001600640257e-4	4557
4369	1	1.0004001600640257e-4	4558
4370	1	1.0004001600640257e-4	4559
4371	1	1.0004001600640257e-4	4560
4372	1	1.0004001600640257e-4	4561
4373	1	1.0004001600640257e-4	4562
4374	1	1.0004001600640257e-4	4563
4375	1	1.0004001600640257e-4	4564
4376	1	1.0004001600640257e-4	4565
4378	1	1.0004001600640257e-4	4566
4379	1	1.0004001600640257e-4	4567
4380	1	1.0004001600640257e-4	4568
4381	1	1.0004001600640257e-4	4569
4382	1	1.0004001600640257e-4	4570
4383	1	1.0004001600640257e-4	4571
4386	1	1.0004001600640257e-4	4572
4387	1	1.0004001600640257e-4	4573
4388	1	1.0004001600640257e-4	4574
4389	1	1.0004001600640257e-4	4575
4390	1	1.0004001600640257e-4	4576
4391	1	1.0004001600640257e-4	4577
4392	1	1.0004001600640257e-4	4578
4393	1	1.0004001600640257e-4	4579
4394	1	1.0004001600640257e-4	4580
4395	1	1.0004001600640257e-4	4581
4396	1	1.0004001600640257e-4	4582
4397	1	1.0004001600640257e-4	4583
4398	1	1.0004001600640257e-4	4584
4399	1	1.0004001600640257e-4	4585
4400	1	1.0004001600640257e-4	4586
4401	1	1.0004001600640257e-4	4587
4402	1	1.0004001600640257e-4	4588
4403	1	1.0004001600640257e-4	4589
4404	1	1.0004001600640257e-4	4590
4405	1	1.0004001600640257e-4	4591
4407	1	1.0004001600640257e-4	4592
4409	1	1.0004001600640257e-4	4593
4410	1	1.0004001600640257e-4	4594
4411	1	1.0004001600640257e-4	4595
4412	1	1.0004001600640257e-4	4596
4413	1	1.0004001600640257e-4	4597
4414	1	1.0004001600640257e-4	4598
4415	1	1.0004001600640257e-4	4599
4416	1	1.0004001600640257e-4	4600
4417	1	1.0004001600640257e-4	4601
4418	1	1.0004001600640257e-4	4602
4419	1	1.0004001600640257e-4	4603
4420	1	1.0004001600640257e-4	4604
4421	1	1.0004001600640257e-4	4605
4422	1	1.0004001600640257e-4	4606
4423	1	1.0004001600640257e-4	4607
4424	1	1.0004001600640257e-4	4608
4426	1	1.0004001600640257e-4	4609
4427	1	1.0004001600640257e-4	4610
4428	1	1.0004001600640257e-4	4611
4429	1	1.0004001600640257e-4	4612
4430	1	1.0004001600640257e-4	4613
4431	1	1.0004001600640257e-4	4614
4433	1	1.0004001600640257e-4	4615
4434	1	1.0004001600640257e-4	4616
4435	1	1.0004001600640257e-4	4617
4436	1	1.0004001600640257e-4	4618
4437	1	1.0004001600640257e-4	4619
4438	1	1.0004001600640257e-4	4620
4439	1	1.0004001600640257e-4	4621
4440	1	1.0004001600640257e-4	4622
4441	1	1.0004001600640257e-4	4623
4442	1	1.0004001600640257e-4	4624
4443	1	1.0004001600640257e-4	4625
4444	1	1.0004001600640257e-4	4626
4445	1	1.0004001600640257e-4	4627
4446	1	1.0004001600640257e-4	4628
4447	1	1.0004001600640257e-4	4629
4448	1	1.0004001600640257e-4	4630
4449	1	1.0004001600640257e-4	4631
4450	1	1.0004001600640257e-4	4632
4451	1	1.0004001600640257e-4	4633
4452	1	1.0004001600640257e-4	4634
4453	1	1.0004001600640257e-4	4635
4454	1	1.0004001600640257e-4	4636
4455	1	1.0004001600640257e-4	4637
4456	1	1.0004001600640257e-4	4638
4457	1	1.0004001600640257e-4	4639
4458	1	1.0004001600640257e-4	4640
4459	1	1.0004001600640257e-4	4641
4460	1	1.0004001600640257e-4	4642
4461	1	1.0004001600640257e-4	4643
4462	1	1.0004001600640257e-4	4644
4463	1	1.0004001600640257e-4	4645
4464	1	1.0004001600640257e-4	4646
4465	1	1.0004001600640257e-4	4647
4466	1	1.0004001600640257e-4	4648
4467	1	1.0004001600640257e-4	4649
4468	1	1.0004001600640257e-4	4650
4469	1	1.0004001600640257e-4	4651
4470	1	1.0004001600640257e-4	4652
4471	1	1.0004001600640257e-4	4653
4472	1	1.0004001600640257e-4	4654
4473	1	1.0004001600640257e-4	4655
4474	1	1.0004001600640257e-4	4656
4475	1	1.0004001600640257e-4	4657
4476	1	1.0004001600640257e-4	4658
4477	1	1.0004001600640257e-4	4659
4478	1	1.0004001600640257e-4	4660
4479	1	1.0004001600640257e-4	4661
4480	1	1.0004001600640257e-4	4662
4481	1	1.0004001600640257e-4	4663
4482	1	1.0004001600640257e-4	4664
4483	1	1.0004001600640257e-4	4665
4484	1	1.0004001600640257e-4	4666
4485	1	1.0004001600640257e-4	4667
4486	1	1.0004001600640257e-4	4668
4487	1	1.0004001600640257e-4	4669
4488	1	1.0004001600640257e-4	4670
4489	1	1.0004001600640257e-4	4671
4490	1	1.0004001600640257e-4	4672
4491	1	1.0004001600640257e-4	4673
4492	1	1.0004001600640257e-4	4674
4493	1	1.0004001600640257e-4	4675
4494	1	1.0004001600640257e-4	4676
4495	1	1.0004001600640257e-4	4677
4496	1	1.0004001600640257e-4	4678
4497	1	1.0004001600640257e-4	4679
4498	1	1.0004001600640257e-4	4680
4499	1	1.0004001600640257e-4	4681
4500	1	1.0004001600640257e-4	4682
4501	1	1.0004001600640257e-4	4683
4502	1	1.0004001600640257e-4	4684
4503	1	1.0004001600640257e-4	4685
4504	1	1.0004001600640257e-4	4686
4505	1	1.0004001600640257e-4	4687
4506	1	1.0004001600640257e-4	4688
4507	1	1.0004001600640257e-4	4689
4508	1	1.0004001600640257e-4	4690
4509	1	1.0004001600640257e-4	4691
4510	1	1.0004001600640257e-4	4692
4511	1	1.0004001600640257e-4	4693
4512	1	1.0004001600640257e-4	4694
4513	1	1.0004001600640257e-4	4695
4514	1	1.0004001600640257e-4	4696
4515	1	1.0004001600640257e-4	4697
4516	1	1.0004001600640257e-4	4698
4517	1	1.0004001600640257e-4	4699
4518	1	1.0004001600640257e-4	4700
4520	1	1.0004001600640257e-4	4701
4521	1	1.0004001600640257e-4	4702
4522	1	1.0004001600640257e-4	4703
4523	1	1.0004001600640257e-4	4704
4524	1	1.0004001600640257e-4	4705
4525	1	1.0004001600640257e-4	4706
4526	1	1.0004001600640257e-4	4707
4527	1	1.0004001600640257e-4	4708
4528	1	1.0004001600640257e-4	4709
4529	1	1.0004001600640257e-4	4710
4530	1	1.0004001600640257e-4	4711
4531	1	1.0004001600640257e-4	4712
4532	1	1.0004001600640257e-4	4713
4533	1	1.0004001600640257e-4	4714
4534	1	1.0004001600640257e-4	4715
4535	1	1.0004001600640257e-4	4716
4536	1	1.0004001600640257e-4	4717
4537	1	1.0004001600640257e-4	4718
4538	1	1.0004001600640257e-4	4719
4539	1	1.0004001600640257e-4	4720
4540	1	1.0004001600640257e-4	4721
4541	1	1.0004001600640257e-4	4722
4542	1	1.0004001600640257e-4	4723
4543	1	1.0004001600640257e-4	4724
4544	1	1.0004001600640257e-4	4725
4545	1	1.0004001600640257e-4	4726
4546	1	1.0004001600640257e-4	4727
4548	1	1.0004001600640257e-4	4728
4549	1	1.0004001600640257e-4	4729
4550	1	1.0004001600640257e-4	4730
4551	1	1.0004001600640257e-4	4731
4552	1	1.0004001600640257e-4	4732
4553	1	1.0004001600640257e-4	4733
4554	1	1.0004001600640257e-4	4734
4555	1	1.0004001600640257e-4	4735
4556	1	1.0004001600640257e-4	4736
4558	1	1.0004001600640257e-4	4737
4559	1	1.0004001600640257e-4	4738
4560	1	1.0004001600640257e-4	4739
4561	1	1.0004001600640257e-4	4740
4562	1	1.0004001600640257e-4	4741
4563	1	1.0004001600640257e-4	4742
4564	1	1.0004001600640257e-4	4743
4565	1	1.0004001600640257e-4	4744
4566	1	1.0004001600640257e-4	4745
4567	1	1.0004001600640257e-4	4746
4568	1	1.0004001600640257e-4	4747
4569	1	1.0004001600640257e-4	4748
4570	1	1.0004001600640257e-4	4749
4571	1	1.0004001600640257e-4	4750
4572	1	1.0004001600640257e-4	4751
4573	1	1.0004001600640257e-4	4752
4574	1	1.0004001600640257e-4	4753
4575	1	1.0004001600640257e-4	4754
4576	1	1.0004001600640257e-4	4755
4577	1	1.0004001600640257e-4	4756
4578	1	1.0004001600640257e-4	4757
4579	1	1.0004001600640257e-4	4758
4580	1	1.0004001600640257e-4	4759
4581	1	1.0004001600640257e-4	4760
4582	1	1.0004001600640257e-4	4761
4583	1	1.0004001600640257e-4	4762
4584	1	1.0004001600640257e-4	4763
4585	1	1.0004001600640257e-4	4764
4586	1	1.0004001600640257e-4	4765
4587	1	1.0004001600640257e-4	4766
4588	1	1.0004001600640257e-4	4767
4589	1	1.0004001600640257e-4	4768
4590	1	1.0004001600640257e-4	4769
4591	1	1.0004001600640257e-4	4770
4592	1	1.0004001600640257e-4	4771
4593	1	1.0004001600640257e-4	4772
4594	1	1.0004001600640257e-4	4773
4595	1	1.0004001600640257e-4	4774
4596	1	1.0004001600640257e-4	4775
4597	1	1.0004001600640257e-4	4776
4598	1	1.0004001600640257e-4	4777
4599	1	1.0004001600640257e-4	4778
4600	1	1.0004001600640257e-4	4779
4601	1	1.0004001600640257e-4	4780
4602	1	1.0004001600640257e-4	4781
4603	1	1.0004001600640257e-4	4782
4604	1	1.0004001600640257e-4	4783
4605	1	1.0004001600640257e-4	4784
4606	1	1.0004001600640257e-4	4785
4607	1	1.0004001600640257e-4	4786
4608	1	1.0004001600640257e-4	4787
4610	1	1.0004001600640257e-4	4788
4611	1	1.0004001600640257e-4	4789
4612	1	1.0004001600640257e-4	4790
4613	1	1.0004001600640257e-4	4791
4614	1	1.0004001600640257e-4	4792
4615	1	1.0004001600640257e-4	4793
4616	1	1.0004001600640257e-4	4794
4617	1	1.0004001600640257e-4	4795
4618	1	1.0004001600640257e-4	4796
4619	1	1.0004001600640257e-4	4797
4620	1	1.0004001600640257e-4	4798
4621	1	1.0004001600640257e-4	4799
4622	1	1.0004001600640257e-4	4800
4623	1	1.0004001600640257e-4	4801
4624	1	1.0004001600640257e-4	4802
4625	1	1.0004001600640257e-4	4803
4626	1	1.0004001600640257e-4	4804
4627	1	1.0004001600640257e-4	4805
4628	1	1.0004001600640257e-4	4806
4629	1	1.0004001600640257e-4	4807
4630	1	1.0004001600640257e-4	4808
4631	1	1.0004001600640257e-4	4809
4632	1	1.0004001600640257e-4	4810
4634	1	1.0004001600640257e-4	4811
4635	1	1.0004001600640257e-4	4812
4636	1	1.0004001600640257e-4	4813
4637	1	1.0004001600640257e-4	4814
4638	1	1.0004001600640257e-4	4815
4639	1	1.0004001600640257e-4	4816
4640	1	1.0004001600640257e-4	4817
4641	1	1.0004001600640257e-4	4818
4642	1	1.0004001600640257e-4	4819
4643	1	1.0004001600640257e-4	4820
4644	1	1.0004001600640257e-4	4821
4645	1	1.0004001600640257e-4	4822
4646	1	1.0004001600640257e-4	4823
4647	1	1.0004001600640257e-4	4824
4648	1	1.0004001600640257e-4	4825
4649	1	1.0004001600640257e-4	4826
4650	1	1.0004001600640257e-4	4827
4651	1	1.0004001600640257e-4	4828
4652	1	1.0004001600640257e-4	4829
4653	1	1.0004001600640257e-4	4830
4654	1	1.0004001600640257e-4	4831
4655	1	1.0004001600640257e-4	4832
4656	1	1.0004001600640257e-4	4833
4657	1	1.0004001600640257e-4	4834
4658	1	1.0004001600640257e-4	4835
4659	1	1.0004001600640257e-4	4836
4660	1	1.0004001600640257e-4	4837
4661	1	1.0004001600640257e-4	4838
4662	1	1.0004001600640257e-4	4839
4663	1	1.0004001600640257e-4	4840
4665	1	1.0004001600640257e-4	4841
4666	1	1.0004001600640257e-4	4842
4667	1	1.0004001600640257e-4	4843
4668	1	1.0004001600640257e-4	4844
4669	1	1.0004001600640257e-4	4845
4670	1	1.0004001600640257e-4	4846
4671	1	1.0004001600640257e-4	4847
4672	1	1.0004001600640257e-4	4848
4673	1	1.0004001600640257e-4	4849
4676	1	1.0004001600640257e-4	4850
4677	1	1.0004001600640257e-4	4851
4678	1	1.0004001600640257e-4	4852
4679	1	1.0004001600640257e-4	4853
4680	1	1.0004001600640257e-4	4854
4682	1	1.0004001600640257e-4	4855
4683	1	1.0004001600640257e-4	4856
4684	1	1.0004001600640257e-4	4857
4685	1	1.0004001600640257e-4	4858
4686	1	1.0004001600640257e-4	4859
4687	1	1.0004001600640257e-4	4860
4688	1	1.0004001600640257e-4	4861
4689	1	1.0004001600640257e-4	4862
4690	1	1.0004001600640257e-4	4863
4691	1	1.0004001600640257e-4	4864
4692	1	1.0004001600640257e-4	4865
4693	1	1.0004001600640257e-4	4866
4694	1	1.0004001600640257e-4	4867
4695	1	1.0004001600640257e-4	4868
4696	1	1.0004001600640257e-4	4869
4697	1	1.0004001600640257e-4	4870
4698	1	1.0004001600640257e-4	4871
4699	1	1.0004001600640257e-4	4872
4700	1	1.0004001600640257e-4	4873
4701	1	1.0004001600640257e-4	4874
4702	1	1.0004001600640257e-4	4875
4703	1	1.0004001600640257e-4	4876
4704	1	1.0004001600640257e-4	4877
4705	1	1.0004001600640257e-4	4878
4706	1	1.0004001600640257e-4	4879
4707	1	1.0004001600640257e-4	4880
4708	1	1.0004001600640257e-4	4881
4709	1	1.0004001600640257e-4	4882
4710	1	1.0004001600640257e-4	4883
4711	1	1.0004001600640257e-4	4884
4712	1	1.0004001600640257e-4	4885
4713	1	1.0004001600640257e-4	4886
4714	1	1.0004001600640257e-4	4887
4715	1	1.0004001600640257e-4	4888
4716	1	1.0004001600640257e-4	4889
4717	1	1.0004001600640257e-4	4890
4718	1	1.0004001600640257e-4	4891
4719	1	1.0004001600640257e-4	4892
4720	1	1.0004001600640257e-4	4893
4721	1	1.0004001600640257e-4	4894
4722	1	1.0004001600640257e-4	4895
4724	1	1.0004001600640257e-4	4896
4725	1	1.0004001600640257e-4	4897
4726	1	1.0004001600640257e-4	4898
4727	1	1.0004001600640257e-4	4899
4728	1	1.0004001600640257e-4	4900
4729	1	1.0004001600640257e-4	4901
4730	1	1.0004001600640257e-4	4902
4731	1	1.0004001600640257e-4	4903
4732	1	1.0004001600640257e-4	4904
4733	1	1.0004001600640257e-4	4905
4734	1	1.0004001600640257e-4	4906
4735	1	1.0004001600640257e-4	4907
4736	1	1.0004001600640257e-4	4908
4737	1	1.0004001600640257e-4	4909
4738	1	1.0004001600640257e-4	4910
4739	1	1.0004001600640257e-4	4911
4740	1	1.0004001600640257e-4	4912
4741	1	1.0004001600640257e-4	4913
4742	1	1.0004001600640257e-4	4914
4744	1	1.0004001600640257e-4	4915
4745	1	1.0004001600640257e-4	4916
4746	1	1.0004001600640257e-4	4917
4747	1	1.0004001600640257e-4	4918
4748	1	1.0004001600640257e-4	4919
4749	1	1.0004001600640257e-4	4920
4750	1	1.0004001600640257e-4	4921
4751	1	1.0004001600640257e-4	4922
4752	1	1.0004001600640257e-4	4923
4753	1	1.0004001600640257e-4	4924
4754	1	1.0004001600640257e-4	4925
4755	1	1.0004001600640257e-4	4926
4756	1	1.0004001600640257e-4	4927
4757	1	1.0004001600640257e-4	4928
4758	1	1.0004001600640257e-4	4929
4759	1	1.0004001600640257e-4	4930
4760	1	1.0004001600640257e-4	4931
4761	1	1.0004001600640257e-4	4932
4762	1	1.0004001600640257e-4	4933
4763	1	1.0004001600640257e-4	4934
4764	1	1.0004001600640257e-4	4935
4765	1	1.0004001600640257e-4	4936
4766	1	1.0004001600640257e-4	4937
4767	1	1.0004001600640257e-4	4938
4768	1	1.0004001600640257e-4	4939
4770	1	1.0004001600640257e-4	4940
4771	1	1.0004001600640257e-4	4941
4772	1	1.0004001600640257e-4	4942
4773	1	1.0004001600640257e-4	4943
4774	1	1.0004001600640257e-4	4944
4775	1	1.0004001600640257e-4	4945
4776	1	1.0004001600640257e-4	4946
4777	1	1.0004001600640257e-4	4947
4778	1	1.0004001600640257e-4	4948
4779	1	1.0004001600640257e-4	4949
4780	1	1.0004001600640257e-4	4950
4781	1	1.0004001600640257e-4	4951
4782	1	1.0004001600640257e-4	4952
4783	1	1.0004001600640257e-4	4953
4784	1	1.0004001600640257e-4	4954
4785	1	1.0004001600640257e-4	4955
4786	1	1.0004001600640257e-4	4956
4787	1	1.0004001600640257e-4	4957
4788	1	1.0004001600640257e-4	4958
4789	1	1.0004001600640257e-4	4959
4790	1	1.0004001600640257e-4	4960
4791	1	1.0004001600640257e-4	4961
4792	1	1.0004001600640257e-4	4962
4793	1	1.0004001600640257e-4	4963
4794	1	1.0004001600640257e-4	4964
4795	1	1.0004001600640257e-4	4965
4796	1	1.0004001600640257e-4	4966
4797	1	1.0004001600640257e-4	4967
4798	1	1.0004001600640257e-4	4968
4799	1	1.0004001600640257e-4	4969
4800	1	1.0004001600640257e-4	4970
4801	1	1.0004001600640257e-4	4971
4802	1	1.0004001600640257e-4	4972
4803	1	1.0004001600640257e-4	4973
4804	1	1.0004001600640257e-4	4974
4805	1	1.0004001600640257e-4	4975
4806	1	1.0004001600640257e-4	4976
4807	1	1.0004001600640257e-4	4977
4808	1	1.0004001600640257e-4	4978
4809	1	1.0004001600640257e-4	4979
4810	1	1.0004001600640257e-4	4980
4811	1	1.0004001600640257e-4	4981
4812	1	1.0004001600640257e-4	4982
4813	1	1.0004001600640257e-4	4983
4814	1	1.0004001600640257e-4	4984
4815	1	1.0004001600640257e-4	4985
4816	1	1.0004001600640257e-4	4986
4817	1	1.0004001600640257e-4	4987
4818	1	1.0004001600640257e-4	4988
4819	1	1.0004001600640257e-4	4989
4820	1	1.0004001600640257e-4	4990
4821	1	1.0004001600640257e-4	4991
4822	1	1.0004001600640257e-4	4992
4823	1	1.0004001600640257e-4	4993
4824	1	1.0004001600640257e-4	4994
4825	1	1.0004001600640257e-4	4995
4826	1	1.0004001600640257e-4	4996
4827	1	1.0004001600640257e-4	4997
4828	1	1.0004001600640257e-4	4998
4829	1	1.0004001600640257e-4	4999
4830	1	1.0004001600640257e-4	5000
4831	1	1.0004001600640257e-4	5001
4832	1	1.0004001600640257e-4	5002
4833	1	1.0004001600640257e-4	5003
4834	1	1.0004001600640257e-4	5004
4835	1	1.0004001600640257e-4	5005
4836	1	1.0004001600640257e-4	5006
4837	1	1.0004001600640257e-4	5007
4838	1	1.0004001600640257e-4	5008
4839	1	1.0004001600640257e-4	5009
4840	1	1.0004001600640257e-4	5010
4842	1	1.0004001600640257e-4	5011
4843	1	1.0004001600640257e-4	5012
4844	1	1.0004001600640257e-4	5013
4845	1	1.0004001600640257e-4	5014
4846	1	1.0004001600640257e-4	5015
4847	1	1.0004001600640257e-4	5016
4848	1	1.0004001600640257e-4	5017
4849	1	1.0004001600640257e-4	5018
4850	1	1.0004001600640257e-4	5019
4851	1	1.0004001600640257e-4	5020
4852	1	1.0004001600640257e-4	5021
4853	1	1.0004001600640257e-4	5022
4854	1	1.0004001600640257e-4	5023
4855	1	1.0004001600640257e-4	5024
4856	1	1.0004001600640257e-4	5025
4857	1	1.0004001600640257e-4	5026
4858	1	1.0004001600640257e-4	5027
4859	1	1.0004001600640257e-4	5028
4860	1	1.0004001600640257e-4	5029
4861	1	1.0004001600640257e-4	5030
4862	1	1.0004001600640257e-4	5031
4863	1	1.0004001600640257e-4	5032
4864	1	1.0004001600640257e-4	5033
4865	1	1.0004001600640257e-4	5034
4866	1	1.0004001600640257e-4	5035
4867	1	1.0004001600640257e-4	5036
4868	1	1.0004001600640257e-4	5037
4869	1	1.0004001600640257e-4	5038
4870	1	1.0004001600640257e-4	5039
4871	1	1.0004001600640257e-4	5040
4872	1	1.0004001600640257e-4	5041
4873	1	1.0004001600640257e-4	5042
4874	1	1.0004001600640257e-4	5043
4875	1	1.0004001600640257e-4	5044
4876	1	1.0004001600640257e-4	5045
4877	1	1.0004001600640257e-4	5046
4878	1	1.0004001600640257e-4	5047
4879	1	1.0004001600640257e-4	5048
4880	1	1.0004001600640257e-4	5049
4881	1	1.0004001600640257e-4	5050
4882	1	1.0004001600640257e-4	5051
4883	1	1.0004001600640257e-4	5052
4884	1	1.0004001600640257e-4	5053
4885	1	1.0004001600640257e-4	5054
4886	1	1.0004001600640257e-4	5055
4887	1	1.0004001600640257e-4	5056
4888	1	1.0004001600640257e-4	5057
4889	1	1.0004001600640257e-4	5058
4890	1	1.0004001600640257e-4	5059
4891	1	1.0004001600640257e-4	5060
4892	1	1.0004001600640257e-4	5061
4893	1	1.0004001600640257e-4	5062
4894	1	1.0004001600640257e-4	5063
4895	1	1.0004001600640257e-4	5064
4896	1	1.0004001600640257e-4	5065
4897	1	1.0004001600640257e-4	5066
4898	1	1.0004001600640257e-4	5067
4899	1	1.0004001600640257e-4	5068
4900	1	1.0004001600640257e-4	5069
4901	1	1.0004001600640257e-4	5070
4902	1	1.0004001600640257e-4	5071
4903	1	1.0004001600640257e-4	5072
4904	1	1.0004001600640257e-4	5073
4905	1	1.0004001600640257e-4	5074
4906	1	1.0004001600640257e-4	5075
4907	1	1.0004001600640257e-4	5076
4908	1	1.0004001600640257e-4	5077
4909	1	1.0004001600640257e-4	5078
4910	1	1.0004001600640257e-4	5079
4911	1	1.0004001600640257e-4	5080
4912	1	1.0004001600640257e-4	5081
4913	1	1.0004001600640257e-4	5082
4914	1	1.0004001600640257e-4	5083
4915	1	1.0004001600640257e-4	5084
4916	1	1.0004001600640257e-4	5085
4917	1	1.0004001600640257e-4	5086
4918	1	1.0004001600640257e-4	5087
4919	1	1.0004001600640257e-4	5088
4920	1	1.0004001600640257e-4	5089
4921	1	1.0004001600640257e-4	5090
4922	1	1.0004001600640257e-4	5091
4923	1	1.0004001600640257e-4	5092
4924	1	1.0004001600640257e-4	5093
4925	1	1.0004001600640257e-4	5094
4926	1	1.0004001600640257e-4	5095
4927	1	1.0004001600640257e-4	5096
4928	1	1.0004001600640257e-4	5097
4929	1	1.0004001600640257e-4	5098
4930	1	1.0004001600640257e-4	5099
4931	1	1.0004001600640257e-4	5100
4932	1	1.0004001600640257e-4	5101
4933	1	1.0004001600640257e-4	5102
4934	1	1.0004001600640257e-4	5103
4935	1	1.0004001600640257e-4	5104
4936	1	1.0004001600640257e-4	5105
4937	1	1.0004001600640257e-4	5106
4938	1	1.0004001600640257e-4	5107
4939	1	1.0004001600640257e-4	5108
4940	1	1.0004001600640257e-4	5109
4941	1	1.0004001600640257e-4	5110
4942	1	1.0004001600640257e-4	5111
4943	1	1.0004001600640257e-4	5112
4944	1	1.0004001600640257e-4	5113
4945	1	1.0004001600640257e-4	5114
4946	1	1.0004001600640257e-4	5115
4947	1	1.0004001600640257e-4	5116
4948	1	1.0004001600640257e-4	5117
4951	1	1.0004001600640257e-4	5118
4952	1	1.0004001600640257e-4	5119
4953	1	1.0004001600640257e-4	5120
4954	1	1.0004001600640257e-4	5121
4955	1	1.0004001600640257e-4	5122
4956	1	1.0004001600640257e-4	5123
4957	1	1.0004001600640257e-4	5124
4958	1	1.0004001600640257e-4	5125
4959	1	1.0004001600640257e-4	5126
4960	1	1.0004001600640257e-4	5127
4961	1	1.0004001600640257e-4	5128
4962	1	1.0004001600640257e-4	5129
4963	1	1.0004001600640257e-4	5130
4964	1	1.0004001600640257e-4	5131
4965	1	1.0004001600640257e-4	5132
4966	1	1.0004001600640257e-4	5133
4967	1	1.0004001600640257e-4	5134
4968	1	1.0004001600640257e-4	5135
4969	1	1.0004001600640257e-4	5136
4970	1	1.0004001600640257e-4	5137
4971	1	1.0004001600640257e-4	5138
4972	1	1.0004001600640257e-4	5139
4973	1	1.0004001600640257e-4	5140
4974	1	1.0004001600640257e-4	5141
4975	1	1.0004001600640257e-4	5142
4976	1	1.0004001600640257e-4	5143
4977	1	1.0004001600640257e-4	5144
4978	1	1.0004001600640257e-4	5145
4979	1	1.0004001600640257e-4	5146
4980	1	1.0004001600640257e-4	5147
4981	1	1.0004001600640257e-4	5148
4982	1	1.0004001600640257e-4	5149
4983	1	1.0004001600640257e-4	5150
4984	1	1.0004001600640257e-4	5151
4985	1	1.0004001600640257e-4	5152
4986	1	1.0004001600640257e-4	5153
4987	1	1.0004001600640257e-4	5154
4988	1	1.0004001600640257e-4	5155
4989	1	1.0004001600640257e-4	5156
4990	1	1.0004001600640257e-4	5157
4991	1	1.0004001600640257e-4	5158
4992	1	1.0004001600640257e-4	5159
4993	1	1.0004001600640257e-4	5160
4994	1	1.0004001600640257e-4	5161
4995	1	1.0004001600640257e-4	5162
4996	1	1.0004001600640257e-4	5163
4997	1	1.0004001600640257e-4	5164
4998	1	1.0004001600640257e-4	5165
4999	1	1.0004001600640257e-4	5166
5000	1	1.0004001600640257e-4	5167
5001	1	1.0004001600640257e-4	5168
5002	1	1.0004001600640257e-4	5169
5003	1	1.0004001600640257e-4	5170
5004	1	1.0004001600640257e-4	5171
5005	1	1.0004001600640257e-4	5172
5006	1	1.0004001600640257e-4	5173
5007	1	1.0004001600640257e-4	5174
5008	1	1.0004001600640257e-4	5175
5009	1	1.0004001600640257e-4	5176
5010	1	1.0004001600640257e-4	5177
5011	1	1.0004001600640257e-4	5178
5012	1	1.0004001600640257e-4	5179
5013	1	1.0004001600640257e-4	5180
5014	1	1.0004001600640257e-4	5181
5015	1	1.0004001600640257e-4	5182
5016	1	1.0004001600640257e-4	5183
5017	1	1.0004001600640257e-4	5184
5018	1	1.0004001600640257e-4	5185
5019	1	1.0004001600640257e-4	5186
5020	1	1.0004001600640257e-4	5187
5021	1	1.0004001600640257e-4	5188
5022	1	1.0004001600640257e-4	5189
5023	1	1.0004001600640257e-4	5190
5024	1	1.0004001600640257e-4	5191
5025	1	1.0004001600640257e-4	5192
5026	1	1.0004001600640257e-4	5193
5027	1	1.0004001600640257e-4	5194
5028	1	1.0004001600640257e-4	5195
5029	1	1.0004001600640257e-4	5196
5030	1	1.0004001600640257e-4	5197
5031	1	1.0004001600640257e-4	5198
5032	1	1.0004001600640257e-4	5199
5033	1	1.0004001600640257e-4	5200
5034	1	1.0004001600640257e-4	5201
5035	1	1.0004001600640257e-4	5202
5036	1	1.0004001600640257e-4	5203
5037	1	1.0004001600640257e-4	5204
5038	1	1.0004001600640257e-4	5205
5039	1	1.0004001600640257e-4	5206
5040	1	1.0004001600640257e-4	5207
5041	1	1.0004001600640257e-4	5208
5042	1	1.0004001600640257e-4	5209
5043	1	1.0004001600640257e-4	5210
5044	1	1.0004001600640257e-4	5211
5045	1	1.0004001600640257e-4	5212
5046	1	1.0004001600640257e-4	5213
5047	1	1.0004001600640257e-4	5214
5048	1	1.0004001600640257e-4	5215
5049	1	1.0004001600640257e-4	5216
5050	1	1.0004001600640257e-4	5217
5051	1	1.0004001600640257e-4	5218
5052	1	1.0004001600640257e-4	5219
5053	1	1.0004001600640257e-4	5220
5054	1	1.0004001600640257e-4	5221
5055	1	1.0004001600640257e-4	5222
5056	1	1.0004001600640257e-4	5223
5057	1	1.0004001600640257e-4	5224
5058	1	1.0004001600640257e-4	5225
5059	1	1.0004001600640257e-4	5226
5060	1	1.0004001600640257e-4	5227
5061	1	1.0004001600640257e-4	5228
5062	1	1.0004001600640257e-4	5229
5063	1	1.0004001600640257e-4	5230
5064	1	1.0004001600640257e-4	5231
5065	1	1.0004001600640257e-4	5232
5066	1	1.0004001600640257e-4	5233
5067	1	1.0004001600640257e-4	5234
5068	1	1.0004001600640257e-4	5235
5069	1	1.0004001600640257e-4	5236
5070	1	1.0004001600640257e-4	5237
5071	1	1.0004001600640257e-4	5238
5072	1	1.0004001600640257e-4	5239
5073	1	1.0004001600640257e-4	5240
5074	1	1.0004001600640257e-4	5241
5075	1	1.0004001600640257e-4	5242
5076	1	1.0004001600640257e-4	5243
5077	1	1.0004001600640257e-4	5244
5078	1	1.0004001600640257e-4	5245
5079	1	1.0004001600640257e-4	5246
5080	1	1.0004001600640257e-4	5247
5081	1	1.0004001600640257e-4	5248
5082	1	1.0004001600640257e-4	5249
5083	1	1.0004001600640257e-4	5250
5084	1	1.0004001600640257e-4	5251
5085	1	1.0004001600640257e-4	5252
5086	1	1.0004001600640257e-4	5253
5087	1	1.0004001600640257e-4	5254
5088	1	1.0004001600640257e-4	5255
5089	1	1.0004001600640257e-4	5256
5090	1	1.0004001600640257e-4	5257
5091	1	1.0004001600640257e-4	5258
5092	1	1.0004001600640257e-4	5259
5093	1	1.0004001600640257e-4	5260
5094	1	1.0004001600640257e-4	5261
5095	1	1.0004001600640257e-4	5262
5096	1	1.0004001600640257e-4	5263
5097	1	1.0004001600640257e-4	5264
5098	1	1.0004001600640257e-4	5265
5099	1	1.0004001600640257e-4	5266
5100	1	1.0004001600640257e-4	5267
5101	1	1.0004001600640257e-4	5268
5102	1	1.0004001600640257e-4	5269
5103	1	1.0004001600640257e-4	5270
5104	1	1.0004001600640257e-4	5271
5105	1	1.0004001600640257e-4	5272
5106	1	1.0004001600640257e-4	5273
5107	1	1.0004001600640257e-4	5274
5108	1	1.0004001600640257e-4	5275
5109	1	1.0004001600640257e-4	5276
5110	1	1.0004001600640257e-4	5277
5111	1	1.0004001600640257e-4	5278
5112	1	1.0004001600640257e-4	5279
5113	1	1.0004001600640257e-4	5280
5114	1	1.0004001600640257e-4	5281
5115	1	1.0004001600640257e-4	5282
5116	1	1.0004001600640257e-4	5283
5117	1	1.0004001600640257e-4	5284
5118	1	1.0004001600640257e-4	5285
5119	1	1.0004001600640257e-4	5286
5120	1	1.0004001600640257e-4	5287
5122	1	1.0004001600640257e-4	5288
5123	1	1.0004001600640257e-4	5289
5124	1	1.0004001600640257e-4	5290
5125	1	1.0004001600640257e-4	5291
5126	1	1.0004001600640257e-4	5292
5127	1	1.0004001600640257e-4	5293
5128	1	1.0004001600640257e-4	5294
5129	1	1.0004001600640257e-4	5295
5130	1	1.0004001600640257e-4	5296
5131	1	1.0004001600640257e-4	5297
5132	1	1.0004001600640257e-4	5298
5133	1	1.0004001600640257e-4	5299
5134	1	1.0004001600640257e-4	5300
5135	1	1.0004001600640257e-4	5301
5136	1	1.0004001600640257e-4	5302
5137	1	1.0004001600640257e-4	5303
5138	1	1.0004001600640257e-4	5304
5139	1	1.0004001600640257e-4	5305
5140	1	1.0004001600640257e-4	5306
5141	1	1.0004001600640257e-4	5307
5142	1	1.0004001600640257e-4	5308
5143	1	1.0004001600640257e-4	5309
5144	1	1.0004001600640257e-4	5310
5145	1	1.0004001600640257e-4	5311
5146	1	1.0004001600640257e-4	5312
5147	1	1.0004001600640257e-4	5313
5148	1	1.0004001600640257e-4	5314
5149	1	1.0004001600640257e-4	5315
5150	1	1.0004001600640257e-4	5316
5151	1	1.0004001600640257e-4	5317
5152	1	1.0004001600640257e-4	5318
5153	1	1.0004001600640257e-4	5319
5154	1	1.0004001600640257e-4	5320
5155	1	1.0004001600640257e-4	5321
5156	1	1.0004001600640257e-4	5322
5157	1	1.0004001600640257e-4	5323
5158	1	1.0004001600640257e-4	5324
5159	1	1.0004001600640257e-4	5325
5160	1	1.0004001600640257e-4	5326
5161	1	1.0004001600640257e-4	5327
5162	1	1.0004001600640257e-4	5328
5163	1	1.0004001600640257e-4	5329
5164	1	1.0004001600640257e-4	5330
5165	1	1.0004001600640257e-4	5331
5166	1	1.0004001600640257e-4	5332
5167	1	1.0004001600640257e-4	5333
5168	1	1.0004001600640257e-4	5334
5169	1	1.0004001600640257e-4	5335
5170	1	1.0004001600640257e-4	5336
5171	1	1.0004001600640257e-4	5337
5172	1	1.0004001600640257e-4	5338
5173	1	1.0004001600640257e-4	5339
5174	1	1.0004001600640257e-4	5340
5175	1	1.0004001600640257e-4	5341
5176	1	1.0004001600640257e-4	5342
5177	1	1.0004001600640257e-4	5343
5178	1	1.0004001600640257e-4	5344
5179	1	1.0004001600640257e-4	5345
5180	1	1.0004001600640257e-4	5346
5181	1	1.0004001600640257e-4	5347
5184	1	1.0004001600640257e-4	5348
5185	1	1.0004001600640257e-4	5349
5186	1	1.0004001600640257e-4	5350
5187	1	1.0004001600640257e-4	5351
5188	1	1.0004001600640257e-4	5352
5189	1	1.0004001600640257e-4	5353
5190	1	1.0004001600640257e-4	5354
5191	1	1.0004001600640257e-4	5355
5192	1	1.0004001600640257e-4	5356
5193	1	1.0004001600640257e-4	5357
5194	1	1.0004001600640257e-4	5358
5195	1	1.0004001600640257e-4	5359
5196	1	1.0004001600640257e-4	5360
5197	1	1.0004001600640257e-4	5361
5198	1	1.0004001600640257e-4	5362
5199	1	1.0004001600640257e-4	5363
5200	1	1.0004001600640257e-4	5364
5201	1	1.0004001600640257e-4	5365
5203	1	1.0004001600640257e-4	5366
5204	1	1.0004001600640257e-4	5367
5205	1	1.0004001600640257e-4	5368
5206	1	1.0004001600640257e-4	5369
5207	1	1.0004001600640257e-4	5370
5209	1	1.0004001600640257e-4	5371
5210	1	1.0004001600640257e-4	5372
5211	1	1.0004001600640257e-4	5373
5212	1	1.0004001600640257e-4	5374
5213	1	1.0004001600640257e-4	5375
5214	1	1.0004001600640257e-4	5376
5215	1	1.0004001600640257e-4	5377
5216	1	1.0004001600640257e-4	5378
5217	1	1.0004001600640257e-4	5379
5218	1	1.0004001600640257e-4	5380
5219	1	1.0004001600640257e-4	5381
5220	1	1.0004001600640257e-4	5382
5221	1	1.0004001600640257e-4	5383
5222	1	1.0004001600640257e-4	5384
5223	1	1.0004001600640257e-4	5385
5224	1	1.0004001600640257e-4	5386
5225	1	1.0004001600640257e-4	5387
5226	1	1.0004001600640257e-4	5388
5227	1	1.0004001600640257e-4	5389
5228	1	1.0004001600640257e-4	5390
5229	1	1.0004001600640257e-4	5391
5230	1	1.0004001600640257e-4	5392
5231	1	1.0004001600640257e-4	5393
5232	1	1.0004001600640257e-4	5394
5233	1	1.0004001600640257e-4	5395
5234	1	1.0004001600640257e-4	5396
5235	1	1.0004001600640257e-4	5397
5237	1	1.0004001600640257e-4	5398
5238	1	1.0004001600640257e-4	5399
5239	1	1.0004001600640257e-4	5400
5240	1	1.0004001600640257e-4	5401
5241	1	1.0004001600640257e-4	5402
5242	1	1.0004001600640257e-4	5403
5243	1	1.0004001600640257e-4	5404
5245	1	1.0004001600640257e-4	5405
5246	1	1.0004001600640257e-4	5406
5247	1	1.0004001600640257e-4	5407
5248	1	1.0004001600640257e-4	5408
5249	1	1.0004001600640257e-4	5409
5250	1	1.0004001600640257e-4	5410
5251	1	1.0004001600640257e-4	5411
5252	1	1.0004001600640257e-4	5412
5253	1	1.0004001600640257e-4	5413
5254	1	1.0004001600640257e-4	5414
5255	1	1.0004001600640257e-4	5415
5256	1	1.0004001600640257e-4	5416
5257	1	1.0004001600640257e-4	5417
5258	1	1.0004001600640257e-4	5418
5259	1	1.0004001600640257e-4	5419
5260	1	1.0004001600640257e-4	5420
5261	1	1.0004001600640257e-4	5421
5262	1	1.0004001600640257e-4	5422
5263	1	1.0004001600640257e-4	5423
5264	1	1.0004001600640257e-4	5424
5265	1	1.0004001600640257e-4	5425
5266	1	1.0004001600640257e-4	5426
5267	1	1.0004001600640257e-4	5427
5268	1	1.0004001600640257e-4	5428
5269	1	1.0004001600640257e-4	5429
5270	1	1.0004001600640257e-4	5430
5271	1	1.0004001600640257e-4	5431
5272	1	1.0004001600640257e-4	5432
5273	1	1.0004001600640257e-4	5433
5274	1	1.0004001600640257e-4	5434
5275	1	1.0004001600640257e-4	5435
5276	1	1.0004001600640257e-4	5436
5277	1	1.0004001600640257e-4	5437
5278	1	1.0004001600640257e-4	5438
5279	1	1.0004001600640257e-4	5439
5280	1	1.0004001600640257e-4	5440
5281	1	1.0004001600640257e-4	5441
5282	1	1.0004001600640257e-4	5442
5283	1	1.0004001600640257e-4	5443
5284	1	1.0004001600640257e-4	5444
5285	1	1.0004001600640257e-4	5445
5286	1	1.0004001600640257e-4	5446
5287	1	1.0004001600640257e-4	5447
5288	1	1.0004001600640257e-4	5448
5289	1	1.0004001600640257e-4	5449
5290	1	1.0004001600640257e-4	5450
5291	1	1.0004001600640257e-4	5451
5292	1	1.0004001600640257e-4	5452
5293	1	1.0004001600640257e-4	5453
5294	1	1.0004001600640257e-4	5454
5295	1	1.0004001600640257e-4	5455
5296	1	1.0004001600640257e-4	5456
5297	1	1.0004001600640257e-4	5457
5298	1	1.0004001600640257e-4	5458
5299	1	1.0004001600640257e-4	5459
5300	1	1.0004001600640257e-4	5460
5302	1	1.0004001600640257e-4	5461
5303	1	1.0004001600640257e-4	5462
5304	1	1.0004001600640257e-4	5463
5305	1	1.0004001600640257e-4	5464
5306	1	1.0004001600640257e-4	5465
5307	1	1.0004001600640257e-4	5466
5308	1	1.0004001600640257e-4	5467
5309	1	1.0004001600640257e-4	5468
5310	1	1.0004001600640257e-4	5469
5311	1	1.0004001600640257e-4	5470
5312	1	1.0004001600640257e-4	5471
5313	1	1.0004001600640257e-4	5472
5314	1	1.0004001600640257e-4	5473
5315	1	1.0004001600640257e-4	5474
5316	1	1.0004001600640257e-4	5475
5317	1	1.0004001600640257e-4	5476
5318	1	1.0004001600640257e-4	5477
5319	1	1.0004001600640257e-4	5478
5320	1	1.0004001600640257e-4	5479
5323	1	1.0004001600640257e-4	5480
5324	1	1.0004001600640257e-4	5481
5325	1	1.0004001600640257e-4	5482
5326	1	1.0004001600640257e-4	5483
5327	1	1.0004001600640257e-4	5484
5328	1	1.0004001600640257e-4	5485
5329	1	1.0004001600640257e-4	5486
5330	1	1.0004001600640257e-4	5487
5331	1	1.0004001600640257e-4	5488
5332	1	1.0004001600640257e-4	5489
5333	1	1.0004001600640257e-4	5490
5334	1	1.0004001600640257e-4	5491
5335	1	1.0004001600640257e-4	5492
5336	1	1.0004001600640257e-4	5493
5337	1	1.0004001600640257e-4	5494
5338	1	1.0004001600640257e-4	5495
5339	1	1.0004001600640257e-4	5496
5340	1	1.0004001600640257e-4	5497
5341	1	1.0004001600640257e-4	5498
5342	1	1.0004001600640257e-4	5499
5343	1	1.0004001600640257e-4	5500
5344	1	1.0004001600640257e-4	5501
5345	1	1.0004001600640257e-4	5502
5346	1	1.0004001600640257e-4	5503
5347	1	1.0004001600640257e-4	5504
5348	1	1.0004001600640257e-4	5505
5349	1	1.0004001600640257e-4	5506
5350	1	1.0004001600640257e-4	5507
5352	1	1.0004001600640257e-4	5508
5353	1	1.0004001600640257e-4	5509
5354	1	1.0004001600640257e-4	5510
5355	1	1.0004001600640257e-4	5511
5356	1	1.0004001600640257e-4	5512
5357	1	1.0004001600640257e-4	5513
5359	1	1.0004001600640257e-4	5514
5360	1	1.0004001600640257e-4	5515
5361	1	1.0004001600640257e-4	5516
5362	1	1.0004001600640257e-4	5517
5363	1	1.0004001600640257e-4	5518
5364	1	1.0004001600640257e-4	5519
5365	1	1.0004001600640257e-4	5520
5366	1	1.0004001600640257e-4	5521
5367	1	1.0004001600640257e-4	5522
5368	1	1.0004001600640257e-4	5523
5369	1	1.0004001600640257e-4	5524
5370	1	1.0004001600640257e-4	5525
5371	1	1.0004001600640257e-4	5526
5372	1	1.0004001600640257e-4	5527
5373	1	1.0004001600640257e-4	5528
5374	1	1.0004001600640257e-4	5529
5375	1	1.0004001600640257e-4	5530
5376	1	1.0004001600640257e-4	5531
5377	1	1.0004001600640257e-4	5532
5378	1	1.0004001600640257e-4	5533
5379	1	1.0004001600640257e-4	5534
5380	1	1.0004001600640257e-4	5535
5381	1	1.0004001600640257e-4	5536
5382	1	1.0004001600640257e-4	5537
5383	1	1.0004001600640257e-4	5538
5384	1	1.0004001600640257e-4	5539
5385	1	1.0004001600640257e-4	5540
5386	1	1.0004001600640257e-4	5541
5387	1	1.0004001600640257e-4	5542
5388	1	1.0004001600640257e-4	5543
5389	1	1.0004001600640257e-4	5544
5390	1	1.0004001600640257e-4	5545
5391	1	1.0004001600640257e-4	5546
5392	1	1.0004001600640257e-4	5547
5393	1	1.0004001600640257e-4	5548
5394	1	1.0004001600640257e-4	5549
5395	1	1.0004001600640257e-4	5550
5396	1	1.0004001600640257e-4	5551
5397	1	1.0004001600640257e-4	5552
5398	1	1.0004001600640257e-4	5553
5399	1	1.0004001600640257e-4	5554
5400	1	1.0004001600640257e-4	5555
5401	1	1.0004001600640257e-4	5556
5402	1	1.0004001600640257e-4	5557
5403	1	1.0004001600640257e-4	5558
5404	1	1.0004001600640257e-4	5559
5405	1	1.0004001600640257e-4	5560
5406	1	1.0004001600640257e-4	5561
5407	1	1.0004001600640257e-4	5562
5408	1	1.0004001600640257e-4	5563
5409	1	1.0004001600640257e-4	5564
5410	1	1.0004001600640257e-4	5565
5411	1	1.0004001600640257e-4	5566
5412	1	1.0004001600640257e-4	5567
5413	1	1.0004001600640257e-4	5568
5414	1	1.0004001600640257e-4	5569
5415	1	1.0004001600640257e-4	5570
5416	1	1.0004001600640257e-4	5571
5417	1	1.0004001600640257e-4	5572
5418	1	1.0004001600640257e-4	5573
5420	1	1.0004001600640257e-4	5574
5421	1	1.0004001600640257e-4	5575
5422	1	1.0004001600640257e-4	5576
5423	1	1.0004001600640257e-4	5577
5424	1	1.0004001600640257e-4	5578
5425	1	1.0004001600640257e-4	5579
5426	1	1.0004001600640257e-4	5580
5427	1	1.0004001600640257e-4	5581
5428	1	1.0004001600640257e-4	5582
5429	1	1.0004001600640257e-4	5583
5430	1	1.0004001600640257e-4	5584
5431	1	1.0004001600640257e-4	5585
5432	1	1.0004001600640257e-4	5586
5433	1	1.0004001600640257e-4	5587
5434	1	1.0004001600640257e-4	5588
5435	1	1.0004001600640257e-4	5589
5436	1	1.0004001600640257e-4	5590
5437	1	1.0004001600640257e-4	5591
5438	1	1.0004001600640257e-4	5592
5439	1	1.0004001600640257e-4	5593
5440	1	1.0004001600640257e-4	5594
5441	1	1.0004001600640257e-4	5595
5442	1	1.0004001600640257e-4	5596
5443	1	1.0004001600640257e-4	5597
5444	1	1.0004001600640257e-4	5598
5445	1	1.0004001600640257e-4	5599
5446	1	1.0004001600640257e-4	5600
5447	1	1.0004001600640257e-4	5601
5448	1	1.0004001600640257e-4	5602
5449	1	1.0004001600640257e-4	5603
5450	1	1.0004001600640257e-4	5604
5451	1	1.0004001600640257e-4	5605
5452	1	1.0004001600640257e-4	5606
5453	1	1.0004001600640257e-4	5607
5454	1	1.0004001600640257e-4	5608
5455	1	1.0004001600640257e-4	5609
5456	1	1.0004001600640257e-4	5610
5457	1	1.0004001600640257e-4	5611
5458	1	1.0004001600640257e-4	5612
5459	1	1.0004001600640257e-4	5613
5460	1	1.0004001600640257e-4	5614
5461	1	1.0004001600640257e-4	5615
5462	1	1.0004001600640257e-4	5616
5463	1	1.0004001600640257e-4	5617
5464	1	1.0004001600640257e-4	5618
5465	1	1.0004001600640257e-4	5619
5467	1	1.0004001600640257e-4	5620
5468	1	1.0004001600640257e-4	5621
5469	1	1.0004001600640257e-4	5622
5470	1	1.0004001600640257e-4	5623
5471	1	1.0004001600640257e-4	5624
5472	1	1.0004001600640257e-4	5625
5473	1	1.0004001600640257e-4	5626
5474	1	1.0004001600640257e-4	5627
5475	1	1.0004001600640257e-4	5628
5476	1	1.0004001600640257e-4	5629
5477	1	1.0004001600640257e-4	5630
5478	1	1.0004001600640257e-4	5631
5479	1	1.0004001600640257e-4	5632
5480	1	1.0004001600640257e-4	5633
5481	1	1.0004001600640257e-4	5634
5482	1	1.0004001600640257e-4	5635
5483	1	1.0004001600640257e-4	5636
5484	1	1.0004001600640257e-4	5637
5485	1	1.0004001600640257e-4	5638
5486	1	1.0004001600640257e-4	5639
5487	1	1.0004001600640257e-4	5640
5488	1	1.0004001600640257e-4	5641
5489	1	1.0004001600640257e-4	5642
5490	1	1.0004001600640257e-4	5643
5491	1	1.0004001600640257e-4	5644
5492	1	1.0004001600640257e-4	5645
5493	1	1.0004001600640257e-4	5646
5495	1	1.0004001600640257e-4	5647
5496	1	1.0004001600640257e-4	5648
5497	1	1.0004001600640257e-4	5649
5499	1	1.0004001600640257e-4	5650
5500	1	1.0004001600640257e-4	5651
5502	1	1.0004001600640257e-4	5652
5503	1	1.0004001600640257e-4	5653
5504	1	1.0004001600640257e-4	5654
5505	1	1.0004001600640257e-4	5655
5506	1	1.0004001600640257e-4	5656
5507	1	1.0004001600640257e-4	5657
5508	1	1.0004001600640257e-4	5658
5509	1	1.0004001600640257e-4	5659
5511	1	1.0004001600640257e-4	5660
5512	1	1.0004001600640257e-4	5661
5514	1	1.0004001600640257e-4	5662
5515	1	1.0004001600640257e-4	5663
5516	1	1.0004001600640257e-4	5664
5517	1	1.0004001600640257e-4	5665
5518	1	1.0004001600640257e-4	5666
5520	1	1.0004001600640257e-4	5667
5521	1	1.0004001600640257e-4	5668
5522	1	1.0004001600640257e-4	5669
5523	1	1.0004001600640257e-4	5670
5524	1	1.0004001600640257e-4	5671
5525	1	1.0004001600640257e-4	5672
5528	1	1.0004001600640257e-4	5673
5530	1	1.0004001600640257e-4	5674
5531	1	1.0004001600640257e-4	5675
5532	1	1.0004001600640257e-4	5676
5533	1	1.0004001600640257e-4	5677
5534	1	1.0004001600640257e-4	5678
5535	1	1.0004001600640257e-4	5679
5536	1	1.0004001600640257e-4	5680
5537	1	1.0004001600640257e-4	5681
5538	1	1.0004001600640257e-4	5682
5539	1	1.0004001600640257e-4	5683
5540	1	1.0004001600640257e-4	5684
5541	1	1.0004001600640257e-4	5685
5542	1	1.0004001600640257e-4	5686
5543	1	1.0004001600640257e-4	5687
5544	1	1.0004001600640257e-4	5688
5545	1	1.0004001600640257e-4	5689
5548	1	1.0004001600640257e-4	5690
5550	1	1.0004001600640257e-4	5691
5552	1	1.0004001600640257e-4	5692
5553	1	1.0004001600640257e-4	5693
5555	1	1.0004001600640257e-4	5694
5556	1	1.0004001600640257e-4	5695
5557	1	1.0004001600640257e-4	5696
5558	1	1.0004001600640257e-4	5697
5559	1	1.0004001600640257e-4	5698
5560	1	1.0004001600640257e-4	5699
5561	1	1.0004001600640257e-4	5700
5562	1	1.0004001600640257e-4	5701
5563	1	1.0004001600640257e-4	5702
5564	1	1.0004001600640257e-4	5703
5565	1	1.0004001600640257e-4	5704
5567	1	1.0004001600640257e-4	5705
5568	1	1.0004001600640257e-4	5706
5569	1	1.0004001600640257e-4	5707
5570	1	1.0004001600640257e-4	5708
5571	1	1.0004001600640257e-4	5709
5572	1	1.0004001600640257e-4	5710
5573	1	1.0004001600640257e-4	5711
5574	1	1.0004001600640257e-4	5712
5575	1	1.0004001600640257e-4	5713
5576	1	1.0004001600640257e-4	5714
5577	1	1.0004001600640257e-4	5715
5578	1	1.0004001600640257e-4	5716
5579	1	1.0004001600640257e-4	5717
5580	1	1.0004001600640257e-4	5718
5581	1	1.0004001600640257e-4	5719
5582	1	1.0004001600640257e-4	5720
5583	1	1.0004001600640257e-4	5721
5584	1	1.0004001600640257e-4	5722
5585	1	1.0004001600640257e-4	5723
5586	1	1.0004001600640257e-4	5724
5587	1	1.0004001600640257e-4	5725
5589	1	1.0004001600640257e-4	5726
5590	1	1.0004001600640257e-4	5727
5591	1	1.0004001600640257e-4	5728
5592	1	1.0004001600640257e-4	5729
5593	1	1.0004001600640257e-4	5730
5594	1	1.0004001600640257e-4	5731
5595	1	1.0004001600640257e-4	5732
5596	1	1.0004001600640257e-4	5733
5598	1	1.0004001600640257e-4	5734
5599	1	1.0004001600640257e-4	5735
5600	1	1.0004001600640257e-4	5736
5601	1	1.0004001600640257e-4	5737
5602	1	1.0004001600640257e-4	5738
5603	1	1.0004001600640257e-4	5739
5604	1	1.0004001600640257e-4	5740
5605	1	1.0004001600640257e-4	5741
5606	1	1.0004001600640257e-4	5742
5607	1	1.0004001600640257e-4	5743
5608	1	1.0004001600640257e-4	5744
5609	1	1.0004001600640257e-4	5745
5610	1	1.0004001600640257e-4	5746
5611	1	1.0004001600640257e-4	5747
5612	1	1.0004001600640257e-4	5748
5613	1	1.0004001600640257e-4	5749
5614	1	1.0004001600640257e-4	5750
5615	1	1.0004001600640257e-4	5751
5616	1	1.0004001600640257e-4	5752
5617	1	1.0004001600640257e-4	5753
5618	1	1.0004001600640257e-4	5754
5619	1	1.0004001600640257e-4	5755
5620	1	1.0004001600640257e-4	5756
5621	1	1.0004001600640257e-4	5757
5622	1	1.0004001600640257e-4	5758
5623	1	1.0004001600640257e-4	5759
5624	1	1.0004001600640257e-4	5760
5625	1	1.0004001600640257e-4	5761
5626	1	1.0004001600640257e-4	5762
5627	1	1.0004001600640257e-4	5763
5628	1	1.0004001600640257e-4	5764
5629	1	1.0004001600640257e-4	5765
5630	1	1.0004001600640257e-4	5766
5631	1	1.0004001600640257e-4	5767
5632	1	1.0004001600640257e-4	5768
5633	1	1.0004001600640257e-4	5769
5634	1	1.0004001600640257e-4	5770
5635	1	1.0004001600640257e-4	5771
5636	1	1.0004001600640257e-4	5772
5637	1	1.0004001600640257e-4	5773
5638	1	1.0004001600640257e-4	5774
5639	1	1.0004001600640257e-4	5775
5640	1	1.0004001600640257e-4	5776
5641	1	1.0004001600640257e-4	5777
5642	1	1.0004001600640257e-4	5778
5643	1	1.0004001600640257e-4	5779
5644	1	1.0004001600640257e-4	5780
5645	1	1.0004001600640257e-4	5781
5646	1	1.0004001600640257e-4	5782
5647	1	1.0004001600640257e-4	5783
5648	1	1.0004001600640257e-4	5784
5649	1	1.0004001600640257e-4	5785
5650	1	1.0004001600640257e-4	5786
5651	1	1.0004001600640257e-4	5787
5652	1	1.0004001600640257e-4	5788
5653	1	1.0004001600640257e-4	5789
5654	1	1.0004001600640257e-4	5790
5655	1	1.0004001600640257e-4	5791
5656	1	1.0004001600640257e-4	5792
5657	1	1.0004001600640257e-4	5793
5658	1	1.0004001600640257e-4	5794
5659	1	1.0004001600640257e-4	5795
5660	1	1.0004001600640257e-4	5796
5661	1	1.0004001600640257e-4	5797
5662	1	1.0004001600640257e-4	5798
5663	1	1.0004001600640257e-4	5799
5664	1	1.0004001600640257e-4	5800
5665	1	1.0004001600640257e-4	5801
5666	1	1.0004001600640257e-4	5802
5667	1	1.0004001600640257e-4	5803
5668	1	1.0004001600640257e-4	5804
5670	1	1.0004001600640257e-4	5805
5671	1	1.0004001600640257e-4	5806
5672	1	1.0004001600640257e-4	5807
5673	1	1.0004001600640257e-4	5808
5674	1	1.0004001600640257e-4	5809
5675	1	1.0004001600640257e-4	5810
5676	1	1.0004001600640257e-4	5811
5677	1	1.0004001600640257e-4	5812
5678	1	1.0004001600640257e-4	5813
5679	1	1.0004001600640257e-4	5814
5680	1	1.0004001600640257e-4	5815
5681	1	1.0004001600640257e-4	5816
5682	1	1.0004001600640257e-4	5817
5683	1	1.0004001600640257e-4	5818
5684	1	1.0004001600640257e-4	5819
5685	1	1.0004001600640257e-4	5820
5686	1	1.0004001600640257e-4	5821
5687	1	1.0004001600640257e-4	5822
5688	1	1.0004001600640257e-4	5823
5689	1	1.0004001600640257e-4	5824
5690	1	1.0004001600640257e-4	5825
5691	1	1.0004001600640257e-4	5826
5692	1	1.0004001600640257e-4	5827
5693	1	1.0004001600640257e-4	5828
5694	1	1.0004001600640257e-4	5829
5695	1	1.0004001600640257e-4	5830
5696	1	1.0004001600640257e-4	5831
5697	1	1.0004001600640257e-4	5832
5698	1	1.0004001600640257e-4	5833
5699	1	1.0004001600640257e-4	5834
5700	1	1.0004001600640257e-4	5835
5701	1	1.0004001600640257e-4	5836
5702	1	1.0004001600640257e-4	5837
5703	1	1.0004001600640257e-4	5838
5704	1	1.0004001600640257e-4	5839
5705	1	1.0004001600640257e-4	5840
5706	1	1.0004001600640257e-4	5841
5707	1	1.0004001600640257e-4	5842
5708	1	1.0004001600640257e-4	5843
5709	1	1.0004001600640257e-4	5844
5710	1	1.0004001600640257e-4	5845
5711	1	1.0004001600640257e-4	5846
5712	1	1.0004001600640257e-4	5847
5713	1	1.0004001600640257e-4	5848
5714	1	1.0004001600640257e-4	5849
5715	1	1.0004001600640257e-4	5850
5716	1	1.0004001600640257e-4	5851
5717	1	1.0004001600640257e-4	5852
5718	1	1.0004001600640257e-4	5853
5719	1	1.0004001600640257e-4	5854
5720	1	1.0004001600640257e-4	5855
5721	1	1.0004001600640257e-4	5856
5722	1	1.0004001600640257e-4	5857
5723	1	1.0004001600640257e-4	5858
5724	1	1.0004001600640257e-4	5859
5725	1	1.0004001600640257e-4	5860
5726	1	1.0004001600640257e-4	5861
5727	1	1.0004001600640257e-4	5862
5728	1	1.0004001600640257e-4	5863
5729	1	1.0004001600640257e-4	5864
5730	1	1.0004001600640257e-4	5865
5731	1	1.0004001600640257e-4	5866
5732	1	1.0004001600640257e-4	5867
5733	1	1.0004001600640257e-4	5868
5734	1	1.0004001600640257e-4	5869
5736	1	1.0004001600640257e-4	5870
5737	1	1.0004001600640257e-4	5871
5738	1	1.0004001600640257e-4	5872
5739	1	1.0004001600640257e-4	5873
5741	1	1.0004001600640257e-4	5874
5742	1	1.0004001600640257e-4	5875
5743	1	1.0004001600640257e-4	5876
5744	1	1.0004001600640257e-4	5877
5745	1	1.0004001600640257e-4	5878
5746	1	1.0004001600640257e-4	5879
5747	1	1.0004001600640257e-4	5880
5748	1	1.0004001600640257e-4	5881
5749	1	1.0004001600640257e-4	5882
5750	1	1.0004001600640257e-4	5883
5751	1	1.0004001600640257e-4	5884
5752	1	1.0004001600640257e-4	5885
5753	1	1.0004001600640257e-4	5886
5754	1	1.0004001600640257e-4	5887
5755	1	1.0004001600640257e-4	5888
5756	1	1.0004001600640257e-4	5889
5757	1	1.0004001600640257e-4	5890
5758	1	1.0004001600640257e-4	5891
5759	1	1.0004001600640257e-4	5892
5760	1	1.0004001600640257e-4	5893
5761	1	1.0004001600640257e-4	5894
5762	1	1.0004001600640257e-4	5895
5763	1	1.0004001600640257e-4	5896
5764	1	1.0004001600640257e-4	5897
5765	1	1.0004001600640257e-4	5898
5766	1	1.0004001600640257e-4	5899
5767	1	1.0004001600640257e-4	5900
5768	1	1.0004001600640257e-4	5901
5769	1	1.0004001600640257e-4	5902
5770	1	1.0004001600640257e-4	5903
5771	1	1.0004001600640257e-4	5904
5773	1	1.0004001600640257e-4	5905
5774	1	1.0004001600640257e-4	5906
5775	1	1.0004001600640257e-4	5907
5776	1	1.0004001600640257e-4	5908
5777	1	1.0004001600640257e-4	5909
5778	1	1.0004001600640257e-4	5910
5780	1	1.0004001600640257e-4	5911
5781	1	1.0004001600640257e-4	5912
5782	1	1.0004001600640257e-4	5913
5783	1	1.0004001600640257e-4	5914
5784	1	1.0004001600640257e-4	5915
5785	1	1.0004001600640257e-4	5916
5786	1	1.0004001600640257e-4	5917
5787	1	1.0004001600640257e-4	5918
5788	1	1.0004001600640257e-4	5919
5789	1	1.0004001600640257e-4	5920
5791	1	1.0004001600640257e-4	5921
5792	1	1.0004001600640257e-4	5922
5793	1	1.0004001600640257e-4	5923
5794	1	1.0004001600640257e-4	5924
5795	1	1.0004001600640257e-4	5925
5796	1	1.0004001600640257e-4	5926
5797	1	1.0004001600640257e-4	5927
5798	1	1.0004001600640257e-4	5928
5799	1	1.0004001600640257e-4	5929
5800	1	1.0004001600640257e-4	5930
5801	1	1.0004001600640257e-4	5931
5802	1	1.0004001600640257e-4	5932
5803	1	1.0004001600640257e-4	5933
5804	1	1.0004001600640257e-4	5934
5805	1	1.0004001600640257e-4	5935
5806	1	1.0004001600640257e-4	5936
5807	1	1.0004001600640257e-4	5937
5808	1	1.0004001600640257e-4	5938
5809	1	1.0004001600640257e-4	5939
5810	1	1.0004001600640257e-4	5940
5811	1	1.0004001600640257e-4	5941
5812	1	1.0004001600640257e-4	5942
5813	1	1.0004001600640257e-4	5943
5814	1	1.0004001600640257e-4	5944
5815	1	1.0004001600640257e-4	5945
5816	1	1.0004001600640257e-4	5946
5817	1	1.0004001600640257e-4	5947
5818	1	1.0004001600640257e-4	5948
5819	1	1.0004001600640257e-4	5949
5820	1	1.0004001600640257e-4	5950
5821	1	1.0004001600640257e-4	5951
5822	1	1.0004001600640257e-4	5952
5823	1	1.0004001600640257e-4	5953
5824	1	1.0004001600640257e-4	5954
5825	1	1.0004001600640257e-4	5955
5826	1	1.0004001600640257e-4	5956
5827	1	1.0004001600640257e-4	5957
5828	1	1.0004001600640257e-4	5958
5829	1	1.0004001600640257e-4	5959
5830	1	1.0004001600640257e-4	5960
5831	1	1.0004001600640257e-4	5961
5832	1	1.0004001600640257e-4	5962
5833	1	1.0004001600640257e-4	5963
5834	1	1.0004001600640257e-4	5964
5835	1	1.0004001600640257e-4	5965
5836	1	1.0004001600640257e-4	5966
5837	1	1.0004001600640257e-4	5967
5838	1	1.0004001600640257e-4	5968
5839	1	1.0004001600640257e-4	5969
5840	1	1.0004001600640257e-4	5970
5841	1	1.0004001600640257e-4	5971
5842	1	1.0004001600640257e-4	5972
5843	1	1.0004001600640257e-4	5973
5844	1	1.0004001600640257e-4	5974
5845	1	1.0004001600640257e-4	5975
5846	1	1.0004001600640257e-4	5976
5847	1	1.0004001600640257e-4	5977
5848	1	1.0004001600640257e-4	5978
5849	1	1.0004001600640257e-4	5979
5850	1	1.0004001600640257e-4	5980
5851	1	1.0004001600640257e-4	5981
5852	1	1.0004001600640257e-4	5982
5853	1	1.0004001600640257e-4	5983
5854	1	1.0004001600640257e-4	5984
5855	1	1.0004001600640257e-4	5985
5856	1	1.0004001600640257e-4	5986
5857	1	1.0004001600640257e-4	5987
5858	1	1.0004001600640257e-4	5988
5859	1	1.0004001600640257e-4	5989
5860	1	1.0004001600640257e-4	5990
5861	1	1.0004001600640257e-4	5991
5862	1	1.0004001600640257e-4	5992
5863	1	1.0004001600640257e-4	5993
5864	1	1.0004001600640257e-4	5994
5865	1	1.0004001600640257e-4	5995
5866	1	1.0004001600640257e-4	5996
5867	1	1.0004001600640257e-4	5997
5868	1	1.0004001600640257e-4	5998
5869	1	1.0004001600640257e-4	5999
5870	1	1.0004001600640257e-4	6000
5871	1	1.0004001600640257e-4	6001
5872	1	1.0004001600640257e-4	6002
5873	1	1.0004001600640257e-4	6003
5874	1	1.0004001600640257e-4	6004
5875	1	1.0004001600640257e-4	6005
5876	1	1.0004001600640257e-4	6006
5877	1	1.0004001600640257e-4	6007
5878	1	1.0004001600640257e-4	6008
5879	1	1.0004001600640257e-4	6009
5880	1	1.0004001600640257e-4	6010
5881	1	1.0004001600640257e-4	6011
5882	1	1.0004001600640257e-4	6012
5884	1	1.0004001600640257e-4	6013
5885	1	1.0004001600640257e-4	6014
5886	1	1.0004001600640257e-4	6015
5887	1	1.0004001600640257e-4	6016
5888	1	1.0004001600640257e-4	6017
5890	1	1.0004001600640257e-4	6018
5891	1	1.0004001600640257e-4	6019
5893	1	1.0004001600640257e-4	6020
5894	1	1.0004001600640257e-4	6021
5895	1	1.0004001600640257e-4	6022
5896	1	1.0004001600640257e-4	6023
5897	1	1.0004001600640257e-4	6024
5898	1	1.0004001600640257e-4	6025
5899	1	1.0004001600640257e-4	6026
5900	1	1.0004001600640257e-4	6027
5901	1	1.0004001600640257e-4	6028
5902	1	1.0004001600640257e-4	6029
5903	1	1.0004001600640257e-4	6030
5904	1	1.0004001600640257e-4	6031
5905	1	1.0004001600640257e-4	6032
5906	1	1.0004001600640257e-4	6033
5907	1	1.0004001600640257e-4	6034
5908	1	1.0004001600640257e-4	6035
5910	1	1.0004001600640257e-4	6036
5911	1	1.0004001600640257e-4	6037
5912	1	1.0004001600640257e-4	6038
5913	1	1.0004001600640257e-4	6039
5914	1	1.0004001600640257e-4	6040
5915	1	1.0004001600640257e-4	6041
5916	1	1.0004001600640257e-4	6042
5917	1	1.0004001600640257e-4	6043
5918	1	1.0004001600640257e-4	6044
5920	1	1.0004001600640257e-4	6045
5921	1	1.0004001600640257e-4	6046
5922	1	1.0004001600640257e-4	6047
5923	1	1.0004001600640257e-4	6048
5924	1	1.0004001600640257e-4	6049
5925	1	1.0004001600640257e-4	6050
5926	1	1.0004001600640257e-4	6051
5927	1	1.0004001600640257e-4	6052
5928	1	1.0004001600640257e-4	6053
5929	1	1.0004001600640257e-4	6054
5930	1	1.0004001600640257e-4	6055
5931	1	1.0004001600640257e-4	6056
5932	1	1.0004001600640257e-4	6057
5933	1	1.0004001600640257e-4	6058
5934	1	1.0004001600640257e-4	6059
5935	1	1.0004001600640257e-4	6060
5936	1	1.0004001600640257e-4	6061
5937	1	1.0004001600640257e-4	6062
5938	1	1.0004001600640257e-4	6063
5939	1	1.0004001600640257e-4	6064
5940	1	1.0004001600640257e-4	6065
5941	1	1.0004001600640257e-4	6066
5942	1	1.0004001600640257e-4	6067
5943	1	1.0004001600640257e-4	6068
5944	1	1.0004001600640257e-4	6069
5945	1	1.0004001600640257e-4	6070
5946	1	1.0004001600640257e-4	6071
5947	1	1.0004001600640257e-4	6072
5948	1	1.0004001600640257e-4	6073
5949	1	1.0004001600640257e-4	6074
5950	1	1.0004001600640257e-4	6075
5951	1	1.0004001600640257e-4	6076
5952	1	1.0004001600640257e-4	6077
5953	1	1.0004001600640257e-4	6078
5954	1	1.0004001600640257e-4	6079
5955	1	1.0004001600640257e-4	6080
5956	1	1.0004001600640257e-4	6081
5957	1	1.0004001600640257e-4	6082
5958	1	1.0004001600640257e-4	6083
5959	1	1.0004001600640257e-4	6084
5960	1	1.0004001600640257e-4	6085
5961	1	1.0004001600640257e-4	6086
5962	1	1.0004001600640257e-4	6087
5963	1	1.0004001600640257e-4	6088
5964	1	1.0004001600640257e-4	6089
5965	1	1.0004001600640257e-4	6090
5966	1	1.0004001600640257e-4	6091
5967	1	1.0004001600640257e-4	6092
5968	1	1.0004001600640257e-4	6093
5969	1	1.0004001600640257e-4	6094
5970	1	1.0004001600640257e-4	6095
5971	1	1.0004001600640257e-4	6096
5972	1	1.0004001600640257e-4	6097
5973	1	1.0004001600640257e-4	6098
5974	1	1.0004001600640257e-4	6099
5975	1	1.0004001600640257e-4	6100
5976	1	1.0004001600640257e-4	6101
5977	1	1.0004001600640257e-4	6102
5978	1	1.0004001600640257e-4	6103
5979	1	1.0004001600640257e-4	6104
5980	1	1.0004001600640257e-4	6105
5981	1	1.0004001600640257e-4	6106
5982	1	1.0004001600640257e-4	6107
5983	1	1.0004001600640257e-4	6108
5984	1	1.0004001600640257e-4	6109
5985	1	1.0004001600640257e-4	6110
5986	1	1.0004001600640257e-4	6111
5987	1	1.0004001600640257e-4	6112
5988	1	1.0004001600640257e-4	6113
5989	1	1.0004001600640257e-4	6114
5990	1	1.0004001600640257e-4	6115
5991	1	1.0004001600640257e-4	6116
5992	1	1.0004001600640257e-4	6117
5993	1	1.0004001600640257e-4	6118
5994	1	1.0004001600640257e-4	6119
5995	1	1.0004001600640257e-4	6120
5996	1	1.0004001600640257e-4	6121
5997	1	1.0004001600640257e-4	6122
5998	1	1.0004001600640257e-4	6123
5999	1	1.0004001600640257e-4	6124
6000	1	1.0004001600640257e-4	6125
6001	1	1.0004001600640257e-4	6126
6002	1	1.0004001600640257e-4	6127
6003	1	1.0004001600640257e-4	6128
6004	1	1.0004001600640257e-4	6129
6005	1	1.0004001600640257e-4	6130
6006	1	1.0004001600640257e-4	6131
6007	1	1.0004001600640257e-4	6132
6008	1	1.0004001600640257e-4	6133
6009	1	1.0004001600640257e-4	6134
6010	1	1.0004001600640257e-4	6135
6011	1	1.0004001600640257e-4	6136
6012	1	1.0004001600640257e-4	6137
6013	1	1.0004001600640257e-4	6138
6014	1	1.0004001600640257e-4	6139
6015	1	1.0004001600640257e-4	6140
6016	1	1.0004001600640257e-4	6141
6017	1	1.0004001600640257e-4	6142
6018	1	1.0004001600640257e-4	6143
6019	1	1.0004001600640257e-4	6144
6020	1	1.0004001600640257e-4	6145
6021	1	1.0004001600640257e-4	6146
6022	1	1.0004001600640257e-4	6147
6023	1	1.0004001600640257e-4	6148
6024	1	1.0004001600640257e-4	6149
6025	1	1.0004001600640257e-4	6150
6026	1	1.0004001600640257e-4	6151
6027	1	1.0004001600640257e-4	6152
6028	1	1.0004001600640257e-4	6153
6029	1	1.0004001600640257e-4	6154
6030	1	1.0004001600640257e-4	6155
6031	1	1.0004001600640257e-4	6156
6032	1	1.0004001600640257e-4	6157
6033	1	1.0004001600640257e-4	6158
6034	1	1.0004001600640257e-4	6159
6035	1	1.0004001600640257e-4	6160
6036	1	1.0004001600640257e-4	6161
6037	1	1.0004001600640257e-4	6162
6038	1	1.0004001600640257e-4	6163
6039	1	1.0004001600640257e-4	6164
6040	1	1.0004001600640257e-4	6165
6041	1	1.0004001600640257e-4	6166
6042	1	1.0004001600640257e-4	6167
6043	1	1.0004001600640257e-4	6168
6044	1	1.0004001600640257e-4	6169
6045	1	1.0004001600640257e-4	6170
6046	1	1.0004001600640257e-4	6171
6047	1	1.0004001600640257e-4	6172
6048	1	1.0004001600640257e-4	6173
6049	1	1.0004001600640257e-4	6174
6050	1	1.0004001600640257e-4	6175
6051	1	1.0004001600640257e-4	6176
6052	1	1.0004001600640257e-4	6177
6053	1	1.0004001600640257e-4	6178
6054	1	1.0004001600640257e-4	6179
6055	1	1.0004001600640257e-4	6180
6056	1	1.0004001600640257e-4	6181
6057	1	1.0004001600640257e-4	6182
6058	1	1.0004001600640257e-4	6183
6059	1	1.0004001600640257e-4	6184
6060	1	1.0004001600640257e-4	6185
6061	1	1.0004001600640257e-4	6186
6062	1	1.0004001600640257e-4	6187
6063	1	1.0004001600640257e-4	6188
6064	1	1.0004001600640257e-4	6189
6065	1	1.0004001600640257e-4	6190
6066	1	1.0004001600640257e-4	6191
6067	1	1.0004001600640257e-4	6192
6068	1	1.0004001600640257e-4	6193
6069	1	1.0004001600640257e-4	6194
6070	1	1.0004001600640257e-4	6195
6071	1	1.0004001600640257e-4	6196
6072	1	1.0004001600640257e-4	6197
6073	1	1.0004001600640257e-4	6198
6074	1	1.0004001600640257e-4	6199
6075	1	1.0004001600640257e-4	6200
6076	1	1.0004001600640257e-4	6201
6077	1	1.0004001600640257e-4	6202
6078	1	1.0004001600640257e-4	6203
6079	1	1.0004001600640257e-4	6204
6080	1	1.0004001600640257e-4	6205
6081	1	1.0004001600640257e-4	6206
6082	1	1.0004001600640257e-4	6207
6083	1	1.0004001600640257e-4	6208
6084	1	1.0004001600640257e-4	6209
6085	1	1.0004001600640257e-4	6210
6086	1	1.0004001600640257e-4	6211
6087	1	1.0004001600640257e-4	6212
6088	1	1.0004001600640257e-4	6213
6090	1	1.0004001600640257e-4	6214
6091	1	1.0004001600640257e-4	6215
6092	1	1.0004001600640257e-4	6216
6093	1	1.0004001600640257e-4	6217
6094	1	1.0004001600640257e-4	6218
6095	1	1.0004001600640257e-4	6219
6096	1	1.0004001600640257e-4	6220
6097	1	1.0004001600640257e-4	6221
6098	1	1.0004001600640257e-4	6222
6099	1	1.0004001600640257e-4	6223
6100	1	1.0004001600640257e-4	6224
6101	1	1.0004001600640257e-4	6225
6102	1	1.0004001600640257e-4	6226
6103	1	1.0004001600640257e-4	6227
6104	1	1.0004001600640257e-4	6228
6105	1	1.0004001600640257e-4	6229
6106	1	1.0004001600640257e-4	6230
6107	1	1.0004001600640257e-4	6231
6108	1	1.0004001600640257e-4	6232
6109	1	1.0004001600640257e-4	6233
6110	1	1.0004001600640257e-4	6234
6111	1	1.0004001600640257e-4	6235
6112	1	1.0004001600640257e-4	6236
6113	1	1.0004001600640257e-4	6237
6114	1	1.0004001600640257e-4	6238
6115	1	1.0004001600640257e-4	6239
6116	1	1.0004001600640257e-4	6240
6117	1	1.0004001600640257e-4	6241
6118	1	1.0004001600640257e-4	6242
6119	1	1.0004001600640257e-4	6243
6120	1	1.0004001600640257e-4	6244
6121	1	1.0004001600640257e-4	6245
6122	1	1.0004001600640257e-4	6246
6123	1	1.0004001600640257e-4	6247
6124	1	1.0004001600640257e-4	6248
6125	1	1.0004001600640257e-4	6249
6126	1	1.0004001600640257e-4	6250
6127	1	1.0004001600640257e-4	6251
6128	1	1.0004001600640257e-4	6252
6129	1	1.0004001600640257e-4	6253
6130	1	1.0004001600640257e-4	6254
6132	1	1.0004001600640257e-4	6255
6133	1	1.0004001600640257e-4	6256
6135	1	1.0004001600640257e-4	6257
6136	1	1.0004001600640257e-4	6258
6137	1	1.0004001600640257e-4	6259
6138	1	1.0004001600640257e-4	6260
6139	1	1.0004001600640257e-4	6261
6140	1	1.0004001600640257e-4	6262
6141	1	1.0004001600640257e-4	6263
6142	1	1.0004001600640257e-4	6264
6143	1	1.0004001600640257e-4	6265
6144	1	1.0004001600640257e-4	6266
6145	1	1.0004001600640257e-4	6267
6148	1	1.0004001600640257e-4	6268
6149	1	1.0004001600640257e-4	6269
6150	1	1.0004001600640257e-4	6270
6151	1	1.0004001600640257e-4	6271
6152	1	1.0004001600640257e-4	6272
6153	1	1.0004001600640257e-4	6273
6154	1	1.0004001600640257e-4	6274
6155	1	1.0004001600640257e-4	6275
6156	1	1.0004001600640257e-4	6276
6157	1	1.0004001600640257e-4	6277
6158	1	1.0004001600640257e-4	6278
6159	1	1.0004001600640257e-4	6279
6160	1	1.0004001600640257e-4	6280
6161	1	1.0004001600640257e-4	6281
6162	1	1.0004001600640257e-4	6282
6163	1	1.0004001600640257e-4	6283
6164	1	1.0004001600640257e-4	6284
6165	1	1.0004001600640257e-4	6285
6167	1	1.0004001600640257e-4	6286
6168	1	1.0004001600640257e-4	6287
6169	1	1.0004001600640257e-4	6288
6170	1	1.0004001600640257e-4	6289
6171	1	1.0004001600640257e-4	6290
6172	1	1.0004001600640257e-4	6291
6173	1	1.0004001600640257e-4	6292
6174	1	1.0004001600640257e-4	6293
6175	1	1.0004001600640257e-4	6294
6176	1	1.0004001600640257e-4	6295
6177	1	1.0004001600640257e-4	6296
6178	1	1.0004001600640257e-4	6297
6179	1	1.0004001600640257e-4	6298
6180	1	1.0004001600640257e-4	6299
6181	1	1.0004001600640257e-4	6300
6182	1	1.0004001600640257e-4	6301
6183	1	1.0004001600640257e-4	6302
6184	1	1.0004001600640257e-4	6303
6185	1	1.0004001600640257e-4	6304
6186	1	1.0004001600640257e-4	6305
6187	1	1.0004001600640257e-4	6306
6188	1	1.0004001600640257e-4	6307
6189	1	1.0004001600640257e-4	6308
6190	1	1.0004001600640257e-4	6309
6191	1	1.0004001600640257e-4	6310
6192	1	1.0004001600640257e-4	6311
6193	1	1.0004001600640257e-4	6312
6194	1	1.0004001600640257e-4	6313
6196	1	1.0004001600640257e-4	6314
6197	1	1.0004001600640257e-4	6315
6198	1	1.0004001600640257e-4	6316
6199	1	1.0004001600640257e-4	6317
6201	1	1.0004001600640257e-4	6318
6202	1	1.0004001600640257e-4	6319
6203	1	1.0004001600640257e-4	6320
6204	1	1.0004001600640257e-4	6321
6205	1	1.0004001600640257e-4	6322
6206	1	1.0004001600640257e-4	6323
6207	1	1.0004001600640257e-4	6324
6208	1	1.0004001600640257e-4	6325
6209	1	1.0004001600640257e-4	6326
6210	1	1.0004001600640257e-4	6327
6211	1	1.0004001600640257e-4	6328
6212	1	1.0004001600640257e-4	6329
6213	1	1.0004001600640257e-4	6330
6214	1	1.0004001600640257e-4	6331
6215	1	1.0004001600640257e-4	6332
6216	1	1.0004001600640257e-4	6333
6217	1	1.0004001600640257e-4	6334
6218	1	1.0004001600640257e-4	6335
6219	1	1.0004001600640257e-4	6336
6220	1	1.0004001600640257e-4	6337
6221	1	1.0004001600640257e-4	6338
6222	1	1.0004001600640257e-4	6339
6223	1	1.0004001600640257e-4	6340
6224	1	1.0004001600640257e-4	6341
6225	1	1.0004001600640257e-4	6342
6226	1	1.0004001600640257e-4	6343
6227	1	1.0004001600640257e-4	6344
6228	1	1.0004001600640257e-4	6345
6229	1	1.0004001600640257e-4	6346
6230	1	1.0004001600640257e-4	6347
6231	1	1.0004001600640257e-4	6348
6232	1	1.0004001600640257e-4	6349
6233	1	1.0004001600640257e-4	6350
6234	1	1.0004001600640257e-4	6351
6235	1	1.0004001600640257e-4	6352
6236	1	1.0004001600640257e-4	6353
6237	1	1.0004001600640257e-4	6354
6238	1	1.0004001600640257e-4	6355
6239	1	1.0004001600640257e-4	6356
6240	1	1.0004001600640257e-4	6357
6241	1	1.0004001600640257e-4	6358
6242	1	1.0004001600640257e-4	6359
6243	1	1.0004001600640257e-4	6360
6244	1	1.0004001600640257e-4	6361
6245	1	1.0004001600640257e-4	6362
6246	1	1.0004001600640257e-4	6363
6247	1	1.0004001600640257e-4	6364
6248	1	1.0004001600640257e-4	6365
6249	1	1.0004001600640257e-4	6366
6250	1	1.0004001600640257e-4	6367
6251	1	1.0004001600640257e-4	6368
6252	1	1.0004001600640257e-4	6369
6253	1	1.0004001600640257e-4	6370
6254	1	1.0004001600640257e-4	6371
6255	1	1.0004001600640257e-4	6372
6256	1	1.0004001600640257e-4	6373
6257	1	1.0004001600640257e-4	6374
6258	1	1.0004001600640257e-4	6375
6259	1	1.0004001600640257e-4	6376
6260	1	1.0004001600640257e-4	6377
6261	1	1.0004001600640257e-4	6378
6262	1	1.0004001600640257e-4	6379
6263	1	1.0004001600640257e-4	6380
6264	1	1.0004001600640257e-4	6381
6265	1	1.0004001600640257e-4	6382
6266	1	1.0004001600640257e-4	6383
6267	1	1.0004001600640257e-4	6384
6268	1	1.0004001600640257e-4	6385
6269	1	1.0004001600640257e-4	6386
6270	1	1.0004001600640257e-4	6387
6271	1	1.0004001600640257e-4	6388
6272	1	1.0004001600640257e-4	6389
6273	1	1.0004001600640257e-4	6390
6274	1	1.0004001600640257e-4	6391
6275	1	1.0004001600640257e-4	6392
6276	1	1.0004001600640257e-4	6393
6277	1	1.0004001600640257e-4	6394
6279	1	1.0004001600640257e-4	6395
6280	1	1.0004001600640257e-4	6396
6281	1	1.0004001600640257e-4	6397
6282	1	1.0004001600640257e-4	6398
6283	1	1.0004001600640257e-4	6399
6284	1	1.0004001600640257e-4	6400
6285	1	1.0004001600640257e-4	6401
6286	1	1.0004001600640257e-4	6402
6287	1	1.0004001600640257e-4	6403
6288	1	1.0004001600640257e-4	6404
6289	1	1.0004001600640257e-4	6405
6290	1	1.0004001600640257e-4	6406
6291	1	1.0004001600640257e-4	6407
6292	1	1.0004001600640257e-4	6408
6293	1	1.0004001600640257e-4	6409
6294	1	1.0004001600640257e-4	6410
6295	1	1.0004001600640257e-4	6411
6296	1	1.0004001600640257e-4	6412
6297	1	1.0004001600640257e-4	6413
6298	1	1.0004001600640257e-4	6414
6299	1	1.0004001600640257e-4	6415
6300	1	1.0004001600640257e-4	6416
6301	1	1.0004001600640257e-4	6417
6302	1	1.0004001600640257e-4	6418
6303	1	1.0004001600640257e-4	6419
6304	1	1.0004001600640257e-4	6420
6305	1	1.0004001600640257e-4	6421
6306	1	1.0004001600640257e-4	6422
6307	1	1.0004001600640257e-4	6423
6308	1	1.0004001600640257e-4	6424
6309	1	1.0004001600640257e-4	6425
6310	1	1.0004001600640257e-4	6426
6311	1	1.0004001600640257e-4	6427
6312	1	1.0004001600640257e-4	6428
6313	1	1.0004001600640257e-4	6429
6314	1	1.0004001600640257e-4	6430
6315	1	1.0004001600640257e-4	6431
6316	1	1.0004001600640257e-4	6432
6317	1	1.0004001600640257e-4	6433
6318	1	1.0004001600640257e-4	6434
6319	1	1.0004001600640257e-4	6435
6320	1	1.0004001600640257e-4	6436
6321	1	1.0004001600640257e-4	6437
6322	1	1.0004001600640257e-4	6438
6323	1	1.0004001600640257e-4	6439
6324	1	1.0004001600640257e-4	6440
6325	1	1.0004001600640257e-4	6441
6326	1	1.0004001600640257e-4	6442
6327	1	1.0004001600640257e-4	6443
6328	1	1.0004001600640257e-4	6444
6329	1	1.0004001600640257e-4	6445
6330	1	1.0004001600640257e-4	6446
6331	1	1.0004001600640257e-4	6447
6332	1	1.0004001600640257e-4	6448
6334	1	1.0004001600640257e-4	6449
6335	1	1.0004001600640257e-4	6450
6336	1	1.0004001600640257e-4	6451
6337	1	1.0004001600640257e-4	6452
6338	1	1.0004001600640257e-4	6453
6339	1	1.0004001600640257e-4	6454
6340	1	1.0004001600640257e-4	6455
6341	1	1.0004001600640257e-4	6456
6342	1	1.0004001600640257e-4	6457
6343	1	1.0004001600640257e-4	6458
6344	1	1.0004001600640257e-4	6459
6345	1	1.0004001600640257e-4	6460
6346	1	1.0004001600640257e-4	6461
6347	1	1.0004001600640257e-4	6462
6348	1	1.0004001600640257e-4	6463
6349	1	1.0004001600640257e-4	6464
6350	1	1.0004001600640257e-4	6465
6351	1	1.0004001600640257e-4	6466
6352	1	1.0004001600640257e-4	6467
6353	1	1.0004001600640257e-4	6468
6354	1	1.0004001600640257e-4	6469
6355	1	1.0004001600640257e-4	6470
6356	1	1.0004001600640257e-4	6471
6357	1	1.0004001600640257e-4	6472
6358	1	1.0004001600640257e-4	6473
6359	1	1.0004001600640257e-4	6474
6360	1	1.0004001600640257e-4	6475
6361	1	1.0004001600640257e-4	6476
6362	1	1.0004001600640257e-4	6477
6363	1	1.0004001600640257e-4	6478
6364	1	1.0004001600640257e-4	6479
6365	1	1.0004001600640257e-4	6480
6366	1	1.0004001600640257e-4	6481
6367	1	1.0004001600640257e-4	6482
6368	1	1.0004001600640257e-4	6483
6369	1	1.0004001600640257e-4	6484
6370	1	1.0004001600640257e-4	6485
6371	1	1.0004001600640257e-4	6486
6372	1	1.0004001600640257e-4	6487
6373	1	1.0004001600640257e-4	6488
6374	1	1.0004001600640257e-4	6489
6375	1	1.0004001600640257e-4	6490
6376	1	1.0004001600640257e-4	6491
6377	1	1.0004001600640257e-4	6492
6378	1	1.0004001600640257e-4	6493
6379	1	1.0004001600640257e-4	6494
6380	1	1.0004001600640257e-4	6495
6381	1	1.0004001600640257e-4	6496
6382	1	1.0004001600640257e-4	6497
6383	1	1.0004001600640257e-4	6498
6384	1	1.0004001600640257e-4	6499
6385	1	1.0004001600640257e-4	6500
6386	1	1.0004001600640257e-4	6501
6387	1	1.0004001600640257e-4	6502
6388	1	1.0004001600640257e-4	6503
6389	1	1.0004001600640257e-4	6504
6390	1	1.0004001600640257e-4	6505
6391	1	1.0004001600640257e-4	6506
6392	1	1.0004001600640257e-4	6507
6393	1	1.0004001600640257e-4	6508
6394	1	1.0004001600640257e-4	6509
6395	1	1.0004001600640257e-4	6510
6396	1	1.0004001600640257e-4	6511
6397	1	1.0004001600640257e-4	6512
6398	1	1.0004001600640257e-4	6513
6399	1	1.0004001600640257e-4	6514
6400	1	1.0004001600640257e-4	6515
6401	1	1.0004001600640257e-4	6516
6402	1	1.0004001600640257e-4	6517
6403	1	1.0004001600640257e-4	6518
6404	1	1.0004001600640257e-4	6519
6405	1	1.0004001600640257e-4	6520
6406	1	1.0004001600640257e-4	6521
6407	1	1.0004001600640257e-4	6522
6408	1	1.0004001600640257e-4	6523
6409	1	1.0004001600640257e-4	6524
6410	1	1.0004001600640257e-4	6525
6411	1	1.0004001600640257e-4	6526
6412	1	1.0004001600640257e-4	6527
6413	1	1.0004001600640257e-4	6528
6414	1	1.0004001600640257e-4	6529
6415	1	1.0004001600640257e-4	6530
6416	1	1.0004001600640257e-4	6531
6417	1	1.0004001600640257e-4	6532
6418	1	1.0004001600640257e-4	6533
6419	1	1.0004001600640257e-4	6534
6420	1	1.0004001600640257e-4	6535
6421	1	1.0004001600640257e-4	6536
6422	1	1.0004001600640257e-4	6537
6423	1	1.0004001600640257e-4	6538
6424	1	1.0004001600640257e-4	6539
6425	1	1.0004001600640257e-4	6540
6426	1	1.0004001600640257e-4	6541
6427	1	1.0004001600640257e-4	6542
6428	1	1.0004001600640257e-4	6543
6429	1	1.0004001600640257e-4	6544
6430	1	1.0004001600640257e-4	6545
6431	1	1.0004001600640257e-4	6546
6432	1	1.0004001600640257e-4	6547
6433	1	1.0004001600640257e-4	6548
6434	1	1.0004001600640257e-4	6549
6435	1	1.0004001600640257e-4	6550
6436	1	1.0004001600640257e-4	6551
6437	1	1.0004001600640257e-4	6552
6438	1	1.0004001600640257e-4	6553
6439	1	1.0004001600640257e-4	6554
6440	1	1.0004001600640257e-4	6555
6441	1	1.0004001600640257e-4	6556
6442	1	1.0004001600640257e-4	6557
6443	1	1.0004001600640257e-4	6558
6444	1	1.0004001600640257e-4	6559
6445	1	1.0004001600640257e-4	6560
6446	1	1.0004001600640257e-4	6561
6447	1	1.0004001600640257e-4	6562
6448	1	1.0004001600640257e-4	6563
6449	1	1.0004001600640257e-4	6564
6450	1	1.0004001600640257e-4	6565
6451	1	1.0004001600640257e-4	6566
6452	1	1.0004001600640257e-4	6567
6453	1	1.0004001600640257e-4	6568
6454	1	1.0004001600640257e-4	6569
6455	1	1.0004001600640257e-4	6570
6456	1	1.0004001600640257e-4	6571
6457	1	1.0004001600640257e-4	6572
6458	1	1.0004001600640257e-4	6573
6459	1	1.0004001600640257e-4	6574
6460	1	1.0004001600640257e-4	6575
6461	1	1.0004001600640257e-4	6576
6462	1	1.0004001600640257e-4	6577
6463	1	1.0004001600640257e-4	6578
6464	1	1.0004001600640257e-4	6579
6465	1	1.0004001600640257e-4	6580
6466	1	1.0004001600640257e-4	6581
6467	1	1.0004001600640257e-4	6582
6468	1	1.0004001600640257e-4	6583
6469	1	1.0004001600640257e-4	6584
6470	1	1.0004001600640257e-4	6585
6471	1	1.0004001600640257e-4	6586
6472	1	1.0004001600640257e-4	6587
6473	1	1.0004001600640257e-4	6588
6474	1	1.0004001600640257e-4	6589
6475	1	1.0004001600640257e-4	6590
6476	1	1.0004001600640257e-4	6591
6477	1	1.0004001600640257e-4	6592
6478	1	1.0004001600640257e-4	6593
6479	1	1.0004001600640257e-4	6594
6480	1	1.0004001600640257e-4	6595
6481	1	1.0004001600640257e-4	6596
6482	1	1.0004001600640257e-4	6597
6483	1	1.0004001600640257e-4	6598
6484	1	1.0004001600640257e-4	6599
6485	1	1.0004001600640257e-4	6600
6486	1	1.0004001600640257e-4	6601
6487	1	1.0004001600640257e-4	6602
6488	1	1.0004001600640257e-4	6603
6489	1	1.0004001600640257e-4	6604
6490	1	1.0004001600640257e-4	6605
6491	1	1.0004001600640257e-4	6606
6492	1	1.0004001600640257e-4	6607
6493	1	1.0004001600640257e-4	6608
6494	1	1.0004001600640257e-4	6609
6495	1	1.0004001600640257e-4	6610
6496	1	1.0004001600640257e-4	6611
6497	1	1.0004001600640257e-4	6612
6498	1	1.0004001600640257e-4	6613
6499	1	1.0004001600640257e-4	6614
6500	1	1.0004001600640257e-4	6615
6501	1	1.0004001600640257e-4	6616
6502	1	1.0004001600640257e-4	6617
6503	1	1.0004001600640257e-4	6618
6504	1	1.0004001600640257e-4	6619
6505	1	1.0004001600640257e-4	6620
6506	1	1.0004001600640257e-4	6621
6507	1	1.0004001600640257e-4	6622
6508	1	1.0004001600640257e-4	6623
6509	1	1.0004001600640257e-4	6624
6510	1	1.0004001600640257e-4	6625
6511	1	1.0004001600640257e-4	6626
6512	1	1.0004001600640257e-4	6627
6513	1	1.0004001600640257e-4	6628
6514	1	1.0004001600640257e-4	6629
6515	1	1.0004001600640257e-4	6630
6516	1	1.0004001600640257e-4	6631
6517	1	1.0004001600640257e-4	6632
6518	1	1.0004001600640257e-4	6633
6519	1	1.0004001600640257e-4	6634
6520	1	1.0004001600640257e-4	6635
6521	1	1.0004001600640257e-4	6636
6522	1	1.0004001600640257e-4	6637
6523	1	1.0004001600640257e-4	6638
6524	1	1.0004001600640257e-4	6639
6525	1	1.0004001600640257e-4	6640
6526	1	1.0004001600640257e-4	6641
6527	1	1.0004001600640257e-4	6642
6529	1	1.0004001600640257e-4	6643
6530	1	1.0004001600640257e-4	6644
6531	1	1.0004001600640257e-4	6645
6532	1	1.0004001600640257e-4	6646
6533	1	1.0004001600640257e-4	6647
6534	1	1.0004001600640257e-4	6648
6535	1	1.0004001600640257e-4	6649
6536	1	1.0004001600640257e-4	6650
6537	1	1.0004001600640257e-4	6651
6538	1	1.0004001600640257e-4	6652
6539	1	1.0004001600640257e-4	6653
6540	1	1.0004001600640257e-4	6654
6541	1	1.0004001600640257e-4	6655
6542	1	1.0004001600640257e-4	6656
6543	1	1.0004001600640257e-4	6657
6544	1	1.0004001600640257e-4	6658
6545	1	1.0004001600640257e-4	6659
6546	1	1.0004001600640257e-4	6660
6547	1	1.0004001600640257e-4	6661
6548	1	1.0004001600640257e-4	6662
6549	1	1.0004001600640257e-4	6663
6550	1	1.0004001600640257e-4	6664
6551	1	1.0004001600640257e-4	6665
6552	1	1.0004001600640257e-4	6666
6553	1	1.0004001600640257e-4	6667
6554	1	1.0004001600640257e-4	6668
6555	1	1.0004001600640257e-4	6669
6557	1	1.0004001600640257e-4	6670
6558	1	1.0004001600640257e-4	6671
6561	1	1.0004001600640257e-4	6672
6562	1	1.0004001600640257e-4	6673
6563	1	1.0004001600640257e-4	6674
6564	1	1.0004001600640257e-4	6675
6565	1	1.0004001600640257e-4	6676
6566	1	1.0004001600640257e-4	6677
6567	1	1.0004001600640257e-4	6678
6568	1	1.0004001600640257e-4	6679
6569	1	1.0004001600640257e-4	6680
6571	1	1.0004001600640257e-4	6681
6572	1	1.0004001600640257e-4	6682
6574	1	1.0004001600640257e-4	6683
6575	1	1.0004001600640257e-4	6684
6576	1	1.0004001600640257e-4	6685
6577	1	1.0004001600640257e-4	6686
6578	1	1.0004001600640257e-4	6687
6579	1	1.0004001600640257e-4	6688
6580	1	1.0004001600640257e-4	6689
6581	1	1.0004001600640257e-4	6690
6582	1	1.0004001600640257e-4	6691
6583	1	1.0004001600640257e-4	6692
6584	1	1.0004001600640257e-4	6693
6585	1	1.0004001600640257e-4	6694
6586	1	1.0004001600640257e-4	6695
6587	1	1.0004001600640257e-4	6696
6589	1	1.0004001600640257e-4	6697
6590	1	1.0004001600640257e-4	6698
6591	1	1.0004001600640257e-4	6699
6592	1	1.0004001600640257e-4	6700
6593	1	1.0004001600640257e-4	6701
6594	1	1.0004001600640257e-4	6702
6596	1	1.0004001600640257e-4	6703
6597	1	1.0004001600640257e-4	6704
6598	1	1.0004001600640257e-4	6705
6600	1	1.0004001600640257e-4	6706
6601	1	1.0004001600640257e-4	6707
6602	1	1.0004001600640257e-4	6708
6603	1	1.0004001600640257e-4	6709
6604	1	1.0004001600640257e-4	6710
6606	1	1.0004001600640257e-4	6711
6608	1	1.0004001600640257e-4	6712
6609	1	1.0004001600640257e-4	6713
6610	1	1.0004001600640257e-4	6714
6611	1	1.0004001600640257e-4	6715
6613	1	1.0004001600640257e-4	6716
6614	1	1.0004001600640257e-4	6717
6615	1	1.0004001600640257e-4	6718
6617	1	1.0004001600640257e-4	6719
6618	1	1.0004001600640257e-4	6720
6619	1	1.0004001600640257e-4	6721
6620	1	1.0004001600640257e-4	6722
6622	1	1.0004001600640257e-4	6723
6623	1	1.0004001600640257e-4	6724
6625	1	1.0004001600640257e-4	6725
6626	1	1.0004001600640257e-4	6726
6627	1	1.0004001600640257e-4	6727
6628	1	1.0004001600640257e-4	6728
6629	1	1.0004001600640257e-4	6729
6630	1	1.0004001600640257e-4	6730
6631	1	1.0004001600640257e-4	6731
6632	1	1.0004001600640257e-4	6732
6633	1	1.0004001600640257e-4	6733
6634	1	1.0004001600640257e-4	6734
6635	1	1.0004001600640257e-4	6735
6636	1	1.0004001600640257e-4	6736
6637	1	1.0004001600640257e-4	6737
6638	1	1.0004001600640257e-4	6738
6639	1	1.0004001600640257e-4	6739
6640	1	1.0004001600640257e-4	6740
6641	1	1.0004001600640257e-4	6741
6642	1	1.0004001600640257e-4	6742
6644	1	1.0004001600640257e-4	6743
6645	1	1.0004001600640257e-4	6744
6646	1	1.0004001600640257e-4	6745
6647	1	1.0004001600640257e-4	6746
6648	1	1.0004001600640257e-4	6747
6649	1	1.0004001600640257e-4	6748
6650	1	1.0004001600640257e-4	6749
6651	1	1.0004001600640257e-4	6750
6652	1	1.0004001600640257e-4	6751
6653	1	1.0004001600640257e-4	6752
6654	1	1.0004001600640257e-4	6753
6655	1	1.0004001600640257e-4	6754
6656	1	1.0004001600640257e-4	6755
6657	1	1.0004001600640257e-4	6756
6658	1	1.0004001600640257e-4	6757
6659	1	1.0004001600640257e-4	6758
6660	1	1.0004001600640257e-4	6759
6661	1	1.0004001600640257e-4	6760
6662	1	1.0004001600640257e-4	6761
6663	1	1.0004001600640257e-4	6762
6664	1	1.0004001600640257e-4	6763
6665	1	1.0004001600640257e-4	6764
6666	1	1.0004001600640257e-4	6765
6667	1	1.0004001600640257e-4	6766
6668	1	1.0004001600640257e-4	6767
6669	1	1.0004001600640257e-4	6768
6670	1	1.0004001600640257e-4	6769
6671	1	1.0004001600640257e-4	6770
6672	1	1.0004001600640257e-4	6771
6673	1	1.0004001600640257e-4	6772
6674	1	1.0004001600640257e-4	6773
6675	1	1.0004001600640257e-4	6774
6676	1	1.0004001600640257e-4	6775
6677	1	1.0004001600640257e-4	6776
6678	1	1.0004001600640257e-4	6777
6679	1	1.0004001600640257e-4	6778
6680	1	1.0004001600640257e-4	6779
6681	1	1.0004001600640257e-4	6780
6682	1	1.0004001600640257e-4	6781
6683	1	1.0004001600640257e-4	6782
6684	1	1.0004001600640257e-4	6783
6685	1	1.0004001600640257e-4	6784
6686	1	1.0004001600640257e-4	6785
6687	1	1.0004001600640257e-4	6786
6688	1	1.0004001600640257e-4	6787
6689	1	1.0004001600640257e-4	6788
6690	1	1.0004001600640257e-4	6789
6691	1	1.0004001600640257e-4	6790
6692	1	1.0004001600640257e-4	6791
6693	1	1.0004001600640257e-4	6792
6694	1	1.0004001600640257e-4	6793
6695	1	1.0004001600640257e-4	6794
6696	1	1.0004001600640257e-4	6795
6697	1	1.0004001600640257e-4	6796
6698	1	1.0004001600640257e-4	6797
6699	1	1.0004001600640257e-4	6798
6700	1	1.0004001600640257e-4	6799
6703	1	1.0004001600640257e-4	6800
6704	1	1.0004001600640257e-4	6801
6705	1	1.0004001600640257e-4	6802
6706	1	1.0004001600640257e-4	6803
6708	1	1.0004001600640257e-4	6804
6709	1	1.0004001600640257e-4	6805
6711	1	1.0004001600640257e-4	6806
6712	1	1.0004001600640257e-4	6807
6713	1	1.0004001600640257e-4	6808
6714	1	1.0004001600640257e-4	6809
6715	1	1.0004001600640257e-4	6810
6716	1	1.0004001600640257e-4	6811
6717	1	1.0004001600640257e-4	6812
6718	1	1.0004001600640257e-4	6813
6719	1	1.0004001600640257e-4	6814
6720	1	1.0004001600640257e-4	6815
6721	1	1.0004001600640257e-4	6816
6722	1	1.0004001600640257e-4	6817
6723	1	1.0004001600640257e-4	6818
6724	1	1.0004001600640257e-4	6819
6725	1	1.0004001600640257e-4	6820
6726	1	1.0004001600640257e-4	6821
6727	1	1.0004001600640257e-4	6822
6728	1	1.0004001600640257e-4	6823
6729	1	1.0004001600640257e-4	6824
6730	1	1.0004001600640257e-4	6825
6731	1	1.0004001600640257e-4	6826
6732	1	1.0004001600640257e-4	6827
6733	1	1.0004001600640257e-4	6828
6734	1	1.0004001600640257e-4	6829
6735	1	1.0004001600640257e-4	6830
6736	1	1.0004001600640257e-4	6831
6737	1	1.0004001600640257e-4	6832
6738	1	1.0004001600640257e-4	6833
6739	1	1.0004001600640257e-4	6834
6740	1	1.0004001600640257e-4	6835
6741	1	1.0004001600640257e-4	6836
6742	1	1.0004001600640257e-4	6837
6743	1	1.0004001600640257e-4	6838
6744	1	1.0004001600640257e-4	6839
6745	1	1.0004001600640257e-4	6840
6746	1	1.0004001600640257e-4	6841
6747	1	1.0004001600640257e-4	6842
6748	1	1.0004001600640257e-4	6843
6749	1	1.0004001600640257e-4	6844
6750	1	1.0004001600640257e-4	6845
6751	1	1.0004001600640257e-4	6846
6752	1	1.0004001600640257e-4	6847
6753	1	1.0004001600640257e-4	6848
6754	1	1.0004001600640257e-4	6849
6755	1	1.0004001600640257e-4	6850
6756	1	1.0004001600640257e-4	6851
6757	1	1.0004001600640257e-4	6852
6758	1	1.0004001600640257e-4	6853
6759	1	1.0004001600640257e-4	6854
6760	1	1.0004001600640257e-4	6855
6761	1	1.0004001600640257e-4	6856
6762	1	1.0004001600640257e-4	6857
6763	1	1.0004001600640257e-4	6858
6764	1	1.0004001600640257e-4	6859
6765	1	1.0004001600640257e-4	6860
6766	1	1.0004001600640257e-4	6861
6767	1	1.0004001600640257e-4	6862
6769	1	1.0004001600640257e-4	6863
6770	1	1.0004001600640257e-4	6864
6771	1	1.0004001600640257e-4	6865
6772	1	1.0004001600640257e-4	6866
6773	1	1.0004001600640257e-4	6867
6774	1	1.0004001600640257e-4	6868
6775	1	1.0004001600640257e-4	6869
6776	1	1.0004001600640257e-4	6870
6777	1	1.0004001600640257e-4	6871
6778	1	1.0004001600640257e-4	6872
6779	1	1.0004001600640257e-4	6873
6780	1	1.0004001600640257e-4	6874
6781	1	1.0004001600640257e-4	6875
6782	1	1.0004001600640257e-4	6876
6783	1	1.0004001600640257e-4	6877
6784	1	1.0004001600640257e-4	6878
6785	1	1.0004001600640257e-4	6879
6786	1	1.0004001600640257e-4	6880
6787	1	1.0004001600640257e-4	6881
6788	1	1.0004001600640257e-4	6882
6789	1	1.0004001600640257e-4	6883
6790	1	1.0004001600640257e-4	6884
6791	1	1.0004001600640257e-4	6885
6792	1	1.0004001600640257e-4	6886
6793	1	1.0004001600640257e-4	6887
6794	1	1.0004001600640257e-4	6888
6795	1	1.0004001600640257e-4	6889
6796	1	1.0004001600640257e-4	6890
6797	1	1.0004001600640257e-4	6891
6798	1	1.0004001600640257e-4	6892
6799	1	1.0004001600640257e-4	6893
6800	1	1.0004001600640257e-4	6894
6801	1	1.0004001600640257e-4	6895
6803	1	1.0004001600640257e-4	6896
6804	1	1.0004001600640257e-4	6897
6805	1	1.0004001600640257e-4	6898
6806	1	1.0004001600640257e-4	6899
6807	1	1.0004001600640257e-4	6900
6808	1	1.0004001600640257e-4	6901
6809	1	1.0004001600640257e-4	6902
6810	1	1.0004001600640257e-4	6903
6811	1	1.0004001600640257e-4	6904
6812	1	1.0004001600640257e-4	6905
6813	1	1.0004001600640257e-4	6906
6814	1	1.0004001600640257e-4	6907
6815	1	1.0004001600640257e-4	6908
6816	1	1.0004001600640257e-4	6909
6817	1	1.0004001600640257e-4	6910
6818	1	1.0004001600640257e-4	6911
6819	1	1.0004001600640257e-4	6912
6820	1	1.0004001600640257e-4	6913
6821	1	1.0004001600640257e-4	6914
6822	1	1.0004001600640257e-4	6915
6823	1	1.0004001600640257e-4	6916
6824	1	1.0004001600640257e-4	6917
6825	1	1.0004001600640257e-4	6918
6826	1	1.0004001600640257e-4	6919
6828	1	1.0004001600640257e-4	6920
6829	1	1.0004001600640257e-4	6921
6830	1	1.0004001600640257e-4	6922
6831	1	1.0004001600640257e-4	6923
6832	1	1.0004001600640257e-4	6924
6834	1	1.0004001600640257e-4	6925
6835	1	1.0004001600640257e-4	6926
6836	1	1.0004001600640257e-4	6927
6837	1	1.0004001600640257e-4	6928
6838	1	1.0004001600640257e-4	6929
6839	1	1.0004001600640257e-4	6930
6841	1	1.0004001600640257e-4	6931
6842	1	1.0004001600640257e-4	6932
6843	1	1.0004001600640257e-4	6933
6844	1	1.0004001600640257e-4	6934
6845	1	1.0004001600640257e-4	6935
6846	1	1.0004001600640257e-4	6936
6847	1	1.0004001600640257e-4	6937
6848	1	1.0004001600640257e-4	6938
6849	1	1.0004001600640257e-4	6939
6850	1	1.0004001600640257e-4	6940
6851	1	1.0004001600640257e-4	6941
6852	1	1.0004001600640257e-4	6942
6853	1	1.0004001600640257e-4	6943
6854	1	1.0004001600640257e-4	6944
6855	1	1.0004001600640257e-4	6945
6856	1	1.0004001600640257e-4	6946
6857	1	1.0004001600640257e-4	6947
6858	1	1.0004001600640257e-4	6948
6859	1	1.0004001600640257e-4	6949
6860	1	1.0004001600640257e-4	6950
6861	1	1.0004001600640257e-4	6951
6862	1	1.0004001600640257e-4	6952
6863	1	1.0004001600640257e-4	6953
6864	1	1.0004001600640257e-4	6954
6865	1	1.0004001600640257e-4	6955
6866	1	1.0004001600640257e-4	6956
6867	1	1.0004001600640257e-4	6957
6868	1	1.0004001600640257e-4	6958
6869	1	1.0004001600640257e-4	6959
6870	1	1.0004001600640257e-4	6960
6871	1	1.0004001600640257e-4	6961
6872	1	1.0004001600640257e-4	6962
6873	1	1.0004001600640257e-4	6963
6874	1	1.0004001600640257e-4	6964
6875	1	1.0004001600640257e-4	6965
6876	1	1.0004001600640257e-4	6966
6877	1	1.0004001600640257e-4	6967
6878	1	1.0004001600640257e-4	6968
6879	1	1.0004001600640257e-4	6969
6880	1	1.0004001600640257e-4	6970
6881	1	1.0004001600640257e-4	6971
6882	1	1.0004001600640257e-4	6972
6883	1	1.0004001600640257e-4	6973
6884	1	1.0004001600640257e-4	6974
6885	1	1.0004001600640257e-4	6975
6886	1	1.0004001600640257e-4	6976
6887	1	1.0004001600640257e-4	6977
6888	1	1.0004001600640257e-4	6978
6889	1	1.0004001600640257e-4	6979
6890	1	1.0004001600640257e-4	6980
6891	1	1.0004001600640257e-4	6981
6892	1	1.0004001600640257e-4	6982
6894	1	1.0004001600640257e-4	6983
6895	1	1.0004001600640257e-4	6984
6896	1	1.0004001600640257e-4	6985
6897	1	1.0004001600640257e-4	6986
6898	1	1.0004001600640257e-4	6987
6899	1	1.0004001600640257e-4	6988
6900	1	1.0004001600640257e-4	6989
6901	1	1.0004001600640257e-4	6990
6902	1	1.0004001600640257e-4	6991
6903	1	1.0004001600640257e-4	6992
6904	1	1.0004001600640257e-4	6993
6905	1	1.0004001600640257e-4	6994
6906	1	1.0004001600640257e-4	6995
6907	1	1.0004001600640257e-4	6996
6908	1	1.0004001600640257e-4	6997
6909	1	1.0004001600640257e-4	6998
6910	1	1.0004001600640257e-4	6999
6911	1	1.0004001600640257e-4	7000
6912	1	1.0004001600640257e-4	7001
6913	1	1.0004001600640257e-4	7002
6914	1	1.0004001600640257e-4	7003
6915	1	1.0004001600640257e-4	7004
6916	1	1.0004001600640257e-4	7005
6917	1	1.0004001600640257e-4	7006
6918	1	1.0004001600640257e-4	7007
6919	1	1.0004001600640257e-4	7008
6920	1	1.0004001600640257e-4	7009
6921	1	1.0004001600640257e-4	7010
6922	1	1.0004001600640257e-4	7011
6923	1	1.0004001600640257e-4	7012
6924	1	1.0004001600640257e-4	7013
6925	1	1.0004001600640257e-4	7014
6926	1	1.0004001600640257e-4	7015
6927	1	1.0004001600640257e-4	7016
6928	1	1.0004001600640257e-4	7017
6929	1	1.0004001600640257e-4	7018
6930	1	1.0004001600640257e-4	7019
6931	1	1.0004001600640257e-4	7020
6933	1	1.0004001600640257e-4	7021
6934	1	1.0004001600640257e-4	7022
6935	1	1.0004001600640257e-4	7023
6936	1	1.0004001600640257e-4	7024
6937	1	1.0004001600640257e-4	7025
6939	1	1.0004001600640257e-4	7026
6940	1	1.0004001600640257e-4	7027
6941	1	1.0004001600640257e-4	7028
6943	1	1.0004001600640257e-4	7029
6944	1	1.0004001600640257e-4	7030
6945	1	1.0004001600640257e-4	7031
6946	1	1.0004001600640257e-4	7032
6947	1	1.0004001600640257e-4	7033
6948	1	1.0004001600640257e-4	7034
6949	1	1.0004001600640257e-4	7035
6950	1	1.0004001600640257e-4	7036
6952	1	1.0004001600640257e-4	7037
6953	1	1.0004001600640257e-4	7038
6954	1	1.0004001600640257e-4	7039
6955	1	1.0004001600640257e-4	7040
6956	1	1.0004001600640257e-4	7041
6957	1	1.0004001600640257e-4	7042
6958	1	1.0004001600640257e-4	7043
6959	1	1.0004001600640257e-4	7044
6960	1	1.0004001600640257e-4	7045
6961	1	1.0004001600640257e-4	7046
6962	1	1.0004001600640257e-4	7047
6963	1	1.0004001600640257e-4	7048
6964	1	1.0004001600640257e-4	7049
6965	1	1.0004001600640257e-4	7050
6966	1	1.0004001600640257e-4	7051
6967	1	1.0004001600640257e-4	7052
6968	1	1.0004001600640257e-4	7053
6969	1	1.0004001600640257e-4	7054
6970	1	1.0004001600640257e-4	7055
6971	1	1.0004001600640257e-4	7056
6973	1	1.0004001600640257e-4	7057
6974	1	1.0004001600640257e-4	7058
6975	1	1.0004001600640257e-4	7059
6976	1	1.0004001600640257e-4	7060
6977	1	1.0004001600640257e-4	7061
6978	1	1.0004001600640257e-4	7062
6979	1	1.0004001600640257e-4	7063
6980	1	1.0004001600640257e-4	7064
6981	1	1.0004001600640257e-4	7065
6982	1	1.0004001600640257e-4	7066
6983	1	1.0004001600640257e-4	7067
6984	1	1.0004001600640257e-4	7068
6985	1	1.0004001600640257e-4	7069
6986	1	1.0004001600640257e-4	7070
6987	1	1.0004001600640257e-4	7071
6988	1	1.0004001600640257e-4	7072
6989	1	1.0004001600640257e-4	7073
6990	1	1.0004001600640257e-4	7074
6991	1	1.0004001600640257e-4	7075
6992	1	1.0004001600640257e-4	7076
6993	1	1.0004001600640257e-4	7077
6994	1	1.0004001600640257e-4	7078
6995	1	1.0004001600640257e-4	7079
6996	1	1.0004001600640257e-4	7080
6997	1	1.0004001600640257e-4	7081
6998	1	1.0004001600640257e-4	7082
6999	1	1.0004001600640257e-4	7083
7000	1	1.0004001600640257e-4	7084
7001	1	1.0004001600640257e-4	7085
7002	1	1.0004001600640257e-4	7086
7003	1	1.0004001600640257e-4	7087
7004	1	1.0004001600640257e-4	7088
7005	1	1.0004001600640257e-4	7089
7006	1	1.0004001600640257e-4	7090
7007	1	1.0004001600640257e-4	7091
7008	1	1.0004001600640257e-4	7092
7009	1	1.0004001600640257e-4	7093
7010	1	1.0004001600640257e-4	7094
7011	1	1.0004001600640257e-4	7095
7012	1	1.0004001600640257e-4	7096
7013	1	1.0004001600640257e-4	7097
7014	1	1.0004001600640257e-4	7098
7015	1	1.0004001600640257e-4	7099
7016	1	1.0004001600640257e-4	7100
7017	1	1.0004001600640257e-4	7101
7018	1	1.0004001600640257e-4	7102
7019	1	1.0004001600640257e-4	7103
7020	1	1.0004001600640257e-4	7104
7021	1	1.0004001600640257e-4	7105
7022	1	1.0004001600640257e-4	7106
7023	1	1.0004001600640257e-4	7107
7024	1	1.0004001600640257e-4	7108
7025	1	1.0004001600640257e-4	7109
7026	1	1.0004001600640257e-4	7110
7027	1	1.0004001600640257e-4	7111
7028	1	1.0004001600640257e-4	7112
7029	1	1.0004001600640257e-4	7113
7030	1	1.0004001600640257e-4	7114
7031	1	1.0004001600640257e-4	7115
7032	1	1.0004001600640257e-4	7116
7033	1	1.0004001600640257e-4	7117
7034	1	1.0004001600640257e-4	7118
7035	1	1.0004001600640257e-4	7119
7036	1	1.0004001600640257e-4	7120
7037	1	1.0004001600640257e-4	7121
7038	1	1.0004001600640257e-4	7122
7039	1	1.0004001600640257e-4	7123
7040	1	1.0004001600640257e-4	7124
7041	1	1.0004001600640257e-4	7125
7042	1	1.0004001600640257e-4	7126
7043	1	1.0004001600640257e-4	7127
7044	1	1.0004001600640257e-4	7128
7045	1	1.0004001600640257e-4	7129
7046	1	1.0004001600640257e-4	7130
7047	1	1.0004001600640257e-4	7131
7048	1	1.0004001600640257e-4	7132
7049	1	1.0004001600640257e-4	7133
7050	1	1.0004001600640257e-4	7134
7051	1	1.0004001600640257e-4	7135
7052	1	1.0004001600640257e-4	7136
7053	1	1.0004001600640257e-4	7137
7054	1	1.0004001600640257e-4	7138
7055	1	1.0004001600640257e-4	7139
7056	1	1.0004001600640257e-4	7140
7057	1	1.0004001600640257e-4	7141
7058	1	1.0004001600640257e-4	7142
7059	1	1.0004001600640257e-4	7143
7060	1	1.0004001600640257e-4	7144
7061	1	1.0004001600640257e-4	7145
7062	1	1.0004001600640257e-4	7146
7063	1	1.0004001600640257e-4	7147
7064	1	1.0004001600640257e-4	7148
7065	1	1.0004001600640257e-4	7149
7066	1	1.0004001600640257e-4	7150
7067	1	1.0004001600640257e-4	7151
7068	1	1.0004001600640257e-4	7152
7069	1	1.0004001600640257e-4	7153
7070	1	1.0004001600640257e-4	7154
7071	1	1.0004001600640257e-4	7155
7072	1	1.0004001600640257e-4	7156
7073	1	1.0004001600640257e-4	7157
7074	1	1.0004001600640257e-4	7158
7075	1	1.0004001600640257e-4	7159
7076	1	1.0004001600640257e-4	7160
7078	1	1.0004001600640257e-4	7161
7079	1	1.0004001600640257e-4	7162
7080	1	1.0004001600640257e-4	7163
7081	1	1.0004001600640257e-4	7164
7082	1	1.0004001600640257e-4	7165
7083	1	1.0004001600640257e-4	7166
7084	1	1.0004001600640257e-4	7167
7085	1	1.0004001600640257e-4	7168
7086	1	1.0004001600640257e-4	7169
7087	1	1.0004001600640257e-4	7170
7088	1	1.0004001600640257e-4	7171
7089	1	1.0004001600640257e-4	7172
7090	1	1.0004001600640257e-4	7173
7091	1	1.0004001600640257e-4	7174
7092	1	1.0004001600640257e-4	7175
7093	1	1.0004001600640257e-4	7176
7094	1	1.0004001600640257e-4	7177
7095	1	1.0004001600640257e-4	7178
7096	1	1.0004001600640257e-4	7179
7097	1	1.0004001600640257e-4	7180
7098	1	1.0004001600640257e-4	7181
7099	1	1.0004001600640257e-4	7182
7100	1	1.0004001600640257e-4	7183
7101	1	1.0004001600640257e-4	7184
7102	1	1.0004001600640257e-4	7185
7103	1	1.0004001600640257e-4	7186
7104	1	1.0004001600640257e-4	7187
7105	1	1.0004001600640257e-4	7188
7106	1	1.0004001600640257e-4	7189
7107	1	1.0004001600640257e-4	7190
7108	1	1.0004001600640257e-4	7191
7109	1	1.0004001600640257e-4	7192
7110	1	1.0004001600640257e-4	7193
7111	1	1.0004001600640257e-4	7194
7112	1	1.0004001600640257e-4	7195
7113	1	1.0004001600640257e-4	7196
7114	1	1.0004001600640257e-4	7197
7115	1	1.0004001600640257e-4	7198
7116	1	1.0004001600640257e-4	7199
7117	1	1.0004001600640257e-4	7200
7118	1	1.0004001600640257e-4	7201
7119	1	1.0004001600640257e-4	7202
7120	1	1.0004001600640257e-4	7203
7121	1	1.0004001600640257e-4	7204
7122	1	1.0004001600640257e-4	7205
7123	1	1.0004001600640257e-4	7206
7124	1	1.0004001600640257e-4	7207
7125	1	1.0004001600640257e-4	7208
7126	1	1.0004001600640257e-4	7209
7127	1	1.0004001600640257e-4	7210
7128	1	1.0004001600640257e-4	7211
7129	1	1.0004001600640257e-4	7212
7130	1	1.0004001600640257e-4	7213
7131	1	1.0004001600640257e-4	7214
7132	1	1.0004001600640257e-4	7215
7133	1	1.0004001600640257e-4	7216
7134	1	1.0004001600640257e-4	7217
7135	1	1.0004001600640257e-4	7218
7136	1	1.0004001600640257e-4	7219
7137	1	1.0004001600640257e-4	7220
7138	1	1.0004001600640257e-4	7221
7139	1	1.0004001600640257e-4	7222
7140	1	1.0004001600640257e-4	7223
7141	1	1.0004001600640257e-4	7224
7142	1	1.0004001600640257e-4	7225
7143	1	1.0004001600640257e-4	7226
7144	1	1.0004001600640257e-4	7227
7145	1	1.0004001600640257e-4	7228
7146	1	1.0004001600640257e-4	7229
7147	1	1.0004001600640257e-4	7230
7149	1	1.0004001600640257e-4	7231
7150	1	1.0004001600640257e-4	7232
7151	1	1.0004001600640257e-4	7233
7152	1	1.0004001600640257e-4	7234
7153	1	1.0004001600640257e-4	7235
7154	1	1.0004001600640257e-4	7236
7155	1	1.0004001600640257e-4	7237
7156	1	1.0004001600640257e-4	7238
7157	1	1.0004001600640257e-4	7239
7158	1	1.0004001600640257e-4	7240
7159	1	1.0004001600640257e-4	7241
7160	1	1.0004001600640257e-4	7242
7161	1	1.0004001600640257e-4	7243
7162	1	1.0004001600640257e-4	7244
7163	1	1.0004001600640257e-4	7245
7164	1	1.0004001600640257e-4	7246
7165	1	1.0004001600640257e-4	7247
7167	1	1.0004001600640257e-4	7248
7168	1	1.0004001600640257e-4	7249
7169	1	1.0004001600640257e-4	7250
7170	1	1.0004001600640257e-4	7251
7171	1	1.0004001600640257e-4	7252
7172	1	1.0004001600640257e-4	7253
7173	1	1.0004001600640257e-4	7254
7174	1	1.0004001600640257e-4	7255
7175	1	1.0004001600640257e-4	7256
7176	1	1.0004001600640257e-4	7257
7177	1	1.0004001600640257e-4	7258
7178	1	1.0004001600640257e-4	7259
7179	1	1.0004001600640257e-4	7260
7180	1	1.0004001600640257e-4	7261
7181	1	1.0004001600640257e-4	7262
7182	1	1.0004001600640257e-4	7263
7183	1	1.0004001600640257e-4	7264
7184	1	1.0004001600640257e-4	7265
7185	1	1.0004001600640257e-4	7266
7186	1	1.0004001600640257e-4	7267
7187	1	1.0004001600640257e-4	7268
7188	1	1.0004001600640257e-4	7269
7189	1	1.0004001600640257e-4	7270
7190	1	1.0004001600640257e-4	7271
7191	1	1.0004001600640257e-4	7272
7192	1	1.0004001600640257e-4	7273
7194	1	1.0004001600640257e-4	7274
7195	1	1.0004001600640257e-4	7275
7197	1	1.0004001600640257e-4	7276
7198	1	1.0004001600640257e-4	7277
7199	1	1.0004001600640257e-4	7278
7200	1	1.0004001600640257e-4	7279
7201	1	1.0004001600640257e-4	7280
7202	1	1.0004001600640257e-4	7281
7203	1	1.0004001600640257e-4	7282
7205	1	1.0004001600640257e-4	7283
7206	1	1.0004001600640257e-4	7284
7207	1	1.0004001600640257e-4	7285
7208	1	1.0004001600640257e-4	7286
7209	1	1.0004001600640257e-4	7287
7210	1	1.0004001600640257e-4	7288
7211	1	1.0004001600640257e-4	7289
7212	1	1.0004001600640257e-4	7290
7213	1	1.0004001600640257e-4	7291
7214	1	1.0004001600640257e-4	7292
7215	1	1.0004001600640257e-4	7293
7216	1	1.0004001600640257e-4	7294
7217	1	1.0004001600640257e-4	7295
7218	1	1.0004001600640257e-4	7296
7219	1	1.0004001600640257e-4	7297
7220	1	1.0004001600640257e-4	7298
7221	1	1.0004001600640257e-4	7299
7222	1	1.0004001600640257e-4	7300
7223	1	1.0004001600640257e-4	7301
7224	1	1.0004001600640257e-4	7302
7225	1	1.0004001600640257e-4	7303
7226	1	1.0004001600640257e-4	7304
7227	1	1.0004001600640257e-4	7305
7228	1	1.0004001600640257e-4	7306
7229	1	1.0004001600640257e-4	7307
7230	1	1.0004001600640257e-4	7308
7231	1	1.0004001600640257e-4	7309
7232	1	1.0004001600640257e-4	7310
7233	1	1.0004001600640257e-4	7311
7234	1	1.0004001600640257e-4	7312
7235	1	1.0004001600640257e-4	7313
7236	1	1.0004001600640257e-4	7314
7237	1	1.0004001600640257e-4	7315
7238	1	1.0004001600640257e-4	7316
7239	1	1.0004001600640257e-4	7317
7240	1	1.0004001600640257e-4	7318
7241	1	1.0004001600640257e-4	7319
7242	1	1.0004001600640257e-4	7320
7243	1	1.0004001600640257e-4	7321
7244	1	1.0004001600640257e-4	7322
7245	1	1.0004001600640257e-4	7323
7246	1	1.0004001600640257e-4	7324
7247	1	1.0004001600640257e-4	7325
7248	1	1.0004001600640257e-4	7326
7249	1	1.0004001600640257e-4	7327
7250	1	1.0004001600640257e-4	7328
7251	1	1.0004001600640257e-4	7329
7252	1	1.0004001600640257e-4	7330
7253	1	1.0004001600640257e-4	7331
7254	1	1.0004001600640257e-4	7332
7255	1	1.0004001600640257e-4	7333
7256	1	1.0004001600640257e-4	7334
7257	1	1.0004001600640257e-4	7335
7258	1	1.0004001600640257e-4	7336
7259	1	1.0004001600640257e-4	7337
7260	1	1.0004001600640257e-4	7338
7261	1	1.0004001600640257e-4	7339
7262	1	1.0004001600640257e-4	7340
7263	1	1.0004001600640257e-4	7341
7264	1	1.0004001600640257e-4	7342
7265	1	1.0004001600640257e-4	7343
7266	1	1.0004001600640257e-4	7344
7267	1	1.0004001600640257e-4	7345
7268	1	1.0004001600640257e-4	7346
7269	1	1.0004001600640257e-4	7347
7270	1	1.0004001600640257e-4	7348
7271	1	1.0004001600640257e-4	7349
7272	1	1.0004001600640257e-4	7350
7273	1	1.0004001600640257e-4	7351
7274	1	1.0004001600640257e-4	7352
7275	1	1.0004001600640257e-4	7353
7276	1	1.0004001600640257e-4	7354
7277	1	1.0004001600640257e-4	7355
7278	1	1.0004001600640257e-4	7356
7279	1	1.0004001600640257e-4	7357
7280	1	1.0004001600640257e-4	7358
7281	1	1.0004001600640257e-4	7359
7282	1	1.0004001600640257e-4	7360
7283	1	1.0004001600640257e-4	7361
7284	1	1.0004001600640257e-4	7362
7285	1	1.0004001600640257e-4	7363
7286	1	1.0004001600640257e-4	7364
7287	1	1.0004001600640257e-4	7365
7288	1	1.0004001600640257e-4	7366
7289	1	1.0004001600640257e-4	7367
7290	1	1.0004001600640257e-4	7368
7291	1	1.0004001600640257e-4	7369
7292	1	1.0004001600640257e-4	7370
7293	1	1.0004001600640257e-4	7371
7294	1	1.0004001600640257e-4	7372
7295	1	1.0004001600640257e-4	7373
7296	1	1.0004001600640257e-4	7374
7297	1	1.0004001600640257e-4	7375
7298	1	1.0004001600640257e-4	7376
7299	1	1.0004001600640257e-4	7377
7300	1	1.0004001600640257e-4	7378
7301	1	1.0004001600640257e-4	7379
7302	1	1.0004001600640257e-4	7380
7303	1	1.0004001600640257e-4	7381
7304	1	1.0004001600640257e-4	7382
7305	1	1.0004001600640257e-4	7383
7306	1	1.0004001600640257e-4	7384
7307	1	1.0004001600640257e-4	7385
7308	1	1.0004001600640257e-4	7386
7309	1	1.0004001600640257e-4	7387
7310	1	1.0004001600640257e-4	7388
7311	1	1.0004001600640257e-4	7389
7312	1	1.0004001600640257e-4	7390
7313	1	1.0004001600640257e-4	7391
7314	1	1.0004001600640257e-4	7392
7315	1	1.0004001600640257e-4	7393
7316	1	1.0004001600640257e-4	7394
7317	1	1.0004001600640257e-4	7395
7318	1	1.0004001600640257e-4	7396
7319	1	1.0004001600640257e-4	7397
7320	1	1.0004001600640257e-4	7398
7321	1	1.0004001600640257e-4	7399
7322	1	1.0004001600640257e-4	7400
7323	1	1.0004001600640257e-4	7401
7324	1	1.0004001600640257e-4	7402
7325	1	1.0004001600640257e-4	7403
7326	1	1.0004001600640257e-4	7404
7327	1	1.0004001600640257e-4	7405
7328	1	1.0004001600640257e-4	7406
7329	1	1.0004001600640257e-4	7407
7331	1	1.0004001600640257e-4	7408
7332	1	1.0004001600640257e-4	7409
7333	1	1.0004001600640257e-4	7410
7334	1	1.0004001600640257e-4	7411
7335	1	1.0004001600640257e-4	7412
7336	1	1.0004001600640257e-4	7413
7337	1	1.0004001600640257e-4	7414
7338	1	1.0004001600640257e-4	7415
7339	1	1.0004001600640257e-4	7416
7340	1	1.0004001600640257e-4	7417
7341	1	1.0004001600640257e-4	7418
7342	1	1.0004001600640257e-4	7419
7343	1	1.0004001600640257e-4	7420
7344	1	1.0004001600640257e-4	7421
7345	1	1.0004001600640257e-4	7422
7346	1	1.0004001600640257e-4	7423
7347	1	1.0004001600640257e-4	7424
7348	1	1.0004001600640257e-4	7425
7349	1	1.0004001600640257e-4	7426
7350	1	1.0004001600640257e-4	7427
7351	1	1.0004001600640257e-4	7428
7352	1	1.0004001600640257e-4	7429
7353	1	1.0004001600640257e-4	7430
7354	1	1.0004001600640257e-4	7431
7355	1	1.0004001600640257e-4	7432
7356	1	1.0004001600640257e-4	7433
7357	1	1.0004001600640257e-4	7434
7358	1	1.0004001600640257e-4	7435
7359	1	1.0004001600640257e-4	7436
7360	1	1.0004001600640257e-4	7437
7361	1	1.0004001600640257e-4	7438
7362	1	1.0004001600640257e-4	7439
7363	1	1.0004001600640257e-4	7440
7364	1	1.0004001600640257e-4	7441
7365	1	1.0004001600640257e-4	7442
7366	1	1.0004001600640257e-4	7443
7367	1	1.0004001600640257e-4	7444
7368	1	1.0004001600640257e-4	7445
7369	1	1.0004001600640257e-4	7446
7370	1	1.0004001600640257e-4	7447
7371	1	1.0004001600640257e-4	7448
7372	1	1.0004001600640257e-4	7449
7373	1	1.0004001600640257e-4	7450
7374	1	1.0004001600640257e-4	7451
7375	1	1.0004001600640257e-4	7452
7376	1	1.0004001600640257e-4	7453
7377	1	1.0004001600640257e-4	7454
7378	1	1.0004001600640257e-4	7455
7379	1	1.0004001600640257e-4	7456
7380	1	1.0004001600640257e-4	7457
7381	1	1.0004001600640257e-4	7458
7382	1	1.0004001600640257e-4	7459
7383	1	1.0004001600640257e-4	7460
7384	1	1.0004001600640257e-4	7461
7385	1	1.0004001600640257e-4	7462
7386	1	1.0004001600640257e-4	7463
7387	1	1.0004001600640257e-4	7464
7388	1	1.0004001600640257e-4	7465
7389	1	1.0004001600640257e-4	7466
7390	1	1.0004001600640257e-4	7467
7391	1	1.0004001600640257e-4	7468
7392	1	1.0004001600640257e-4	7469
7393	1	1.0004001600640257e-4	7470
7394	1	1.0004001600640257e-4	7471
7395	1	1.0004001600640257e-4	7472
7396	1	1.0004001600640257e-4	7473
7397	1	1.0004001600640257e-4	7474
7398	1	1.0004001600640257e-4	7475
7399	1	1.0004001600640257e-4	7476
7400	1	1.0004001600640257e-4	7477
7402	1	1.0004001600640257e-4	7478
7403	1	1.0004001600640257e-4	7479
7404	1	1.0004001600640257e-4	7480
7405	1	1.0004001600640257e-4	7481
7406	1	1.0004001600640257e-4	7482
7407	1	1.0004001600640257e-4	7483
7408	1	1.0004001600640257e-4	7484
7409	1	1.0004001600640257e-4	7485
7410	1	1.0004001600640257e-4	7486
7411	1	1.0004001600640257e-4	7487
7412	1	1.0004001600640257e-4	7488
7413	1	1.0004001600640257e-4	7489
7414	1	1.0004001600640257e-4	7490
7415	1	1.0004001600640257e-4	7491
7417	1	1.0004001600640257e-4	7492
7418	1	1.0004001600640257e-4	7493
7419	1	1.0004001600640257e-4	7494
7420	1	1.0004001600640257e-4	7495
7421	1	1.0004001600640257e-4	7496
7422	1	1.0004001600640257e-4	7497
7423	1	1.0004001600640257e-4	7498
7424	1	1.0004001600640257e-4	7499
7425	1	1.0004001600640257e-4	7500
7426	1	1.0004001600640257e-4	7501
7427	1	1.0004001600640257e-4	7502
7428	1	1.0004001600640257e-4	7503
7429	1	1.0004001600640257e-4	7504
7430	1	1.0004001600640257e-4	7505
7431	1	1.0004001600640257e-4	7506
7432	1	1.0004001600640257e-4	7507
7433	1	1.0004001600640257e-4	7508
7434	1	1.0004001600640257e-4	7509
7435	1	1.0004001600640257e-4	7510
7436	1	1.0004001600640257e-4	7511
7437	1	1.0004001600640257e-4	7512
7438	1	1.0004001600640257e-4	7513
7441	1	1.0004001600640257e-4	7514
7442	1	1.0004001600640257e-4	7515
7443	1	1.0004001600640257e-4	7516
7444	1	1.0004001600640257e-4	7517
7445	1	1.0004001600640257e-4	7518
7446	1	1.0004001600640257e-4	7519
7447	1	1.0004001600640257e-4	7520
7448	1	1.0004001600640257e-4	7521
7449	1	1.0004001600640257e-4	7522
7450	1	1.0004001600640257e-4	7523
7451	1	1.0004001600640257e-4	7524
7452	1	1.0004001600640257e-4	7525
7453	1	1.0004001600640257e-4	7526
7454	1	1.0004001600640257e-4	7527
7455	1	1.0004001600640257e-4	7528
7456	1	1.0004001600640257e-4	7529
7458	1	1.0004001600640257e-4	7530
7459	1	1.0004001600640257e-4	7531
7460	1	1.0004001600640257e-4	7532
7461	1	1.0004001600640257e-4	7533
7462	1	1.0004001600640257e-4	7534
7463	1	1.0004001600640257e-4	7535
7464	1	1.0004001600640257e-4	7536
7465	1	1.0004001600640257e-4	7537
7466	1	1.0004001600640257e-4	7538
7467	1	1.0004001600640257e-4	7539
7468	1	1.0004001600640257e-4	7540
7469	1	1.0004001600640257e-4	7541
7470	1	1.0004001600640257e-4	7542
7471	1	1.0004001600640257e-4	7543
7473	1	1.0004001600640257e-4	7544
7474	1	1.0004001600640257e-4	7545
7475	1	1.0004001600640257e-4	7546
7476	1	1.0004001600640257e-4	7547
7477	1	1.0004001600640257e-4	7548
7478	1	1.0004001600640257e-4	7549
7479	1	1.0004001600640257e-4	7550
7480	1	1.0004001600640257e-4	7551
7481	1	1.0004001600640257e-4	7552
7482	1	1.0004001600640257e-4	7553
7483	1	1.0004001600640257e-4	7554
7484	1	1.0004001600640257e-4	7555
7485	1	1.0004001600640257e-4	7556
7486	1	1.0004001600640257e-4	7557
7487	1	1.0004001600640257e-4	7558
7488	1	1.0004001600640257e-4	7559
7489	1	1.0004001600640257e-4	7560
7490	1	1.0004001600640257e-4	7561
7491	1	1.0004001600640257e-4	7562
7492	1	1.0004001600640257e-4	7563
7493	1	1.0004001600640257e-4	7564
7494	1	1.0004001600640257e-4	7565
7495	1	1.0004001600640257e-4	7566
7496	1	1.0004001600640257e-4	7567
7497	1	1.0004001600640257e-4	7568
7498	1	1.0004001600640257e-4	7569
7499	1	1.0004001600640257e-4	7570
7500	1	1.0004001600640257e-4	7571
7501	1	1.0004001600640257e-4	7572
7502	1	1.0004001600640257e-4	7573
7503	1	1.0004001600640257e-4	7574
7504	1	1.0004001600640257e-4	7575
7505	1	1.0004001600640257e-4	7576
7506	1	1.0004001600640257e-4	7577
7507	1	1.0004001600640257e-4	7578
7508	1	1.0004001600640257e-4	7579
7509	1	1.0004001600640257e-4	7580
7510	1	1.0004001600640257e-4	7581
7511	1	1.0004001600640257e-4	7582
7512	1	1.0004001600640257e-4	7583
7513	1	1.0004001600640257e-4	7584
7514	1	1.0004001600640257e-4	7585
7515	1	1.0004001600640257e-4	7586
7516	1	1.0004001600640257e-4	7587
7517	1	1.0004001600640257e-4	7588
7518	1	1.0004001600640257e-4	7589
7519	1	1.0004001600640257e-4	7590
7520	1	1.0004001600640257e-4	7591
7521	1	1.0004001600640257e-4	7592
7522	1	1.0004001600640257e-4	7593
7523	1	1.0004001600640257e-4	7594
7524	1	1.0004001600640257e-4	7595
7525	1	1.0004001600640257e-4	7596
7526	1	1.0004001600640257e-4	7597
7527	1	1.0004001600640257e-4	7598
7528	1	1.0004001600640257e-4	7599
7529	1	1.0004001600640257e-4	7600
7530	1	1.0004001600640257e-4	7601
7531	1	1.0004001600640257e-4	7602
7532	1	1.0004001600640257e-4	7603
7533	1	1.0004001600640257e-4	7604
7534	1	1.0004001600640257e-4	7605
7535	1	1.0004001600640257e-4	7606
7536	1	1.0004001600640257e-4	7607
7537	1	1.0004001600640257e-4	7608
7538	1	1.0004001600640257e-4	7609
7539	1	1.0004001600640257e-4	7610
7540	1	1.0004001600640257e-4	7611
7541	1	1.0004001600640257e-4	7612
7542	1	1.0004001600640257e-4	7613
7543	1	1.0004001600640257e-4	7614
7544	1	1.0004001600640257e-4	7615
7545	1	1.0004001600640257e-4	7616
7546	1	1.0004001600640257e-4	7617
7547	1	1.0004001600640257e-4	7618
7548	1	1.0004001600640257e-4	7619
7549	1	1.0004001600640257e-4	7620
7550	1	1.0004001600640257e-4	7621
7551	1	1.0004001600640257e-4	7622
7552	1	1.0004001600640257e-4	7623
7553	1	1.0004001600640257e-4	7624
7554	1	1.0004001600640257e-4	7625
7555	1	1.0004001600640257e-4	7626
7556	1	1.0004001600640257e-4	7627
7557	1	1.0004001600640257e-4	7628
7558	1	1.0004001600640257e-4	7629
7559	1	1.0004001600640257e-4	7630
7560	1	1.0004001600640257e-4	7631
7561	1	1.0004001600640257e-4	7632
7562	1	1.0004001600640257e-4	7633
7563	1	1.0004001600640257e-4	7634
7564	1	1.0004001600640257e-4	7635
7565	1	1.0004001600640257e-4	7636
7566	1	1.0004001600640257e-4	7637
7567	1	1.0004001600640257e-4	7638
7568	1	1.0004001600640257e-4	7639
7569	1	1.0004001600640257e-4	7640
7570	1	1.0004001600640257e-4	7641
7571	1	1.0004001600640257e-4	7642
7572	1	1.0004001600640257e-4	7643
7573	1	1.0004001600640257e-4	7644
7574	1	1.0004001600640257e-4	7645
7575	1	1.0004001600640257e-4	7646
7576	1	1.0004001600640257e-4	7647
7578	1	1.0004001600640257e-4	7648
7579	1	1.0004001600640257e-4	7649
7580	1	1.0004001600640257e-4	7650
7581	1	1.0004001600640257e-4	7651
7582	1	1.0004001600640257e-4	7652
7583	1	1.0004001600640257e-4	7653
7584	1	1.0004001600640257e-4	7654
7585	1	1.0004001600640257e-4	7655
7586	1	1.0004001600640257e-4	7656
7587	1	1.0004001600640257e-4	7657
7588	1	1.0004001600640257e-4	7658
7589	1	1.0004001600640257e-4	7659
7590	1	1.0004001600640257e-4	7660
7591	1	1.0004001600640257e-4	7661
7592	1	1.0004001600640257e-4	7662
7593	1	1.0004001600640257e-4	7663
7594	1	1.0004001600640257e-4	7664
7595	1	1.0004001600640257e-4	7665
7596	1	1.0004001600640257e-4	7666
7597	1	1.0004001600640257e-4	7667
7598	1	1.0004001600640257e-4	7668
7599	1	1.0004001600640257e-4	7669
7600	1	1.0004001600640257e-4	7670
7601	1	1.0004001600640257e-4	7671
7602	1	1.0004001600640257e-4	7672
7603	1	1.0004001600640257e-4	7673
7604	1	1.0004001600640257e-4	7674
7605	1	1.0004001600640257e-4	7675
7606	1	1.0004001600640257e-4	7676
7607	1	1.0004001600640257e-4	7677
7608	1	1.0004001600640257e-4	7678
7609	1	1.0004001600640257e-4	7679
7610	1	1.0004001600640257e-4	7680
7611	1	1.0004001600640257e-4	7681
7612	1	1.0004001600640257e-4	7682
7613	1	1.0004001600640257e-4	7683
7614	1	1.0004001600640257e-4	7684
7615	1	1.0004001600640257e-4	7685
7616	1	1.0004001600640257e-4	7686
7617	1	1.0004001600640257e-4	7687
7618	1	1.0004001600640257e-4	7688
7621	1	1.0004001600640257e-4	7689
7622	1	1.0004001600640257e-4	7690
7623	1	1.0004001600640257e-4	7691
7624	1	1.0004001600640257e-4	7692
7625	1	1.0004001600640257e-4	7693
7626	1	1.0004001600640257e-4	7694
7627	1	1.0004001600640257e-4	7695
7628	1	1.0004001600640257e-4	7696
7630	1	1.0004001600640257e-4	7697
7631	1	1.0004001600640257e-4	7698
7632	1	1.0004001600640257e-4	7699
7633	1	1.0004001600640257e-4	7700
7635	1	1.0004001600640257e-4	7701
7636	1	1.0004001600640257e-4	7702
7637	1	1.0004001600640257e-4	7703
7638	1	1.0004001600640257e-4	7704
7639	1	1.0004001600640257e-4	7705
7640	1	1.0004001600640257e-4	7706
7641	1	1.0004001600640257e-4	7707
7642	1	1.0004001600640257e-4	7708
7643	1	1.0004001600640257e-4	7709
7644	1	1.0004001600640257e-4	7710
7645	1	1.0004001600640257e-4	7711
7646	1	1.0004001600640257e-4	7712
7647	1	1.0004001600640257e-4	7713
7648	1	1.0004001600640257e-4	7714
7649	1	1.0004001600640257e-4	7715
7650	1	1.0004001600640257e-4	7716
7651	1	1.0004001600640257e-4	7717
7652	1	1.0004001600640257e-4	7718
7653	1	1.0004001600640257e-4	7719
7654	1	1.0004001600640257e-4	7720
7655	1	1.0004001600640257e-4	7721
7656	1	1.0004001600640257e-4	7722
7657	1	1.0004001600640257e-4	7723
7658	1	1.0004001600640257e-4	7724
7659	1	1.0004001600640257e-4	7725
7660	1	1.0004001600640257e-4	7726
7661	1	1.0004001600640257e-4	7727
7662	1	1.0004001600640257e-4	7728
7663	1	1.0004001600640257e-4	7729
7665	1	1.0004001600640257e-4	7730
7666	1	1.0004001600640257e-4	7731
7667	1	1.0004001600640257e-4	7732
7668	1	1.0004001600640257e-4	7733
7669	1	1.0004001600640257e-4	7734
7670	1	1.0004001600640257e-4	7735
7671	1	1.0004001600640257e-4	7736
7672	1	1.0004001600640257e-4	7737
7673	1	1.0004001600640257e-4	7738
7674	1	1.0004001600640257e-4	7739
7675	1	1.0004001600640257e-4	7740
7676	1	1.0004001600640257e-4	7741
7677	1	1.0004001600640257e-4	7742
7678	1	1.0004001600640257e-4	7743
7679	1	1.0004001600640257e-4	7744
7680	1	1.0004001600640257e-4	7745
7681	1	1.0004001600640257e-4	7746
7682	1	1.0004001600640257e-4	7747
7683	1	1.0004001600640257e-4	7748
7684	1	1.0004001600640257e-4	7749
7685	1	1.0004001600640257e-4	7750
7687	1	1.0004001600640257e-4	7751
7688	1	1.0004001600640257e-4	7752
7689	1	1.0004001600640257e-4	7753
7690	1	1.0004001600640257e-4	7754
7691	1	1.0004001600640257e-4	7755
7692	1	1.0004001600640257e-4	7756
7693	1	1.0004001600640257e-4	7757
7694	1	1.0004001600640257e-4	7758
7695	1	1.0004001600640257e-4	7759
7696	1	1.0004001600640257e-4	7760
7697	1	1.0004001600640257e-4	7761
7698	1	1.0004001600640257e-4	7762
7699	1	1.0004001600640257e-4	7763
7700	1	1.0004001600640257e-4	7764
7701	1	1.0004001600640257e-4	7765
7702	1	1.0004001600640257e-4	7766
7703	1	1.0004001600640257e-4	7767
7704	1	1.0004001600640257e-4	7768
7705	1	1.0004001600640257e-4	7769
7706	1	1.0004001600640257e-4	7770
7707	1	1.0004001600640257e-4	7771
7708	1	1.0004001600640257e-4	7772
7709	1	1.0004001600640257e-4	7773
7710	1	1.0004001600640257e-4	7774
7711	1	1.0004001600640257e-4	7775
7712	1	1.0004001600640257e-4	7776
7713	1	1.0004001600640257e-4	7777
7714	1	1.0004001600640257e-4	7778
7715	1	1.0004001600640257e-4	7779
7716	1	1.0004001600640257e-4	7780
7717	1	1.0004001600640257e-4	7781
7718	1	1.0004001600640257e-4	7782
7719	1	1.0004001600640257e-4	7783
7720	1	1.0004001600640257e-4	7784
7721	1	1.0004001600640257e-4	7785
7722	1	1.0004001600640257e-4	7786
7723	1	1.0004001600640257e-4	7787
7725	1	1.0004001600640257e-4	7788
7726	1	1.0004001600640257e-4	7789
7727	1	1.0004001600640257e-4	7790
7728	1	1.0004001600640257e-4	7791
7729	1	1.0004001600640257e-4	7792
7730	1	1.0004001600640257e-4	7793
7731	1	1.0004001600640257e-4	7794
7732	1	1.0004001600640257e-4	7795
7733	1	1.0004001600640257e-4	7796
7734	1	1.0004001600640257e-4	7797
7735	1	1.0004001600640257e-4	7798
7736	1	1.0004001600640257e-4	7799
7737	1	1.0004001600640257e-4	7800
7738	1	1.0004001600640257e-4	7801
7739	1	1.0004001600640257e-4	7802
7740	1	1.0004001600640257e-4	7803
7741	1	1.0004001600640257e-4	7804
7742	1	1.0004001600640257e-4	7805
7743	1	1.0004001600640257e-4	7806
7744	1	1.0004001600640257e-4	7807
7745	1	1.0004001600640257e-4	7808
7746	1	1.0004001600640257e-4	7809
7747	1	1.0004001600640257e-4	7810
7748	1	1.0004001600640257e-4	7811
7749	1	1.0004001600640257e-4	7812
7750	1	1.0004001600640257e-4	7813
7751	1	1.0004001600640257e-4	7814
7752	1	1.0004001600640257e-4	7815
7753	1	1.0004001600640257e-4	7816
7754	1	1.0004001600640257e-4	7817
7755	1	1.0004001600640257e-4	7818
7756	1	1.0004001600640257e-4	7819
7757	1	1.0004001600640257e-4	7820
7758	1	1.0004001600640257e-4	7821
7759	1	1.0004001600640257e-4	7822
7760	1	1.0004001600640257e-4	7823
7761	1	1.0004001600640257e-4	7824
7762	1	1.0004001600640257e-4	7825
7763	1	1.0004001600640257e-4	7826
7764	1	1.0004001600640257e-4	7827
7765	1	1.0004001600640257e-4	7828
7766	1	1.0004001600640257e-4	7829
7768	1	1.0004001600640257e-4	7830
7769	1	1.0004001600640257e-4	7831
7770	1	1.0004001600640257e-4	7832
7771	1	1.0004001600640257e-4	7833
7772	1	1.0004001600640257e-4	7834
7773	1	1.0004001600640257e-4	7835
7774	1	1.0004001600640257e-4	7836
7775	1	1.0004001600640257e-4	7837
7776	1	1.0004001600640257e-4	7838
7777	1	1.0004001600640257e-4	7839
7778	1	1.0004001600640257e-4	7840
7779	1	1.0004001600640257e-4	7841
7780	1	1.0004001600640257e-4	7842
7781	1	1.0004001600640257e-4	7843
7782	1	1.0004001600640257e-4	7844
7783	1	1.0004001600640257e-4	7845
7784	1	1.0004001600640257e-4	7846
7785	1	1.0004001600640257e-4	7847
7786	1	1.0004001600640257e-4	7848
7787	1	1.0004001600640257e-4	7849
7788	1	1.0004001600640257e-4	7850
7789	1	1.0004001600640257e-4	7851
7790	1	1.0004001600640257e-4	7852
7791	1	1.0004001600640257e-4	7853
7793	1	1.0004001600640257e-4	7854
7794	1	1.0004001600640257e-4	7855
7796	1	1.0004001600640257e-4	7856
7797	1	1.0004001600640257e-4	7857
7798	1	1.0004001600640257e-4	7858
7799	1	1.0004001600640257e-4	7859
7800	1	1.0004001600640257e-4	7860
7801	1	1.0004001600640257e-4	7861
7802	1	1.0004001600640257e-4	7862
7803	1	1.0004001600640257e-4	7863
7804	1	1.0004001600640257e-4	7864
7805	1	1.0004001600640257e-4	7865
7806	1	1.0004001600640257e-4	7866
7807	1	1.0004001600640257e-4	7867
7808	1	1.0004001600640257e-4	7868
7809	1	1.0004001600640257e-4	7869
7810	1	1.0004001600640257e-4	7870
7811	1	1.0004001600640257e-4	7871
7812	1	1.0004001600640257e-4	7872
7817	1	1.0004001600640257e-4	7873
7818	1	1.0004001600640257e-4	7874
7819	1	1.0004001600640257e-4	7875
7820	1	1.0004001600640257e-4	7876
7821	1	1.0004001600640257e-4	7877
7822	1	1.0004001600640257e-4	7878
7823	1	1.0004001600640257e-4	7879
7824	1	1.0004001600640257e-4	7880
7826	1	1.0004001600640257e-4	7881
7827	1	1.0004001600640257e-4	7882
7828	1	1.0004001600640257e-4	7883
7829	1	1.0004001600640257e-4	7884
7830	1	1.0004001600640257e-4	7885
7831	1	1.0004001600640257e-4	7886
7832	1	1.0004001600640257e-4	7887
7833	1	1.0004001600640257e-4	7888
7834	1	1.0004001600640257e-4	7889
7835	1	1.0004001600640257e-4	7890
7836	1	1.0004001600640257e-4	7891
7837	1	1.0004001600640257e-4	7892
7838	1	1.0004001600640257e-4	7893
7839	1	1.0004001600640257e-4	7894
7840	1	1.0004001600640257e-4	7895
7841	1	1.0004001600640257e-4	7896
7842	1	1.0004001600640257e-4	7897
7843	1	1.0004001600640257e-4	7898
7844	1	1.0004001600640257e-4	7899
7845	1	1.0004001600640257e-4	7900
7846	1	1.0004001600640257e-4	7901
7847	1	1.0004001600640257e-4	7902
7848	1	1.0004001600640257e-4	7903
7849	1	1.0004001600640257e-4	7904
7850	1	1.0004001600640257e-4	7905
7851	1	1.0004001600640257e-4	7906
7852	1	1.0004001600640257e-4	7907
7853	1	1.0004001600640257e-4	7908
7854	1	1.0004001600640257e-4	7909
7855	1	1.0004001600640257e-4	7910
7856	1	1.0004001600640257e-4	7911
7857	1	1.0004001600640257e-4	7912
7858	1	1.0004001600640257e-4	7913
7859	1	1.0004001600640257e-4	7914
7860	1	1.0004001600640257e-4	7915
7861	1	1.0004001600640257e-4	7916
7862	1	1.0004001600640257e-4	7917
7863	1	1.0004001600640257e-4	7918
7864	1	1.0004001600640257e-4	7919
7865	1	1.0004001600640257e-4	7920
7866	1	1.0004001600640257e-4	7921
7867	1	1.0004001600640257e-4	7922
7868	1	1.0004001600640257e-4	7923
7869	1	1.0004001600640257e-4	7924
7870	1	1.0004001600640257e-4	7925
7871	1	1.0004001600640257e-4	7926
7872	1	1.0004001600640257e-4	7927
7873	1	1.0004001600640257e-4	7928
7874	1	1.0004001600640257e-4	7929
7875	1	1.0004001600640257e-4	7930
7876	1	1.0004001600640257e-4	7931
7877	1	1.0004001600640257e-4	7932
7878	1	1.0004001600640257e-4	7933
7879	1	1.0004001600640257e-4	7934
7880	1	1.0004001600640257e-4	7935
7881	1	1.0004001600640257e-4	7936
7882	1	1.0004001600640257e-4	7937
7883	1	1.0004001600640257e-4	7938
7884	1	1.0004001600640257e-4	7939
7885	1	1.0004001600640257e-4	7940
7886	1	1.0004001600640257e-4	7941
7887	1	1.0004001600640257e-4	7942
7889	1	1.0004001600640257e-4	7943
7890	1	1.0004001600640257e-4	7944
7891	1	1.0004001600640257e-4	7945
7892	1	1.0004001600640257e-4	7946
7893	1	1.0004001600640257e-4	7947
7894	1	1.0004001600640257e-4	7948
7895	1	1.0004001600640257e-4	7949
7896	1	1.0004001600640257e-4	7950
7897	1	1.0004001600640257e-4	7951
7898	1	1.0004001600640257e-4	7952
7899	1	1.0004001600640257e-4	7953
7900	1	1.0004001600640257e-4	7954
7901	1	1.0004001600640257e-4	7955
7902	1	1.0004001600640257e-4	7956
7903	1	1.0004001600640257e-4	7957
7904	1	1.0004001600640257e-4	7958
7905	1	1.0004001600640257e-4	7959
7906	1	1.0004001600640257e-4	7960
7907	1	1.0004001600640257e-4	7961
7908	1	1.0004001600640257e-4	7962
7909	1	1.0004001600640257e-4	7963
7910	1	1.0004001600640257e-4	7964
7911	1	1.0004001600640257e-4	7965
7912	1	1.0004001600640257e-4	7966
7913	1	1.0004001600640257e-4	7967
7914	1	1.0004001600640257e-4	7968
7915	1	1.0004001600640257e-4	7969
7916	1	1.0004001600640257e-4	7970
7917	1	1.0004001600640257e-4	7971
7918	1	1.0004001600640257e-4	7972
7919	1	1.0004001600640257e-4	7973
7920	1	1.0004001600640257e-4	7974
7921	1	1.0004001600640257e-4	7975
7923	1	1.0004001600640257e-4	7976
7924	1	1.0004001600640257e-4	7977
7925	1	1.0004001600640257e-4	7978
7926	1	1.0004001600640257e-4	7979
7927	1	1.0004001600640257e-4	7980
7928	1	1.0004001600640257e-4	7981
7929	1	1.0004001600640257e-4	7982
7930	1	1.0004001600640257e-4	7983
7931	1	1.0004001600640257e-4	7984
7932	1	1.0004001600640257e-4	7985
7933	1	1.0004001600640257e-4	7986
7934	1	1.0004001600640257e-4	7987
7935	1	1.0004001600640257e-4	7988
7936	1	1.0004001600640257e-4	7989
7937	1	1.0004001600640257e-4	7990
7939	1	1.0004001600640257e-4	7991
7940	1	1.0004001600640257e-4	7992
7941	1	1.0004001600640257e-4	7993
7942	1	1.0004001600640257e-4	7994
7943	1	1.0004001600640257e-4	7995
7944	1	1.0004001600640257e-4	7996
7945	1	1.0004001600640257e-4	7997
7947	1	1.0004001600640257e-4	7998
7948	1	1.0004001600640257e-4	7999
7949	1	1.0004001600640257e-4	8000
7950	1	1.0004001600640257e-4	8001
7951	1	1.0004001600640257e-4	8002
7952	1	1.0004001600640257e-4	8003
7953	1	1.0004001600640257e-4	8004
7954	1	1.0004001600640257e-4	8005
7955	1	1.0004001600640257e-4	8006
7956	1	1.0004001600640257e-4	8007
7957	1	1.0004001600640257e-4	8008
7958	1	1.0004001600640257e-4	8009
7959	1	1.0004001600640257e-4	8010
7960	1	1.0004001600640257e-4	8011
7961	1	1.0004001600640257e-4	8012
7962	1	1.0004001600640257e-4	8013
7963	1	1.0004001600640257e-4	8014
7964	1	1.0004001600640257e-4	8015
7965	1	1.0004001600640257e-4	8016
7966	1	1.0004001600640257e-4	8017
7967	1	1.0004001600640257e-4	8018
7968	1	1.0004001600640257e-4	8019
7969	1	1.0004001600640257e-4	8020
7970	1	1.0004001600640257e-4	8021
7971	1	1.0004001600640257e-4	8022
7972	1	1.0004001600640257e-4	8023
7973	1	1.0004001600640257e-4	8024
7974	1	1.0004001600640257e-4	8025
7975	1	1.0004001600640257e-4	8026
7976	1	1.0004001600640257e-4	8027
7977	1	1.0004001600640257e-4	8028
7978	1	1.0004001600640257e-4	8029
7979	1	1.0004001600640257e-4	8030
7980	1	1.0004001600640257e-4	8031
7981	1	1.0004001600640257e-4	8032
7982	1	1.0004001600640257e-4	8033
7983	1	1.0004001600640257e-4	8034
7984	1	1.0004001600640257e-4	8035
7985	1	1.0004001600640257e-4	8036
7986	1	1.0004001600640257e-4	8037
7987	1	1.0004001600640257e-4	8038
7988	1	1.0004001600640257e-4	8039
7989	1	1.0004001600640257e-4	8040
7990	1	1.0004001600640257e-4	8041
7991	1	1.0004001600640257e-4	8042
7992	1	1.0004001600640257e-4	8043
7993	1	1.0004001600640257e-4	8044
7994	1	1.0004001600640257e-4	8045
7995	1	1.0004001600640257e-4	8046
7996	1	1.0004001600640257e-4	8047
7997	1	1.0004001600640257e-4	8048
7998	1	1.0004001600640257e-4	8049
7999	1	1.0004001600640257e-4	8050
8000	1	1.0004001600640257e-4	8051
8001	1	1.0004001600640257e-4	8052
8002	1	1.0004001600640257e-4	8053
8003	1	1.0004001600640257e-4	8054
8004	1	1.0004001600640257e-4	8055
8005	1	1.0004001600640257e-4	8056
8006	1	1.0004001600640257e-4	8057
8007	1	1.0004001600640257e-4	8058
8008	1	1.0004001600640257e-4	8059
8009	1	1.0004001600640257e-4	8060
8010	1	1.0004001600640257e-4	8061
8011	1	1.0004001600640257e-4	8062
8012	1	1.0004001600640257e-4	8063
8013	1	1.0004001600640257e-4	8064
8014	1	1.0004001600640257e-4	8065
8015	1	1.0004001600640257e-4	8066
8017	1	1.0004001600640257e-4	8067
8019	1	1.0004001600640257e-4	8068
8020	1	1.0004001600640257e-4	8069
8021	1	1.0004001600640257e-4	8070
8022	1	1.0004001600640257e-4	8071
8023	1	1.0004001600640257e-4	8072
8024	1	1.0004001600640257e-4	8073
8025	1	1.0004001600640257e-4	8074
8026	1	1.0004001600640257e-4	8075
8027	1	1.0004001600640257e-4	8076
8028	1	1.0004001600640257e-4	8077
8029	1	1.0004001600640257e-4	8078
8030	1	1.0004001600640257e-4	8079
8031	1	1.0004001600640257e-4	8080
8032	1	1.0004001600640257e-4	8081
8033	1	1.0004001600640257e-4	8082
8034	1	1.0004001600640257e-4	8083
8035	1	1.0004001600640257e-4	8084
8036	1	1.0004001600640257e-4	8085
8037	1	1.0004001600640257e-4	8086
8038	1	1.0004001600640257e-4	8087
8039	1	1.0004001600640257e-4	8088
8040	1	1.0004001600640257e-4	8089
8041	1	1.0004001600640257e-4	8090
8042	1	1.0004001600640257e-4	8091
8043	1	1.0004001600640257e-4	8092
8044	1	1.0004001600640257e-4	8093
8045	1	1.0004001600640257e-4	8094
8046	1	1.0004001600640257e-4	8095
8047	1	1.0004001600640257e-4	8096
8048	1	1.0004001600640257e-4	8097
8049	1	1.0004001600640257e-4	8098
8050	1	1.0004001600640257e-4	8099
8051	1	1.0004001600640257e-4	8100
8052	1	1.0004001600640257e-4	8101
8053	1	1.0004001600640257e-4	8102
8054	1	1.0004001600640257e-4	8103
8055	1	1.0004001600640257e-4	8104
8056	1	1.0004001600640257e-4	8105
8057	1	1.0004001600640257e-4	8106
8058	1	1.0004001600640257e-4	8107
8059	1	1.0004001600640257e-4	8108
8060	1	1.0004001600640257e-4	8109
8061	1	1.0004001600640257e-4	8110
8062	1	1.0004001600640257e-4	8111
8063	1	1.0004001600640257e-4	8112
8064	1	1.0004001600640257e-4	8113
8065	1	1.0004001600640257e-4	8114
8066	1	1.0004001600640257e-4	8115
8067	1	1.0004001600640257e-4	8116
8068	1	1.0004001600640257e-4	8117
8069	1	1.0004001600640257e-4	8118
8070	1	1.0004001600640257e-4	8119
8071	1	1.0004001600640257e-4	8120
8072	1	1.0004001600640257e-4	8121
8073	1	1.0004001600640257e-4	8122
8074	1	1.0004001600640257e-4	8123
8075	1	1.0004001600640257e-4	8124
8076	1	1.0004001600640257e-4	8125
8077	1	1.0004001600640257e-4	8126
8078	1	1.0004001600640257e-4	8127
8080	1	1.0004001600640257e-4	8128
8081	1	1.0004001600640257e-4	8129
8082	1	1.0004001600640257e-4	8130
8084	1	1.0004001600640257e-4	8131
8085	1	1.0004001600640257e-4	8132
8086	1	1.0004001600640257e-4	8133
8087	1	1.0004001600640257e-4	8134
8088	1	1.0004001600640257e-4	8135
8089	1	1.0004001600640257e-4	8136
8090	1	1.0004001600640257e-4	8137
8091	1	1.0004001600640257e-4	8138
8092	1	1.0004001600640257e-4	8139
8093	1	1.0004001600640257e-4	8140
8094	1	1.0004001600640257e-4	8141
8095	1	1.0004001600640257e-4	8142
8096	1	1.0004001600640257e-4	8143
8097	1	1.0004001600640257e-4	8144
8098	1	1.0004001600640257e-4	8145
8099	1	1.0004001600640257e-4	8146
8100	1	1.0004001600640257e-4	8147
8101	1	1.0004001600640257e-4	8148
8102	1	1.0004001600640257e-4	8149
8104	1	1.0004001600640257e-4	8150
8105	1	1.0004001600640257e-4	8151
8106	1	1.0004001600640257e-4	8152
8108	1	1.0004001600640257e-4	8153
8109	1	1.0004001600640257e-4	8154
8110	1	1.0004001600640257e-4	8155
8111	1	1.0004001600640257e-4	8156
8112	1	1.0004001600640257e-4	8157
8113	1	1.0004001600640257e-4	8158
8114	1	1.0004001600640257e-4	8159
8115	1	1.0004001600640257e-4	8160
8116	1	1.0004001600640257e-4	8161
8117	1	1.0004001600640257e-4	8162
8118	1	1.0004001600640257e-4	8163
8119	1	1.0004001600640257e-4	8164
8120	1	1.0004001600640257e-4	8165
8121	1	1.0004001600640257e-4	8166
8122	1	1.0004001600640257e-4	8167
8123	1	1.0004001600640257e-4	8168
8124	1	1.0004001600640257e-4	8169
8125	1	1.0004001600640257e-4	8170
8126	1	1.0004001600640257e-4	8171
8127	1	1.0004001600640257e-4	8172
8128	1	1.0004001600640257e-4	8173
8129	1	1.0004001600640257e-4	8174
8130	1	1.0004001600640257e-4	8175
8132	1	1.0004001600640257e-4	8176
8133	1	1.0004001600640257e-4	8177
8134	1	1.0004001600640257e-4	8178
8135	1	1.0004001600640257e-4	8179
8136	1	1.0004001600640257e-4	8180
8137	1	1.0004001600640257e-4	8181
8138	1	1.0004001600640257e-4	8182
8139	1	1.0004001600640257e-4	8183
8140	1	1.0004001600640257e-4	8184
8141	1	1.0004001600640257e-4	8185
8142	1	1.0004001600640257e-4	8186
8143	1	1.0004001600640257e-4	8187
8144	1	1.0004001600640257e-4	8188
8145	1	1.0004001600640257e-4	8189
8146	1	1.0004001600640257e-4	8190
8147	1	1.0004001600640257e-4	8191
8148	1	1.0004001600640257e-4	8192
8149	1	1.0004001600640257e-4	8193
8150	1	1.0004001600640257e-4	8194
8151	1	1.0004001600640257e-4	8195
8152	1	1.0004001600640257e-4	8196
8153	1	1.0004001600640257e-4	8197
8154	1	1.0004001600640257e-4	8198
8155	1	1.0004001600640257e-4	8199
8156	1	1.0004001600640257e-4	8200
8158	1	1.0004001600640257e-4	8201
8159	1	1.0004001600640257e-4	8202
8160	1	1.0004001600640257e-4	8203
8161	1	1.0004001600640257e-4	8204
8162	1	1.0004001600640257e-4	8205
8163	1	1.0004001600640257e-4	8206
8164	1	1.0004001600640257e-4	8207
8165	1	1.0004001600640257e-4	8208
8166	1	1.0004001600640257e-4	8209
8167	1	1.0004001600640257e-4	8210
8168	1	1.0004001600640257e-4	8211
8169	1	1.0004001600640257e-4	8212
8170	1	1.0004001600640257e-4	8213
8171	1	1.0004001600640257e-4	8214
8172	1	1.0004001600640257e-4	8215
8173	1	1.0004001600640257e-4	8216
8174	1	1.0004001600640257e-4	8217
8175	1	1.0004001600640257e-4	8218
8176	1	1.0004001600640257e-4	8219
8177	1	1.0004001600640257e-4	8220
8178	1	1.0004001600640257e-4	8221
8179	1	1.0004001600640257e-4	8222
8180	1	1.0004001600640257e-4	8223
8181	1	1.0004001600640257e-4	8224
8182	1	1.0004001600640257e-4	8225
8183	1	1.0004001600640257e-4	8226
8184	1	1.0004001600640257e-4	8227
8185	1	1.0004001600640257e-4	8228
8186	1	1.0004001600640257e-4	8229
8187	1	1.0004001600640257e-4	8230
8188	1	1.0004001600640257e-4	8231
8189	1	1.0004001600640257e-4	8232
8190	1	1.0004001600640257e-4	8233
8191	1	1.0004001600640257e-4	8234
8192	1	1.0004001600640257e-4	8235
8193	1	1.0004001600640257e-4	8236
8194	1	1.0004001600640257e-4	8237
8195	1	1.0004001600640257e-4	8238
8196	1	1.0004001600640257e-4	8239
8197	1	1.0004001600640257e-4	8240
8198	1	1.0004001600640257e-4	8241
8199	1	1.0004001600640257e-4	8242
8200	1	1.0004001600640257e-4	8243
8201	1	1.0004001600640257e-4	8244
8202	1	1.0004001600640257e-4	8245
8204	1	1.0004001600640257e-4	8246
8205	1	1.0004001600640257e-4	8247
8206	1	1.0004001600640257e-4	8248
8207	1	1.0004001600640257e-4	8249
8208	1	1.0004001600640257e-4	8250
8209	1	1.0004001600640257e-4	8251
8210	1	1.0004001600640257e-4	8252
8211	1	1.0004001600640257e-4	8253
8212	1	1.0004001600640257e-4	8254
8213	1	1.0004001600640257e-4	8255
8214	1	1.0004001600640257e-4	8256
8215	1	1.0004001600640257e-4	8257
8216	1	1.0004001600640257e-4	8258
8217	1	1.0004001600640257e-4	8259
8218	1	1.0004001600640257e-4	8260
8219	1	1.0004001600640257e-4	8261
8220	1	1.0004001600640257e-4	8262
8221	1	1.0004001600640257e-4	8263
8222	1	1.0004001600640257e-4	8264
8223	1	1.0004001600640257e-4	8265
8225	1	1.0004001600640257e-4	8266
8226	1	1.0004001600640257e-4	8267
8227	1	1.0004001600640257e-4	8268
8228	1	1.0004001600640257e-4	8269
8229	1	1.0004001600640257e-4	8270
8230	1	1.0004001600640257e-4	8271
8231	1	1.0004001600640257e-4	8272
8232	1	1.0004001600640257e-4	8273
8233	1	1.0004001600640257e-4	8274
8234	1	1.0004001600640257e-4	8275
8235	1	1.0004001600640257e-4	8276
8236	1	1.0004001600640257e-4	8277
8237	1	1.0004001600640257e-4	8278
8238	1	1.0004001600640257e-4	8279
8239	1	1.0004001600640257e-4	8280
8240	1	1.0004001600640257e-4	8281
8241	1	1.0004001600640257e-4	8282
8242	1	1.0004001600640257e-4	8283
8243	1	1.0004001600640257e-4	8284
8244	1	1.0004001600640257e-4	8285
8246	1	1.0004001600640257e-4	8286
8247	1	1.0004001600640257e-4	8287
8248	1	1.0004001600640257e-4	8288
8249	1	1.0004001600640257e-4	8289
8250	1	1.0004001600640257e-4	8290
8251	1	1.0004001600640257e-4	8291
8252	1	1.0004001600640257e-4	8292
8253	1	1.0004001600640257e-4	8293
8254	1	1.0004001600640257e-4	8294
8255	1	1.0004001600640257e-4	8295
8256	1	1.0004001600640257e-4	8296
8258	1	1.0004001600640257e-4	8297
8259	1	1.0004001600640257e-4	8298
8260	1	1.0004001600640257e-4	8299
8262	1	1.0004001600640257e-4	8300
8263	1	1.0004001600640257e-4	8301
8264	1	1.0004001600640257e-4	8302
8265	1	1.0004001600640257e-4	8303
8266	1	1.0004001600640257e-4	8304
8267	1	1.0004001600640257e-4	8305
8268	1	1.0004001600640257e-4	8306
8269	1	1.0004001600640257e-4	8307
8270	1	1.0004001600640257e-4	8308
8271	1	1.0004001600640257e-4	8309
8272	1	1.0004001600640257e-4	8310
8273	1	1.0004001600640257e-4	8311
8275	1	1.0004001600640257e-4	8312
8276	1	1.0004001600640257e-4	8313
8277	1	1.0004001600640257e-4	8314
8278	1	1.0004001600640257e-4	8315
8279	1	1.0004001600640257e-4	8316
8280	1	1.0004001600640257e-4	8317
8281	1	1.0004001600640257e-4	8318
8282	1	1.0004001600640257e-4	8319
8283	1	1.0004001600640257e-4	8320
8284	1	1.0004001600640257e-4	8321
8286	1	1.0004001600640257e-4	8322
8287	1	1.0004001600640257e-4	8323
8288	1	1.0004001600640257e-4	8324
8289	1	1.0004001600640257e-4	8325
8290	1	1.0004001600640257e-4	8326
8291	1	1.0004001600640257e-4	8327
8292	1	1.0004001600640257e-4	8328
8293	1	1.0004001600640257e-4	8329
8294	1	1.0004001600640257e-4	8330
8295	1	1.0004001600640257e-4	8331
8296	1	1.0004001600640257e-4	8332
8297	1	1.0004001600640257e-4	8333
8298	1	1.0004001600640257e-4	8334
8299	1	1.0004001600640257e-4	8335
8300	1	1.0004001600640257e-4	8336
8301	1	1.0004001600640257e-4	8337
8302	1	1.0004001600640257e-4	8338
8303	1	1.0004001600640257e-4	8339
8304	1	1.0004001600640257e-4	8340
8305	1	1.0004001600640257e-4	8341
8306	1	1.0004001600640257e-4	8342
8307	1	1.0004001600640257e-4	8343
8308	1	1.0004001600640257e-4	8344
8310	1	1.0004001600640257e-4	8345
8311	1	1.0004001600640257e-4	8346
8312	1	1.0004001600640257e-4	8347
8313	1	1.0004001600640257e-4	8348
8314	1	1.0004001600640257e-4	8349
8315	1	1.0004001600640257e-4	8350
8316	1	1.0004001600640257e-4	8351
8317	1	1.0004001600640257e-4	8352
8318	1	1.0004001600640257e-4	8353
8319	1	1.0004001600640257e-4	8354
8320	1	1.0004001600640257e-4	8355
8321	1	1.0004001600640257e-4	8356
8322	1	1.0004001600640257e-4	8357
8323	1	1.0004001600640257e-4	8358
8324	1	1.0004001600640257e-4	8359
8325	1	1.0004001600640257e-4	8360
8326	1	1.0004001600640257e-4	8361
8327	1	1.0004001600640257e-4	8362
8328	1	1.0004001600640257e-4	8363
8329	1	1.0004001600640257e-4	8364
8330	1	1.0004001600640257e-4	8365
8331	1	1.0004001600640257e-4	8366
8332	1	1.0004001600640257e-4	8367
8333	1	1.0004001600640257e-4	8368
8334	1	1.0004001600640257e-4	8369
8335	1	1.0004001600640257e-4	8370
8337	1	1.0004001600640257e-4	8371
8338	1	1.0004001600640257e-4	8372
8339	1	1.0004001600640257e-4	8373
8340	1	1.0004001600640257e-4	8374
8341	1	1.0004001600640257e-4	8375
8342	1	1.0004001600640257e-4	8376
8343	1	1.0004001600640257e-4	8377
8344	1	1.0004001600640257e-4	8378
8345	1	1.0004001600640257e-4	8379
8346	1	1.0004001600640257e-4	8380
8347	1	1.0004001600640257e-4	8381
8348	1	1.0004001600640257e-4	8382
8349	1	1.0004001600640257e-4	8383
8350	1	1.0004001600640257e-4	8384
8351	1	1.0004001600640257e-4	8385
8352	1	1.0004001600640257e-4	8386
8353	1	1.0004001600640257e-4	8387
8354	1	1.0004001600640257e-4	8388
8355	1	1.0004001600640257e-4	8389
8356	1	1.0004001600640257e-4	8390
8357	1	1.0004001600640257e-4	8391
8358	1	1.0004001600640257e-4	8392
8360	1	1.0004001600640257e-4	8393
8361	1	1.0004001600640257e-4	8394
8362	1	1.0004001600640257e-4	8395
8363	1	1.0004001600640257e-4	8396
8364	1	1.0004001600640257e-4	8397
8365	1	1.0004001600640257e-4	8398
8366	1	1.0004001600640257e-4	8399
8367	1	1.0004001600640257e-4	8400
8368	1	1.0004001600640257e-4	8401
8369	1	1.0004001600640257e-4	8402
8370	1	1.0004001600640257e-4	8403
8371	1	1.0004001600640257e-4	8404
8372	1	1.0004001600640257e-4	8405
8373	1	1.0004001600640257e-4	8406
8374	1	1.0004001600640257e-4	8407
8375	1	1.0004001600640257e-4	8408
8376	1	1.0004001600640257e-4	8409
8377	1	1.0004001600640257e-4	8410
8378	1	1.0004001600640257e-4	8411
8379	1	1.0004001600640257e-4	8412
8380	1	1.0004001600640257e-4	8413
8381	1	1.0004001600640257e-4	8414
8382	1	1.0004001600640257e-4	8415
8383	1	1.0004001600640257e-4	8416
8384	1	1.0004001600640257e-4	8417
8386	1	1.0004001600640257e-4	8418
8387	1	1.0004001600640257e-4	8419
8388	1	1.0004001600640257e-4	8420
8389	1	1.0004001600640257e-4	8421
8390	1	1.0004001600640257e-4	8422
8392	1	1.0004001600640257e-4	8423
8393	1	1.0004001600640257e-4	8424
8394	1	1.0004001600640257e-4	8425
8395	1	1.0004001600640257e-4	8426
8396	1	1.0004001600640257e-4	8427
8397	1	1.0004001600640257e-4	8428
8398	1	1.0004001600640257e-4	8429
8399	1	1.0004001600640257e-4	8430
8400	1	1.0004001600640257e-4	8431
8402	1	1.0004001600640257e-4	8432
8403	1	1.0004001600640257e-4	8433
8404	1	1.0004001600640257e-4	8434
8405	1	1.0004001600640257e-4	8435
8406	1	1.0004001600640257e-4	8436
8407	1	1.0004001600640257e-4	8437
8408	1	1.0004001600640257e-4	8438
8410	1	1.0004001600640257e-4	8439
8411	1	1.0004001600640257e-4	8440
8412	1	1.0004001600640257e-4	8441
8413	1	1.0004001600640257e-4	8442
8414	1	1.0004001600640257e-4	8443
8415	1	1.0004001600640257e-4	8444
8416	1	1.0004001600640257e-4	8445
8418	1	1.0004001600640257e-4	8446
8419	1	1.0004001600640257e-4	8447
8420	1	1.0004001600640257e-4	8448
8422	1	1.0004001600640257e-4	8449
8423	1	1.0004001600640257e-4	8450
8424	1	1.0004001600640257e-4	8451
8425	1	1.0004001600640257e-4	8452
8426	1	1.0004001600640257e-4	8453
8427	1	1.0004001600640257e-4	8454
8428	1	1.0004001600640257e-4	8455
8429	1	1.0004001600640257e-4	8456
8430	1	1.0004001600640257e-4	8457
8431	1	1.0004001600640257e-4	8458
8432	1	1.0004001600640257e-4	8459
8433	1	1.0004001600640257e-4	8460
8434	1	1.0004001600640257e-4	8461
8435	1	1.0004001600640257e-4	8462
8436	1	1.0004001600640257e-4	8463
8437	1	1.0004001600640257e-4	8464
8438	1	1.0004001600640257e-4	8465
8439	1	1.0004001600640257e-4	8466
8440	1	1.0004001600640257e-4	8467
8441	1	1.0004001600640257e-4	8468
8442	1	1.0004001600640257e-4	8469
8443	1	1.0004001600640257e-4	8470
8444	1	1.0004001600640257e-4	8471
8445	1	1.0004001600640257e-4	8472
8446	1	1.0004001600640257e-4	8473
8447	1	1.0004001600640257e-4	8474
8448	1	1.0004001600640257e-4	8475
8449	1	1.0004001600640257e-4	8476
8450	1	1.0004001600640257e-4	8477
8451	1	1.0004001600640257e-4	8478
8452	1	1.0004001600640257e-4	8479
8454	1	1.0004001600640257e-4	8480
8456	1	1.0004001600640257e-4	8481
8457	1	1.0004001600640257e-4	8482
8458	1	1.0004001600640257e-4	8483
8459	1	1.0004001600640257e-4	8484
8460	1	1.0004001600640257e-4	8485
8461	1	1.0004001600640257e-4	8486
8462	1	1.0004001600640257e-4	8487
8463	1	1.0004001600640257e-4	8488
8464	1	1.0004001600640257e-4	8489
8465	1	1.0004001600640257e-4	8490
8466	1	1.0004001600640257e-4	8491
8467	1	1.0004001600640257e-4	8492
8468	1	1.0004001600640257e-4	8493
8470	1	1.0004001600640257e-4	8494
8471	1	1.0004001600640257e-4	8495
8472	1	1.0004001600640257e-4	8496
8473	1	1.0004001600640257e-4	8497
8474	1	1.0004001600640257e-4	8498
8475	1	1.0004001600640257e-4	8499
8476	1	1.0004001600640257e-4	8500
8477	1	1.0004001600640257e-4	8501
8478	1	1.0004001600640257e-4	8502
8479	1	1.0004001600640257e-4	8503
8480	1	1.0004001600640257e-4	8504
8481	1	1.0004001600640257e-4	8505
8482	1	1.0004001600640257e-4	8506
8483	1	1.0004001600640257e-4	8507
8484	1	1.0004001600640257e-4	8508
8485	1	1.0004001600640257e-4	8509
8486	1	1.0004001600640257e-4	8510
8487	1	1.0004001600640257e-4	8511
8488	1	1.0004001600640257e-4	8512
8489	1	1.0004001600640257e-4	8513
8490	1	1.0004001600640257e-4	8514
8491	1	1.0004001600640257e-4	8515
8492	1	1.0004001600640257e-4	8516
8493	1	1.0004001600640257e-4	8517
8494	1	1.0004001600640257e-4	8518
8495	1	1.0004001600640257e-4	8519
8496	1	1.0004001600640257e-4	8520
8497	1	1.0004001600640257e-4	8521
8498	1	1.0004001600640257e-4	8522
8499	1	1.0004001600640257e-4	8523
8500	1	1.0004001600640257e-4	8524
8501	1	1.0004001600640257e-4	8525
8502	1	1.0004001600640257e-4	8526
8503	1	1.0004001600640257e-4	8527
8504	1	1.0004001600640257e-4	8528
8505	1	1.0004001600640257e-4	8529
8506	1	1.0004001600640257e-4	8530
8507	1	1.0004001600640257e-4	8531
8508	1	1.0004001600640257e-4	8532
8509	1	1.0004001600640257e-4	8533
8510	1	1.0004001600640257e-4	8534
8511	1	1.0004001600640257e-4	8535
8512	1	1.0004001600640257e-4	8536
8513	1	1.0004001600640257e-4	8537
8514	1	1.0004001600640257e-4	8538
8515	1	1.0004001600640257e-4	8539
8516	1	1.0004001600640257e-4	8540
8517	1	1.0004001600640257e-4	8541
8518	1	1.0004001600640257e-4	8542
8519	1	1.0004001600640257e-4	8543
8520	1	1.0004001600640257e-4	8544
8521	1	1.0004001600640257e-4	8545
8522	1	1.0004001600640257e-4	8546
8523	1	1.0004001600640257e-4	8547
8524	1	1.0004001600640257e-4	8548
8525	1	1.0004001600640257e-4	8549
8526	1	1.0004001600640257e-4	8550
8527	1	1.0004001600640257e-4	8551
8528	1	1.0004001600640257e-4	8552
8529	1	1.0004001600640257e-4	8553
8530	1	1.0004001600640257e-4	8554
8531	1	1.0004001600640257e-4	8555
8532	1	1.0004001600640257e-4	8556
8533	1	1.0004001600640257e-4	8557
8534	1	1.0004001600640257e-4	8558
8535	1	1.0004001600640257e-4	8559
8537	1	1.0004001600640257e-4	8560
8538	1	1.0004001600640257e-4	8561
8539	1	1.0004001600640257e-4	8562
8540	1	1.0004001600640257e-4	8563
8541	1	1.0004001600640257e-4	8564
8542	1	1.0004001600640257e-4	8565
8543	1	1.0004001600640257e-4	8566
8544	1	1.0004001600640257e-4	8567
8545	1	1.0004001600640257e-4	8568
8546	1	1.0004001600640257e-4	8569
8547	1	1.0004001600640257e-4	8570
8548	1	1.0004001600640257e-4	8571
8549	1	1.0004001600640257e-4	8572
8550	1	1.0004001600640257e-4	8573
8552	1	1.0004001600640257e-4	8574
8553	1	1.0004001600640257e-4	8575
8554	1	1.0004001600640257e-4	8576
8555	1	1.0004001600640257e-4	8577
8556	1	1.0004001600640257e-4	8578
8557	1	1.0004001600640257e-4	8579
8558	1	1.0004001600640257e-4	8580
8559	1	1.0004001600640257e-4	8581
8560	1	1.0004001600640257e-4	8582
8561	1	1.0004001600640257e-4	8583
8562	1	1.0004001600640257e-4	8584
8563	1	1.0004001600640257e-4	8585
8564	1	1.0004001600640257e-4	8586
8565	1	1.0004001600640257e-4	8587
8566	1	1.0004001600640257e-4	8588
8567	1	1.0004001600640257e-4	8589
8568	1	1.0004001600640257e-4	8590
8569	1	1.0004001600640257e-4	8591
8570	1	1.0004001600640257e-4	8592
8571	1	1.0004001600640257e-4	8593
8572	1	1.0004001600640257e-4	8594
8573	1	1.0004001600640257e-4	8595
8574	1	1.0004001600640257e-4	8596
8575	1	1.0004001600640257e-4	8597
8576	1	1.0004001600640257e-4	8598
8577	1	1.0004001600640257e-4	8599
8578	1	1.0004001600640257e-4	8600
8579	1	1.0004001600640257e-4	8601
8580	1	1.0004001600640257e-4	8602
8582	1	1.0004001600640257e-4	8603
8584	1	1.0004001600640257e-4	8604
8585	1	1.0004001600640257e-4	8605
8586	1	1.0004001600640257e-4	8606
8587	1	1.0004001600640257e-4	8607
8588	1	1.0004001600640257e-4	8608
8589	1	1.0004001600640257e-4	8609
8590	1	1.0004001600640257e-4	8610
8591	1	1.0004001600640257e-4	8611
8592	1	1.0004001600640257e-4	8612
8593	1	1.0004001600640257e-4	8613
8594	1	1.0004001600640257e-4	8614
8595	1	1.0004001600640257e-4	8615
8596	1	1.0004001600640257e-4	8616
8597	1	1.0004001600640257e-4	8617
8598	1	1.0004001600640257e-4	8618
8599	1	1.0004001600640257e-4	8619
8600	1	1.0004001600640257e-4	8620
8601	1	1.0004001600640257e-4	8621
8602	1	1.0004001600640257e-4	8622
8603	1	1.0004001600640257e-4	8623
8604	1	1.0004001600640257e-4	8624
8605	1	1.0004001600640257e-4	8625
8606	1	1.0004001600640257e-4	8626
8607	1	1.0004001600640257e-4	8627
8608	1	1.0004001600640257e-4	8628
8609	1	1.0004001600640257e-4	8629
8610	1	1.0004001600640257e-4	8630
8611	1	1.0004001600640257e-4	8631
8612	1	1.0004001600640257e-4	8632
8613	1	1.0004001600640257e-4	8633
8614	1	1.0004001600640257e-4	8634
8615	1	1.0004001600640257e-4	8635
8616	1	1.0004001600640257e-4	8636
8617	1	1.0004001600640257e-4	8637
8618	1	1.0004001600640257e-4	8638
8619	1	1.0004001600640257e-4	8639
8620	1	1.0004001600640257e-4	8640
8621	1	1.0004001600640257e-4	8641
8622	1	1.0004001600640257e-4	8642
8623	1	1.0004001600640257e-4	8643
8624	1	1.0004001600640257e-4	8644
8625	1	1.0004001600640257e-4	8645
8626	1	1.0004001600640257e-4	8646
8627	1	1.0004001600640257e-4	8647
8628	1	1.0004001600640257e-4	8648
8629	1	1.0004001600640257e-4	8649
8630	1	1.0004001600640257e-4	8650
8631	1	1.0004001600640257e-4	8651
8632	1	1.0004001600640257e-4	8652
8633	1	1.0004001600640257e-4	8653
8634	1	1.0004001600640257e-4	8654
8635	1	1.0004001600640257e-4	8655
8636	1	1.0004001600640257e-4	8656
8637	1	1.0004001600640257e-4	8657
8638	1	1.0004001600640257e-4	8658
8639	1	1.0004001600640257e-4	8659
8640	1	1.0004001600640257e-4	8660
8641	1	1.0004001600640257e-4	8661
8642	1	1.0004001600640257e-4	8662
8644	1	1.0004001600640257e-4	8663
8645	1	1.0004001600640257e-4	8664
8646	1	1.0004001600640257e-4	8665
8647	1	1.0004001600640257e-4	8666
8648	1	1.0004001600640257e-4	8667
8649	1	1.0004001600640257e-4	8668
8650	1	1.0004001600640257e-4	8669
8651	1	1.0004001600640257e-4	8670
8652	1	1.0004001600640257e-4	8671
8653	1	1.0004001600640257e-4	8672
8654	1	1.0004001600640257e-4	8673
8655	1	1.0004001600640257e-4	8674
8656	1	1.0004001600640257e-4	8675
8657	1	1.0004001600640257e-4	8676
8658	1	1.0004001600640257e-4	8677
8659	1	1.0004001600640257e-4	8678
8660	1	1.0004001600640257e-4	8679
8661	1	1.0004001600640257e-4	8680
8662	1	1.0004001600640257e-4	8681
8663	1	1.0004001600640257e-4	8682
8664	1	1.0004001600640257e-4	8683
8665	1	1.0004001600640257e-4	8684
8666	1	1.0004001600640257e-4	8685
8667	1	1.0004001600640257e-4	8686
8668	1	1.0004001600640257e-4	8687
8669	1	1.0004001600640257e-4	8688
8670	1	1.0004001600640257e-4	8689
8671	1	1.0004001600640257e-4	8690
8672	1	1.0004001600640257e-4	8691
8673	1	1.0004001600640257e-4	8692
8674	1	1.0004001600640257e-4	8693
8675	1	1.0004001600640257e-4	8694
8676	1	1.0004001600640257e-4	8695
8677	1	1.0004001600640257e-4	8696
8678	1	1.0004001600640257e-4	8697
8679	1	1.0004001600640257e-4	8698
8680	1	1.0004001600640257e-4	8699
8681	1	1.0004001600640257e-4	8700
8682	1	1.0004001600640257e-4	8701
8683	1	1.0004001600640257e-4	8702
8684	1	1.0004001600640257e-4	8703
8685	1	1.0004001600640257e-4	8704
8686	1	1.0004001600640257e-4	8705
8687	1	1.0004001600640257e-4	8706
8688	1	1.0004001600640257e-4	8707
8689	1	1.0004001600640257e-4	8708
8690	1	1.0004001600640257e-4	8709
8691	1	1.0004001600640257e-4	8710
8692	1	1.0004001600640257e-4	8711
8693	1	1.0004001600640257e-4	8712
8694	1	1.0004001600640257e-4	8713
8695	1	1.0004001600640257e-4	8714
8696	1	1.0004001600640257e-4	8715
8697	1	1.0004001600640257e-4	8716
8698	1	1.0004001600640257e-4	8717
8699	1	1.0004001600640257e-4	8718
8700	1	1.0004001600640257e-4	8719
8701	1	1.0004001600640257e-4	8720
8702	1	1.0004001600640257e-4	8721
8703	1	1.0004001600640257e-4	8722
8704	1	1.0004001600640257e-4	8723
8705	1	1.0004001600640257e-4	8724
8706	1	1.0004001600640257e-4	8725
8707	1	1.0004001600640257e-4	8726
8708	1	1.0004001600640257e-4	8727
8710	1	1.0004001600640257e-4	8728
8711	1	1.0004001600640257e-4	8729
8712	1	1.0004001600640257e-4	8730
8713	1	1.0004001600640257e-4	8731
8714	1	1.0004001600640257e-4	8732
8715	1	1.0004001600640257e-4	8733
8716	1	1.0004001600640257e-4	8734
8717	1	1.0004001600640257e-4	8735
8718	1	1.0004001600640257e-4	8736
8719	1	1.0004001600640257e-4	8737
8720	1	1.0004001600640257e-4	8738
8721	1	1.0004001600640257e-4	8739
8722	1	1.0004001600640257e-4	8740
8723	1	1.0004001600640257e-4	8741
8724	1	1.0004001600640257e-4	8742
8725	1	1.0004001600640257e-4	8743
8726	1	1.0004001600640257e-4	8744
8727	1	1.0004001600640257e-4	8745
8728	1	1.0004001600640257e-4	8746
8729	1	1.0004001600640257e-4	8747
8730	1	1.0004001600640257e-4	8748
8731	1	1.0004001600640257e-4	8749
8732	1	1.0004001600640257e-4	8750
8733	1	1.0004001600640257e-4	8751
8734	1	1.0004001600640257e-4	8752
8735	1	1.0004001600640257e-4	8753
8736	1	1.0004001600640257e-4	8754
8737	1	1.0004001600640257e-4	8755
8738	1	1.0004001600640257e-4	8756
8739	1	1.0004001600640257e-4	8757
8740	1	1.0004001600640257e-4	8758
8741	1	1.0004001600640257e-4	8759
8742	1	1.0004001600640257e-4	8760
8743	1	1.0004001600640257e-4	8761
8744	1	1.0004001600640257e-4	8762
8745	1	1.0004001600640257e-4	8763
8746	1	1.0004001600640257e-4	8764
8747	1	1.0004001600640257e-4	8765
8748	1	1.0004001600640257e-4	8766
8749	1	1.0004001600640257e-4	8767
8750	1	1.0004001600640257e-4	8768
8751	1	1.0004001600640257e-4	8769
8752	1	1.0004001600640257e-4	8770
8753	1	1.0004001600640257e-4	8771
8754	1	1.0004001600640257e-4	8772
8755	1	1.0004001600640257e-4	8773
8756	1	1.0004001600640257e-4	8774
8757	1	1.0004001600640257e-4	8775
8758	1	1.0004001600640257e-4	8776
8759	1	1.0004001600640257e-4	8777
8760	1	1.0004001600640257e-4	8778
8761	1	1.0004001600640257e-4	8779
8762	1	1.0004001600640257e-4	8780
8763	1	1.0004001600640257e-4	8781
8764	1	1.0004001600640257e-4	8782
8765	1	1.0004001600640257e-4	8783
8766	1	1.0004001600640257e-4	8784
8767	1	1.0004001600640257e-4	8785
8768	1	1.0004001600640257e-4	8786
8769	1	1.0004001600640257e-4	8787
8770	1	1.0004001600640257e-4	8788
8771	1	1.0004001600640257e-4	8789
8772	1	1.0004001600640257e-4	8790
8773	1	1.0004001600640257e-4	8791
8774	1	1.0004001600640257e-4	8792
8775	1	1.0004001600640257e-4	8793
8776	1	1.0004001600640257e-4	8794
8777	1	1.0004001600640257e-4	8795
8778	1	1.0004001600640257e-4	8796
8779	1	1.0004001600640257e-4	8797
8780	1	1.0004001600640257e-4	8798
8781	1	1.0004001600640257e-4	8799
8782	1	1.0004001600640257e-4	8800
8783	1	1.0004001600640257e-4	8801
8784	1	1.0004001600640257e-4	8802
8785	1	1.0004001600640257e-4	8803
8786	1	1.0004001600640257e-4	8804
8787	1	1.0004001600640257e-4	8805
8788	1	1.0004001600640257e-4	8806
8789	1	1.0004001600640257e-4	8807
8790	1	1.0004001600640257e-4	8808
8791	1	1.0004001600640257e-4	8809
8792	1	1.0004001600640257e-4	8810
8793	1	1.0004001600640257e-4	8811
8794	1	1.0004001600640257e-4	8812
8795	1	1.0004001600640257e-4	8813
8796	1	1.0004001600640257e-4	8814
8797	1	1.0004001600640257e-4	8815
8798	1	1.0004001600640257e-4	8816
8799	1	1.0004001600640257e-4	8817
8800	1	1.0004001600640257e-4	8818
8801	1	1.0004001600640257e-4	8819
8802	1	1.0004001600640257e-4	8820
8803	1	1.0004001600640257e-4	8821
8804	1	1.0004001600640257e-4	8822
8805	1	1.0004001600640257e-4	8823
8806	1	1.0004001600640257e-4	8824
8807	1	1.0004001600640257e-4	8825
8808	1	1.0004001600640257e-4	8826
8809	1	1.0004001600640257e-4	8827
8810	1	1.0004001600640257e-4	8828
8811	1	1.0004001600640257e-4	8829
8812	1	1.0004001600640257e-4	8830
8813	1	1.0004001600640257e-4	8831
8814	1	1.0004001600640257e-4	8832
8815	1	1.0004001600640257e-4	8833
8816	1	1.0004001600640257e-4	8834
8817	1	1.0004001600640257e-4	8835
8818	1	1.0004001600640257e-4	8836
8819	1	1.0004001600640257e-4	8837
8820	1	1.0004001600640257e-4	8838
8821	1	1.0004001600640257e-4	8839
8822	1	1.0004001600640257e-4	8840
8823	1	1.0004001600640257e-4	8841
8824	1	1.0004001600640257e-4	8842
8825	1	1.0004001600640257e-4	8843
8826	1	1.0004001600640257e-4	8844
8827	1	1.0004001600640257e-4	8845
8828	1	1.0004001600640257e-4	8846
8829	1	1.0004001600640257e-4	8847
8830	1	1.0004001600640257e-4	8848
8831	1	1.0004001600640257e-4	8849
8832	1	1.0004001600640257e-4	8850
8833	1	1.0004001600640257e-4	8851
8834	1	1.0004001600640257e-4	8852
8835	1	1.0004001600640257e-4	8853
8836	1	1.0004001600640257e-4	8854
8837	1	1.0004001600640257e-4	8855
8838	1	1.0004001600640257e-4	8856
8839	1	1.0004001600640257e-4	8857
8840	1	1.0004001600640257e-4	8858
8841	1	1.0004001600640257e-4	8859
8842	1	1.0004001600640257e-4	8860
8843	1	1.0004001600640257e-4	8861
8845	1	1.0004001600640257e-4	8862
8846	1	1.0004001600640257e-4	8863
8847	1	1.0004001600640257e-4	8864
8848	1	1.0004001600640257e-4	8865
8849	1	1.0004001600640257e-4	8866
8850	1	1.0004001600640257e-4	8867
8851	1	1.0004001600640257e-4	8868
8852	1	1.0004001600640257e-4	8869
8853	1	1.0004001600640257e-4	8870
8854	1	1.0004001600640257e-4	8871
8855	1	1.0004001600640257e-4	8872
8856	1	1.0004001600640257e-4	8873
8857	1	1.0004001600640257e-4	8874
8858	1	1.0004001600640257e-4	8875
8859	1	1.0004001600640257e-4	8876
8860	1	1.0004001600640257e-4	8877
8861	1	1.0004001600640257e-4	8878
8862	1	1.0004001600640257e-4	8879
8863	1	1.0004001600640257e-4	8880
8864	1	1.0004001600640257e-4	8881
8865	1	1.0004001600640257e-4	8882
8866	1	1.0004001600640257e-4	8883
8867	1	1.0004001600640257e-4	8884
8868	1	1.0004001600640257e-4	8885
8869	1	1.0004001600640257e-4	8886
8870	1	1.0004001600640257e-4	8887
8871	1	1.0004001600640257e-4	8888
8872	1	1.0004001600640257e-4	8889
8873	1	1.0004001600640257e-4	8890
8874	1	1.0004001600640257e-4	8891
8875	1	1.0004001600640257e-4	8892
8876	1	1.0004001600640257e-4	8893
8877	1	1.0004001600640257e-4	8894
8878	1	1.0004001600640257e-4	8895
8879	1	1.0004001600640257e-4	8896
8880	1	1.0004001600640257e-4	8897
8881	1	1.0004001600640257e-4	8898
8882	1	1.0004001600640257e-4	8899
8883	1	1.0004001600640257e-4	8900
8884	1	1.0004001600640257e-4	8901
8885	1	1.0004001600640257e-4	8902
8886	1	1.0004001600640257e-4	8903
8887	1	1.0004001600640257e-4	8904
8888	1	1.0004001600640257e-4	8905
8889	1	1.0004001600640257e-4	8906
8890	1	1.0004001600640257e-4	8907
8891	1	1.0004001600640257e-4	8908
8892	1	1.0004001600640257e-4	8909
8893	1	1.0004001600640257e-4	8910
8894	1	1.0004001600640257e-4	8911
8895	1	1.0004001600640257e-4	8912
8896	1	1.0004001600640257e-4	8913
8898	1	1.0004001600640257e-4	8914
8899	1	1.0004001600640257e-4	8915
8900	1	1.0004001600640257e-4	8916
8901	1	1.0004001600640257e-4	8917
8902	1	1.0004001600640257e-4	8918
8903	1	1.0004001600640257e-4	8919
8904	1	1.0004001600640257e-4	8920
8905	1	1.0004001600640257e-4	8921
8906	1	1.0004001600640257e-4	8922
8907	1	1.0004001600640257e-4	8923
8908	1	1.0004001600640257e-4	8924
8909	1	1.0004001600640257e-4	8925
8910	1	1.0004001600640257e-4	8926
8911	1	1.0004001600640257e-4	8927
8912	1	1.0004001600640257e-4	8928
8913	1	1.0004001600640257e-4	8929
8914	1	1.0004001600640257e-4	8930
8915	1	1.0004001600640257e-4	8931
8916	1	1.0004001600640257e-4	8932
8917	1	1.0004001600640257e-4	8933
8918	1	1.0004001600640257e-4	8934
8919	1	1.0004001600640257e-4	8935
8920	1	1.0004001600640257e-4	8936
8921	1	1.0004001600640257e-4	8937
8922	1	1.0004001600640257e-4	8938
8923	1	1.0004001600640257e-4	8939
8924	1	1.0004001600640257e-4	8940
8926	1	1.0004001600640257e-4	8941
8927	1	1.0004001600640257e-4	8942
8929	1	1.0004001600640257e-4	8943
8930	1	1.0004001600640257e-4	8944
8931	1	1.0004001600640257e-4	8945
8932	1	1.0004001600640257e-4	8946
8933	1	1.0004001600640257e-4	8947
8934	1	1.0004001600640257e-4	8948
8935	1	1.0004001600640257e-4	8949
8936	1	1.0004001600640257e-4	8950
8937	1	1.0004001600640257e-4	8951
8938	1	1.0004001600640257e-4	8952
8939	1	1.0004001600640257e-4	8953
8940	1	1.0004001600640257e-4	8954
8941	1	1.0004001600640257e-4	8955
8942	1	1.0004001600640257e-4	8956
8943	1	1.0004001600640257e-4	8957
8944	1	1.0004001600640257e-4	8958
8945	1	1.0004001600640257e-4	8959
8946	1	1.0004001600640257e-4	8960
8947	1	1.0004001600640257e-4	8961
8948	1	1.0004001600640257e-4	8962
8949	1	1.0004001600640257e-4	8963
8950	1	1.0004001600640257e-4	8964
8951	1	1.0004001600640257e-4	8965
8952	1	1.0004001600640257e-4	8966
8953	1	1.0004001600640257e-4	8967
8954	1	1.0004001600640257e-4	8968
8955	1	1.0004001600640257e-4	8969
8956	1	1.0004001600640257e-4	8970
8957	1	1.0004001600640257e-4	8971
8958	1	1.0004001600640257e-4	8972
8959	1	1.0004001600640257e-4	8973
8960	1	1.0004001600640257e-4	8974
8961	1	1.0004001600640257e-4	8975
8962	1	1.0004001600640257e-4	8976
8963	1	1.0004001600640257e-4	8977
8964	1	1.0004001600640257e-4	8978
8965	1	1.0004001600640257e-4	8979
8966	1	1.0004001600640257e-4	8980
8967	1	1.0004001600640257e-4	8981
8968	1	1.0004001600640257e-4	8982
8969	1	1.0004001600640257e-4	8983
8970	1	1.0004001600640257e-4	8984
8971	1	1.0004001600640257e-4	8985
8972	1	1.0004001600640257e-4	8986
8973	1	1.0004001600640257e-4	8987
8974	1	1.0004001600640257e-4	8988
8975	1	1.0004001600640257e-4	8989
8976	1	1.0004001600640257e-4	8990
8977	1	1.0004001600640257e-4	8991
8978	1	1.0004001600640257e-4	8992
8979	1	1.0004001600640257e-4	8993
8980	1	1.0004001600640257e-4	8994
8981	1	1.0004001600640257e-4	8995
8982	1	1.0004001600640257e-4	8996
8983	1	1.0004001600640257e-4	8997
8984	1	1.0004001600640257e-4	8998
8985	1	1.0004001600640257e-4	8999
8986	1	1.0004001600640257e-4	9000
8987	1	1.0004001600640257e-4	9001
8988	1	1.0004001600640257e-4	9002
8989	1	1.0004001600640257e-4	9003
8990	1	1.0004001600640257e-4	9004
8991	1	1.0004001600640257e-4	9005
8992	1	1.0004001600640257e-4	9006
8993	1	1.0004001600640257e-4	9007
8994	1	1.0004001600640257e-4	9008
8996	1	1.0004001600640257e-4	9009
8997	1	1.0004001600640257e-4	9010
8998	1	1.0004001600640257e-4	9011
8999	1	1.0004001600640257e-4	9012
9000	1	1.0004001600640257e-4	9013
9001	1	1.0004001600640257e-4	9014
9002	1	1.0004001600640257e-4	9015
9003	1	1.0004001600640257e-4	9016
9004	1	1.0004001600640257e-4	9017
9005	1	1.0004001600640257e-4	9018
9006	1	1.0004001600640257e-4	9019
9007	1	1.0004001600640257e-4	9020
9008	1	1.0004001600640257e-4	9021
9009	1	1.0004001600640257e-4	9022
9010	1	1.0004001600640257e-4	9023
9011	1	1.0004001600640257e-4	9024
9012	1	1.0004001600640257e-4	9025
9013	1	1.0004001600640257e-4	9026
9014	1	1.0004001600640257e-4	9027
9015	1	1.0004001600640257e-4	9028
9016	1	1.0004001600640257e-4	9029
9018	1	1.0004001600640257e-4	9030
9019	1	1.0004001600640257e-4	9031
9020	1	1.0004001600640257e-4	9032
9021	1	1.0004001600640257e-4	9033
9022	1	1.0004001600640257e-4	9034
9023	1	1.0004001600640257e-4	9035
9024	1	1.0004001600640257e-4	9036
9025	1	1.0004001600640257e-4	9037
9026	1	1.0004001600640257e-4	9038
9027	1	1.0004001600640257e-4	9039
9028	1	1.0004001600640257e-4	9040
9029	1	1.0004001600640257e-4	9041
9030	1	1.0004001600640257e-4	9042
9031	1	1.0004001600640257e-4	9043
9032	1	1.0004001600640257e-4	9044
9033	1	1.0004001600640257e-4	9045
9034	1	1.0004001600640257e-4	9046
9035	1	1.0004001600640257e-4	9047
9036	1	1.0004001600640257e-4	9048
9037	1	1.0004001600640257e-4	9049
9038	1	1.0004001600640257e-4	9050
9039	1	1.0004001600640257e-4	9051
9040	1	1.0004001600640257e-4	9052
9041	1	1.0004001600640257e-4	9053
9042	1	1.0004001600640257e-4	9054
9043	1	1.0004001600640257e-4	9055
9044	1	1.0004001600640257e-4	9056
9045	1	1.0004001600640257e-4	9057
9046	1	1.0004001600640257e-4	9058
9047	1	1.0004001600640257e-4	9059
9048	1	1.0004001600640257e-4	9060
9049	1	1.0004001600640257e-4	9061
9050	1	1.0004001600640257e-4	9062
9051	1	1.0004001600640257e-4	9063
9052	1	1.0004001600640257e-4	9064
9053	1	1.0004001600640257e-4	9065
9054	1	1.0004001600640257e-4	9066
9055	1	1.0004001600640257e-4	9067
9056	1	1.0004001600640257e-4	9068
9057	1	1.0004001600640257e-4	9069
9058	1	1.0004001600640257e-4	9070
9059	1	1.0004001600640257e-4	9071
9060	1	1.0004001600640257e-4	9072
9061	1	1.0004001600640257e-4	9073
9062	1	1.0004001600640257e-4	9074
9063	1	1.0004001600640257e-4	9075
9064	1	1.0004001600640257e-4	9076
9065	1	1.0004001600640257e-4	9077
9066	1	1.0004001600640257e-4	9078
9067	1	1.0004001600640257e-4	9079
9068	1	1.0004001600640257e-4	9080
9069	1	1.0004001600640257e-4	9081
9070	1	1.0004001600640257e-4	9082
9071	1	1.0004001600640257e-4	9083
9072	1	1.0004001600640257e-4	9084
9073	1	1.0004001600640257e-4	9085
9074	1	1.0004001600640257e-4	9086
9075	1	1.0004001600640257e-4	9087
9076	1	1.0004001600640257e-4	9088
9077	1	1.0004001600640257e-4	9089
9078	1	1.0004001600640257e-4	9090
9079	1	1.0004001600640257e-4	9091
9080	1	1.0004001600640257e-4	9092
9081	1	1.0004001600640257e-4	9093
9082	1	1.0004001600640257e-4	9094
9083	1	1.0004001600640257e-4	9095
9084	1	1.0004001600640257e-4	9096
9085	1	1.0004001600640257e-4	9097
9086	1	1.0004001600640257e-4	9098
9087	1	1.0004001600640257e-4	9099
9088	1	1.0004001600640257e-4	9100
9089	1	1.0004001600640257e-4	9101
9090	1	1.0004001600640257e-4	9102
9091	1	1.0004001600640257e-4	9103
9092	1	1.0004001600640257e-4	9104
9093	1	1.0004001600640257e-4	9105
9094	1	1.0004001600640257e-4	9106
9095	1	1.0004001600640257e-4	9107
9096	1	1.0004001600640257e-4	9108
9097	1	1.0004001600640257e-4	9109
9098	1	1.0004001600640257e-4	9110
9099	1	1.0004001600640257e-4	9111
9100	1	1.0004001600640257e-4	9112
9101	1	1.0004001600640257e-4	9113
9102	1	1.0004001600640257e-4	9114
9103	1	1.0004001600640257e-4	9115
9104	1	1.0004001600640257e-4	9116
9105	1	1.0004001600640257e-4	9117
9106	1	1.0004001600640257e-4	9118
9107	1	1.0004001600640257e-4	9119
9108	1	1.0004001600640257e-4	9120
9109	1	1.0004001600640257e-4	9121
9110	1	1.0004001600640257e-4	9122
9111	1	1.0004001600640257e-4	9123
9112	1	1.0004001600640257e-4	9124
9113	1	1.0004001600640257e-4	9125
9114	1	1.0004001600640257e-4	9126
9115	1	1.0004001600640257e-4	9127
9116	1	1.0004001600640257e-4	9128
9117	1	1.0004001600640257e-4	9129
9118	1	1.0004001600640257e-4	9130
9119	1	1.0004001600640257e-4	9131
9120	1	1.0004001600640257e-4	9132
9121	1	1.0004001600640257e-4	9133
9122	1	1.0004001600640257e-4	9134
9123	1	1.0004001600640257e-4	9135
9124	1	1.0004001600640257e-4	9136
9125	1	1.0004001600640257e-4	9137
9126	1	1.0004001600640257e-4	9138
9127	1	1.0004001600640257e-4	9139
9128	1	1.0004001600640257e-4	9140
9129	1	1.0004001600640257e-4	9141
9130	1	1.0004001600640257e-4	9142
9131	1	1.0004001600640257e-4	9143
9132	1	1.0004001600640257e-4	9144
9133	1	1.0004001600640257e-4	9145
9134	1	1.0004001600640257e-4	9146
9135	1	1.0004001600640257e-4	9147
9136	1	1.0004001600640257e-4	9148
9137	1	1.0004001600640257e-4	9149
9138	1	1.0004001600640257e-4	9150
9139	1	1.0004001600640257e-4	9151
9140	1	1.0004001600640257e-4	9152
9141	1	1.0004001600640257e-4	9153
9142	1	1.0004001600640257e-4	9154
9143	1	1.0004001600640257e-4	9155
9144	1	1.0004001600640257e-4	9156
9145	1	1.0004001600640257e-4	9157
9146	1	1.0004001600640257e-4	9158
9147	1	1.0004001600640257e-4	9159
9148	1	1.0004001600640257e-4	9160
9149	1	1.0004001600640257e-4	9161
9150	1	1.0004001600640257e-4	9162
9151	1	1.0004001600640257e-4	9163
9152	1	1.0004001600640257e-4	9164
9153	1	1.0004001600640257e-4	9165
9154	1	1.0004001600640257e-4	9166
9155	1	1.0004001600640257e-4	9167
9156	1	1.0004001600640257e-4	9168
9157	1	1.0004001600640257e-4	9169
9158	1	1.0004001600640257e-4	9170
9159	1	1.0004001600640257e-4	9171
9160	1	1.0004001600640257e-4	9172
9161	1	1.0004001600640257e-4	9173
9162	1	1.0004001600640257e-4	9174
9163	1	1.0004001600640257e-4	9175
9165	1	1.0004001600640257e-4	9176
9166	1	1.0004001600640257e-4	9177
9167	1	1.0004001600640257e-4	9178
9168	1	1.0004001600640257e-4	9179
9169	1	1.0004001600640257e-4	9180
9170	1	1.0004001600640257e-4	9181
9171	1	1.0004001600640257e-4	9182
9172	1	1.0004001600640257e-4	9183
9173	1	1.0004001600640257e-4	9184
9174	1	1.0004001600640257e-4	9185
9175	1	1.0004001600640257e-4	9186
9176	1	1.0004001600640257e-4	9187
9177	1	1.0004001600640257e-4	9188
9178	1	1.0004001600640257e-4	9189
9179	1	1.0004001600640257e-4	9190
9180	1	1.0004001600640257e-4	9191
9181	1	1.0004001600640257e-4	9192
9182	1	1.0004001600640257e-4	9193
9183	1	1.0004001600640257e-4	9194
9184	1	1.0004001600640257e-4	9195
9185	1	1.0004001600640257e-4	9196
9186	1	1.0004001600640257e-4	9197
9187	1	1.0004001600640257e-4	9198
9188	1	1.0004001600640257e-4	9199
9189	1	1.0004001600640257e-4	9200
9190	1	1.0004001600640257e-4	9201
9191	1	1.0004001600640257e-4	9202
9192	1	1.0004001600640257e-4	9203
9193	1	1.0004001600640257e-4	9204
9194	1	1.0004001600640257e-4	9205
9195	1	1.0004001600640257e-4	9206
9196	1	1.0004001600640257e-4	9207
9197	1	1.0004001600640257e-4	9208
9198	1	1.0004001600640257e-4	9209
9199	1	1.0004001600640257e-4	9210
9200	1	1.0004001600640257e-4	9211
9201	1	1.0004001600640257e-4	9212
9202	1	1.0004001600640257e-4	9213
9203	1	1.0004001600640257e-4	9214
9204	1	1.0004001600640257e-4	9215
9205	1	1.0004001600640257e-4	9216
9206	1	1.0004001600640257e-4	9217
9207	1	1.0004001600640257e-4	9218
9208	1	1.0004001600640257e-4	9219
9209	1	1.0004001600640257e-4	9220
9210	1	1.0004001600640257e-4	9221
9211	1	1.0004001600640257e-4	9222
9212	1	1.0004001600640257e-4	9223
9213	1	1.0004001600640257e-4	9224
9214	1	1.0004001600640257e-4	9225
9215	1	1.0004001600640257e-4	9226
9216	1	1.0004001600640257e-4	9227
9217	1	1.0004001600640257e-4	9228
9218	1	1.0004001600640257e-4	9229
9219	1	1.0004001600640257e-4	9230
9220	1	1.0004001600640257e-4	9231
9221	1	1.0004001600640257e-4	9232
9222	1	1.0004001600640257e-4	9233
9223	1	1.0004001600640257e-4	9234
9224	1	1.0004001600640257e-4	9235
9225	1	1.0004001600640257e-4	9236
9226	1	1.0004001600640257e-4	9237
9227	1	1.0004001600640257e-4	9238
9228	1	1.0004001600640257e-4	9239
9229	1	1.0004001600640257e-4	9240
9230	1	1.0004001600640257e-4	9241
9231	1	1.0004001600640257e-4	9242
9232	1	1.0004001600640257e-4	9243
9233	1	1.0004001600640257e-4	9244
9234	1	1.0004001600640257e-4	9245
9235	1	1.0004001600640257e-4	9246
9236	1	1.0004001600640257e-4	9247
9237	1	1.0004001600640257e-4	9248
9238	1	1.0004001600640257e-4	9249
9239	1	1.0004001600640257e-4	9250
9240	1	1.0004001600640257e-4	9251
9241	1	1.0004001600640257e-4	9252
9242	1	1.0004001600640257e-4	9253
9244	1	1.0004001600640257e-4	9254
9245	1	1.0004001600640257e-4	9255
9246	1	1.0004001600640257e-4	9256
9247	1	1.0004001600640257e-4	9257
9248	1	1.0004001600640257e-4	9258
9249	1	1.0004001600640257e-4	9259
9250	1	1.0004001600640257e-4	9260
9251	1	1.0004001600640257e-4	9261
9252	1	1.0004001600640257e-4	9262
9253	1	1.0004001600640257e-4	9263
9254	1	1.0004001600640257e-4	9264
9255	1	1.0004001600640257e-4	9265
9256	1	1.0004001600640257e-4	9266
9257	1	1.0004001600640257e-4	9267
9258	1	1.0004001600640257e-4	9268
9259	1	1.0004001600640257e-4	9269
9260	1	1.0004001600640257e-4	9270
9261	1	1.0004001600640257e-4	9271
9262	1	1.0004001600640257e-4	9272
9263	1	1.0004001600640257e-4	9273
9264	1	1.0004001600640257e-4	9274
9265	1	1.0004001600640257e-4	9275
9266	1	1.0004001600640257e-4	9276
9267	1	1.0004001600640257e-4	9277
9268	1	1.0004001600640257e-4	9278
9269	1	1.0004001600640257e-4	9279
9270	1	1.0004001600640257e-4	9280
9271	1	1.0004001600640257e-4	9281
9272	1	1.0004001600640257e-4	9282
9273	1	1.0004001600640257e-4	9283
9274	1	1.0004001600640257e-4	9284
9276	1	1.0004001600640257e-4	9285
9277	1	1.0004001600640257e-4	9286
9278	1	1.0004001600640257e-4	9287
9279	1	1.0004001600640257e-4	9288
9280	1	1.0004001600640257e-4	9289
9281	1	1.0004001600640257e-4	9290
9282	1	1.0004001600640257e-4	9291
9283	1	1.0004001600640257e-4	9292
9284	1	1.0004001600640257e-4	9293
9285	1	1.0004001600640257e-4	9294
9286	1	1.0004001600640257e-4	9295
9287	1	1.0004001600640257e-4	9296
9288	1	1.0004001600640257e-4	9297
9289	1	1.0004001600640257e-4	9298
9290	1	1.0004001600640257e-4	9299
9291	1	1.0004001600640257e-4	9300
9292	1	1.0004001600640257e-4	9301
9293	1	1.0004001600640257e-4	9302
9294	1	1.0004001600640257e-4	9303
9295	1	1.0004001600640257e-4	9304
9296	1	1.0004001600640257e-4	9305
9297	1	1.0004001600640257e-4	9306
9298	1	1.0004001600640257e-4	9307
9299	1	1.0004001600640257e-4	9308
9300	1	1.0004001600640257e-4	9309
9301	1	1.0004001600640257e-4	9310
9302	1	1.0004001600640257e-4	9311
9303	1	1.0004001600640257e-4	9312
9304	1	1.0004001600640257e-4	9313
9306	1	1.0004001600640257e-4	9314
9307	1	1.0004001600640257e-4	9315
9308	1	1.0004001600640257e-4	9316
9309	1	1.0004001600640257e-4	9317
9310	1	1.0004001600640257e-4	9318
9311	1	1.0004001600640257e-4	9319
9312	1	1.0004001600640257e-4	9320
9314	1	1.0004001600640257e-4	9321
9315	1	1.0004001600640257e-4	9322
9316	1	1.0004001600640257e-4	9323
9317	1	1.0004001600640257e-4	9324
9318	1	1.0004001600640257e-4	9325
9319	1	1.0004001600640257e-4	9326
9321	1	1.0004001600640257e-4	9327
9322	1	1.0004001600640257e-4	9328
9323	1	1.0004001600640257e-4	9329
9325	1	1.0004001600640257e-4	9330
9327	1	1.0004001600640257e-4	9331
9328	1	1.0004001600640257e-4	9332
9329	1	1.0004001600640257e-4	9333
9330	1	1.0004001600640257e-4	9334
9331	1	1.0004001600640257e-4	9335
9332	1	1.0004001600640257e-4	9336
9333	1	1.0004001600640257e-4	9337
9334	1	1.0004001600640257e-4	9338
9335	1	1.0004001600640257e-4	9339
9336	1	1.0004001600640257e-4	9340
9337	1	1.0004001600640257e-4	9341
9338	1	1.0004001600640257e-4	9342
9339	1	1.0004001600640257e-4	9343
9340	1	1.0004001600640257e-4	9344
9341	1	1.0004001600640257e-4	9345
9342	1	1.0004001600640257e-4	9346
9343	1	1.0004001600640257e-4	9347
9344	1	1.0004001600640257e-4	9348
9345	1	1.0004001600640257e-4	9349
9347	1	1.0004001600640257e-4	9350
9348	1	1.0004001600640257e-4	9351
9349	1	1.0004001600640257e-4	9352
9350	1	1.0004001600640257e-4	9353
9351	1	1.0004001600640257e-4	9354
9352	1	1.0004001600640257e-4	9355
9353	1	1.0004001600640257e-4	9356
9354	1	1.0004001600640257e-4	9357
9355	1	1.0004001600640257e-4	9358
9356	1	1.0004001600640257e-4	9359
9357	1	1.0004001600640257e-4	9360
9358	1	1.0004001600640257e-4	9361
9359	1	1.0004001600640257e-4	9362
9360	1	1.0004001600640257e-4	9363
9361	1	1.0004001600640257e-4	9364
9363	1	1.0004001600640257e-4	9365
9364	1	1.0004001600640257e-4	9366
9365	1	1.0004001600640257e-4	9367
9366	1	1.0004001600640257e-4	9368
9367	1	1.0004001600640257e-4	9369
9368	1	1.0004001600640257e-4	9370
9369	1	1.0004001600640257e-4	9371
9370	1	1.0004001600640257e-4	9372
9371	1	1.0004001600640257e-4	9373
9372	1	1.0004001600640257e-4	9374
9374	1	1.0004001600640257e-4	9375
9375	1	1.0004001600640257e-4	9376
9376	1	1.0004001600640257e-4	9377
9377	1	1.0004001600640257e-4	9378
9378	1	1.0004001600640257e-4	9379
9379	1	1.0004001600640257e-4	9380
9380	1	1.0004001600640257e-4	9381
9381	1	1.0004001600640257e-4	9382
9382	1	1.0004001600640257e-4	9383
9383	1	1.0004001600640257e-4	9384
9384	1	1.0004001600640257e-4	9385
9385	1	1.0004001600640257e-4	9386
9386	1	1.0004001600640257e-4	9387
9387	1	1.0004001600640257e-4	9388
9388	1	1.0004001600640257e-4	9389
9389	1	1.0004001600640257e-4	9390
9390	1	1.0004001600640257e-4	9391
9391	1	1.0004001600640257e-4	9392
9392	1	1.0004001600640257e-4	9393
9393	1	1.0004001600640257e-4	9394
9394	1	1.0004001600640257e-4	9395
9395	1	1.0004001600640257e-4	9396
9396	1	1.0004001600640257e-4	9397
9397	1	1.0004001600640257e-4	9398
9398	1	1.0004001600640257e-4	9399
9399	1	1.0004001600640257e-4	9400
9400	1	1.0004001600640257e-4	9401
9401	1	1.0004001600640257e-4	9402
9402	1	1.0004001600640257e-4	9403
9403	1	1.0004001600640257e-4	9404
9405	1	1.0004001600640257e-4	9405
9406	1	1.0004001600640257e-4	9406
9407	1	1.0004001600640257e-4	9407
9408	1	1.0004001600640257e-4	9408
9409	1	1.0004001600640257e-4	9409
9410	1	1.0004001600640257e-4	9410
9411	1	1.0004001600640257e-4	9411
9412	1	1.0004001600640257e-4	9412
9413	1	1.0004001600640257e-4	9413
9414	1	1.0004001600640257e-4	9414
9415	1	1.0004001600640257e-4	9415
9416	1	1.0004001600640257e-4	9416
9417	1	1.0004001600640257e-4	9417
9418	1	1.0004001600640257e-4	9418
9419	1	1.0004001600640257e-4	9419
9420	1	1.0004001600640257e-4	9420
9421	1	1.0004001600640257e-4	9421
9422	1	1.0004001600640257e-4	9422
9423	1	1.0004001600640257e-4	9423
9424	1	1.0004001600640257e-4	9424
9425	1	1.0004001600640257e-4	9425
9426	1	1.0004001600640257e-4	9426
