mu_freq_seq_r	mu_freq_seq_s
0	0.002702702702702703
0.013262599469496022	0
0.008064516129032258	0.002688172043010753
0.013513513513513514	0
0.0110803324099723	0.002770083102493075
0.010666666666666666	0.008
0	0
0.005434782608695652	0
0.008152173913043478	0
0.00554016620498615	0
0.011267605633802818	0.008450704225352112
0.019178082191780823	0
0.008130081300813009	0.0027100271002710027
0.005509641873278237	0
0.008130081300813009	0.005420054200542005
0.011111111111111112	0
0.005509641873278237	0.008264462809917356
0.01098901098901099	0.0027472527472527475
0.005509641873278237	0.011019283746556474
0.010869565217391304	0.005434782608695652
0.008241758241758242	0.0027472527472527475
0.010869565217391304	0.002717391304347826
0.008287292817679558	0
0.005361930294906166	0.005361930294906166
0.002680965147453083	0.005361930294906166
0.016042780748663103	0
0.0027472527472527475	0.0027472527472527475
0.005479452054794521	0
0.008086253369272238	0.005390835579514825
0.005420054200542005	0.005420054200542005
0.0027397260273972603	0
0.005390835579514825	0.005390835579514825
0.008130081300813009	0.0027100271002710027
0.0026954177897574125	0.013477088948787063
0.010869565217391304	0
0.00819672131147541	0
0.010810810810810811	0.005405405405405406
0.016260162601626018	0.0027100271002710027
0.016172506738544475	0.005390835579514825
0.005479452054794521	0.005479452054794521
0.00546448087431694	0.00819672131147541
0.005361930294906166	0
0.005494505494505495	0
0.013888888888888888	0.002777777777777778
0.0027247956403269754	0.0027247956403269754
0.016260162601626018	0.0027100271002710027
0.013440860215053764	0.008064516129032258
0.00819672131147541	0.00819672131147541
0.01084010840108401	0.005420054200542005
0.005571030640668524	0.002785515320334262
0.01907356948228883	0.005449591280653951
0.01092896174863388	0.00273224043715847
0	0
0.005405405405405406	0
0.008174386920980926	0.005449591280653951
0.01639344262295082	0.00273224043715847
0.0027472527472527475	0.0027472527472527475
0.00558659217877095	0.002793296089385475
0.008287292817679558	0.0027624309392265192
0.0027472527472527475	0
0.00819672131147541	0
0.0027247956403269754	0.013623978201634877
0.008174386920980926	0.0027247956403269754
0.005494505494505495	0.005494505494505495
0.016304347826086956	0.008152173913043478
0.00819672131147541	0
0.019230769230769232	0.0027472527472527475
0.011204481792717087	0.0028011204481792717
0.0027247956403269754	0.0027247956403269754
0.005494505494505495	0.005494505494505495
0.008108108108108109	0.008108108108108109
0.0055248618784530384	0.0027624309392265192
0.00819672131147541	0.01366120218579235
0.008152173913043478	0.002717391304347826
0.008241758241758242	0
0.02452316076294278	0
0.005509641873278237	0.005509641873278237
0.0027472527472527475	0.0027472527472527475
0	0.0027397260273972603
0.00546448087431694	0.00273224043715847
0.008264462809917356	0
0.005509641873278237	0.008264462809917356
0.005420054200542005	0.0027100271002710027
0.008130081300813009	0.0027100271002710027
0.005479452054794521	0.0027397260273972603
0	0
0.011111111111111112	0.002777777777777778
0.005509641873278237	0.0027548209366391185
0.0027548209366391185	0
0.00546448087431694	0.00273224043715847
0.016483516483516484	0.008241758241758242
0.005390835579514825	0.0026954177897574125
0.013774104683195593	0
0.00821917808219178	0.00821917808219178
0.013440860215053764	0.010752688172043012
0.005420054200542005	0.005420054200542005
0.01098901098901099	0
0.010810810810810811	0
0.01366120218579235	0.00273224043715847
0.005420054200542005	0.0027100271002710027
0.005479452054794521	0.0027397260273972603
0.008152173913043478	0.005434782608695652
0.016260162601626018	0.01084010840108401
0.002717391304347826	0.002717391304347826
0.008264462809917356	0.005509641873278237
0.0136986301369863	0.005479452054794521
0.010752688172043012	0.010752688172043012
0.00546448087431694	0.00273224043715847
0.01098901098901099	0.01098901098901099
0.005405405405405406	0
0.0027472527472527475	0.005494505494505495
0.005390835579514825	0
0.01098901098901099	0.005494505494505495
0.005434782608695652	0.005434782608695652
0.008064516129032258	0.005376344086021506
0.01084010840108401	0
0.00819672131147541	0.00273224043715847
0.008310249307479225	0.002770083102493075
0.005390835579514825	0.008086253369272238
0.008264462809917356	0.008264462809917356
0.01358695652173913	0.002717391304347826
0.010958904109589041	0.0027397260273972603
0	0.005434782608695652
0.005479452054794521	0
0	0.01078167115902965
0.011049723756906077	0
0	0.002777777777777778
0.00546448087431694	0.00546448087431694
0.00819672131147541	0
0.0028169014084507044	0
0	0.005555555555555556
0.013736263736263736	0.0027472527472527475
0.01098901098901099	0.0027472527472527475
0	0
0.005571030640668524	0.002785515320334262
0.01078167115902965	0
0.005555555555555556	0.002777777777777778
0.008174386920980926	0.005449591280653951
0.008130081300813009	0.005420054200542005
0.011049723756906077	0.0055248618784530384
0.013550135501355014	0.005420054200542005
0.008174386920980926	0.008174386920980926
0.024861878453038673	0.0027624309392265192
0.008130081300813009	0
0.005420054200542005	0.01084010840108401
0.005479452054794521	0.00821917808219178
0.016260162601626018	0.0027100271002710027
0.016304347826086956	0.005434782608695652
0.013736263736263736	0
0.005376344086021506	0.005376344086021506
0.00546448087431694	0.00546448087431694
0.005390835579514825	0
0.010958904109589041	0.005479452054794521
0.01366120218579235	0.00546448087431694
0.01639344262295082	0.00273224043715847
0.013513513513513514	0.002702702702702703
0	0
0.008108108108108109	0.002702702702702703
0.005479452054794521	0.005479452054794521
0.016483516483516484	0
0.013513513513513514	0
0.016260162601626018	0.0027100271002710027
0.0027548209366391185	0.0027548209366391185
0.008021390374331552	0.0106951871657754
0.016	0.008
0	0.005390835579514825
0.0027100271002710027	0.013550135501355014
0.008130081300813009	0.0027100271002710027
0.002680965147453083	0.002680965147453083
0	0
0.010666666666666666	0.005333333333333333
0.018867924528301886	0
0.010723860589812333	0.005361930294906166
0.0160857908847185	0.0160857908847185
0.015915119363395226	0.002652519893899204
0.005405405405405406	0.005405405405405406
0.0027548209366391185	0.0027548209366391185
0.005390835579514825	0
0.008064516129032258	0
0	0.0026954177897574125
0.005361930294906166	0.00804289544235925
0.016172506738544475	0.0026954177897574125
0.010752688172043012	0.005376344086021506
0.008152173913043478	0
0.010638297872340425	0.0026595744680851063
0.005434782608695652	0
0.0027247956403269754	0
0.01084010840108401	0
0.002824858757062147	0.002824858757062147
0.01084010840108401	0
0.010810810810810811	0
0.010869565217391304	0.002717391304347826
0.01891891891891892	0.002702702702702703
0.010899182561307902	0.005449591280653951
0.008152173913043478	0
0.010899182561307902	0.010899182561307902
0.00821917808219178	0.0027397260273972603
0.0273972602739726	0
0.005494505494505495	0.005494505494505495
0.027700831024930747	0.00554016620498615
0.016042780748663103	0.00267379679144385
0.005449591280653951	0.005449591280653951
0.008	0
0.0053475935828877	0.00267379679144385
0.013404825737265416	0.002680965147453083
0.01084010840108401	0.0027100271002710027
0.011049723756906077	0.0027624309392265192
0.010958904109589041	0.0027397260273972603
0.01639344262295082	0
0.005449591280653951	0.010899182561307902
0.008241758241758242	0
0.00273224043715847	0.00546448087431694
0.0027472527472527475	0
0.01084010840108401	0.0027100271002710027
0	0.005479452054794521
0.010810810810810811	0.002702702702702703
0.013623978201634877	0.005449591280653951
0.010958904109589041	0.00821917808219178
0.013550135501355014	0.0027100271002710027
0.008064516129032258	0.005376344086021506
0.018867924528301886	0.0026954177897574125
0.013550135501355014	0
0.008333333333333333	0.008333333333333333
0.00819672131147541	0
0.010752688172043012	0.010752688172043012
0.0055248618784530384	0.0055248618784530384
0	0.00554016620498615
0.005291005291005291	0.005291005291005291
0.005571030640668524	0.002785515320334262
0.008130081300813009	0.005420054200542005
0.005390835579514825	0.0026954177897574125
0.005509641873278237	0.008264462809917356
0.010752688172043012	0.002688172043010753
0.005420054200542005	0
0.013927576601671309	0.002785515320334262
0.01907356948228883	0.0027247956403269754
0.016483516483516484	0
0.0027100271002710027	0.0027100271002710027
0.0026595744680851063	0.0026595744680851063
0.005361930294906166	0.00804289544235925
0.005376344086021506	0.002688172043010753
0.010869565217391304	0.005434782608695652
0.010638297872340425	0
0.008086253369272238	0.008086253369272238
0.013927576601671309	0.002785515320334262
0.005509641873278237	0.005509641873278237
0.011019283746556474	0
0.016304347826086956	0
0.01078167115902965	0
0.010869565217391304	0.008152173913043478
0.008021390374331552	0.008021390374331552
0.013368983957219251	0.0106951871657754
0.01078167115902965	0.0026954177897574125
0.008	0.0026666666666666666
0.00821917808219178	0.00821917808219178
0.0053475935828877	0.0053475935828877
0.01871657754010695	0.00267379679144385
0.010666666666666666	0.0026666666666666666
0.005449591280653951	0
0.002688172043010753	0.005376344086021506
0	0
0.0026666666666666666	0
0.00546448087431694	0.00273224043715847
0.005376344086021506	0.002688172043010753
0.007957559681697613	0.002652519893899204
0.008021390374331552	0.00267379679144385
0.005405405405405406	0.002702702702702703
0.010752688172043012	0
0.01366120218579235	0.01092896174863388
0.0027624309392265192	0.0027624309392265192
0.013812154696132596	0.0027624309392265192
0.010899182561307902	0.0027247956403269754
0.0028653295128939827	0
0.011204481792717087	0.0028011204481792717
0	0.005420054200542005
0.0027472527472527475	0.008241758241758242
0.00546448087431694	0.00273224043715847
0.011111111111111112	0
0	0.011111111111111112
0.010958904109589041	0.005479452054794521
0.008333333333333333	0.002777777777777778
0.005434782608695652	0.002717391304347826
0.0027548209366391185	0.008264462809917356
0.008241758241758242	0.008241758241758242
0.013774104683195593	0.005509641873278237
0.01928374655647383	0.008264462809917356
0.005449591280653951	0.008174386920980926
0.002717391304347826	0.002717391304347826
0.011019283746556474	0.0027548209366391185
0.01084010840108401	0.0027100271002710027
0.005479452054794521	0.010958904109589041
0.005390835579514825	0.008086253369272238
0.005479452054794521	0.0136986301369863
0.005633802816901409	0
0.005405405405405406	0.002702702702702703
0	0.005555555555555556
0.00819672131147541	0
0.00554016620498615	0
0.00273224043715847	0.00546448087431694
0.00554016620498615	0
0.005405405405405406	0.005405405405405406
0	0.008108108108108109
0	0.005361930294906166
0.00804289544235925	0.002680965147453083
0	0.002717391304347826
0.005405405405405406	0
0.01871657754010695	0.0053475935828877
0.002702702702702703	0.002702702702702703
0.010869565217391304	0.002717391304347826
0.008108108108108109	0.005405405405405406
0.0028089887640449437	0.008426966292134831
0.008264462809917356	0.005509641873278237
0.008152173913043478	0
0.010899182561307902	0.005449591280653951
0.00554016620498615	0
0.010810810810810811	0
0.008310249307479225	0.00554016620498615
0.01358695652173913	0.002717391304347826
0.013736263736263736	0.005494505494505495
0.013623978201634877	0.008174386920980926
0.008130081300813009	0.005420054200542005
0	0
0.005434782608695652	0.008152173913043478
0.0027397260273972603	0.005479452054794521
0.013623978201634877	0
0.013812154696132596	0.0027624309392265192
0.013774104683195593	0.008264462809917356
0.010899182561307902	0
0.011299435028248588	0.005649717514124294
0.01098901098901099	0
0.0027247956403269754	0
0.005494505494505495	0.008241758241758242
0.019178082191780823	0
0.013888888888888888	0.002777777777777778
0.01907356948228883	0.013623978201634877
0.01358695652173913	0.005434782608695652
0.0027472527472527475	0.005494505494505495
0.013927576601671309	0.008356545961002786
0.008356545961002786	0.005571030640668524
0.01078167115902965	0.008086253369272238
0	0.00558659217877095
0.008379888268156424	0.002793296089385475
0.008426966292134831	0.011235955056179775
0	0.00273224043715847
0.008086253369272238	0.013477088948787063
0.008130081300813009	0
0.005434782608695652	0.005434782608695652
0.008086253369272238	0.005390835579514825
0.005420054200542005	0.005420054200542005
0.005390835579514825	0
0.0055248618784530384	0.0027624309392265192
0.013368983957219251	0.008021390374331552
0.00273224043715847	0.00546448087431694
0.0106951871657754	0
0	0.005420054200542005
0.013888888888888888	0
0.00558659217877095	0.013966480446927373
0.016483516483516484	0.005494505494505495
0.013774104683195593	0.0027548209366391185
0.00273224043715847	0.00546448087431694
0.002702702702702703	0.008108108108108109
0.011019283746556474	0.005509641873278237
0.005434782608695652	0.008152173913043478
0.0084985835694051	0.0084985835694051
0.013774104683195593	0
0.013227513227513227	0.010582010582010581
0.008174386920980926	0.005449591280653951
0	0.005449591280653951
0.00273224043715847	0.00273224043715847
0.005509641873278237	0.005509641873278237
0.005633802816901409	0.0028169014084507044
0.01358695652173913	0.005434782608695652
0.002793296089385475	0
0.005390835579514825	0.008086253369272238
0.013850415512465374	0
0.013888888888888888	0.002777777777777778
0.010666666666666666	0.0026666666666666666
0.01366120218579235	0.00273224043715847
0.0110803324099723	0.00554016620498615
0.008333333333333333	0.013888888888888888
0.002770083102493075	0.00554016620498615
0.005571030640668524	0.002785515320334262
0.01092896174863388	0.00273224043715847
0.005449591280653951	0.0027247956403269754
0.008130081300813009	0.0027100271002710027
0.0028169014084507044	0.005633802816901409
0.01098901098901099	0.0027472527472527475
0.01907356948228883	0.005449591280653951
0.00821917808219178	0
0.005319148936170213	0.005319148936170213
0.013404825737265416	0.002680965147453083
0.005376344086021506	0.005376344086021506
0.0106951871657754	0.0106951871657754
0.008174386920980926	0.010899182561307902
0.0136986301369863	0.00821917808219178
0.01098901098901099	0
0.008264462809917356	0
0.013477088948787063	0
0.0027100271002710027	0
0.0027472527472527475	0.013736263736263736
0.00558659217877095	0.002793296089385475
0.005405405405405406	0.002702702702702703
0.008287292817679558	0.0027624309392265192
0.013736263736263736	0.008241758241758242
0.00273224043715847	0.00546448087431694
0.005376344086021506	0
0.00819672131147541	0.00546448087431694
0.01662049861495845	0.002770083102493075
0.005434782608695652	0.002717391304347826
0.0027548209366391185	0.013774104683195593
0.0055248618784530384	0.0027624309392265192
0.008152173913043478	0.010869565217391304
0.008241758241758242	0.0027472527472527475
0.0027397260273972603	0.0027397260273972603
0.00821917808219178	0.005479452054794521
0.0027397260273972603	0.005479452054794521
0.008174386920980926	0.005449591280653951
0.010958904109589041	0.00821917808219178
0.008108108108108109	0.010810810810810811
0	0.00273224043715847
0.002840909090909091	0.008522727272727272
0.016901408450704224	0.0028169014084507044
0.002793296089385475	0.002793296089385475
0.0027624309392265192	0.011049723756906077
0.002777777777777778	0.011111111111111112
0	0.0027247956403269754
0.005420054200542005	0
0.013550135501355014	0.0027100271002710027
0.008241758241758242	0.0027472527472527475
0.01358695652173913	0.008152173913043478
0.002717391304347826	0
0.00273224043715847	0.00273224043715847
0.010752688172043012	0.002688172043010753
0.010869565217391304	0
0.0055248618784530384	0
0.011019283746556474	0
0.011111111111111112	0.005555555555555556
0.002702702702702703	0.008108108108108109
0.010752688172043012	0
0.002702702702702703	0.002702702702702703
0.008174386920980926	0.005449591280653951
0.013477088948787063	0.0026954177897574125
0.0027247956403269754	0.0027247956403269754
0.005494505494505495	0.0027472527472527475
0.00821917808219178	0.010958904109589041
0.010958904109589041	0.0027397260273972603
0.00273224043715847	0.00273224043715847
0.005449591280653951	0.005449591280653951
0.011049723756906077	0
0.005390835579514825	0.0026954177897574125
0.013477088948787063	0.005390835579514825
0	0.005494505494505495
0.008152173913043478	0.008152173913043478
0.00821917808219178	0.005479452054794521
0.005509641873278237	0.005509641873278237
0.0027247956403269754	0.0027247956403269754
0.00554016620498615	0.00554016620498615
0.011019283746556474	0.0027548209366391185
0.008241758241758242	0.008241758241758242
0.01366120218579235	0.00546448087431694
0.01078167115902965	0.005390835579514825
0.019178082191780823	0.0027397260273972603
0.01098901098901099	0
0.019178082191780823	0.0027397260273972603
0.0027397260273972603	0.0027397260273972603
0.005405405405405406	0.005405405405405406
0.0027397260273972603	0.00821917808219178
0.016574585635359115	0.0027624309392265192
0.005509641873278237	0.0027548209366391185
0.0056022408963585435	0
0.002770083102493075	0
0.0027624309392265192	0.0027624309392265192
0.01358695652173913	0.008152173913043478
0.007978723404255319	0.015957446808510637
0.01098901098901099	0
0.0053475935828877	0
0.008152173913043478	0
0.026595744680851064	0.007978723404255319
0.005479452054794521	0.00821917808219178
0.018617021276595744	0
0.01358695652173913	0
0.005434782608695652	0.010869565217391304
0.008064516129032258	0.005376344086021506
0.00554016620498615	0.00554016620498615
0.0027247956403269754	0.0027247956403269754
0.0055248618784530384	0.013812154696132596
0.008287292817679558	0
0.010958904109589041	0
0.01092896174863388	0
0.00546448087431694	0.00546448087431694
0.005509641873278237	0.0027548209366391185
0.002702702702702703	0.005405405405405406
0.008152173913043478	0.005434782608695652
0.0055248618784530384	0.008287292817679558
0.0027472527472527475	0
0.010899182561307902	0.0027247956403269754
0.008287292817679558	0.0027624309392265192
0.008310249307479225	0.0110803324099723
0.0028169014084507044	0.008450704225352112
0.01639344262295082	0.00819672131147541
0.01092896174863388	0.00273224043715847
0.005509641873278237	0.0027548209366391185
0.011049723756906077	0.0027624309392265192
0.0027548209366391185	0.0027548209366391185
0.008403361344537815	0
0.0055248618784530384	0.0055248618784530384
0.013736263736263736	0.008241758241758242
0.008241758241758242	0.005494505494505495
0.00273224043715847	0.00546448087431694
0	0.0027100271002710027
0.005509641873278237	0.0027548209366391185
0.010958904109589041	0
0.01098901098901099	0.005494505494505495
0.013477088948787063	0.0026954177897574125
0.0056179775280898875	0.0028089887640449437
0.01634877384196185	0
0.00821917808219178	0.00821917808219178
0	0.0027100271002710027
0.005449591280653951	0.005449591280653951
0.008086253369272238	0.008086253369272238
0.013550135501355014	0.005420054200542005
0.01098901098901099	0.008241758241758242
0.008287292817679558	0.008287292817679558
0.01092896174863388	0.00273224043715847
0.008571428571428572	0.002857142857142857
0.016713091922005572	0.002785515320334262
0	0.005494505494505495
0.013736263736263736	0.0027472527472527475
0.002840909090909091	0.002840909090909091
0.008108108108108109	0.005405405405405406
0.02197802197802198	0.005494505494505495
0.0027397260273972603	0
0.010899182561307902	0.005449591280653951
0.024456521739130436	0.005434782608695652
0.005449591280653951	0.0027247956403269754
0.00546448087431694	0.00273224043715847
0.0136986301369863	0
0.005555555555555556	0.011111111111111112
0.0196078431372549	0.0056022408963585435
0.002777777777777778	0.002777777777777778
0.01098901098901099	0
0.005555555555555556	0
0.002777777777777778	0.008333333333333333
0.010810810810810811	0.008108108108108109
0.008287292817679558	0.008287292817679558
0.010869565217391304	0.008152173913043478
0.01366120218579235	0.00546448087431694
0.0027472527472527475	0.0027472527472527475
0.010958904109589041	0
0.013850415512465374	0.00554016620498615
0.008108108108108109	0.002702702702702703
0.01366120218579235	0.00546448087431694
0.011049723756906077	0
0.016216216216216217	0.005405405405405406
0.011111111111111112	0.002777777777777778
0.01098901098901099	0.005494505494505495
0.01092896174863388	0.00273224043715847
0.00819672131147541	0
0.008356545961002786	0
0.0056022408963585435	0.008403361344537815
0.005555555555555556	0.002777777777777778
0.010958904109589041	0.0027397260273972603
0.008287292817679558	0.0055248618784530384
0.0028011204481792717	0.0028011204481792717
0.00558659217877095	0.00558659217877095
0.02717391304347826	0.005434782608695652
0.013513513513513514	0.002702702702702703
0.0027100271002710027	0.013550135501355014
0.008241758241758242	0.005494505494505495
0.016713091922005572	0
0.013966480446927373	0.002793296089385475
0.0055248618784530384	0.008287292817679558
0.0027247956403269754	0.005449591280653951
0.010752688172043012	0.002688172043010753
0.008130081300813009	0.008130081300813009
0.00819672131147541	0.00819672131147541
0.0055248618784530384	0.008287292817679558
0.013477088948787063	0.008086253369272238
0.005434782608695652	0.002717391304347826
0.002688172043010753	0.002688172043010753
0.005494505494505495	0
0.005494505494505495	0.005494505494505495
0.00546448087431694	0.00273224043715847
0.005390835579514825	0.0026954177897574125
0.010869565217391304	0.005434782608695652
0.0056022408963585435	0
0.013513513513513514	0.008108108108108109
0.008108108108108109	0
0.008152173913043478	0.005434782608695652
0.005449591280653951	0
0.008152173913043478	0
0.002717391304347826	0.002717391304347826
0.005434782608695652	0
0.011049723756906077	0.0027624309392265192
0.0028169014084507044	0.005633802816901409
0.00821917808219178	0.00821917808219178
0.010869565217391304	0
0.016304347826086956	0.005434782608695652
0.01084010840108401	0.0027100271002710027
0.00821917808219178	0.00821917808219178
0.005509641873278237	0.013774104683195593
0.0027624309392265192	0.0055248618784530384
0.008086253369272238	0.0026954177897574125
0.010752688172043012	0
0.0027100271002710027	0.008130081300813009
0.00554016620498615	0.002770083102493075
0.016666666666666666	0.005555555555555556
0.0110803324099723	0.00554016620498615
0.0027472527472527475	0.005494505494505495
0.00821917808219178	0.0027397260273972603
0.008287292817679558	0.0055248618784530384
0.010869565217391304	0
0.008264462809917356	0.005509641873278237
0.00819672131147541	0.00546448087431694
0.0027624309392265192	0.008287292817679558
0.008310249307479225	0
0.008241758241758242	0.0027472527472527475
0.0027397260273972603	0
0.00546448087431694	0.00546448087431694
0.005479452054794521	0.0027397260273972603
0.0027247956403269754	0
0.00554016620498615	0.00554016620498615
0.01639344262295082	0
0.01098901098901099	0
0.013888888888888888	0
0.0110803324099723	0.00554016620498615
0.005494505494505495	0.005494505494505495
0.0027247956403269754	0.005449591280653951
0.019337016574585635	0.0055248618784530384
0.010899182561307902	0.005449591280653951
0.008264462809917356	0
0.008264462809917356	0.005509641873278237
0.008086253369272238	0.0026954177897574125
0	0.008108108108108109
0.016713091922005572	0.011142061281337047
0.0136986301369863	0
0.0110803324099723	0.002770083102493075
0.002717391304347826	0.002717391304347826
0.002688172043010753	0.013440860215053764
0.005449591280653951	0.005449591280653951
0.00821917808219178	0.005479452054794521
0.01634877384196185	0
0.008174386920980926	0
0.010869565217391304	0.002717391304347826
0.008152173913043478	0.005434782608695652
0.005698005698005698	0.005698005698005698
0.01675977653631285	0
0.010899182561307902	0.005449591280653951
0.00546448087431694	0.00273224043715847
0.0136986301369863	0.005479452054794521
0.005494505494505495	0.0027472527472527475
0.016483516483516484	0
0.002770083102493075	0
0.008241758241758242	0.0027472527472527475
0.0110803324099723	0.002770083102493075
0	0
0.00821917808219178	0.005479452054794521
0.0111731843575419	0.002793296089385475
0.008241758241758242	0
0.008174386920980926	0
0.002777777777777778	0.005555555555555556
0.011049723756906077	0.008287292817679558
0.00821917808219178	0
0.013774104683195593	0.0027548209366391185
0.008426966292134831	0.0056179775280898875
0.002849002849002849	0
0.016304347826086956	0.002717391304347826
0.005434782608695652	0.008152173913043478
0.011111111111111112	0.005555555555555556
0.01098901098901099	0
0.0110803324099723	0.002770083102493075
0.0056179775280898875	0.0028089887640449437
0.0027247956403269754	0.0027247956403269754
0	0.0028169014084507044
0.008356545961002786	0.002785515320334262
0.002785515320334262	0.005571030640668524
0.005633802816901409	0
0.0113314447592068	0.0084985835694051
0.00821917808219178	0.0027397260273972603
0.005479452054794521	0.005479452054794521
0.00819672131147541	0.00819672131147541
0.005698005698005698	0.002849002849002849
0	0.005449591280653951
0.013966480446927373	0.0111731843575419
0.005571030640668524	0.005571030640668524
0.013966480446927373	0.00558659217877095
0.022284122562674095	0
0.0056022408963585435	0.011204481792717087
0.005633802816901409	0.008450704225352112
0.005555555555555556	0
0.0110803324099723	0.00554016620498615
0.013550135501355014	0.0027100271002710027
0.00819672131147541	0
0.008174386920980926	0.0027247956403269754
0.002824858757062147	0.005649717514124294
0.0221606648199446	0.00554016620498615
0.00558659217877095	0
0.008264462809917356	0
0.0136986301369863	0.005479452054794521
0.00273224043715847	0.00273224043715847
0.0110803324099723	0.008310249307479225
0.005494505494505495	0.0027472527472527475
0.00819672131147541	0.00273224043715847
0.010869565217391304	0
0.005555555555555556	0.002777777777777778
0.008356545961002786	0.002785515320334262
0.00819672131147541	0.00819672131147541
0.005494505494505495	0
0.00546448087431694	0.00546448087431694
0	0.0028011204481792717
0.013477088948787063	0.005390835579514825
0.008310249307479225	0.00554016620498615
0.005420054200542005	0.0027100271002710027
0.011049723756906077	0.0055248618784530384
0.008174386920980926	0.005449591280653951
0.005494505494505495	0.0027472527472527475
0.008287292817679558	0
0.0027472527472527475	0.005494505494505495
0.005434782608695652	0.005434782608695652
0.011235955056179775	0
0.005390835579514825	0.005390835579514825
0	0
0.008174386920980926	0.013623978201634877
0.011049723756906077	0.0027624309392265192
0.0027472527472527475	0.005494505494505495
0.0027397260273972603	0.00821917808219178
0.008287292817679558	0.0027624309392265192
0.0055248618784530384	0.0027624309392265192
0.01084010840108401	0
0.005555555555555556	0
0.01366120218579235	0
0.005479452054794521	0.0027397260273972603
0.01358695652173913	0.01358695652173913
0.002777777777777778	0.002777777777777778
0.01098901098901099	0
0.0055248618784530384	0.016574585635359115
0.011019283746556474	0.011019283746556474
0.0027472527472527475	0.005494505494505495
0.002777777777777778	0
0.008356545961002786	0.002785515320334262
0.01098901098901099	0
0.011111111111111112	0.008333333333333333
0.018970189701897018	0.0027100271002710027
0.002717391304347826	0.002717391304347826
0.0136986301369863	0.0027397260273972603
0.0055248618784530384	0.0055248618784530384
0.0027472527472527475	0
0.013850415512465374	0.002770083102493075
0.008264462809917356	0.005509641873278237
0.01092896174863388	0.00273224043715847
0.0027100271002710027	0.005420054200542005
0.01662049861495845	0.00554016620498615
0.00819672131147541	0
0	0
0.0111731843575419	0
0.011142061281337047	0.005571030640668524
0.008152173913043478	0.002717391304347826
0.0027100271002710027	0.0027100271002710027
0.010869565217391304	0
0.002777777777777778	0.002777777777777778
0.002770083102493075	0.002770083102493075
0.002785515320334262	0.005571030640668524
0.0028089887640449437	0.0056179775280898875
0.0027247956403269754	0
0.01084010840108401	0.016260162601626018
0.011142061281337047	0.008356545961002786
0.00554016620498615	0.00554016620498615
0.0056022408963585435	0.0028011204481792717
0.019498607242339833	0.005571030640668524
0.00546448087431694	0
0.01084010840108401	0
0.00819672131147541	0.00546448087431694
0.002777777777777778	0.002777777777777778
0.014044943820224719	0.008426966292134831
0.008130081300813009	0.01084010840108401
0.013623978201634877	0
0.010958904109589041	0.0027397260273972603
0.005449591280653951	0.005449591280653951
0.0110803324099723	0.002770083102493075
0.013736263736263736	0.005494505494505495
0.005571030640668524	0.002785515320334262
0.008264462809917356	0
0.008264462809917356	0
0.011049723756906077	0.0027624309392265192
0.00273224043715847	0.00546448087431694
0.01084010840108401	0.005420054200542005
0.0110803324099723	0
0.013736263736263736	0.0027472527472527475
0.005509641873278237	0.005509641873278237
0.008379888268156424	0.002793296089385475
0.010869565217391304	0
0.008130081300813009	0.005420054200542005
0.005390835579514825	0.0026954177897574125
0.013736263736263736	0.0027472527472527475
0.010666666666666666	0.008
0.005390835579514825	0.0026954177897574125
0.002717391304347826	0.008152173913043478
0.005420054200542005	0.005420054200542005
0.005319148936170213	0.0026595744680851063
0.016260162601626018	0.0027100271002710027
0.011235955056179775	0.0056179775280898875
0.008021390374331552	0.0053475935828877
0.005420054200542005	0
0.010810810810810811	0.002702702702702703
0.01084010840108401	0
0.008086253369272238	0.0026954177897574125
0.008	0.008
0.010638297872340425	0.010638297872340425
0.01078167115902965	0.013477088948787063
0.002652519893899204	0.005305039787798408
0.010869565217391304	0.002717391304347826
0.019021739130434784	0.002717391304347826
0.013477088948787063	0.008086253369272238
0.005361930294906166	0.005361930294906166
0.00804289544235925	0.002680965147453083
0.0027397260273972603	0
0.0027397260273972603	0.005479452054794521
0.005434782608695652	0.002717391304347826
0.013297872340425532	0.005319148936170213
0.00546448087431694	0
0	0
0.013774104683195593	0.0027548209366391185
0.01092896174863388	0.00546448087431694
0.005571030640668524	0.011142061281337047
0.005390835579514825	0.0026954177897574125
0.005420054200542005	0.008130081300813009
0.013513513513513514	0.002702702702702703
0.0026954177897574125	0.008086253369272238
0.002702702702702703	0
0.005449591280653951	0.0027247956403269754
0.010723860589812333	0.005361930294906166
0.010958904109589041	0.005479452054794521
0.008287292817679558	0.0055248618784530384
0.005405405405405406	0.005405405405405406
0.008264462809917356	0.0027548209366391185
0.005434782608695652	0.005434782608695652
0.005376344086021506	0.008064516129032258
0.0055248618784530384	0.0055248618784530384
0.01871657754010695	0.0053475935828877
0.013812154696132596	0.008287292817679558
0.0027548209366391185	0.008264462809917356
0.005479452054794521	0.0027397260273972603
0.005434782608695652	0
0.008152173913043478	0
0.005509641873278237	0.008264462809917356
0.010869565217391304	0
0.00273224043715847	0
0.0027100271002710027	0
0.008287292817679558	0.0055248618784530384
0.008241758241758242	0.0027472527472527475
0.010869565217391304	0.008152173913043478
0.01366120218579235	0
0.005633802816901409	0.0028169014084507044
0.01084010840108401	0
0.005434782608695652	0.005434782608695652
0	0.008310249307479225
0.008021390374331552	0.00267379679144385
0.00546448087431694	0.00273224043715847
0.008174386920980926	0.0027247956403269754
0.005390835579514825	0.008086253369272238
0.00819672131147541	0.00273224043715847
0.0136986301369863	0.00821917808219178
0	0
0.008086253369272238	0.008086253369272238
0.005449591280653951	0
0.008152173913043478	0.002717391304347826
0.00821917808219178	0.005479452054794521
0.010958904109589041	0.0027397260273972603
0.00273224043715847	0.00273224043715847
0.008152173913043478	0.005434782608695652
0.01098901098901099	0.0027472527472527475
0.01358695652173913	0
0.0055248618784530384	0.0055248618784530384
0.008152173913043478	0.008152173913043478
0.01084010840108401	0.005420054200542005
0.013736263736263736	0.005494505494505495
0.005449591280653951	0.005449591280653951
0.005390835579514825	0.01078167115902965
0.01891891891891892	0.002702702702702703
0.008174386920980926	0
0.01912568306010929	0.00546448087431694
0.024861878453038673	0
0.008264462809917356	0
0.01084010840108401	0.005420054200542005
0.0027247956403269754	0.0027247956403269754
0.008130081300813009	0.008130081300813009
0.013850415512465374	0
0	0.00821917808219178
0.00554016620498615	0.008310249307479225
0.0160857908847185	0.002680965147453083
0.00821917808219178	0.00821917808219178
0.01098901098901099	0.0027472527472527475
0.005376344086021506	0
0.013297872340425532	0.007978723404255319
0.0027100271002710027	0.008130081300813009
0.005449591280653951	0.008174386920980926
0.005333333333333333	0
0.005390835579514825	0
0.01092896174863388	0.00546448087431694
0.013404825737265416	0.00804289544235925
0.01891891891891892	0.013513513513513514
0.002777777777777778	0
0.0160857908847185	0.002680965147453083
0.007978723404255319	0.0026595744680851063
0.008130081300813009	0.0027100271002710027
0.0027247956403269754	0.010899182561307902
0.00273224043715847	0.00273224043715847
0.013623978201634877	0.0027247956403269754
0.019390581717451522	0.00554016620498615
0.005361930294906166	0
0.010869565217391304	0.008152173913043478
0.019230769230769232	0.005494505494505495
0.005420054200542005	0.01084010840108401
0.00819672131147541	0
0.013623978201634877	0.005449591280653951
0.013297872340425532	0.0026595744680851063
0.005319148936170213	0.005319148936170213
0.013477088948787063	0
0.005390835579514825	0.0026954177897574125
0.008152173913043478	0.005434782608695652
0.0027624309392265192	0.0027624309392265192
0.013513513513513514	0.010810810810810811
0.00804289544235925	0.005361930294906166
0.008130081300813009	0.005420054200542005
0.008	0.005333333333333333
0.008108108108108109	0
0.002702702702702703	0.005405405405405406
0.0053475935828877	0.00267379679144385
0.013440860215053764	0
0.005376344086021506	0.002688172043010753
0.01084010840108401	0
0.01078167115902965	0.005390835579514825
0.010810810810810811	0.008108108108108109
0.005376344086021506	0.005376344086021506
0.010752688172043012	0.002688172043010753
0.01876675603217158	0.005361930294906166
0.011111111111111112	0.008333333333333333
0.0053475935828877	0
0.008064516129032258	0
0.008152173913043478	0.005434782608695652
0.0053475935828877	0
0.010899182561307902	0
0.010810810810810811	0
0.005361930294906166	0.00804289544235925
0.008108108108108109	0.008108108108108109
0.008174386920980926	0.005449591280653951
0	0.002680965147453083
0.0026954177897574125	0.0026954177897574125
0.0106951871657754	0.0053475935828877
0.002680965147453083	0.005361930294906166
0.008021390374331552	0.00267379679144385
0.010723860589812333	0.013404825737265416
0.026455026455026454	0
0.005319148936170213	0.0026595744680851063
0.005376344086021506	0.005376344086021506
0.005509641873278237	0.005509641873278237
0.0027472527472527475	0
0.01098901098901099	0
0.01366120218579235	0.00273224043715847
0.010610079575596816	0.002652519893899204
0.008086253369272238	0.013477088948787063
0.0027247956403269754	0.008174386920980926
0.005333333333333333	0
0.005376344086021506	0.008064516129032258
0	0.002688172043010753
0.016042780748663103	0.0106951871657754
0.005390835579514825	0.005390835579514825
0.01084010840108401	0
0.008108108108108109	0
0.016304347826086956	0.002717391304347826
0.005434782608695652	0.002717391304347826
0.011111111111111112	0.002777777777777778
0.0027100271002710027	0.005420054200542005
0.0027100271002710027	0.005420054200542005
0.005714285714285714	0.002857142857142857
0.0110803324099723	0.0110803324099723
0.002793296089385475	0.00558659217877095
0.011235955056179775	0.0056179775280898875
0.01092896174863388	0.00273224043715847
0.01634877384196185	0.008174386920980926
0.005479452054794521	0.0027397260273972603
0	0.0027397260273972603
0.011111111111111112	0.005555555555555556
0.013736263736263736	0.01098901098901099
0.02185792349726776	0.00273224043715847
0.005494505494505495	0.0027472527472527475
0.0027472527472527475	0.013736263736263736
0.01084010840108401	0.008130081300813009
0.005509641873278237	0.0027548209366391185
0.008264462809917356	0.005509641873278237
0.013812154696132596	0.0055248618784530384
0.00554016620498615	0.002770083102493075
0.010899182561307902	0.005449591280653951
0.005571030640668524	0.002785515320334262
0.01098901098901099	0
0.008174386920980926	0
0.011235955056179775	0.011235955056179775
0.005494505494505495	0.005494505494505495
0.011204481792717087	0.0028011204481792717
0.005571030640668524	0.002785515320334262
0.008241758241758242	0.0027472527472527475
0.008264462809917356	0.0027548209366391185
0.013623978201634877	0.008174386920980926
0.005494505494505495	0.008241758241758242
0.008379888268156424	0.002793296089385475
0.010899182561307902	0
0.0111731843575419	0.00558659217877095
0.00821917808219178	0.0027397260273972603
0.01092896174863388	0.00546448087431694
0.013440860215053764	0
0.008152173913043478	0.010869565217391304
0.013774104683195593	0
0.008287292817679558	0.0027624309392265192
0.01366120218579235	0.00546448087431694
0.011204481792717087	0.0056022408963585435
0.010899182561307902	0.005449591280653951
0	0.008152173913043478
0.013513513513513514	0.005405405405405406
0.013736263736263736	0.005494505494505495
0.00821917808219178	0.00821917808219178
0.00273224043715847	0
0.005509641873278237	0.0027548209366391185
0.0027397260273972603	0.005479452054794521
0.011594202898550725	0.011594202898550725
0.008426966292134831	0.0028089887640449437
0.01639344262295082	0.00273224043715847
0.0055248618784530384	0.0027624309392265192
0	0.0056179775280898875
0.011019283746556474	0.0027548209366391185
0.0027472527472527475	0.008241758241758242
0.01366120218579235	0.00273224043715847
0.01366120218579235	0.00819672131147541
0.002717391304347826	0
0.008108108108108109	0.008108108108108109
0.014044943820224719	0.0056179775280898875
0.0027548209366391185	0.005509641873278237
0.005449591280653951	0.0027247956403269754
0.008174386920980926	0.008174386920980926
0.01098901098901099	0
0.016260162601626018	0.0027100271002710027
0.0027247956403269754	0.0027247956403269754
0.018970189701897018	0.0027100271002710027
0.008086253369272238	0.01078167115902965
0.013812154696132596	0
0.0027247956403269754	0.010899182561307902
0.011019283746556474	0
0.00546448087431694	0.00819672131147541
0.013404825737265416	0.005361930294906166
0.005420054200542005	0
0.008241758241758242	0
0.005449591280653951	0
0.0027548209366391185	0
0.005376344086021506	0.002688172043010753
0.008108108108108109	0.008108108108108109
0.005434782608695652	0
0.008174386920980926	0.005449591280653951
0.011019283746556474	0.008264462809917356
0.005479452054794521	0.0027397260273972603
0.00804289544235925	0
0.0160857908847185	0.002680965147453083
0.008403361344537815	0
0.005449591280653951	0.010899182561307902
0.00847457627118644	0.002824858757062147
0.00821917808219178	0.0027397260273972603
0.016483516483516484	0.0027472527472527475
0.013736263736263736	0.005494505494505495
0.013623978201634877	0.0027247956403269754
0.01366120218579235	0
0.01098901098901099	0.005494505494505495
0.002688172043010753	0.008064516129032258
0.022284122562674095	0
0.005376344086021506	0.005376344086021506
0.01084010840108401	0.005420054200542005
0.01092896174863388	0.00546448087431694
0.010958904109589041	0.005479452054794521
0.010958904109589041	0.0027397260273972603
0.01092896174863388	0.00273224043715847
0.002857142857142857	0.008571428571428572
0.010958904109589041	0.005479452054794521
0.0027247956403269754	0
0.002777777777777778	0.005555555555555556
0.010958904109589041	0
0.01098901098901099	0.005494505494505495
0.011111111111111112	0.008333333333333333
0.01084010840108401	0.0027100271002710027
0.008174386920980926	0
0.005390835579514825	0.0026954177897574125
0	0.00821917808219178
0.005449591280653951	0.0027247956403269754
0.013550135501355014	0.0027100271002710027
0.0027472527472527475	0.0027472527472527475
0.01912568306010929	0.00546448087431694
0.011019283746556474	0.0027548209366391185
0.013550135501355014	0
0.002702702702702703	0.005405405405405406
0.00273224043715847	0.00546448087431694
0.013812154696132596	0.008287292817679558
0.0027624309392265192	0.0027624309392265192
0.013550135501355014	0.008130081300813009
0.00546448087431694	0.00273224043715847
0.011049723756906077	0
0.0027548209366391185	0.0027548209366391185
0.0055248618784530384	0.0055248618784530384
0.0056022408963585435	0.0056022408963585435
0.008264462809917356	0
0.01652892561983471	0
0.00546448087431694	0.00273224043715847
0.005449591280653951	0.0027247956403269754
0.008241758241758242	0.005494505494505495
0.00821917808219178	0.00821917808219178
0.0027624309392265192	0.0027624309392265192
0.00554016620498615	0.008310249307479225
0.002793296089385475	0.00558659217877095
0.005494505494505495	0.0027472527472527475
0.0136986301369863	0
0.01366120218579235	0.00273224043715847
0.0027247956403269754	0.008174386920980926
0.0055248618784530384	0.0027624309392265192
0.011142061281337047	0.005571030640668524
0.005420054200542005	0
0.013812154696132596	0.0027624309392265192
0.0055248618784530384	0.013812154696132596
0.005449591280653951	0.0027247956403269754
0.010958904109589041	0.005479452054794521
0.005494505494505495	0.0027472527472527475
0.005494505494505495	0.0027472527472527475
0.011019283746556474	0.0027548209366391185
0.01912568306010929	0.00546448087431694
0.00819672131147541	0.01366120218579235
0.013736263736263736	0.005494505494505495
0.005494505494505495	0
0.005449591280653951	0
0.005509641873278237	0.008264462809917356
0.0027472527472527475	0.01098901098901099
0.0055248618784530384	0.0027624309392265192
0.002717391304347826	0.002717391304347826
0.010899182561307902	0
0	0
0.008130081300813009	0.005420054200542005
0.005479452054794521	0.0027397260273972603
0.016304347826086956	0.008152173913043478
0.0027548209366391185	0.005509641873278237
0	0.0056179775280898875
0.008174386920980926	0.0027247956403269754
0.005494505494505495	0.0027472527472527475
0.011396011396011397	0.005698005698005698
0.011019283746556474	0.005509641873278237
0.013623978201634877	0.005449591280653951
0.005390835579514825	0.005390835579514825
0.008356545961002786	0.005571030640668524
0.008287292817679558	0.0027624309392265192
0.0111731843575419	0.002793296089385475
0	0.0028169014084507044
0.0056022408963585435	0.0028011204481792717
0.002793296089385475	0.00558659217877095
0.011111111111111112	0.005555555555555556
0	0.00558659217877095
0.011111111111111112	0.005555555555555556
0.011363636363636364	0.005681818181818182
0.011142061281337047	0.002785515320334262
0.002824858757062147	0.011299435028248588
0.011428571428571429	0.008571428571428572
0	0.002777777777777778
0.008450704225352112	0.008450704225352112
0.008264462809917356	0
0.002824858757062147	0.002824858757062147
0.011396011396011397	0
0.008379888268156424	0.00558659217877095
0.002849002849002849	0.002849002849002849
0.0028169014084507044	0.005633802816901409
0.002785515320334262	0.008356545961002786
0.0055248618784530384	0
0.008356545961002786	0.002785515320334262
0.019830028328611898	0
0.008310249307479225	0.002770083102493075
0.008450704225352112	0.008450704225352112
0.002793296089385475	0.008379888268156424
0.005633802816901409	0.005633802816901409
0.019662921348314606	0
0.00558659217877095	0.002793296089385475
0.00554016620498615	0.002770083102493075
0.01680672268907563	0
0.008403361344537815	0
0.014164305949008499	0
0.0056179775280898875	0.0028089887640449437
0.008571428571428572	0
0.00558659217877095	0.002793296089385475
0.005555555555555556	0.008333333333333333
0.008426966292134831	0.0028089887640449437
0.0028169014084507044	0.005633802816901409
0.005714285714285714	0.011428571428571429
0.016853932584269662	0.0056179775280898875
0.0136986301369863	0.005479452054794521
0.008264462809917356	0
0.00554016620498615	0.00554016620498615
0.013888888888888888	0.005555555555555556
0.008333333333333333	0.002777777777777778
0.002770083102493075	0.002770083102493075
0.008379888268156424	0
0	0.008379888268156424
0.0056022408963585435	0
0.00558659217877095	0.002793296089385475
0.0110803324099723	0.00554016620498615
0.005633802816901409	0
0.005555555555555556	0.005555555555555556
0.002824858757062147	0.002824858757062147
0.005633802816901409	0.0028169014084507044
0.00558659217877095	0
0.011019283746556474	0.005509641873278237
0.013774104683195593	0.005509641873278237
0.011204481792717087	0
0.005509641873278237	0.0027548209366391185
0.002777777777777778	0.002777777777777778
0.0027247956403269754	0.010899182561307902
0.008241758241758242	0.005494505494505495
0.00558659217877095	0
0.016304347826086956	0.005434782608695652
0.013888888888888888	0.002777777777777778
0.0055248618784530384	0.0027624309392265192
0.0136986301369863	0.0027397260273972603
0.008333333333333333	0
0.00819672131147541	0.00273224043715847
0.002777777777777778	0
0.008310249307479225	0
0.002824858757062147	0.005649717514124294
0.01098901098901099	0.0027472527472527475
0.008620689655172414	0.0028735632183908046
0.005649717514124294	0.002824858757062147
0.0028169014084507044	0.0028169014084507044
0.011527377521613832	0.005763688760806916
0.008595988538681949	0.0057306590257879654
0.002840909090909091	0.011363636363636364
0.002777777777777778	0.008333333333333333
0.005714285714285714	0.002857142857142857
0.00847457627118644	0.005649717514124294
0.002857142857142857	0
0.005649717514124294	0.005649717514124294
0.008356545961002786	0.002785515320334262
0.008333333333333333	0.002777777777777778
0.00554016620498615	0.00554016620498615
0.008333333333333333	0.008333333333333333
0.0055248618784530384	0.0055248618784530384
0.011267605633802818	0.0028169014084507044
0.014005602240896359	0.0056022408963585435
0.005649717514124294	0.005649717514124294
0.0110803324099723	0
0.0084985835694051	0.0056657223796034
0.002824858757062147	0.002824858757062147
0.002857142857142857	0.005714285714285714
0.005714285714285714	0
0.0057306590257879654	0.0028653295128939827
0.019553072625698324	0.002793296089385475
0.016853932584269662	0
0.0056179775280898875	0.0028089887640449437
0.0084985835694051	0.0056657223796034
0	0
0.011204481792717087	0.0056022408963585435
0.013966480446927373	0.002793296089385475
0.014005602240896359	0.008403361344537815
0.016853932584269662	0
0.008333333333333333	0.005555555555555556
0.005747126436781609	0.008620689655172414
0	0.002840909090909091
0.0028169014084507044	0
0.0084985835694051	0.0028328611898017
0.008450704225352112	0.0028169014084507044
0.008310249307479225	0.00554016620498615
0.008450704225352112	0.005633802816901409
0.005571030640668524	0.002785515320334262
0.00558659217877095	0.002793296089385475
0.011267605633802818	0.005633802816901409
0.008403361344537815	0.0028011204481792717
0.011299435028248588	0.00847457627118644
0.005571030640668524	0.002785515320334262
0.0084985835694051	0.0056657223796034
0.005649717514124294	0.00847457627118644
0.016853932584269662	0.0056179775280898875
0.00558659217877095	0.013966480446927373
0.013927576601671309	0.008356545961002786
0.011019283746556474	0
0.011111111111111112	0.002777777777777778
0.002793296089385475	0
0.014084507042253521	0.0028169014084507044
0.011235955056179775	0
0.008264462809917356	0.0027548209366391185
0.008356545961002786	0.002785515320334262
0.00273224043715847	0
0.011204481792717087	0.008403361344537815
0.00847457627118644	0.005649717514124294
0.013966480446927373	0.002793296089385475
0.011363636363636364	0.002840909090909091
0.016574585635359115	0.0055248618784530384
0.002793296089385475	0.002793296089385475
0.002890173410404624	0.005780346820809248
0.002857142857142857	0
0.011267605633802818	0.0028169014084507044
0.008264462809917356	0.0027548209366391185
0.01675977653631285	0.002793296089385475
0.005479452054794521	0.010958904109589041
0.013736263736263736	0.008241758241758242
0	0.00558659217877095
0.005509641873278237	0
0.008310249307479225	0.002770083102493075
0.011267605633802818	0.008450704225352112
0.019390581717451522	0.008310249307479225
0.005509641873278237	0.0027548209366391185
0.0110803324099723	0
0.0056022408963585435	0.0028011204481792717
0.008287292817679558	0.0055248618784530384
0.01680672268907563	0.0028011204481792717
0.0055248618784530384	0.008287292817679558
0	0.011019283746556474
0.005420054200542005	0.008130081300813009
0.008241758241758242	0
0.002770083102493075	0.002770083102493075
0.013927576601671309	0
0.008450704225352112	0.0028169014084507044
0.019444444444444445	0.005555555555555556
0.005571030640668524	0.011142061281337047
0.0056657223796034	0
0.011142061281337047	0.005571030640668524
0.005555555555555556	0.002777777777777778
0.014084507042253521	0.008450704225352112
0.011396011396011397	0.002849002849002849
0.0027397260273972603	0
0.008403361344537815	0.0056022408963585435
0	0.005649717514124294
0.016483516483516484	0.0027472527472527475
0.0111731843575419	0
0.014204545454545454	0.005681818181818182
0.005571030640668524	0.008356545961002786
0.005681818181818182	0.002840909090909091
0.008379888268156424	0.00558659217877095
0.008426966292134831	0
0.002777777777777778	0.002777777777777778
0.013850415512465374	0.008310249307479225
0.016853932584269662	0.0056179775280898875
0.011363636363636364	0.002840909090909091
0.002777777777777778	0.008333333333333333
0.00558659217877095	0.00558659217877095
0.0113314447592068	0.0056657223796034
0.008310249307479225	0.002770083102493075
0.008403361344537815	0.011204481792717087
0.008333333333333333	0
0.008426966292134831	0.0056179775280898875
0.0056179775280898875	0
0.013927576601671309	0.005571030640668524
0.008333333333333333	0.002777777777777778
0.005633802816901409	0.0028169014084507044
0.0113314447592068	0.014164305949008499
0.0111731843575419	0.002793296089385475
0	0.0056022408963585435
0.0056022408963585435	0.0028011204481792717
0.0111731843575419	0.00558659217877095
0.0028011204481792717	0.0028011204481792717
0.008571428571428572	0.008571428571428572
0.011111111111111112	0.005555555555555556
0.008356545961002786	0.002785515320334262
0.01662049861495845	0.00554016620498615
0.0056657223796034	0.0056657223796034
0.0084985835694051	0
0.027777777777777776	0.002777777777777778
0.008333333333333333	0.002777777777777778
0.008522727272727272	0.002840909090909091
0.0028169014084507044	0.008450704225352112
0.008426966292134831	0.0028089887640449437
0.005479452054794521	0.0027397260273972603
0.013736263736263736	0.0027472527472527475
0.002770083102493075	0.002770083102493075
0.0028011204481792717	0.0056022408963585435
0.011235955056179775	0.0028089887640449437
0.005633802816901409	0.0028169014084507044
0.013966480446927373	0.008379888268156424
0.0028011204481792717	0.0056022408963585435
0.011235955056179775	0
0.005847953216374269	0.008771929824561403
0.005649717514124294	0.002824858757062147
0.008426966292134831	0.0028089887640449437
0.008403361344537815	0.0028011204481792717
0.002840909090909091	0.002840909090909091
0.008403361344537815	0
0.011235955056179775	0.0028089887640449437
0.013927576601671309	0
0.016666666666666666	0.008333333333333333
0	0.002793296089385475
0.005714285714285714	0.005714285714285714
0.011235955056179775	0
0.0056179775280898875	0.008426966292134831
0.0028011204481792717	0.011204481792717087
0.008426966292134831	0
0.0056179775280898875	0.0028089887640449437
0.0056179775280898875	0.0028089887640449437
0.014164305949008499	0.0028328611898017
0.005555555555555556	0.005555555555555556
0.005509641873278237	0.005509641873278237
0.010958904109589041	0.005479452054794521
0.019498607242339833	0.005571030640668524
0.008287292817679558	0.0027624309392265192
0.008356545961002786	0.005571030640668524
0.0084985835694051	0.0056657223796034
0.013966480446927373	0.002793296089385475
0.005681818181818182	0.002840909090909091
0.0028011204481792717	0
0.008356545961002786	0.008356545961002786
0.008670520231213872	0.002890173410404624
0.017045454545454544	0.005681818181818182
0.005714285714285714	0
0.011267605633802818	0
0.013888888888888888	0.002777777777777778
0.00821917808219178	0.00821917808219178
0.00554016620498615	0.002770083102493075
0.016901408450704224	0.014084507042253521
0	0
0.005571030640668524	0.008356545961002786
0.011235955056179775	0.0028089887640449437
0.011204481792717087	0.0056022408963585435
0.008379888268156424	0.008379888268156424
0.002777777777777778	0
0.016713091922005572	0
0.008379888268156424	0.008379888268156424
0.008287292817679558	0.011049723756906077
0.008310249307479225	0.002770083102493075
0.005571030640668524	0.008356545961002786
0.016666666666666666	0.005555555555555556
0.008379888268156424	0.008379888268156424
0.0028011204481792717	0.008403361344537815
0.0028169014084507044	0.014084507042253521
0.013927576601671309	0.005571030640668524
0.005633802816901409	0.005633802816901409
0.011111111111111112	0.005555555555555556
0.013966480446927373	0.002793296089385475
0.014326647564469915	0.0028653295128939827
0.01694915254237288	0.00847457627118644
0.014124293785310734	0.002824858757062147
0.011299435028248588	0.002824858757062147
0.014005602240896359	0.0028011204481792717
0.005509641873278237	0
0.008426966292134831	0.0028089887640449437
0.017142857142857144	0.005714285714285714
0.008310249307479225	0.002770083102493075
0.016853932584269662	0.0028089887640449437
0.011299435028248588	0.002824858757062147
0.002824858757062147	0.005649717514124294
0.008333333333333333	0.002777777777777778
0.0111731843575419	0.008379888268156424
0.011019283746556474	0.008264462809917356
0.008310249307479225	0.00554016620498615
0.0055248618784530384	0.0055248618784530384
0.0028169014084507044	0.008450704225352112
0.0055248618784530384	0.008287292817679558
0.013774104683195593	0
0.016713091922005572	0.002785515320334262
0.0028011204481792717	0.008403361344537815
0.013812154696132596	0.0027624309392265192
0.0028011204481792717	0.0028011204481792717
0.01652892561983471	0.008264462809917356
0.016853932584269662	0.0028089887640449437
0.013966480446927373	0
0.0111731843575419	0.0111731843575419
0.019498607242339833	0.008356545961002786
0.008287292817679558	0.011049723756906077
0.008356545961002786	0.005571030640668524
0.011204481792717087	0.008403361344537815
0.002824858757062147	0.00847457627118644
0.0055248618784530384	0.0027624309392265192
0.0111731843575419	0.002793296089385475
0.013888888888888888	0.005555555555555556
0.005555555555555556	0.008333333333333333
0.0055248618784530384	0.013812154696132596
0.0113314447592068	0.0056657223796034
0.01662049861495845	0.00554016620498615
0.0055248618784530384	0.0055248618784530384
0.0027624309392265192	0.013812154696132596
0.01680672268907563	0.0028011204481792717
0.0110803324099723	0.0110803324099723
0.008356545961002786	0.008356545961002786
0.008287292817679558	0.0055248618784530384
0.005681818181818182	0.011363636363636364
0.005649717514124294	0.002824858757062147
0.014084507042253521	0.005633802816901409
0.002793296089385475	0
0.011111111111111112	0
0.011142061281337047	0.002785515320334262
0.008450704225352112	0
0.0110803324099723	0.00554016620498615
0.005555555555555556	0.002777777777777778
0.011204481792717087	0.0028011204481792717
0.013966480446927373	0.008379888268156424
0.00847457627118644	0.002824858757062147
0.0027624309392265192	0
0.019498607242339833	0.008356545961002786
0.011111111111111112	0
0.008287292817679558	0.0055248618784530384
0.008356545961002786	0
0.005714285714285714	0.008571428571428572
0	0.00558659217877095
0.008241758241758242	0.005494505494505495
0.0028089887640449437	0
0.00819672131147541	0.00273224043715847
0.01639344262295082	0.00273224043715847
0.013888888888888888	0.005555555555555556
0.013550135501355014	0.0027100271002710027
0.011049723756906077	0.0027624309392265192
0.008174386920980926	0
0.00546448087431694	0.00819672131147541
0.01634877384196185	0.010899182561307902
0.0027472527472527475	0.005494505494505495
0.00821917808219178	0.0027397260273972603
0.0028089887640449437	0.0028089887640449437
0.008403361344537815	0.008403361344537815
0.013927576601671309	0.002785515320334262
0	0.002785515320334262
0.005571030640668524	0
0	0.0028089887640449437
0.008356545961002786	0.005571030640668524
0.008310249307479225	0.002770083102493075
0.013927576601671309	0.008356545961002786
0.0056657223796034	0.0113314447592068
0.0028011204481792717	0.0028011204481792717
0.005555555555555556	0
0.019498607242339833	0.002785515320334262
0.00847457627118644	0
0.008771929824561403	0
0.00558659217877095	0.0111731843575419
0.013623978201634877	0.005449591280653951
0.016666666666666666	0.005555555555555556
0.011049723756906077	0.0055248618784530384
0.005479452054794521	0.0027397260273972603
0.00558659217877095	0.008379888268156424
0.011111111111111112	0.002777777777777778
0.011019283746556474	0.005509641873278237
0	0.002793296089385475
0.005698005698005698	0.005698005698005698
0.005633802816901409	0.005633802816901409
0.011461318051575931	0
0.011267605633802818	0.005633802816901409
0.013927576601671309	0.002785515320334262
0.002881844380403458	0.002881844380403458
0.01098901098901099	0.005494505494505495
0.00273224043715847	0.00546448087431694
0.00821917808219178	0
0.013736263736263736	0.008241758241758242
0.016304347826086956	0.002717391304347826
0.002857142857142857	0.011428571428571429
0.01652892561983471	0.005509641873278237
0.008241758241758242	0
0.0027472527472527475	0
0.008264462809917356	0.011019283746556474
0.0111731843575419	0.00558659217877095
0.00558659217877095	0.00558659217877095
0.005434782608695652	0.005434782608695652
0.013888888888888888	0.005555555555555556
0.010958904109589041	0.0027397260273972603
0.0027472527472527475	0.008241758241758242
0.0027548209366391185	0.0027548209366391185
0.0027624309392265192	0.0055248618784530384
0.002793296089385475	0.002793296089385475
0.01907356948228883	0
0.010869565217391304	0.008152173913043478
0.014044943820224719	0.0028089887640449437
0.01881720430107527	0.002688172043010753
0.0026954177897574125	0.0026954177897574125
0.01912568306010929	0.00546448087431694
0.00819672131147541	0.00819672131147541
0.008108108108108109	0.002702702702702703
0.0027472527472527475	0.0027472527472527475
0.008310249307479225	0.00554016620498615
0.0027247956403269754	0.005449591280653951
0.016304347826086956	0.005434782608695652
0	0.0027472527472527475
0.018970189701897018	0.0027100271002710027
0.00819672131147541	0
0.01358695652173913	0
0.010958904109589041	0.0027397260273972603
0.0027397260273972603	0
0.005434782608695652	0.002717391304347826
0.008108108108108109	0.005405405405405406
0.008264462809917356	0
0.014084507042253521	0
0.0084985835694051	0.0084985835694051
0.01092896174863388	0.00273224043715847
0.005449591280653951	0.005449591280653951
0.005420054200542005	0.005420054200542005
0	0
0.013623978201634877	0.010899182561307902
0.010958904109589041	0.010958904109589041
0.013774104683195593	0.0027548209366391185
0.002785515320334262	0
0.013774104683195593	0.005509641873278237
0.00821917808219178	0
0.011111111111111112	0.008333333333333333
0.0055248618784530384	0.0055248618784530384
0	0.008108108108108109
0.010899182561307902	0.008174386920980926
0.01366120218579235	0
0.011111111111111112	0.005555555555555556
0	0.008310249307479225
0.011204481792717087	0.0056022408963585435
0.00821917808219178	0.005479452054794521
0.0027624309392265192	0.0055248618784530384
0.008241758241758242	0.0027472527472527475
0.008152173913043478	0.008152173913043478
0.005449591280653951	0.0027247956403269754
0.0027397260273972603	0.0027397260273972603
0.01675977653631285	0.002793296089385475
0.005714285714285714	0
0.005571030640668524	0
0.008426966292134831	0
0	0.005681818181818182
0.008310249307479225	0.00554016620498615
0.0056022408963585435	0.0056022408963585435
0.0027472527472527475	0.0027472527472527475
0.008287292817679558	0.0055248618784530384
0.0027624309392265192	0
0.0056179775280898875	0.0056179775280898875
0.005698005698005698	0
0.0055248618784530384	0.013812154696132596
0.00554016620498615	0.008310249307479225
0.0056179775280898875	0.008426966292134831
0.0084985835694051	0.0028328611898017
0.0110803324099723	0.00554016620498615
0.011235955056179775	0.0028089887640449437
0.002881844380403458	0.002881844380403458
0.008264462809917356	0
0.013736263736263736	0
0.005494505494505495	0
0.002777777777777778	0.002777777777777778
0.008333333333333333	0
0.01366120218579235	0.00273224043715847
0.002777777777777778	0.002777777777777778
0.010958904109589041	0
0.013812154696132596	0.0055248618784530384
0.013623978201634877	0.0027247956403269754
0.005571030640668524	0.002785515320334262
0	0.0056179775280898875
0.008595988538681949	0.0057306590257879654
0.005649717514124294	0.005649717514124294
0.0113314447592068	0.0028328611898017
0.008746355685131196	0
0.005681818181818182	0.008522727272727272
0.0028735632183908046	0
0.0056022408963585435	0.014005602240896359
0.0084985835694051	0.0028328611898017
0.011299435028248588	0.005649717514124294
0.014164305949008499	0.0084985835694051
0.011235955056179775	0.0028089887640449437
0.0056022408963585435	0.0028011204481792717
0.0028089887640449437	0.0028089887640449437
0.0084985835694051	0.0084985835694051
0.016666666666666666	0.002777777777777778
0.008287292817679558	0
0.0056022408963585435	0
0.00558659217877095	0
0.019390581717451522	0.00554016620498615
0.008547008547008548	0.005698005698005698
0.008264462809917356	0.0027548209366391185
0.011235955056179775	0.0056179775280898875
0.0028011204481792717	0.0028011204481792717
0.0169971671388102	0.0028328611898017
0.011142061281337047	0.008356545961002786
0.014084507042253521	0.0028169014084507044
0.011142061281337047	0.002785515320334262
0.0056022408963585435	0.008403361344537815
0.008450704225352112	0.005633802816901409
0.005555555555555556	0.008333333333333333
0.002770083102493075	0.00554016620498615
0.002857142857142857	0.014285714285714285
0.00558659217877095	0.002793296089385475
0.005633802816901409	0.008450704225352112
0	0.0028089887640449437
0.0028328611898017	0.0056657223796034
0	0.0028089887640449437
0.005509641873278237	0.013774104683195593
0.008356545961002786	0.002785515320334262
0.011111111111111112	0.011111111111111112
0.011299435028248588	0.002824858757062147
0.008174386920980926	0.010899182561307902
0.013623978201634877	0.0027247956403269754
0.005633802816901409	0.008450704225352112
0.011142061281337047	0.005571030640668524
0.01098901098901099	0.008241758241758242
0	0
0.002785515320334262	0.002785515320334262
0.0028328611898017	0.0056657223796034
0.014084507042253521	0.0028169014084507044
0.005780346820809248	0.002890173410404624
0.00821917808219178	0
0.008426966292134831	0
0.0056022408963585435	0.0056022408963585435
0.008379888268156424	0.00558659217877095
0.002840909090909091	0
0.019390581717451522	0.00554016620498615
0.0028011204481792717	0.0056022408963585435
0.01694915254237288	0
0.008379888268156424	0.013966480446927373
0.0056022408963585435	0.014005602240896359
0.0028011204481792717	0.0028011204481792717
0.008450704225352112	0.0028169014084507044
0.0055248618784530384	0.0055248618784530384
0.008403361344537815	0.0056022408963585435
0.002840909090909091	0.005681818181818182
0	0.002824858757062147
0.0056179775280898875	0.0028089887640449437
0.0028169014084507044	0.005633802816901409
0.0055248618784530384	0.0027624309392265192
0	0.008771929824561403
0.00558659217877095	0.002793296089385475
0.0028089887640449437	0.0028089887640449437
0.014326647564469915	0
0.00821917808219178	0.00821917808219178
0.0027472527472527475	0.005494505494505495
0	0.0027548209366391185
0.002785515320334262	0.002785515320334262
0.01358695652173913	0.002717391304347826
0.005405405405405406	0.010810810810810811
0	0.008152173913043478
0.008379888268156424	0.008379888268156424
0.011049723756906077	0.0027624309392265192
0.01084010840108401	0.008130081300813009
0.01643835616438356	0.005479452054794521
0.00273224043715847	0
0.008174386920980926	0
0.008264462809917356	0.005509641873278237
0.008287292817679558	0.0055248618784530384
0.0028089887640449437	0.0056179775280898875
0	0.005509641873278237
0.00558659217877095	0.002793296089385475
0.00554016620498615	0.008310249307479225
0.008356545961002786	0.005571030640668524
0	0.002777777777777778
0.01098901098901099	0.005494505494505495
0	0.005555555555555556
0.005494505494505495	0.0027472527472527475
0.013850415512465374	0.002770083102493075
0.01634877384196185	0.005449591280653951
0.008241758241758242	0
0.005405405405405406	0.002702702702702703
0.0027548209366391185	0
0.010899182561307902	0.008174386920980926
0.010869565217391304	0.005434782608695652
0.016666666666666666	0.002777777777777778
0	0.0027472527472527475
0.008130081300813009	0.008130081300813009
0.008174386920980926	0.0027247956403269754
0.0027247956403269754	0.0027247956403269754
0.0028011204481792717	0
0.011235955056179775	0.0028089887640449437
0.0056022408963585435	0.0028011204481792717
0.011049723756906077	0.008287292817679558
0.005509641873278237	0.0027548209366391185
0.008086253369272238	0.0026954177897574125
0.008152173913043478	0
0.002793296089385475	0.00558659217877095
0.00558659217877095	0.002793296089385475
0.01092896174863388	0.00273224043715847
0.008241758241758242	0.005494505494505495
0.011142061281337047	0.002785515320334262
0.01098901098901099	0.0027472527472527475
0.01098901098901099	0.005494505494505495
0.0027472527472527475	0.008241758241758242
0.008241758241758242	0.0027472527472527475
0.00546448087431694	0.00273224043715847
0.00558659217877095	0
0.008174386920980926	0.008174386920980926
0.002785515320334262	0.005571030640668524
0.01634877384196185	0.013623978201634877
0.010958904109589041	0.0027397260273972603
0.008130081300813009	0.01084010840108401
0.0027548209366391185	0.0027548209366391185
0.01092896174863388	0.00819672131147541
0.011049723756906077	0.008287292817679558
0.008287292817679558	0.011049723756906077
0.002849002849002849	0.002849002849002849
0.0028653295128939827	0.0028653295128939827
0.01366120218579235	0.00273224043715847
0.008310249307479225	0.002770083102493075
0.00554016620498615	0.008310249307479225
0.002785515320334262	0.008356545961002786
0.005494505494505495	0
0.014005602240896359	0.0028011204481792717
0.0110803324099723	0.002770083102493075
0.00554016620498615	0.008310249307479225
0.00821917808219178	0
0.0027624309392265192	0.0027624309392265192
0.002777777777777778	0.005555555555555556
0.0027624309392265192	0.0027624309392265192
0.005420054200542005	0.005420054200542005
0.014124293785310734	0.011299435028248588
0.008174386920980926	0.013623978201634877
0.00819672131147541	0.00273224043715847
0.0056657223796034	0.0028328611898017
0.005633802816901409	0.005633802816901409
0	0.0028169014084507044
0.00847457627118644	0.002824858757062147
0.008264462809917356	0.0027548209366391185
0.008426966292134831	0.0028089887640449437
0.011049723756906077	0.0027624309392265192
0.016901408450704224	0
0.0110803324099723	0
0.011235955056179775	0
0.0055248618784530384	0.0055248618784530384
0	0.0028089887640449437
0.0056022408963585435	0.0056022408963585435
0.0084985835694051	0.0028328611898017
0.0028735632183908046	0
0.005681818181818182	0.005681818181818182
0.008379888268156424	0.008379888268156424
0.008403361344537815	0
0.008450704225352112	0.0028169014084507044
0.0110803324099723	0.00554016620498615
0.005633802816901409	0.005633802816901409
0.024793388429752067	0.0027548209366391185
0.005633802816901409	0
0.01675977653631285	0.008379888268156424
0.008450704225352112	0
0.008450704225352112	0.008450704225352112
0.0028169014084507044	0.008450704225352112
0.008426966292134831	0.0056179775280898875
0.008356545961002786	0
0.014044943820224719	0
0.002890173410404624	0.005780346820809248
0.014245014245014245	0.002849002849002849
0.008333333333333333	0.002777777777777778
0.005698005698005698	0.005698005698005698
0.011142061281337047	0
0.0028011204481792717	0.0056022408963585435
0.008310249307479225	0
0.008241758241758242	0.005494505494505495
0.005479452054794521	0.0027397260273972603
0.002770083102493075	0.008310249307479225
0.008174386920980926	0
0.011019283746556474	0.008264462809917356
0.013774104683195593	0.005509641873278237
0.013623978201634877	0.0027247956403269754
0.008379888268156424	0
0.002785515320334262	0.011142061281337047
0.005494505494505495	0.01098901098901099
0.01652892561983471	0.0027548209366391185
0.0055248618784530384	0
0	0.0056022408963585435
0.008450704225352112	0.005633802816901409
0.00819672131147541	0.00546448087431694
0.00821917808219178	0.010958904109589041
0.0110803324099723	0
0.016853932584269662	0.008426966292134831
0.002849002849002849	0.005698005698005698
0.005633802816901409	0.005633802816901409
0.005747126436781609	0.0028735632183908046
0.011299435028248588	0.002824858757062147
0.002881844380403458	0.005763688760806916
0.014124293785310734	0.002824858757062147
0.005714285714285714	0.011428571428571429
0.014164305949008499	0
0.0084985835694051	0.0028328611898017
0.014285714285714285	0
0.0028328611898017	0.0084985835694051
0.002777777777777778	0.002777777777777778
0.011428571428571429	0
0.02	0
0.0084985835694051	0.0028328611898017
0.016901408450704224	0
0.01694915254237288	0.005649717514124294
0.011461318051575931	0
0.002840909090909091	0.005681818181818182
0.0056657223796034	0.0084985835694051
0.005698005698005698	0
0.005714285714285714	0.002857142857142857
0.008522727272727272	0
0.0058309037900874635	0
0	0.011267605633802818
0.0028011204481792717	0.0056022408963585435
0.008403361344537815	0.0056022408963585435
0.0084985835694051	0.0056657223796034
0.008379888268156424	0.008379888268156424
0.005633802816901409	0
0.011111111111111112	0.005555555555555556
0.00558659217877095	0
0.0028328611898017	0.0056657223796034
0.008426966292134831	0.0028089887640449437
0.008403361344537815	0
0.0110803324099723	0.00554016620498615
0.011204481792717087	0.0028011204481792717
0.005571030640668524	0.005571030640668524
0.00554016620498615	0.002770083102493075
0.008310249307479225	0.002770083102493075
0.0056022408963585435	0
0.00546448087431694	0.00273224043715847
0.0028169014084507044	0.005633802816901409
0.005555555555555556	0.013888888888888888
0.0056022408963585435	0.0028011204481792717
0.011111111111111112	0
0.0028089887640449437	0.0056179775280898875
0.0056179775280898875	0.008426966292134831
0.005571030640668524	0.002785515320334262
0.008310249307479225	0
0.005763688760806916	0.002881844380403458
0.008333333333333333	0.002777777777777778
0.0055248618784530384	0.008287292817679558
0.002785515320334262	0.005571030640668524
0.0028011204481792717	0.0028011204481792717
0.011363636363636364	0.005681818181818182
0.0056179775280898875	0
0.005633802816901409	0.0028169014084507044
0.0028089887640449437	0.0056179775280898875
0.00558659217877095	0.002793296089385475
0	0
0.0111731843575419	0.00558659217877095
0.008670520231213872	0
0.008670520231213872	0.002890173410404624
0.008379888268156424	0.002793296089385475
0.00847457627118644	0.002824858757062147
0.0055248618784530384	0.0055248618784530384
0.013966480446927373	0.008379888268156424
0.002770083102493075	0.00554016620498615
0.0028011204481792717	0.0028011204481792717
0.008522727272727272	0
0.011299435028248588	0
0.002777777777777778	0.002777777777777778
0.008379888268156424	0.008379888268156424
0.0028089887640449437	0.0056179775280898875
0.008547008547008548	0.005698005698005698
0.014245014245014245	0
0.014285714285714285	0
0.008310249307479225	0.002770083102493075
0.011267605633802818	0.0028169014084507044
0.008426966292134831	0.011235955056179775
0.008356545961002786	0
0.005747126436781609	0.0028735632183908046
0.0027624309392265192	0
0.008379888268156424	0.002793296089385475
0.002824858757062147	0
0.01977401129943503	0.005649717514124294
0.008450704225352112	0.0028169014084507044
0.0084985835694051	0.0056657223796034
0	0.002770083102493075
0.00847457627118644	0.002824858757062147
0.008333333333333333	0
0.011049723756906077	0.0027624309392265192
0.008333333333333333	0.002777777777777778
0.011428571428571429	0.005714285714285714
0	0.00554016620498615
0.0028653295128939827	0.008595988538681949
0.002840909090909091	0.002840909090909091
0.008695652173913044	0.002898550724637681
0.0110803324099723	0.008310249307479225
0.008426966292134831	0
0.011235955056179775	0.0028089887640449437
0.008670520231213872	0.005780346820809248
0.0169971671388102	0.0056657223796034
0.014124293785310734	0.002824858757062147
0.008403361344537815	0.0028011204481792717
0.005763688760806916	0
0.011235955056179775	0.0056179775280898875
0.011235955056179775	0.0056179775280898875
0.002777777777777778	0.008333333333333333
0.014005602240896359	0.0028011204481792717
0.002824858757062147	0.002824858757062147
0.011049723756906077	0.0055248618784530384
0.0055248618784530384	0.008287292817679558
0.008287292817679558	0
0.0110803324099723	0.00554016620498615
0.014044943820224719	0.0056179775280898875
0.008333333333333333	0
0.00546448087431694	0.00273224043715847
0.0028089887640449437	0
0.008426966292134831	0.0028089887640449437
0.002785515320334262	0
0.0110803324099723	0
0.008333333333333333	0.002777777777777778
0.00847457627118644	0.002824858757062147
0.014084507042253521	0.005633802816901409
0.0055248618784530384	0.011049723756906077
0.008450704225352112	0
0.013966480446927373	0.002793296089385475
0.005509641873278237	0.0027548209366391185
0.0113314447592068	0.0028328611898017
0.005571030640668524	0.002785515320334262
0.00554016620498615	0
0.01092896174863388	0.00819672131147541
0.013927576601671309	0.005571030640668524
0.01098901098901099	0.005494505494505495
0.00554016620498615	0.00554016620498615
0.005555555555555556	0
0.013774104683195593	0.005509641873278237
0	0
0.005494505494505495	0.0027472527472527475
0.0111731843575419	0
0.0084985835694051	0.0056657223796034
0.002777777777777778	0
0	0
0.011204481792717087	0.0056022408963585435
0.0027624309392265192	0.0055248618784530384
0	0.0028089887640449437
0.00558659217877095	0.002793296089385475
0.0028089887640449437	0.008426966292134831
0.005571030640668524	0.002785515320334262
0.002785515320334262	0.005571030640668524
0.0057306590257879654	0.0028653295128939827
0.002770083102493075	0
0.005714285714285714	0
0.002785515320334262	0.002785515320334262
0.005633802816901409	0.0028169014084507044
0.008403361344537815	0.0056022408963585435
0.008450704225352112	0.0028169014084507044
0.00558659217877095	0.00558659217877095
0.008310249307479225	0.008310249307479225
0.00847457627118644	0.002824858757062147
0.0055248618784530384	0
0.008426966292134831	0.0028089887640449437
0.005509641873278237	0
0.011049723756906077	0
0	0
0	0
0.005633802816901409	0.008450704225352112
0.01652892561983471	0.0027548209366391185
0.00554016620498615	0.002770083102493075
0.011019283746556474	0.005509641873278237
0.010958904109589041	0.00821917808219178
0.011142061281337047	0.005571030640668524
0.005494505494505495	0.005494505494505495
0.005494505494505495	0.005494505494505495
0.0027548209366391185	0
0.01092896174863388	0.00546448087431694
0.01358695652173913	0.002717391304347826
0.013736263736263736	0.0027472527472527475
0.005571030640668524	0.008356545961002786
0.0028011204481792717	0.0028011204481792717
0.00273224043715847	0.00273224043715847
0	0.002793296089385475
0.005494505494505495	0.008241758241758242
0.0027247956403269754	0
0.00819672131147541	0.00546448087431694
0.008356545961002786	0
0.008287292817679558	0.0055248618784530384
0.013927576601671309	0.008356545961002786
0	0
0.013774104683195593	0.0027548209366391185
0.008174386920980926	0.0027247956403269754
0.00554016620498615	0
0.014005602240896359	0.0056022408963585435
0.013550135501355014	0.0027100271002710027
0.014084507042253521	0.005633802816901409
0.008174386920980926	0.0027247956403269754
0.008379888268156424	0.00558659217877095
0.01084010840108401	0.0027100271002710027
0.01662049861495845	0
0.00546448087431694	0.00273224043715847
0.011111111111111112	0.005555555555555556
0.005571030640668524	0.008356545961002786
0.002777777777777778	0.005555555555555556
0.0027548209366391185	0
0.008356545961002786	0.005571030640668524
0.011111111111111112	0.002777777777777778
0.01098901098901099	0.005494505494505495
0.0111731843575419	0.002793296089385475
0.0110803324099723	0.00554016620498615
0.00273224043715847	0.00546448087431694
0.019178082191780823	0.00821917808219178
0.0027548209366391185	0.008264462809917356
0	0.008450704225352112
0.0111731843575419	0.002793296089385475
0.0056657223796034	0.0056657223796034
0.005681818181818182	0
0.008356545961002786	0.005571030640668524
0.013927576601671309	0.005571030640668524
0.0028735632183908046	0.0028735632183908046
0.013966480446927373	0.002793296089385475
0.01694915254237288	0.002824858757062147
0.008310249307479225	0.0110803324099723
0.014084507042253521	0.005633802816901409
0.0028735632183908046	0.008620689655172414
0.01675977653631285	0.002793296089385475
0.00558659217877095	0.002793296089385475
0.002785515320334262	0.008356545961002786
0.005571030640668524	0.005571030640668524
0.0027548209366391185	0.005509641873278237
0.008403361344537815	0.0056022408963585435
0.008426966292134831	0
0.0028089887640449437	0
0.013888888888888888	0.005555555555555556
0.005555555555555556	0.008333333333333333
0.008379888268156424	0.002793296089385475
0.002785515320334262	0.013927576601671309
0.0028328611898017	0
0.011267605633802818	0.0028169014084507044
0	0.0056179775280898875
0.005633802816901409	0.005633802816901409
0.005633802816901409	0.005633802816901409
0.011594202898550725	0.008695652173913044
0.0028011204481792717	0.0056022408963585435
0.011204481792717087	0.011204481792717087
0.016713091922005572	0.002785515320334262
0.016853932584269662	0.0056179775280898875
0.00554016620498615	0.002770083102493075
0.005714285714285714	0.002857142857142857
0.005649717514124294	0.00847457627118644
0.0111731843575419	0.00558659217877095
0.011363636363636364	0.002840909090909091
0.008264462809917356	0.008264462809917356
0.002824858757062147	0
0	0.0056022408963585435
0.008426966292134831	0.0028089887640449437
0.005698005698005698	0.002849002849002849
0.00847457627118644	0.005649717514124294
0.0056657223796034	0.0084985835694051
0.00554016620498615	0
0.008379888268156424	0
0.008403361344537815	0.0028011204481792717
0.0028328611898017	0.0028328611898017
0.0028328611898017	0.0056657223796034
0.005649717514124294	0
0.0084985835694051	0.0028328611898017
0.011235955056179775	0.0028089887640449437
0.0056179775280898875	0
0.0028089887640449437	0.0056179775280898875
0.002824858757062147	0.005649717514124294
0.013850415512465374	0.00554016620498615
0.002777777777777778	0.002777777777777778
0.002770083102493075	0.008310249307479225
0.0057306590257879654	0
0.0028089887640449437	0.0028089887640449437
0.011560693641618497	0.002890173410404624
0.019943019943019943	0.008547008547008548
0.008356545961002786	0.005571030640668524
0.008645533141210375	0.005763688760806916
0	0
0.00847457627118644	0.00847457627118644
0.0056022408963585435	0.0028011204481792717
0.008426966292134831	0.0056179775280898875
0.0056179775280898875	0
0.002785515320334262	0.005571030640668524
0	0.0028089887640449437
0.008356545961002786	0.008356545961002786
0.008595988538681949	0.008595988538681949
0.008522727272727272	0.002840909090909091
0.008333333333333333	0.002777777777777778
0.005555555555555556	0.002777777777777778
0.0196078431372549	0.0028011204481792717
0	0.0056657223796034
0.002785515320334262	0.008356545961002786
0	0.005633802816901409
0.0055248618784530384	0
0.005698005698005698	0.005698005698005698
0.0055248618784530384	0.0027624309392265192
0.011428571428571429	0.008571428571428572
0.002793296089385475	0
0.0056022408963585435	0.0056022408963585435
0.002824858757062147	0.005649717514124294
0	0
0.008310249307479225	0.002770083102493075
0.008450704225352112	0.005633802816901409
0.008310249307479225	0.00554016620498615
0.002777777777777778	0
0.0028169014084507044	0.008450704225352112
0.005681818181818182	0.002840909090909091
0.0028169014084507044	0.0028169014084507044
0.014044943820224719	0.0056179775280898875
0.011204481792717087	0.0056022408963585435
0.008264462809917356	0.005509641873278237
0.00847457627118644	0.002824858757062147
0.011111111111111112	0
0.008426966292134831	0.0028089887640449437
0.005649717514124294	0.00847457627118644
0	0.0028011204481792717
0.005633802816901409	0.005633802816901409
0.014124293785310734	0
0.0028011204481792717	0.008403361344537815
0.008333333333333333	0.008333333333333333
0.008379888268156424	0.002793296089385475
0.0028328611898017	0
0.011049723756906077	0.008287292817679558
0.002785515320334262	0.008356545961002786
0.022857142857142857	0.005714285714285714
0.0056179775280898875	0.008426966292134831
0.005633802816901409	0.0028169014084507044
0.005681818181818182	0.002840909090909091
0.002849002849002849	0
0.0028011204481792717	0.0056022408963585435
0.01652892561983471	0.005509641873278237
0.005681818181818182	0.002840909090909091
0.0028011204481792717	0.0056022408963585435
0.008522727272727272	0.002840909090909091
0.0056657223796034	0.0084985835694051
0.013966480446927373	0.002793296089385475
0.017341040462427744	0.002890173410404624
0.011299435028248588	0.005649717514124294
0.0110803324099723	0
0.0056179775280898875	0
0.00558659217877095	0
0.014492753623188406	0.002898550724637681
0.0113314447592068	0.0084985835694051
0.005698005698005698	0.002849002849002849
0	0
0.014124293785310734	0.00847457627118644
0.014084507042253521	0.005633802816901409
0.0056179775280898875	0.0056179775280898875
0.005698005698005698	0.005698005698005698
0.008403361344537815	0.0056022408963585435
0.005649717514124294	0.005649717514124294
0.0111731843575419	0.00558659217877095
0.008695652173913044	0
0.005555555555555556	0.005555555555555556
0.008595988538681949	0.0028653295128939827
0.00558659217877095	0.008379888268156424
0.002785515320334262	0.002785515320334262
0.013888888888888888	0.002777777777777778
0.005509641873278237	0
0.002770083102493075	0.00554016620498615
0.008595988538681949	0.008595988538681949
0.013850415512465374	0.002770083102493075
0.00554016620498615	0.00554016620498615
0.008403361344537815	0
0.014084507042253521	0.008450704225352112
0.0028735632183908046	0.005747126436781609
0.005763688760806916	0.005763688760806916
0.00554016620498615	0.008310249307479225
0.005649717514124294	0
0.013812154696132596	0.0027624309392265192
0.011299435028248588	0
0.008379888268156424	0
0.002777777777777778	0.008333333333333333
0.008450704225352112	0.0028169014084507044
0.005555555555555556	0
0.011235955056179775	0.0028089887640449437
0.0055248618784530384	0.0027624309392265192
0.002785515320334262	0.002785515320334262
0.008379888268156424	0.002793296089385475
0.011267605633802818	0.011267605633802818
0.0110803324099723	0
0.0028011204481792717	0.008403361344537815
0.011111111111111112	0.002777777777777778
0.017142857142857144	0.008571428571428572
0.005649717514124294	0
0.0028011204481792717	0.0056022408963585435
0.0111731843575419	0.008379888268156424
0.00847457627118644	0.005649717514124294
0	0.008333333333333333
0	0
0.011363636363636364	0.002840909090909091
0.008287292817679558	0
0.014124293785310734	0.005649717514124294
0.008595988538681949	0.0028653295128939827
0.0028011204481792717	0
0.0111731843575419	0.008379888268156424
0.011267605633802818	0.005633802816901409
0.011049723756906077	0.0055248618784530384
0.011363636363636364	0.008522727272727272
0.014005602240896359	0
0.014005602240896359	0.0056022408963585435
0.002824858757062147	0.002824858757062147
0.0056022408963585435	0.0028011204481792717
0.0056657223796034	0.0056657223796034
0.0028089887640449437	0.016853932584269662
0.011235955056179775	0.008426966292134831
0.008379888268156424	0
0.002824858757062147	0.002824858757062147
0	0
0	0.0028011204481792717
0.008310249307479225	0.00554016620498615
0.0028328611898017	0.0028328611898017
0.008595988538681949	0.008595988538681949
0.008522727272727272	0.005681818181818182
0.00558659217877095	0
0.008403361344537815	0.0056022408963585435
0.008333333333333333	0
0.014005602240896359	0.0028011204481792717
0.011049723756906077	0.0027624309392265192
0.011267605633802818	0.0028169014084507044
0.008426966292134831	0.0028089887640449437
0.0056179775280898875	0.0028089887640449437
0.014044943820224719	0.0056179775280898875
0.0028089887640449437	0
0.0056179775280898875	0.0028089887640449437
0.008379888268156424	0
0.0111731843575419	0.002793296089385475
0.005555555555555556	0
0.011111111111111112	0.008333333333333333
0.0028089887640449437	0.0056179775280898875
0.002785515320334262	0.005571030640668524
0.005714285714285714	0
0.002785515320334262	0
0.002785515320334262	0.002785515320334262
0.005714285714285714	0.002857142857142857
0.019444444444444445	0
0.008356545961002786	0.002785515320334262
0.0056022408963585435	0
0.005571030640668524	0.005571030640668524
0.008450704225352112	0.008450704225352112
0.0028328611898017	0.0028328611898017
0.005509641873278237	0.005509641873278237
0.017045454545454544	0.002840909090909091
0	0.00847457627118644
0.008522727272727272	0.005681818181818182
0.002824858757062147	0.005649717514124294
0.011235955056179775	0.0056179775280898875
0.005649717514124294	0.00847457627118644
0.008379888268156424	0.002793296089385475
0.008450704225352112	0.0028169014084507044
0.0028328611898017	0.0028328611898017
0.011267605633802818	0.005633802816901409
0.011396011396011397	0.005698005698005698
0.011204481792717087	0
0.017142857142857144	0.002857142857142857
0	0
0.011142061281337047	0.002785515320334262
0.005714285714285714	0
0.002824858757062147	0
0.019553072625698324	0.002793296089385475
0.002785515320334262	0.008356545961002786
0.008379888268156424	0
0.011363636363636364	0.008522727272727272
0.002793296089385475	0.00558659217877095
0.008356545961002786	0
0.011111111111111112	0.002777777777777778
0.013927576601671309	0.008356545961002786
0.008450704225352112	0.0028169014084507044
0.0056022408963585435	0.008403361344537815
0.011235955056179775	0
0.011111111111111112	0.008333333333333333
0.005571030640668524	0
0.008403361344537815	0
0.0028169014084507044	0.005633802816901409
0.008241758241758242	0.005494505494505495
0.00821917808219178	0.005479452054794521
0.008403361344537815	0.0056022408963585435
0.008333333333333333	0.002777777777777778
0.01662049861495845	0.00554016620498615
0.008379888268156424	0.002793296089385475
0.005509641873278237	0.0027548209366391185
0.005449591280653951	0.008174386920980926
0.005434782608695652	0.002717391304347826
0.016853932584269662	0.008426966292134831
0.008287292817679558	0.0055248618784530384
0.002824858757062147	0.005649717514124294
0.0027624309392265192	0.0055248618784530384
0.0027548209366391185	0.005509641873278237
0.00819672131147541	0.00546448087431694
0.005479452054794521	0.00821917808219178
0.005509641873278237	0.0027548209366391185
0.019230769230769232	0.005494505494505495
0.008264462809917356	0.008264462809917356
0.002824858757062147	0.005649717514124294
0.008287292817679558	0.011049723756906077
0.005434782608695652	0
0.008333333333333333	0.002777777777777778
0.01366120218579235	0
0.008241758241758242	0.005494505494505495
0.005449591280653951	0.0027247956403269754
0.00558659217877095	0.002793296089385475
0.010899182561307902	0.0027247956403269754
0.019886363636363636	0.002840909090909091
0.0027472527472527475	0.0027472527472527475
0.005479452054794521	0.0027397260273972603
0.0110803324099723	0.002770083102493075
0.010958904109589041	0.0027397260273972603
0.00847457627118644	0.005649717514124294
0.00554016620498615	0.002770083102493075
0.011049723756906077	0.0027624309392265192
0.00546448087431694	0.00546448087431694
0.0027624309392265192	0.0027624309392265192
0.005555555555555556	0.008333333333333333
0.00546448087431694	0.00273224043715847
0.008241758241758242	0.0027472527472527475
0.013623978201634877	0.005449591280653951
0.005681818181818182	0.002840909090909091
0.00558659217877095	0.002793296089385475
0.008174386920980926	0
0.0136986301369863	0
0.0056179775280898875	0.0056179775280898875
0.011049723756906077	0.0027624309392265192
0.0027624309392265192	0.011049723756906077
0.008333333333333333	0.002777777777777778
0.0027624309392265192	0.0027624309392265192
0.0027472527472527475	0.005494505494505495
0.008333333333333333	0
0.0028089887640449437	0.0056179775280898875
0.002770083102493075	0.002770083102493075
0.01366120218579235	0
0.008287292817679558	0.0027624309392265192
0.008152173913043478	0.002717391304347826
0.00554016620498615	0.002770083102493075
0.0055248618784530384	0.008287292817679558
0.008333333333333333	0.008333333333333333
0.016304347826086956	0.008152173913043478
0.0028169014084507044	0.005633802816901409
0.005571030640668524	0.002785515320334262
0.0028011204481792717	0
0.00819672131147541	0
0	0.00554016620498615
0.005434782608695652	0.002717391304347826
0.011142061281337047	0.002785515320334262
0.00821917808219178	0.005479452054794521
0.00819672131147541	0.00546448087431694
0.0136986301369863	0.005479452054794521
0.002793296089385475	0.00558659217877095
0.005633802816901409	0.0028169014084507044
0.0056022408963585435	0.0028011204481792717
0.0027624309392265192	0.0027624309392265192
0.013850415512465374	0.0110803324099723
0.005494505494505495	0.0027472527472527475
0.011019283746556474	0.005509641873278237
0.008356545961002786	0.002785515320334262
0.014204545454545454	0
0.005714285714285714	0.002857142857142857
0	0.00847457627118644
0.011494252873563218	0.005747126436781609
0.0056657223796034	0
0.011235955056179775	0
0.002840909090909091	0.002840909090909091
0.005681818181818182	0.005681818181818182
0.013966480446927373	0.002793296089385475
0.019553072625698324	0
0.0028011204481792717	0.008403361344537815
0.013850415512465374	0.00554016620498615
0.008403361344537815	0.0028011204481792717
0.0028089887640449437	0.0028089887640449437
0.005555555555555556	0.005555555555555556
0.011363636363636364	0.011363636363636364
0.005555555555555556	0.005555555555555556
0.005571030640668524	0.008356545961002786
0	0.0055248618784530384
0.0056022408963585435	0
0.00554016620498615	0
0.00847457627118644	0.005649717514124294
0.00821917808219178	0
0.008522727272727272	0
0.005434782608695652	0.002717391304347826
0.011204481792717087	0
0.008426966292134831	0.0028089887640449437
0.008174386920980926	0.0027247956403269754
0.01084010840108401	0.0027100271002710027
0.005555555555555556	0
0.01078167115902965	0.01078167115902965
0.013440860215053764	0.002688172043010753
0.011204481792717087	0.008403361344537815
0.008403361344537815	0.0028011204481792717
0.0056022408963585435	0
0.005649717514124294	0.002824858757062147
0.008264462809917356	0
0.013888888888888888	0
0.002702702702702703	0.005405405405405406
0.005449591280653951	0
0.008426966292134831	0
0.0055248618784530384	0.0055248618784530384
0.00546448087431694	0.00546448087431694
0.01652892561983471	0
0.005494505494505495	0.0027472527472527475
0.008310249307479225	0.002770083102493075
0.005479452054794521	0
0.0027548209366391185	0
0.008108108108108109	0.002702702702702703
0.008130081300813009	0.005420054200542005
0.005405405405405406	0
0.002785515320334262	0.005571030640668524
0.013513513513513514	0.005405405405405406
0.01358695652173913	0.002717391304347826
0.008426966292134831	0.0028089887640449437
0.005420054200542005	0.005420054200542005
0.008130081300813009	0.008130081300813009
0.008174386920980926	0.005449591280653951
0.016304347826086956	0.002717391304347826
0.0026954177897574125	0.016172506738544475
0.005479452054794521	0.0027397260273972603
0.005509641873278237	0.008264462809917356
0.011204481792717087	0.0028011204481792717
0.00821917808219178	0.005479452054794521
0.005479452054794521	0.0027397260273972603
0.00819672131147541	0.00819672131147541
0.0027397260273972603	0
0	0.008287292817679558
0.027548209366391185	0
0.008287292817679558	0
0.0110803324099723	0
0.0028328611898017	0.0028328611898017
0.019498607242339833	0.002785515320334262
0.011019283746556474	0
0.011049723756906077	0.008287292817679558
0.013850415512465374	0.008310249307479225
0.002785515320334262	0.008356545961002786
0.010958904109589041	0
0.01092896174863388	0
0.01092896174863388	0.00273224043715847
0.008547008547008548	0.002849002849002849
0.016666666666666666	0.008333333333333333
0.022099447513812154	0.0055248618784530384
0.01092896174863388	0
0.011049723756906077	0.008287292817679558
0.011235955056179775	0
0.0056179775280898875	0
0.002793296089385475	0.00558659217877095
0.008310249307479225	0.002770083102493075
0.00554016620498615	0.002770083102493075
0.008379888268156424	0
0.013736263736263736	0.005494505494505495
0.008241758241758242	0.005494505494505495
0.0027624309392265192	0.0027624309392265192
0.002777777777777778	0.005555555555555556
0.011049723756906077	0.0027624309392265192
0.008264462809917356	0.008264462809917356
0.013812154696132596	0.008287292817679558
0	0.0055248618784530384
0.005555555555555556	0.005555555555555556
0.008287292817679558	0.0027624309392265192
0.008310249307479225	0.00554016620498615
0.008356545961002786	0
0.005479452054794521	0.005479452054794521
0.0027472527472527475	0.0027472527472527475
0	0.0027397260273972603
0.008403361344537815	0.0056022408963585435
0.008241758241758242	0.005494505494505495
0.0056179775280898875	0.0056179775280898875
0.022222222222222223	0.008333333333333333
0.008333333333333333	0
0.0027548209366391185	0
0.005633802816901409	0
0.008310249307479225	0.002770083102493075
0.01092896174863388	0.01092896174863388
0.011019283746556474	0.0027548209366391185
0.011019283746556474	0.0027548209366391185
0.013850415512465374	0
0.005571030640668524	0.002785515320334262
0.0221606648199446	0.002770083102493075
0.019444444444444445	0
0.005571030640668524	0.005571030640668524
0.011019283746556474	0.005509641873278237
0.008333333333333333	0.002777777777777778
0.00546448087431694	0.00273224043715847
0.022284122562674095	0.008356545961002786
0	0.005571030640668524
0.01098901098901099	0.0027472527472527475
0.005555555555555556	0.008333333333333333
0.0027397260273972603	0.0027397260273972603
0.0055248618784530384	0
0.00273224043715847	0.00819672131147541
0.016853932584269662	0.0028089887640449437
0.005571030640668524	0.002785515320334262
0.005479452054794521	0
0.0027472527472527475	0.01098901098901099
0.0028089887640449437	0.0028089887640449437
0.008333333333333333	0.008333333333333333
0.00819672131147541	0.00546448087431694
0.008287292817679558	0.0055248618784530384
0.01652892561983471	0.005509641873278237
0.01675977653631285	0.002793296089385475
0.008522727272727272	0
0.005555555555555556	0.005555555555555556
0.0056179775280898875	0.0028089887640449437
0.0113314447592068	0.0056657223796034
0	0.0027548209366391185
0.010958904109589041	0.0027397260273972603
0.0111731843575419	0.0111731843575419
0.00554016620498615	0.002770083102493075
0.011049723756906077	0.0055248618784530384
0.008264462809917356	0.005509641873278237
0.005509641873278237	0.005509641873278237
0.01098901098901099	0.008241758241758242
0.008310249307479225	0.00554016620498615
0.0027472527472527475	0.0027472527472527475
0.0055248618784530384	0
0.01652892561983471	0.008264462809917356
0.005479452054794521	0.0027397260273972603
0.002793296089385475	0
0.008356545961002786	0.002785515320334262
0.0028011204481792717	0.0028011204481792717
0.008403361344537815	0.0028011204481792717
0.01652892561983471	0
0.002785515320334262	0.005571030640668524
0.011111111111111112	0.011111111111111112
0.013812154696132596	0.0055248618784530384
0.00821917808219178	0.005479452054794521
0.008333333333333333	0.002777777777777778
0.0055248618784530384	0.0027624309392265192
0.013888888888888888	0.005555555555555556
0.00554016620498615	0.002770083102493075
0.011049723756906077	0.0055248618784530384
0.008264462809917356	0.0027548209366391185
0.01662049861495845	0.002770083102493075
0.010958904109589041	0.005479452054794521
0.008310249307479225	0.00554016620498615
0.008595988538681949	0.0028653295128939827
0.0027397260273972603	0.00821917808219178
0.008356545961002786	0.005571030640668524
0.0055248618784530384	0
0.002785515320334262	0.005571030640668524
0.008264462809917356	0
0	0.005571030640668524
0.008333333333333333	0
0	0
0.0027397260273972603	0.0027397260273972603
0.0055248618784530384	0.008287292817679558
0.005494505494505495	0.0027472527472527475
0.0027472527472527475	0
0.005509641873278237	0.008264462809917356
0.0110803324099723	0
0.005494505494505495	0.0027472527472527475
0.0223463687150838	0
0.0027624309392265192	0.008287292817679558
0.016574585635359115	0.0055248618784530384
0.016853932584269662	0.0056179775280898875
0.01652892561983471	0.005509641873278237
0	0.013774104683195593
0.008310249307479225	0.00554016620498615
0	0.011204481792717087
0.002824858757062147	0.002824858757062147
0.005571030640668524	0.005571030640668524
0.013850415512465374	0.002770083102493075
0.0028328611898017	0
0.01098901098901099	0.013736263736263736
0.0055248618784530384	0.0055248618784530384
0.016853932584269662	0.0028089887640449437
0.005633802816901409	0.005633802816901409
0.019444444444444445	0.008333333333333333
0.013812154696132596	0.008287292817679558
0.008403361344537815	0.0028011204481792717
0.0223463687150838	0.002793296089385475
0.0055248618784530384	0.0055248618784530384
0.005555555555555556	0.008333333333333333
0.005555555555555556	0.002777777777777778
0.002777777777777778	0.011111111111111112
0.008241758241758242	0.005494505494505495
0.010958904109589041	0.0027397260273972603
0.008426966292134831	0.0056179775280898875
0.013927576601671309	0.005571030640668524
0.011111111111111112	0
0.008108108108108109	0.010810810810810811
0.0027100271002710027	0.0027100271002710027
0.0027397260273972603	0.0027397260273972603
0.002785515320334262	0
0.005479452054794521	0
0	0.002717391304347826
0.011019283746556474	0.0027548209366391185
0.0027100271002710027	0.005420054200542005
0.008152173913043478	0.008152173913043478
0.00819672131147541	0.00273224043715847
0.010899182561307902	0.005449591280653951
0.016304347826086956	0
0.005479452054794521	0.005479452054794521
0.008333333333333333	0.002777777777777778
0.005479452054794521	0.0027397260273972603
0.008174386920980926	0.008174386920980926
0.008426966292134831	0
0.016574585635359115	0.0027624309392265192
0.011142061281337047	0.005571030640668524
0.002793296089385475	0.008379888268156424
0.00554016620498615	0.00554016620498615
0.014044943820224719	0.008426966292134831
0.008426966292134831	0.0056179775280898875
0.005649717514124294	0.002824858757062147
0.008287292817679558	0.0055248618784530384
0.0027624309392265192	0
0.008547008547008548	0.002849002849002849
0.0028328611898017	0.0084985835694051
0.008403361344537815	0.0056022408963585435
0.002849002849002849	0.002849002849002849
0.008287292817679558	0
0.005555555555555556	0.005555555555555556
0.011049723756906077	0.0055248618784530384
0.005633802816901409	0.0028169014084507044
0.002793296089385475	0.008379888268156424
0.0056179775280898875	0.0056179775280898875
0.0028011204481792717	0.0056022408963585435
0.010752688172043012	0.002688172043010753
0.005405405405405406	0.005405405405405406
0.008287292817679558	0.008287292817679558
0.0027472527472527475	0.005494505494505495
0	0.005571030640668524
0.00546448087431694	0.00546448087431694
0.011049723756906077	0.0027624309392265192
0.0056179775280898875	0.0056179775280898875
0.0110803324099723	0.002770083102493075
0.0056022408963585435	0
0	0.0027247956403269754
0.0027548209366391185	0.011019283746556474
0.00273224043715847	0.00273224043715847
0.008333333333333333	0.002777777777777778
0.008403361344537815	0
0.011049723756906077	0
0.0027624309392265192	0
0.005509641873278237	0.011019283746556474
0.008403361344537815	0.0056022408963585435
0.0111731843575419	0.008379888268156424
0	0
0.008333333333333333	0.011111111111111112
0.002770083102493075	0.002770083102493075
0.014124293785310734	0.002824858757062147
0.00554016620498615	0
0.008287292817679558	0.0055248618784530384
0.008333333333333333	0.008333333333333333
0.008547008547008548	0
0.002770083102493075	0.00554016620498615
0.011049723756906077	0
0.005494505494505495	0.0027472527472527475
0.008426966292134831	0.0028089887640449437
0.008264462809917356	0.005509641873278237
0.00546448087431694	0
0.00819672131147541	0
0.005633802816901409	0.005633802816901409
0.005479452054794521	0.0027397260273972603
0.01366120218579235	0.00546448087431694
0.01366120218579235	0.00273224043715847
0.005434782608695652	0.005434782608695652
0	0.00546448087431694
0.013550135501355014	0.005420054200542005
0.008108108108108109	0.005405405405405406
0.008287292817679558	0.0027624309392265192
0.0028089887640449437	0
0.016483516483516484	0.0027472527472527475
0.005434782608695652	0.01358695652173913
0.00819672131147541	0.00546448087431694
0.008241758241758242	0.005494505494505495
0.008310249307479225	0.00554016620498615
0.010899182561307902	0.013623978201634877
0.0028328611898017	0.0056657223796034
0	0.008174386920980926
0.002785515320334262	0.002785515320334262
0.0027624309392265192	0.0027624309392265192
0.010899182561307902	0.013623978201634877
0.005509641873278237	0.0027548209366391185
0.008264462809917356	0.008264462809917356
0.01358695652173913	0.002717391304347826
0.008310249307479225	0.002770083102493075
0.005494505494505495	0
0.00819672131147541	0
0.013550135501355014	0
0.0027548209366391185	0.008264462809917356
0.0027100271002710027	0.005420054200542005
0.013850415512465374	0.002770083102493075
0.011235955056179775	0.008426966292134831
0.00546448087431694	0.00273224043715847
0.00546448087431694	0
0.008241758241758242	0.0027472527472527475
0.010869565217391304	0
0.008264462809917356	0
0.002702702702702703	0.008108108108108109
0.01084010840108401	0.005420054200542005
0.010752688172043012	0.010752688172043012
0.00273224043715847	0.00546448087431694
0.02168021680216802	0.0027100271002710027
0.010869565217391304	0.005434782608695652
0.013774104683195593	0.005509641873278237
0.0027472527472527475	0.0027472527472527475
0.008356545961002786	0.002785515320334262
0.0027548209366391185	0.005509641873278237
0.002777777777777778	0
0.005479452054794521	0.005479452054794521
0.008333333333333333	0.016666666666666666
0.010899182561307902	0.0027247956403269754
0.024861878453038673	0.011049723756906077
0.005479452054794521	0.00821917808219178
0.013550135501355014	0.0027100271002710027
0.008174386920980926	0.0027247956403269754
0.00821917808219178	0
0.01366120218579235	0.00273224043715847
0.005420054200542005	0.005420054200542005
0.00554016620498615	0.002770083102493075
0.0027624309392265192	0
0.00821917808219178	0.0027397260273972603
0	0.013888888888888888
0.0027100271002710027	0
0.011049723756906077	0
0.008379888268156424	0.002793296089385475
0.005405405405405406	0
0.005509641873278237	0
0.01098901098901099	0.0027472527472527475
0.00554016620498615	0.002770083102493075
0	0.005494505494505495
0.0084985835694051	0
0.002702702702702703	0.010810810810810811
0.0027548209366391185	0.0027548209366391185
0.005479452054794521	0.00821917808219178
0.010869565217391304	0.008152173913043478
0.008152173913043478	0.002717391304347826
0.010810810810810811	0
0.005405405405405406	0.002702702702702703
0.00821917808219178	0
0.0136986301369863	0.00821917808219178
0.002777777777777778	0.013888888888888888
0.005420054200542005	0.0027100271002710027
0.008241758241758242	0.0027472527472527475
0.01092896174863388	0.00819672131147541
0.005649717514124294	0.014124293785310734
0.0110803324099723	0.002770083102493075
0.010958904109589041	0.00821917808219178
0.0056179775280898875	0
0.00546448087431694	0.00819672131147541
0.01084010840108401	0.0027100271002710027
0	0.00273224043715847
0.008403361344537815	0
0.0110803324099723	0.0110803324099723
0.008287292817679558	0.008287292817679558
0	0.0055248618784530384
0.013550135501355014	0.0027100271002710027
0.010958904109589041	0.0027397260273972603
0	0.005555555555555556
0.00546448087431694	0.00546448087431694
0.011142061281337047	0.002785515320334262
0.019444444444444445	0
0.005449591280653951	0
0.008174386920980926	0.008174386920980926
0.008174386920980926	0.005449591280653951
0.016666666666666666	0.005555555555555556
0.0027397260273972603	0
0.00554016620498615	0.0110803324099723
0.014245014245014245	0.005698005698005698
0.01084010840108401	0.008130081300813009
0.005479452054794521	0.005479452054794521
0.005494505494505495	0.005494505494505495
0.002777777777777778	0
0.005449591280653951	0
0.005434782608695652	0.005434782608695652
0.005420054200542005	0
0.010899182561307902	0.0027247956403269754
0.010810810810810811	0.005405405405405406
0.008333333333333333	0.005555555555555556
0.008264462809917356	0.0027548209366391185
0.008264462809917356	0.0027548209366391185
0.008152173913043478	0.002717391304347826
0.013812154696132596	0.0027624309392265192
0.008287292817679558	0.0027624309392265192
0	0.013774104683195593
0.013812154696132596	0.0027624309392265192
0.008264462809917356	0.0027548209366391185
0.005509641873278237	0.0027548209366391185
0.0027247956403269754	0.013623978201634877
0.0055248618784530384	0
0.013966480446927373	0.008379888268156424
0.008356545961002786	0.008356545961002786
0.0027397260273972603	0.0136986301369863
0.010899182561307902	0
0.010958904109589041	0
0.013736263736263736	0
0.005633802816901409	0.008450704225352112
0.016713091922005572	0
0.0027548209366391185	0.0027548209366391185
0.00819672131147541	0.01639344262295082
0.008310249307479225	0
0.0055248618784530384	0.008287292817679558
0.013927576601671309	0.002785515320334262
0.0027472527472527475	0.008241758241758242
0	0.00546448087431694
0.0056179775280898875	0.0028089887640449437
0.008379888268156424	0
0.019444444444444445	0.011111111111111112
0.014084507042253521	0.005633802816901409
0.0027397260273972603	0.0136986301369863
0.0136986301369863	0.0027397260273972603
0.013550135501355014	0.01084010840108401
0.016260162601626018	0.005420054200542005
0.00558659217877095	0.00558659217877095
0.0028011204481792717	0.008403361344537815
0.008310249307479225	0.002770083102493075
0.008310249307479225	0
0.002770083102493075	0.00554016620498615
0.005633802816901409	0.0028169014084507044
0.005509641873278237	0.008264462809917356
0.008379888268156424	0
0.011142061281337047	0.005571030640668524
0.013850415512465374	0.008310249307479225
0.005555555555555556	0.005555555555555556
0.005714285714285714	0.002857142857142857
0	0.002793296089385475
0.005509641873278237	0.011019283746556474
0.005494505494505495	0
0.008333333333333333	0.002777777777777778
0.005494505494505495	0.0027472527472527475
0.008310249307479225	0.002770083102493075
0.011019283746556474	0
0.00554016620498615	0
0.008450704225352112	0
0.002840909090909091	0.002840909090909091
0.002849002849002849	0.008547008547008548
0.00819672131147541	0.00273224043715847
0.011142061281337047	0.008356545961002786
0.002793296089385475	0.00558659217877095
0.008356545961002786	0.008356545961002786
0.005633802816901409	0
0.0028011204481792717	0
0.002717391304347826	0.002717391304347826
0.00821917808219178	0.005479452054794521
0.010899182561307902	0
0.010899182561307902	0.005449591280653951
0.008287292817679558	0.0027624309392265192
0.01643835616438356	0.0027397260273972603
0.008174386920980926	0.0027247956403269754
0.01652892561983471	0.0027548209366391185
0.008108108108108109	0.002702702702702703
0.010899182561307902	0.008174386920980926
0.00273224043715847	0.00273224043715847
0.014204545454545454	0.002840909090909091
0.008450704225352112	0.0028169014084507044
0.008522727272727272	0.002840909090909091
0.011049723756906077	0.008287292817679558
0.005698005698005698	0
0.008379888268156424	0.00558659217877095
0.0056022408963585435	0.0028011204481792717
0.011111111111111112	0
0.005479452054794521	0
0.0056022408963585435	0.008403361344537815
0.00819672131147541	0.00273224043715847
0.008403361344537815	0.0056022408963585435
0.002849002849002849	0.008547008547008548
0.00819672131147541	0.00546448087431694
0.0028011204481792717	0.0028011204481792717
0	0.002777777777777778
0.005571030640668524	0.002785515320334262
0.002793296089385475	0.002793296089385475
0.008310249307479225	0.008310249307479225
0.011142061281337047	0.008356545961002786
0.019337016574585635	0.0055248618784530384
0.002793296089385475	0
0.005571030640668524	0.005571030640668524
0.0055248618784530384	0
0.008264462809917356	0
0.005649717514124294	0.00847457627118644
0.01098901098901099	0.008241758241758242
0.00821917808219178	0.005479452054794521
0.0027624309392265192	0.008287292817679558
0.0056022408963585435	0.0028011204481792717
0.019178082191780823	0.0027397260273972603
0.008174386920980926	0
0.0136986301369863	0.0027397260273972603
0.008241758241758242	0
0.01639344262295082	0.00273224043715847
0.013812154696132596	0.0055248618784530384
0.002785515320334262	0.005571030640668524
0.008287292817679558	0.008287292817679558
0.011299435028248588	0.00847457627118644
0.008310249307479225	0.00554016620498615
0.022284122562674095	0
0.005555555555555556	0.008333333333333333
0.008356545961002786	0.002785515320334262
0.01643835616438356	0.0027397260273972603
0.019553072625698324	0.002793296089385475
0.010958904109589041	0.010958904109589041
0.008241758241758242	0.0027472527472527475
0.01639344262295082	0.00819672131147541
0.00819672131147541	0.00273224043715847
0.008287292817679558	0
0.010958904109589041	0.005479452054794521
0.008450704225352112	0
0.008287292817679558	0.008287292817679558
0.002793296089385475	0.002793296089385475
0.008130081300813009	0.0027100271002710027
0.002824858757062147	0.00847457627118644
0.013850415512465374	0.00554016620498615
0.005479452054794521	0.00821917808219178
0	0.0028089887640449437
0.0027624309392265192	0.0027624309392265192
0.005494505494505495	0.005494505494505495
0.008287292817679558	0.0027624309392265192
0.008522727272727272	0.002840909090909091
0.002785515320334262	0
0.008356545961002786	0.002785515320334262
0.002793296089385475	0.00558659217877095
0.002793296089385475	0
0.002793296089385475	0.00558659217877095
0.008356545961002786	0.002785515320334262
0.0110803324099723	0.002770083102493075
0.005649717514124294	0.002824858757062147
0.014005602240896359	0.0028011204481792717
0.011019283746556474	0.005509641873278237
0.008241758241758242	0.0027472527472527475
0	0
0.005649717514124294	0
0.008571428571428572	0
0.008241758241758242	0
0.008356545961002786	0
0.0028169014084507044	0.0028169014084507044
0.011363636363636364	0
0.011019283746556474	0.0027548209366391185
0.0028011204481792717	0.0028011204481792717
0.0136986301369863	0.005479452054794521
0.0111731843575419	0.00558659217877095
0	0.0026954177897574125
0.002702702702702703	0.002702702702702703
0.010752688172043012	0.005376344086021506
0	0.005571030640668524
0.01971830985915493	0.0028169014084507044
0.00554016620498615	0.00554016620498615
0.0056022408963585435	0.0028011204481792717
0.014005602240896359	0.011204481792717087
0.005649717514124294	0
0.008310249307479225	0.002770083102493075
0.008287292817679558	0.0055248618784530384
0.002793296089385475	0.002793296089385475
0.008310249307479225	0.002770083102493075
0.005494505494505495	0.005494505494505495
0.0027472527472527475	0
0.005555555555555556	0.002777777777777778
0.008595988538681949	0.0057306590257879654
0.014044943820224719	0.0028089887640449437
0.00847457627118644	0
0.0028089887640449437	0.0028089887640449437
0.0027472527472527475	0.0027472527472527475
0.011049723756906077	0.0055248618784530384
0.005571030640668524	0.002785515320334262
0.00546448087431694	0.00546448087431694
0.0111731843575419	0.002793296089385475
0.013812154696132596	0
0.013850415512465374	0.002770083102493075
0.005714285714285714	0.002857142857142857
0.005714285714285714	0.005714285714285714
0.002777777777777778	0.008333333333333333
0.008333333333333333	0.002777777777777778
0.016666666666666666	0
0.016666666666666666	0.002777777777777778
0.0056022408963585435	0
0.011111111111111112	0.002777777777777778
0.00554016620498615	0.013850415512465374
0.00558659217877095	0.002793296089385475
0.005479452054794521	0.00821917808219178
0.0027624309392265192	0
0.00558659217877095	0
0.008595988538681949	0.0028653295128939827
0.008333333333333333	0.008333333333333333
0.0111731843575419	0.00558659217877095
0.011111111111111112	0.011111111111111112
0.014124293785310734	0.002824858757062147
0.008571428571428572	0.002857142857142857
0.013850415512465374	0.00554016620498615
0.013966480446927373	0.002793296089385475
0.014124293785310734	0.002824858757062147
0.005571030640668524	0.005571030640668524
0.0027397260273972603	0.0027397260273972603
0.0028011204481792717	0.0028011204481792717
0.00554016620498615	0.002770083102493075
0.013888888888888888	0.005555555555555556
0.002785515320334262	0.008356545961002786
0.002777777777777778	0.008333333333333333
0.011527377521613832	0.002881844380403458
0.005633802816901409	0
0.016713091922005572	0.005571030640668524
0.011428571428571429	0.005714285714285714
0.01652892561983471	0.0027548209366391185
0.01675977653631285	0.002793296089385475
0.0028011204481792717	0.0056022408963585435
0.010958904109589041	0.010958904109589041
0.008333333333333333	0.005555555555555556
0.005571030640668524	0.002785515320334262
0.00554016620498615	0.002770083102493075
0.0056179775280898875	0.008426966292134831
0.014044943820224719	0.0028089887640449437
0.005571030640668524	0
0.005649717514124294	0.005649717514124294
0.005555555555555556	0.002777777777777778
0.0027472527472527475	0.005494505494505495
0.013888888888888888	0.002777777777777778
0.008287292817679558	0
0.0027472527472527475	0.008241758241758242
0	0
0.00847457627118644	0.002824858757062147
0.005479452054794521	0.005479452054794521
0	0.002785515320334262
0.00546448087431694	0.00819672131147541
0.013888888888888888	0.002777777777777778
0.00558659217877095	0
0.008403361344537815	0.0028011204481792717
0.005571030640668524	0.002785515320334262
0.0027624309392265192	0.008287292817679558
0.0056022408963585435	0.0056022408963585435
0.008379888268156424	0.002793296089385475
0.002777777777777778	0
0.008241758241758242	0.005494505494505495
0.008403361344537815	0.0056022408963585435
0.0084985835694051	0
0.002793296089385475	0.002793296089385475
0.008379888268156424	0.0111731843575419
0.011111111111111112	0.005555555555555556
0.00558659217877095	0.002793296089385475
0.00554016620498615	0
0.0028169014084507044	0.0028169014084507044
0.019444444444444445	0.016666666666666666
0.008287292817679558	0
0.013966480446927373	0.008379888268156424
0.011235955056179775	0.0028089887640449437
0.00821917808219178	0
0	0.0028328611898017
0.008333333333333333	0
0.016901408450704224	0
0.014084507042253521	0
0.0084985835694051	0.0028328611898017
0.0027472527472527475	0.005494505494505495
0.005555555555555556	0
0	0.0028089887640449437
0.013966480446927373	0
0.013774104683195593	0.0027548209366391185
0.016574585635359115	0
0.022727272727272728	0.005681818181818182
0.008356545961002786	0.005571030640668524
0.008356545961002786	0.005571030640668524
0.005571030640668524	0.002785515320334262
0.00554016620498615	0.008310249307479225
0.005555555555555556	0.002777777777777778
0.002785515320334262	0.005571030640668524
0.0084985835694051	0
0.00821917808219178	0
0.013850415512465374	0.002770083102493075
0.014005602240896359	0
0.005509641873278237	0.011019283746556474
0.011142061281337047	0
0.011019283746556474	0.005509641873278237
0.005494505494505495	0.01098901098901099
0.008287292817679558	0.0055248618784530384
0.008287292817679558	0
0.005494505494505495	0.008241758241758242
0.0056022408963585435	0.0056022408963585435
0	0.002777777777777778
0.008241758241758242	0.0027472527472527475
0.008379888268156424	0
0.011396011396011397	0.002849002849002849
0.008379888268156424	0.00558659217877095
0.002770083102493075	0.00554016620498615
0.014005602240896359	0.0056022408963585435
0.014044943820224719	0
0.008403361344537815	0
0.005571030640668524	0.011142061281337047
0.008426966292134831	0.0028089887640449437
0.005555555555555556	0.005555555555555556
0.011019283746556474	0
0.002793296089385475	0.002793296089385475
0.0027624309392265192	0.0027624309392265192
0.008333333333333333	0.008333333333333333
0.005479452054794521	0.0027397260273972603
0.010958904109589041	0.005479452054794521
0.002770083102493075	0.00554016620498615
0.013774104683195593	0.005509641873278237
0.005681818181818182	0.002840909090909091
0.011267605633802818	0.005633802816901409
0.011049723756906077	0.011049723756906077
0.002777777777777778	0
0.0028328611898017	0.0084985835694051
0.008450704225352112	0
0.002777777777777778	0.002777777777777778
0.011142061281337047	0.002785515320334262
0.0028089887640449437	0.008426966292134831
0.002770083102493075	0.008310249307479225
0.022535211267605635	0.0028169014084507044
0.008310249307479225	0.00554016620498615
0.016713091922005572	0.008356545961002786
0.019498607242339833	0.002785515320334262
0.008333333333333333	0.011111111111111112
0.005571030640668524	0.005571030640668524
0.0055248618784530384	0.011049723756906077
0.0111731843575419	0.00558659217877095
0.002777777777777778	0.005555555555555556
0.0027624309392265192	0.008287292817679558
0.0084985835694051	0
0.016853932584269662	0.0056179775280898875
0.0056179775280898875	0.0056179775280898875
0.0111731843575419	0.002793296089385475
0.0056022408963585435	0.0028011204481792717
0.008333333333333333	0.002777777777777778
0.014164305949008499	0
0.0028011204481792717	0.0028011204481792717
0.0110803324099723	0.002770083102493075
0.014285714285714285	0
0.00847457627118644	0.005649717514124294
0.002849002849002849	0.002849002849002849
0.01680672268907563	0.008403361344537815
0	0.00558659217877095
0.008356545961002786	0.011142061281337047
0.0056022408963585435	0.0056022408963585435
0	0
0.013850415512465374	0.00554016620498615
0.008522727272727272	0.005681818181818182
0.01680672268907563	0
0.0056022408963585435	0.0028011204481792717
0.0056022408963585435	0.0028011204481792717
0.013966480446927373	0.0111731843575419
0.005633802816901409	0
0.011142061281337047	0.002785515320334262
0.00847457627118644	0.014124293785310734
0.011235955056179775	0.0056179775280898875
0.005633802816901409	0.005633802816901409
0.0027548209366391185	0.008264462809917356
0.008379888268156424	0.00558659217877095
0.008403361344537815	0.0056022408963585435
0.0028735632183908046	0
0.011204481792717087	0.008403361344537815
0.005681818181818182	0.002840909090909091
0.0169971671388102	0.0113314447592068
0	0.008522727272727272
0.008522727272727272	0
0.011428571428571429	0.005714285714285714
0.0110803324099723	0.002770083102493075
0.016574585635359115	0.0027624309392265192
0.002793296089385475	0.008379888268156424
0.0028089887640449437	0.0028089887640449437
0.0028089887640449437	0.0056179775280898875
0.005681818181818182	0.005681818181818182
0.002890173410404624	0.005780346820809248
0.008522727272727272	0.008522727272727272
0.008522727272727272	0.008522727272727272
0.008310249307479225	0
0.0056022408963585435	0.0056022408963585435
0.008287292817679558	0.0027624309392265192
0.0056022408963585435	0.0056022408963585435
0.00558659217877095	0
0.008426966292134831	0.0056179775280898875
0.00847457627118644	0.002824858757062147
0.011396011396011397	0.002849002849002849
0.011235955056179775	0.008426966292134831
0.013927576601671309	0.002785515320334262
0.013927576601671309	0.019498607242339833
0.0028328611898017	0.0084985835694051
0.005698005698005698	0.005698005698005698
0.008287292817679558	0
0.005681818181818182	0
0.013927576601671309	0.011142061281337047
0.013927576601671309	0
0.0084985835694051	0.0084985835694051
0.01440922190201729	0.008645533141210375
0.011267605633802818	0.0028169014084507044
0.0110803324099723	0.0110803324099723
0.019886363636363636	0.002840909090909091
0.0028089887640449437	0.008426966292134831
0.002849002849002849	0.008547008547008548
0.0028735632183908046	0
0.002881844380403458	0.002881844380403458
0.01694915254237288	0.002824858757062147
0.008403361344537815	0.0028011204481792717
0	0
0.005714285714285714	0
0.011142061281337047	0.002785515320334262
0.008522727272727272	0.008522727272727272
0.0084985835694051	0
0.0058309037900874635	0.0029154518950437317
0.002840909090909091	0.002840909090909091
0.0028328611898017	0.0113314447592068
0.008426966292134831	0.0028089887640449437
0.014245014245014245	0.002849002849002849
0.011111111111111112	0.002777777777777778
0.008547008547008548	0.005698005698005698
0.008522727272727272	0.008522727272727272
0.019886363636363636	0.002840909090909091
0.011111111111111112	0.005555555555555556
0.002793296089385475	0.002793296089385475
0	0.0056179775280898875
0.008264462809917356	0
0.016483516483516484	0.013736263736263736
0.01675977653631285	0.002793296089385475
0.0027624309392265192	0.0027624309392265192
0.01639344262295082	0
0.00554016620498615	0.00554016620498615
0	0.0055248618784530384
0.005571030640668524	0.011142061281337047
0.011235955056179775	0.0028089887640449437
0.0027624309392265192	0.008287292817679558
0.00558659217877095	0.0111731843575419
0.008241758241758242	0.005494505494505495
0.008333333333333333	0
0.002770083102493075	0.00554016620498615
0.011111111111111112	0
0.0111731843575419	0.002793296089385475
0.016713091922005572	0.002785515320334262
0.019553072625698324	0
0.00558659217877095	0
0.011142061281337047	0.008356545961002786
0.002857142857142857	0.002857142857142857
0.00847457627118644	0.005649717514124294
0.002785515320334262	0.005571030640668524
0.002793296089385475	0
0.00554016620498615	0.00554016620498615
0.013888888888888888	0.002777777777777778
0.008333333333333333	0
0.002785515320334262	0.005571030640668524
0.00558659217877095	0
0.008333333333333333	0.011111111111111112
0.01639344262295082	0.00546448087431694
0.005555555555555556	0.008333333333333333
0.0027548209366391185	0.0027548209366391185
0.0111731843575419	0.00558659217877095
0.008310249307479225	0.002770083102493075
0.00821917808219178	0.0027397260273972603
0.014084507042253521	0.005633802816901409
0.011049723756906077	0.0027624309392265192
0.010958904109589041	0.0136986301369863
0.005555555555555556	0.008333333333333333
0.002793296089385475	0
0.002777777777777778	0.002777777777777778
0.008379888268156424	0.002793296089385475
0.005633802816901409	0
0.008403361344537815	0.0028011204481792717
0.0056179775280898875	0.0056179775280898875
0.008287292817679558	0.0027624309392265192
0	0.0028089887640449437
0.0056179775280898875	0
0.008426966292134831	0.0028089887640449437
0.008403361344537815	0.0056022408963585435
0.011204481792717087	0.008403361344537815
0.005633802816901409	0.0028169014084507044
0.013927576601671309	0.002785515320334262
0.0028328611898017	0.0028328611898017
0.01098901098901099	0.0027472527472527475
0	0
0.016666666666666666	0.002777777777777778
0.008426966292134831	0.008426966292134831
0.005571030640668524	0
0.011363636363636364	0.008522727272727272
0.00554016620498615	0
0.0028089887640449437	0.0028089887640449437
0.002770083102493075	0.002770083102493075
0.002824858757062147	0.002824858757062147
0.00558659217877095	0
0.0027472527472527475	0
0.005649717514124294	0
0.014044943820224719	0.0056179775280898875
0.013888888888888888	0.005555555555555556
0.013927576601671309	0
0.008379888268156424	0.00558659217877095
0.016666666666666666	0.002777777777777778
0.008333333333333333	0.011111111111111112
0.0056179775280898875	0.0056179775280898875
0.00558659217877095	0.00558659217877095
0.005479452054794521	0
0.008310249307479225	0.008310249307479225
0.005509641873278237	0.0027548209366391185
0.002770083102493075	0
0.005420054200542005	0
0.005571030640668524	0.002785515320334262
0.002717391304347826	0
0.005420054200542005	0.01084010840108401
0.010899182561307902	0.0027247956403269754
0.016304347826086956	0.005434782608695652
0.005479452054794521	0.0027397260273972603
0.008086253369272238	0.005390835579514825
0.010958904109589041	0.005479452054794521
0.01098901098901099	0
0.014124293785310734	0.002824858757062147
0.002857142857142857	0
0.005555555555555556	0
0.005494505494505495	0.005494505494505495
0.011235955056179775	0.0028089887640449437
0.0027624309392265192	0.0055248618784530384
0.011204481792717087	0
0.013888888888888888	0
0.0056022408963585435	0.0028011204481792717
0.014005602240896359	0.008403361344537815
0.013850415512465374	0.00554016620498615
0.016666666666666666	0.008333333333333333
0.011267605633802818	0.0028169014084507044
0.0028011204481792717	0.0056022408963585435
0.008333333333333333	0.002777777777777778
0.002770083102493075	0.013850415512465374
0.008264462809917356	0.005509641873278237
0.005681818181818182	0
0.011204481792717087	0.0028011204481792717
0.002824858757062147	0
0.011049723756906077	0.0055248618784530384
0.0110803324099723	0.0110803324099723
0.011049723756906077	0.0027624309392265192
0.011049723756906077	0.0055248618784530384
0.00273224043715847	0.00819672131147541
0.00847457627118644	0
0.002849002849002849	0.008547008547008548
0.0084985835694051	0.0056657223796034
0.01675977653631285	0
0.0027624309392265192	0.0027624309392265192
0.0056022408963585435	0.008403361344537815
0.00558659217877095	0
0.005571030640668524	0.005571030640668524
0.014124293785310734	0.002824858757062147
0.0110803324099723	0.002770083102493075
0.011142061281337047	0.002785515320334262
0.017142857142857144	0.002857142857142857
0.016713091922005572	0
0.002777777777777778	0.002777777777777778
0.0111731843575419	0
0.0110803324099723	0.00554016620498615
0.013812154696132596	0
0.008379888268156424	0.008379888268156424
0.008310249307479225	0.008310249307479225
0.016901408450704224	0.0028169014084507044
0.002785515320334262	0.002785515320334262
0.002777777777777778	0.008333333333333333
0.005509641873278237	0.0027548209366391185
0.008264462809917356	0.0027548209366391185
0.011267605633802818	0.005633802816901409
0.0113314447592068	0.0028328611898017
0.0056022408963585435	0.008403361344537815
0.005714285714285714	0
0.0113314447592068	0.0056657223796034
0.008450704225352112	0
0.013966480446927373	0.002793296089385475
0.00554016620498615	0
0.002824858757062147	0.00847457627118644
0.01092896174863388	0.00819672131147541
0.0027624309392265192	0
0.013736263736263736	0.008241758241758242
0.0028653295128939827	0.0028653295128939827
0.008333333333333333	0.011111111111111112
0.0027548209366391185	0.008264462809917356
0.011049723756906077	0
0.0028089887640449437	0.0028089887640449437
0.0169971671388102	0
0.002793296089385475	0.00558659217877095
0.019444444444444445	0.002777777777777778
0.0028328611898017	0.0028328611898017
0.002824858757062147	0.005649717514124294
0	0.0027548209366391185
0.002777777777777778	0
0.0111731843575419	0.008379888268156424
0.008264462809917356	0.0027548209366391185
0.002840909090909091	0.002840909090909091
0.002793296089385475	0.002793296089385475
0.008310249307479225	0
0.008333333333333333	0.005555555555555556
0.01971830985915493	0.008450704225352112
0.005571030640668524	0
0.01092896174863388	0
0.011019283746556474	0.005509641873278237
0.0027624309392265192	0.0027624309392265192
0.0028011204481792717	0.0028011204481792717
0	0.010958904109589041
0.011299435028248588	0.002824858757062147
0.01098901098901099	0.008241758241758242
0	0.011019283746556474
0.013888888888888888	0.011111111111111112
0.008547008547008548	0
0.008426966292134831	0.0056179775280898875
0.00558659217877095	0.002793296089385475
0.016853932584269662	0.0028089887640449437
0.011267605633802818	0.0028169014084507044
0.008333333333333333	0
0.005649717514124294	0.002824858757062147
0.017094017094017096	0.005698005698005698
0.011396011396011397	0
0.008264462809917356	0.0027548209366391185
0.008356545961002786	0.005571030640668524
0.008333333333333333	0.005555555555555556
0.013927576601671309	0.005571030640668524
0.011428571428571429	0
0.008426966292134831	0
0.008522727272727272	0
0.011111111111111112	0.008333333333333333
0.002824858757062147	0.005649717514124294
0.011111111111111112	0.005555555555555556
0	0.011111111111111112
0.005649717514124294	0
0.008310249307479225	0
0.008522727272727272	0
0.005633802816901409	0.008450704225352112
0.005633802816901409	0
0.008333333333333333	0.002777777777777778
0.005714285714285714	0.002857142857142857
0	0.0056022408963585435
0.016853932584269662	0.0028089887640449437
0.02203856749311295	0.0027548209366391185
0.013774104683195593	0.005509641873278237
0.011142061281337047	0.002785515320334262
0.005405405405405406	0.002702702702702703
0	0.005479452054794521
0.005494505494505495	0.0027472527472527475
0.0055248618784530384	0
0.011019283746556474	0.0027548209366391185
0.0027472527472527475	0.005494505494505495
0.005479452054794521	0.005479452054794521
0.008356545961002786	0.005571030640668524
0.00819672131147541	0.00273224043715847
0.0027472527472527475	0.005494505494505495
0.008174386920980926	0.0027247956403269754
0.005571030640668524	0
0.005434782608695652	0.005434782608695652
0.002688172043010753	0.008064516129032258
0.011299435028248588	0.005649717514124294
0	0.0027548209366391185
0.013736263736263736	0
0.005420054200542005	0.0027100271002710027
0.008403361344537815	0.0028011204481792717
0.019337016574585635	0.011049723756906077
0.016129032258064516	0.005376344086021506
0.008174386920980926	0.013623978201634877
0.01098901098901099	0
0.0027472527472527475	0.008241758241758242
0.005509641873278237	0.005509641873278237
0.008264462809917356	0.0027548209366391185
0.008130081300813009	0.0027100271002710027
0.013550135501355014	0
0	0.002688172043010753
0.005420054200542005	0.0027100271002710027
0.01098901098901099	0
0.008241758241758242	0.0027472527472527475
0.0027247956403269754	0.005449591280653951
0	0.005509641873278237
0.013550135501355014	0.0027100271002710027
0.005434782608695652	0
0	0.008086253369272238
0.008130081300813009	0
0.0027548209366391185	0
0.005509641873278237	0.0027548209366391185
0.002702702702702703	0.005405405405405406
0.005449591280653951	0
0.008264462809917356	0.0027548209366391185
0.0055248618784530384	0.0055248618784530384
0.013927576601671309	0.002785515320334262
0.005479452054794521	0.005479452054794521
0.008264462809917356	0.0027548209366391185
0.013513513513513514	0
0.008241758241758242	0.0027472527472527475
0.008264462809917356	0
0.013774104683195593	0.005509641873278237
0.008241758241758242	0.0027472527472527475
0.005405405405405406	0.005405405405405406
0.011428571428571429	0
0.0028089887640449437	0.0028089887640449437
0.008333333333333333	0
0.016574585635359115	0.011049723756906077
0.008264462809917356	0.005509641873278237
0.002785515320334262	0.002785515320334262
0.014164305949008499	0.0028328611898017
0.008379888268156424	0
0.00558659217877095	0.002793296089385475
0.002793296089385475	0.00558659217877095
0.008426966292134831	0.0028089887640449437
0.0027397260273972603	0.0027397260273972603
0.0056179775280898875	0.0028089887640449437
0.0028011204481792717	0
0.002777777777777778	0.002777777777777778
0.0113314447592068	0.0056657223796034
0.014164305949008499	0.0028328611898017
0	0.0113314447592068
0.011363636363636364	0.002840909090909091
0.0055248618784530384	0.011049723756906077
0.005633802816901409	0.008450704225352112
0.008522727272727272	0.005681818181818182
0.002857142857142857	0
0.0027624309392265192	0
0.0028011204481792717	0.0028011204481792717
0.008310249307479225	0
0.005494505494505495	0.008241758241758242
0	0.005633802816901409
0.008310249307479225	0.002770083102493075
0.0027548209366391185	0.005509641873278237
0.008379888268156424	0.002793296089385475
0.008241758241758242	0.008241758241758242
0.011049723756906077	0.008287292817679558
0.008264462809917356	0.0027548209366391185
0.01098901098901099	0
0.0027624309392265192	0.0027624309392265192
0.008241758241758242	0.0027472527472527475
0.008287292817679558	0.0055248618784530384
0.005555555555555556	0.002777777777777778
0.00819672131147541	0.00546448087431694
0.0027247956403269754	0
0.008130081300813009	0.008130081300813009
0.002770083102493075	0
0.005509641873278237	0
0.013774104683195593	0
0.013850415512465374	0.0110803324099723
0.01092896174863388	0.00273224043715847
0	0.00558659217877095
0.008287292817679558	0
0.01643835616438356	0.005479452054794521
0.01662049861495845	0
0.005494505494505495	0.0027472527472527475
0.008264462809917356	0
0.0027548209366391185	0.005509641873278237
0.005509641873278237	0.0027548209366391185
0.008310249307479225	0.0110803324099723
0.011299435028248588	0.005649717514124294
0.008310249307479225	0.0110803324099723
0.005555555555555556	0.005555555555555556
0.0027548209366391185	0.008264462809917356
0	0.008310249307479225
0.016666666666666666	0.005555555555555556
0.002840909090909091	0.002840909090909091
0.005509641873278237	0.005509641873278237
0.013736263736263736	0.008241758241758242
0.00546448087431694	0.00546448087431694
0.019337016574585635	0.0027624309392265192
0.008174386920980926	0.005449591280653951
0.008241758241758242	0.005494505494505495
0.013623978201634877	0
0.008356545961002786	0.002785515320334262
0.008310249307479225	0.002770083102493075
0.005555555555555556	0.008333333333333333
0.008287292817679558	0.0027624309392265192
0.00546448087431694	0.00546448087431694
0.005571030640668524	0.008356545961002786
0.008130081300813009	0.005420054200542005
0.008333333333333333	0.002777777777777778
0.0027548209366391185	0.0027548209366391185
0.005509641873278237	0.005509641873278237
0.005434782608695652	0
0.019178082191780823	0.00821917808219178
0.0110803324099723	0.00554016620498615
0.00554016620498615	0.00554016620498615
0.016574585635359115	0.0055248618784530384
0.0027624309392265192	0.0027624309392265192
0.013966480446927373	0.008379888268156424
0.008241758241758242	0
0.011049723756906077	0.0027624309392265192
0.0028169014084507044	0
0.0055248618784530384	0.0027624309392265192
0.00558659217877095	0.002793296089385475
0.0028011204481792717	0.008403361344537815
0.016574585635359115	0.0027624309392265192
0.002793296089385475	0
0.005509641873278237	0.0027548209366391185
0.008310249307479225	0.0110803324099723
0.005571030640668524	0.005571030640668524
0	0.005649717514124294
0.005649717514124294	0.005649717514124294
0.0027624309392265192	0.0027624309392265192
0.0028169014084507044	0.005633802816901409
0.011235955056179775	0.011235955056179775
0.005509641873278237	0.005509641873278237
0.0056022408963585435	0.0028011204481792717
0.0028011204481792717	0
0	0
0.0055248618784530384	0.0055248618784530384
0.011049723756906077	0.0027624309392265192
0.008356545961002786	0.002785515320334262
0.008379888268156424	0.002793296089385475
0.008403361344537815	0.008403361344537815
0.008310249307479225	0.008310249307479225
0.01675977653631285	0.00558659217877095
0.0056179775280898875	0.011235955056179775
0.00819672131147541	0.00273224043715847
0.005494505494505495	0.0027472527472527475
0.0110803324099723	0.00554016620498615
0.002824858757062147	0.005649717514124294
0.005555555555555556	0.005555555555555556
0.01358695652173913	0.010869565217391304
0.011204481792717087	0.0056022408963585435
0.008333333333333333	0.005555555555555556
0.014285714285714285	0.002857142857142857
0.005681818181818182	0
0.008356545961002786	0.008356545961002786
0.0084985835694051	0.0028328611898017
0.0084985835694051	0.0169971671388102
0.011235955056179775	0.0028089887640449437
0.0057306590257879654	0.0028653295128939827
0.008695652173913044	0.002898550724637681
0.0084985835694051	0.0113314447592068
0.0111731843575419	0
0.01652892561983471	0.0027548209366391185
0.011204481792717087	0
0.0028089887640449437	0.0028089887640449437
0.002770083102493075	0.002770083102493075
0.016853932584269662	0
0.008571428571428572	0
0.0111731843575419	0.008379888268156424
0.014005602240896359	0.0028011204481792717
0.008571428571428572	0.002857142857142857
0.01694915254237288	0
0.013774104683195593	0.008264462809917356
0.00847457627118644	0.002824858757062147
0.019498607242339833	0
0.008426966292134831	0.014044943820224719
0.013812154696132596	0.0027624309392265192
0.005649717514124294	0.002824858757062147
0.014084507042253521	0.008450704225352112
0.008356545961002786	0.002785515320334262
0.005698005698005698	0.011396011396011397
0.008287292817679558	0.0027624309392265192
0.0056022408963585435	0.0028011204481792717
0.011461318051575931	0.0057306590257879654
0	0.0029154518950437317
0.005571030640668524	0.002785515320334262
0.00554016620498615	0.002770083102493075
0.0028011204481792717	0.0028011204481792717
0.013850415512465374	0.002770083102493075
0.019553072625698324	0
0.011204481792717087	0
0.0056179775280898875	0.0056179775280898875
0.0028011204481792717	0.0028011204481792717
0.014005602240896359	0.0028011204481792717
0.005555555555555556	0
0.00872093023255814	0.0029069767441860465
0.014084507042253521	0.005633802816901409
0.011111111111111112	0.005555555555555556
0.008547008547008548	0.005698005698005698
0.013888888888888888	0.002777777777777778
0.005555555555555556	0.005555555555555556
0.013812154696132596	0.0055248618784530384
0.014044943820224719	0
0.002824858757062147	0.002824858757062147
0.01680672268907563	0.0056022408963585435
0.011267605633802818	0
0.0110803324099723	0.00554016620498615
0.008287292817679558	0.011049723756906077
0.008403361344537815	0.0028011204481792717
0.011299435028248588	0.002824858757062147
0.002717391304347826	0
0.008379888268156424	0.002793296089385475
0.019230769230769232	0.0027472527472527475
0.005449591280653951	0
0	0.00558659217877095
0.005479452054794521	0
0.00554016620498615	0.008310249307479225
0	0.00554016620498615
0.0084985835694051	0
0.00821917808219178	0.005479452054794521
0.0027472527472527475	0
0.00821917808219178	0
0.0196078431372549	0.0028011204481792717
0.013812154696132596	0.0027624309392265192
0	0.0027472527472527475
0.00847457627118644	0.002824858757062147
0	0.00819672131147541
0.010899182561307902	0.005449591280653951
0.00819672131147541	0.00546448087431694
0.01098901098901099	0.0027472527472527475
0.01366120218579235	0.00273224043715847
0.011019283746556474	0
0.005494505494505495	0
0.005479452054794521	0.005479452054794521
0.01092896174863388	0.00546448087431694
0.008086253369272238	0.005390835579514825
0.002717391304347826	0.002717391304347826
0.011111111111111112	0.002777777777777778
0.016713091922005572	0.002785515320334262
0.008287292817679558	0
0.01639344262295082	0.00819672131147541
0.01634877384196185	0.0027247956403269754
0.0027100271002710027	0.0027100271002710027
0.013623978201634877	0.005449591280653951
0.00546448087431694	0.01092896174863388
0.013623978201634877	0.0027247956403269754
0.008174386920980926	0.0027247956403269754
0.013623978201634877	0
0.00821917808219178	0
0.005449591280653951	0.008174386920980926
0.01634877384196185	0.005449591280653951
0.01098901098901099	0
0.005390835579514825	0.005390835579514825
0.0056179775280898875	0
0.010810810810810811	0.008108108108108109
0.008310249307479225	0.002770083102493075
0.01634877384196185	0.005449591280653951
0.01098901098901099	0.005494505494505495
0.005509641873278237	0
0	0.0027472527472527475
0.0136986301369863	0.0027397260273972603
0.01092896174863388	0.00546448087431694
0.011049723756906077	0.0027624309392265192
0.008108108108108109	0.008108108108108109
0.0027247956403269754	0.005449591280653951
0.008356545961002786	0
0.00821917808219178	0.0027397260273972603
0.01098901098901099	0
0.005449591280653951	0.008174386920980926
0.0027100271002710027	0.013550135501355014
0.010958904109589041	0
0.011142061281337047	0.002785515320334262
0.010899182561307902	0.005449591280653951
0.013850415512465374	0.00554016620498615
0	0
0.008241758241758242	0
0.005509641873278237	0.008264462809917356
0.010810810810810811	0
0.01634877384196185	0.005449591280653951
0.013513513513513514	0.005405405405405406
0.005509641873278237	0.008264462809917356
0.013850415512465374	0.002770083102493075
0.00821917808219178	0.005479452054794521
0.0027247956403269754	0.0027247956403269754
0.013812154696132596	0.0027624309392265192
0.002717391304347826	0.005434782608695652
0.013623978201634877	0.005449591280653951
0.010958904109589041	0.0027397260273972603
0.00546448087431694	0.00273224043715847
0.013774104683195593	0.0027548209366391185
0.005434782608695652	0.008152173913043478
0.014084507042253521	0.014084507042253521
0.0055248618784530384	0.0027624309392265192
0.005479452054794521	0.0027397260273972603
0.005494505494505495	0.005494505494505495
0.013927576601671309	0.005571030640668524
0.002777777777777778	0.008333333333333333
0.008403361344537815	0.0056022408963585435
0.013513513513513514	0.005405405405405406
0.0110803324099723	0
0.0056022408963585435	0.0028011204481792717
0.008241758241758242	0.0027472527472527475
0.016172506738544475	0.013477088948787063
0.02203856749311295	0
0.013623978201634877	0.005449591280653951
0.010958904109589041	0.005479452054794521
0.013736263736263736	0.005494505494505495
0.008130081300813009	0.0027100271002710027
0.01358695652173913	0
0.0027247956403269754	0
0.002777777777777778	0.008333333333333333
0.008174386920980926	0.0027247956403269754
0.008152173913043478	0.008152173913043478
0.008379888268156424	0.008379888268156424
0.0027397260273972603	0
0.005434782608695652	0.005434782608695652
0.0111731843575419	0.00558659217877095
0	0.0027472527472527475
0.013774104683195593	0.0027548209366391185
0.016483516483516484	0
0.0055248618784530384	0
0.005571030640668524	0.005571030640668524
0.008310249307479225	0.002770083102493075
0.00821917808219178	0.005479452054794521
0.00554016620498615	0.00554016620498615
0.011111111111111112	0.005555555555555556
0.008403361344537815	0
0.005509641873278237	0.005509641873278237
0.002793296089385475	0
0.005479452054794521	0
0.0028169014084507044	0.005633802816901409
0.008403361344537815	0.0028011204481792717
0.005681818181818182	0.002840909090909091
0.0056657223796034	0.0056657223796034
0.013850415512465374	0.00554016620498615
0	0.0027624309392265192
0.005633802816901409	0.008450704225352112
0.008241758241758242	0.0027472527472527475
0.002793296089385475	0.00558659217877095
0.002849002849002849	0.005698005698005698
0.011049723756906077	0
0.014044943820224719	0
0.01694915254237288	0.002824858757062147
0.008403361344537815	0.0028011204481792717
0.00554016620498615	0.002770083102493075
0.011235955056179775	0
0.005571030640668524	0.008356545961002786
0.00819672131147541	0.00546448087431694
0.02203856749311295	0.008264462809917356
0.014084507042253521	0.0028169014084507044
0.011111111111111112	0.005555555555555556
0.002824858757062147	0
0.005571030640668524	0.005571030640668524
0.008426966292134831	0.011235955056179775
0.005763688760806916	0.002881844380403458
0.013966480446927373	0.008379888268156424
0.008379888268156424	0.00558659217877095
0.005509641873278237	0.008264462809917356
0.008522727272727272	0.008522727272727272
0.016713091922005572	0.013927576601671309
0.013850415512465374	0.00554016620498615
0.01366120218579235	0
0.008310249307479225	0
0.008287292817679558	0.0027624309392265192
0.011049723756906077	0.0027624309392265192
0.016713091922005572	0
0.0056179775280898875	0.0056179775280898875
0.005633802816901409	0.0028169014084507044
0.00546448087431694	0
0	0.0028089887640449437
0.0028735632183908046	0.0028735632183908046
0.00554016620498615	0
0	0.0027548209366391185
0.002770083102493075	0.002770083102493075
0.0028089887640449437	0.0028089887640449437
0.0028089887640449437	0.0028089887640449437
0.002793296089385475	0.00558659217877095
0.011111111111111112	0.008333333333333333
0.01652892561983471	0.005509641873278237
0.008287292817679558	0.008287292817679558
0.005633802816901409	0.005633802816901409
0.00819672131147541	0.00546448087431694
0.00558659217877095	0.002793296089385475
0.005479452054794521	0.0027397260273972603
0.011142061281337047	0.008356545961002786
0.019230769230769232	0.0027472527472527475
0.005479452054794521	0.00821917808219178
0.0027624309392265192	0.008287292817679558
0.005509641873278237	0.005509641873278237
0.0055248618784530384	0.0027624309392265192
0.0028089887640449437	0
0.0027472527472527475	0.008241758241758242
0.0028089887640449437	0.0028089887640449437
0.0028328611898017	0
0.0056022408963585435	0.0056022408963585435
0.011204481792717087	0.0028011204481792717
0	0.002770083102493075
0.008333333333333333	0.005555555555555556
0	0.008356545961002786
0.005571030640668524	0.011142061281337047
0.008287292817679558	0.0027624309392265192
0.002770083102493075	0
0.00558659217877095	0.0111731843575419
0.008356545961002786	0.002785515320334262
0.002770083102493075	0.002770083102493075
0.008333333333333333	0.005555555555555556
0.005571030640668524	0.005571030640668524
0.002793296089385475	0.00558659217877095
0.008310249307479225	0.013850415512465374
0.011049723756906077	0.0055248618784530384
0.002770083102493075	0.00554016620498615
0.008264462809917356	0.005509641873278237
0.0056022408963585435	0.0056022408963585435
0.002793296089385475	0.002793296089385475
0.0055248618784530384	0.0055248618784530384
0.005633802816901409	0.0028169014084507044
0.0056179775280898875	0.008426966292134831
0.013888888888888888	0.005555555555555556
0.0028089887640449437	0
0.0055248618784530384	0.0055248618784530384
0.008379888268156424	0.00558659217877095
0.008522727272727272	0.002840909090909091
0.013812154696132596	0.0027624309392265192
0.016853932584269662	0
0.002785515320334262	0.005571030640668524
0.0111731843575419	0
0.0110803324099723	0.008310249307479225
0.01366120218579235	0.00546448087431694
0.013736263736263736	0.005494505494505495
0.008379888268156424	0.008379888268156424
0.019662921348314606	0.0028089887640449437
0.0055248618784530384	0.008287292817679558
0.01675977653631285	0.002793296089385475
0.005571030640668524	0.005571030640668524
0	0
0.00558659217877095	0.002793296089385475
0.016666666666666666	0.005555555555555556
0.0028169014084507044	0.0028169014084507044
0.011019283746556474	0
0.013888888888888888	0.002777777777777778
0.0056179775280898875	0
0.0111731843575419	0.002793296089385475
0.00554016620498615	0
0.008264462809917356	0.005509641873278237
0.013812154696132596	0.0027624309392265192
0.014204545454545454	0.011363636363636364
0.014164305949008499	0.0028328611898017
0.008241758241758242	0
0.008264462809917356	0.005509641873278237
0.00546448087431694	0.00819672131147541
0.005479452054794521	0
0.0084985835694051	0.0028328611898017
0.005681818181818182	0.002840909090909091
0.005555555555555556	0.002777777777777778
0.0028328611898017	0
0.008403361344537815	0
0.0056657223796034	0.0028328611898017
0.0028089887640449437	0
0.011299435028248588	0.002824858757062147
0.014084507042253521	0.0028169014084507044
0.016574585635359115	0.0027624309392265192
0.005633802816901409	0.005633802816901409
0.016483516483516484	0.005494505494505495
0.008379888268156424	0.0111731843575419
0.011235955056179775	0.011235955056179775
0.019390581717451522	0.0110803324099723
0.002793296089385475	0.002793296089385475
0.0084985835694051	0.0056657223796034
0.025139664804469275	0.0111731843575419
0.008403361344537815	0
0.011142061281337047	0.008356545961002786
0.005571030640668524	0
0.014044943820224719	0
0	0
0.013966480446927373	0
0.019830028328611898	0
0.008264462809917356	0.0027548209366391185
0.005633802816901409	0.008450704225352112
0.016713091922005572	0.008356545961002786
0.0056179775280898875	0
0.011019283746556474	0
0.002770083102493075	0
0.005747126436781609	0.005747126436781609
0.011560693641618497	0
0.0111731843575419	0.00558659217877095
0.008403361344537815	0.0028011204481792717
0.01675977653631285	0.002793296089385475
0.005681818181818182	0.008522727272727272
0.014044943820224719	0.0028089887640449437
0.0055248618784530384	0.0027624309392265192
0.01675977653631285	0.002793296089385475
0.0056022408963585435	0.0056022408963585435
0.016574585635359115	0.0055248618784530384
0.008356545961002786	0.005571030640668524
0.008695652173913044	0.011594202898550725
0.0111731843575419	0
0.008264462809917356	0.0027548209366391185
0.00558659217877095	0.00558659217877095
0.0055248618784530384	0.0055248618784530384
0.0136986301369863	0.0027397260273972603
0.01092896174863388	0.00273224043715847
0.0027397260273972603	0.01643835616438356
0.0160857908847185	0
0.002717391304347826	0.002717391304347826
0.010752688172043012	0.002688172043010753
0.008108108108108109	0.008108108108108109
0.01643835616438356	0.005479452054794521
0.01639344262295082	0
0.005494505494505495	0.0027472527472527475
0.016129032258064516	0.002688172043010753
0.01092896174863388	0.00819672131147541
0.01366120218579235	0.00273224043715847
0.008064516129032258	0.002688172043010753
0.00546448087431694	0.00546448087431694
0.0027100271002710027	0.008130081300813009
0.0027247956403269754	0.008174386920980926
0.00821917808219178	0.00821917808219178
0.02459016393442623	0
0.0027397260273972603	0.0027397260273972603
0.00804289544235925	0.00804289544235925
0.002702702702702703	0.002702702702702703
0.008108108108108109	0.005405405405405406
0.016172506738544475	0.005390835579514825
0.008152173913043478	0.005434782608695652
0.00546448087431694	0.00819672131147541
0.022222222222222223	0.005555555555555556
0.002793296089385475	0.002793296089385475
0.016304347826086956	0.005434782608695652
0	0.0027100271002710027
0.00804289544235925	0
0.016042780748663103	0.0053475935828877
0.016129032258064516	0
0.013440860215053764	0.002688172043010753
0.005420054200542005	0.01084010840108401
0.010610079575596816	0.005305039787798408
0.00819672131147541	0.00546448087431694
0.005319148936170213	0
0.002702702702702703	0.010810810810810811
0.005555555555555556	0.005555555555555556
0.005434782608695652	0.005434782608695652
0.008241758241758242	0.008241758241758242
0.00546448087431694	0.00546448087431694
0.005571030640668524	0.005571030640668524
0.00554016620498615	0
0.008241758241758242	0.008241758241758242
0.013404825737265416	0.005361930294906166
0.00821917808219178	0.0027397260273972603
0.005479452054794521	0
0.0027472527472527475	0
0.008174386920980926	0
0.01358695652173913	0
0.013850415512465374	0.002770083102493075
0.016	0.008
0.010899182561307902	0
0.021621621621621623	0.005405405405405406
0.00819672131147541	0.00819672131147541
0.011560693641618497	0.008670520231213872
0	0.008356545961002786
0.010666666666666666	0.005333333333333333
0.013888888888888888	0.005555555555555556
0.008333333333333333	0
0.008108108108108109	0
0.01639344262295082	0.00273224043715847
0.011204481792717087	0.008403361344537815
0.008152173913043478	0.002717391304347826
0.005494505494505495	0.005494505494505495
0.0026666666666666666	0.0026666666666666666
0.008108108108108109	0
0.013812154696132596	0
0.011019283746556474	0.0027548209366391185
0.0027247956403269754	0.010899182561307902
0.01078167115902965	0.005390835579514825
0.013404825737265416	0.013404825737265416
0.008174386920980926	0.008174386920980926
0.008174386920980926	0.0027247956403269754
0.00821917808219178	0
0.00819672131147541	0
0.005390835579514825	0.005390835579514825
0.00804289544235925	0.002680965147453083
0.010723860589812333	0.00804289544235925
0.013262599469496022	0.002652519893899204
0	0.005390835579514825
0.0106951871657754	0
0.011049723756906077	0.011049723756906077
0.00558659217877095	0
0.010899182561307902	0.0027247956403269754
0.00819672131147541	0.00546448087431694
0.0055248618784530384	0.0027624309392265192
0.0027472527472527475	0.005494505494505495
0.0027397260273972603	0.005479452054794521
0.0027397260273972603	0
0.01366120218579235	0.00546448087431694
0.008522727272727272	0.005681818181818182
0.008174386920980926	0.005449591280653951
0.005420054200542005	0
0.013736263736263736	0
0.00819672131147541	0.01366120218579235
0.008356545961002786	0.002785515320334262
0.00821917808219178	0.010958904109589041
0.0027472527472527475	0.008241758241758242
0.013966480446927373	0.0111731843575419
0.008064516129032258	0.008064516129032258
0.008152173913043478	0
0.008174386920980926	0.0027247956403269754
0.005571030640668524	0.005571030640668524
0.008426966292134831	0
0.01662049861495845	0.008310249307479225
0.0055248618784530384	0.0055248618784530384
0.011049723756906077	0
0.010899182561307902	0.005449591280653951
0.002717391304347826	0.002717391304347826
0.002857142857142857	0.008571428571428572
0.011235955056179775	0
0.008450704225352112	0.005633802816901409
0.008379888268156424	0.00558659217877095
0.008426966292134831	0
0.008356545961002786	0.002785515320334262
0.00558659217877095	0.002793296089385475
0	0.008287292817679558
0.008620689655172414	0.0028735632183908046
0.014164305949008499	0.0084985835694051
0.022284122562674095	0.008356545961002786
0.008403361344537815	0.0028011204481792717
0.008522727272727272	0.005681818181818182
0.008403361344537815	0.0056022408963585435
0.011111111111111112	0.002777777777777778
0.0111731843575419	0
0.008547008547008548	0.005698005698005698
0.011299435028248588	0
0.005571030640668524	0
0.002785515320334262	0.008356545961002786
0.00554016620498615	0.00554016620498615
0.0111731843575419	0.013966480446927373
0.008310249307479225	0.002770083102493075
0	0
0.011111111111111112	0.005555555555555556
0.008403361344537815	0.0056022408963585435
0.0027624309392265192	0.0027624309392265192
0.0056179775280898875	0.011235955056179775
0.0169971671388102	0
0	0.002785515320334262
0.0056179775280898875	0.0056179775280898875
0.005555555555555556	0.002777777777777778
0.005633802816901409	0.005633802816901409
0.0028089887640449437	0.0056179775280898875
0.0056022408963585435	0.0028011204481792717
0.002777777777777778	0.005555555555555556
0.008403361344537815	0
0.005633802816901409	0.005633802816901409
0.013850415512465374	0.002770083102493075
0.008450704225352112	0.005633802816901409
0.011363636363636364	0.002840909090909091
0.008547008547008548	0
0.014204545454545454	0
0.008379888268156424	0.002793296089385475
0.002785515320334262	0.002785515320334262
0.008356545961002786	0.005571030640668524
0.008403361344537815	0.0056022408963585435
0.0028328611898017	0.0056657223796034
0.0028011204481792717	0.008403361344537815
0.0028169014084507044	0.005633802816901409
0.011363636363636364	0.008522727272727272
0.002824858757062147	0
0.005555555555555556	0.005555555555555556
0.0028089887640449437	0.008426966292134831
0.0056022408963585435	0
0.013850415512465374	0
0.014204545454545454	0.002840909090909091
0.017391304347826087	0.002898550724637681
0.0056179775280898875	0
0.0113314447592068	0.0028328611898017
0.011142061281337047	0.005571030640668524
0.011428571428571429	0.002857142857142857
0.011204481792717087	0.0028011204481792717
0.011142061281337047	0.005571030640668524
0.011142061281337047	0.002785515320334262
0.011142061281337047	0.002785515320334262
0.013888888888888888	0
0.005555555555555556	0.002777777777777778
0.008379888268156424	0
0	0.008403361344537815
0.0028011204481792717	0.0056022408963585435
0	0.011235955056179775
0.0056179775280898875	0.008426966292134831
0.011267605633802818	0.0028169014084507044
0.019444444444444445	0.002777777777777778
0.019390581717451522	0.008310249307479225
0.002785515320334262	0.002785515320334262
0.0028089887640449437	0.0028089887640449437
0.011142061281337047	0
0.008450704225352112	0.005633802816901409
0.002785515320334262	0.005571030640668524
0.0113314447592068	0.0028328611898017
0	0.011142061281337047
0.005555555555555556	0.002777777777777778
0.011049723756906077	0.0027624309392265192
0.005698005698005698	0.002849002849002849
0.008356545961002786	0.005571030640668524
0.002849002849002849	0.002849002849002849
0.005763688760806916	0.002881844380403458
0.0056022408963585435	0.0028011204481792717
0.005571030640668524	0.008356545961002786
0.014005602240896359	0.011204481792717087
0.011204481792717087	0.008403361344537815
0.008403361344537815	0.0028011204481792717
0.0028089887640449437	0
0.014367816091954023	0
0.005555555555555556	0
0.002785515320334262	0
0.005681818181818182	0.002840909090909091
0.005555555555555556	0.002777777777777778
0.011461318051575931	0.0057306590257879654
0.01680672268907563	0.008403361344537815
0.0028653295128939827	0.0057306590257879654
0.00554016620498615	0.008310249307479225
0.013812154696132596	0.013812154696132596
0	0.005649717514124294
0.011049723756906077	0.0027624309392265192
0.0084985835694051	0.0056657223796034
0.005649717514124294	0.005649717514124294
0.008379888268156424	0.008379888268156424
0.008356545961002786	0
0.002857142857142857	0.005714285714285714
0.013850415512465374	0.008310249307479225
0	0.002785515320334262
0.008571428571428572	0.005714285714285714
0.008403361344537815	0.0056022408963585435
0.002793296089385475	0.00558659217877095
0.005555555555555556	0.002777777777777778
0.008356545961002786	0.011142061281337047
0.0028653295128939827	0.008595988538681949
0.011235955056179775	0.0056179775280898875
0.008547008547008548	0.011396011396011397
0.0084985835694051	0.0056657223796034
0.017142857142857144	0.005714285714285714
0.0028011204481792717	0
0.0084985835694051	0.0113314447592068
0.002793296089385475	0.002793296089385475
0.00847457627118644	0
0.0084985835694051	0.0028328611898017
0.011111111111111112	0.005555555555555556
0.005681818181818182	0
0	0.002785515320334262
0.002857142857142857	0.002857142857142857
0.008522727272727272	0.002840909090909091
0.019337016574585635	0.0055248618784530384
0.002785515320334262	0.005571030640668524
0.019498607242339833	0
0.008547008547008548	0.008547008547008548
0.0057306590257879654	0.0028653295128939827
0.0028169014084507044	0
0.017045454545454544	0
0.005509641873278237	0.008264462809917356
0.011396011396011397	0
0.011204481792717087	0.008403361344537815
0.011299435028248588	0
0.0113314447592068	0.0028328611898017
0.008333333333333333	0.011111111111111112
0.008450704225352112	0.0028169014084507044
0.002793296089385475	0
0.0028328611898017	0
0.00847457627118644	0.005649717514124294
0.0028653295128939827	0.0057306590257879654
0.008333333333333333	0.008333333333333333
0.0028169014084507044	0.0028169014084507044
0.0057306590257879654	0.011461318051575931
0.0028169014084507044	0
0.011204481792717087	0.008403361344537815
0.0111731843575419	0.008379888268156424
0.016901408450704224	0.0028169014084507044
0.014164305949008499	0
0.0028011204481792717	0.0028011204481792717
0.0056657223796034	0.0113314447592068
0.002840909090909091	0.005681818181818182
0.008287292817679558	0.0055248618784530384
0.011204481792717087	0.008403361344537815
0.008522727272727272	0
0.008379888268156424	0
0.0111731843575419	0
0.0028169014084507044	0
0.008264462809917356	0.0027548209366391185
0.014164305949008499	0.0028328611898017
0.011142061281337047	0.008356545961002786
0.0110803324099723	0.008310249307479225
0.013966480446927373	0.002793296089385475
0.017045454545454544	0.008522727272727272
0.008379888268156424	0.002793296089385475
0.002824858757062147	0
0.013774104683195593	0
0.0055248618784530384	0.0055248618784530384
0.011235955056179775	0.0028089887640449437
0.011299435028248588	0
0.008620689655172414	0.011494252873563218
0.014124293785310734	0.002824858757062147
0.008426966292134831	0.0056179775280898875
0.002824858757062147	0.002824858757062147
0.0056022408963585435	0.008403361344537815
0.005633802816901409	0.008450704225352112
0.0028011204481792717	0.0056022408963585435
0.019444444444444445	0
0.008450704225352112	0.005633802816901409
0.002793296089385475	0.002793296089385475
0.0111731843575419	0.00558659217877095
0.002770083102493075	0.002770083102493075
0.013927576601671309	0
0.014285714285714285	0.008571428571428572
0.008426966292134831	0.0056179775280898875
0.014164305949008499	0.0056657223796034
0.002840909090909091	0.005681818181818182
0.002849002849002849	0.005698005698005698
0.019444444444444445	0.002777777777777778
0.0056022408963585435	0.0028011204481792717
0.019337016574585635	0.0027624309392265192
0.0110803324099723	0
0	0.0028089887640449437
0.013888888888888888	0.008333333333333333
0.008379888268156424	0.002793296089385475
0.013888888888888888	0.005555555555555556
0.008356545961002786	0.002785515320334262
0.008426966292134831	0
0.013850415512465374	0.01662049861495845
0.0028328611898017	0.0028328611898017
0.011142061281337047	0.016713091922005572
0.011049723756906077	0.0027624309392265192
0.0055248618784530384	0
0.0084985835694051	0.0056657223796034
0.011142061281337047	0.008356545961002786
0.013927576601671309	0.005571030640668524
0.011142061281337047	0
0	0.008379888268156424
0.011363636363636364	0.002840909090909091
0.008310249307479225	0.00554016620498615
0	0.002770083102493075
0.002777777777777778	0.005555555555555556
0.0056179775280898875	0.0028089887640449437
0.0056022408963585435	0.0028011204481792717
0.008241758241758242	0.0027472527472527475
0.016574585635359115	0
0.005571030640668524	0
0.011142061281337047	0.008356545961002786
0.0056022408963585435	0
0.0111731843575419	0
0.011560693641618497	0.002890173410404624
0.00819672131147541	0
0.00821917808219178	0.00821917808219178
0.008403361344537815	0.0056022408963585435
0.011111111111111112	0.011111111111111112
0.005571030640668524	0.005571030640668524
0.00558659217877095	0.002793296089385475
0.00554016620498615	0.002770083102493075
0.008264462809917356	0.005509641873278237
0.005681818181818182	0.002840909090909091
0.011299435028248588	0.011299435028248588
0.005633802816901409	0.008450704225352112
0.011363636363636364	0.005681818181818182
0.002881844380403458	0.002881844380403458
0.0027548209366391185	0
0.005649717514124294	0.002824858757062147
0.002770083102493075	0.008310249307479225
0.005555555555555556	0.002777777777777778
0.005494505494505495	0.0027472527472527475
0.00847457627118644	0.005649717514124294
0.008356545961002786	0.002785515320334262
0.005681818181818182	0.002840909090909091
0.030555555555555555	0
0.00558659217877095	0.002793296089385475
0.008379888268156424	0
0.008356545961002786	0.002785515320334262
0.01098901098901099	0.005494505494505495
0.005633802816901409	0.005633802816901409
0.00554016620498615	0.002770083102493075
0.016666666666666666	0
0.005649717514124294	0.005649717514124294
0.0028011204481792717	0.0028011204481792717
0.008595988538681949	0.0057306590257879654
0.014245014245014245	0.005698005698005698
0.01098901098901099	0.008241758241758242
0.0056179775280898875	0.0056179775280898875
0.013966480446927373	0.00558659217877095
0.019230769230769232	0.0027472527472527475
0.008333333333333333	0.002777777777777778
0.002824858757062147	0.002824858757062147
0.008379888268156424	0.002793296089385475
0.005763688760806916	0
0.0056022408963585435	0.0028011204481792717
0.019337016574585635	0.0027624309392265192
0.005681818181818182	0.005681818181818182
0.01928374655647383	0.005509641873278237
0.0111731843575419	0.008379888268156424
0.0055248618784530384	0.0027624309392265192
0.0027548209366391185	0
0.011204481792717087	0.0028011204481792717
0.005479452054794521	0.00821917808219178
0.005649717514124294	0.002824858757062147
0.013927576601671309	0.005571030640668524
0.002793296089385475	0.00558659217877095
0.008426966292134831	0.0056179775280898875
0.019337016574585635	0.0055248618784530384
0.005509641873278237	0.008264462809917356
0.011299435028248588	0
0.005509641873278237	0.008264462809917356
0.00847457627118644	0.002824858757062147
0.008522727272727272	0
0.011204481792717087	0.0028011204481792717
0.017045454545454544	0
0.011111111111111112	0
0.0028089887640449437	0.0028089887640449437
0.011267605633802818	0
0.008333333333333333	0.005555555555555556
0.0111731843575419	0.002793296089385475
0.013812154696132596	0.0055248618784530384
0.011235955056179775	0
0.01098901098901099	0.008241758241758242
0.0111731843575419	0.002793296089385475
0.0027624309392265192	0.0055248618784530384
0.008522727272727272	0.005681818181818182
0.011019283746556474	0.005509641873278237
0.002840909090909091	0.008522727272727272
0.002770083102493075	0.00554016620498615
0.008450704225352112	0.0028169014084507044
0.0028328611898017	0.0056657223796034
0.008333333333333333	0.005555555555555556
0.005571030640668524	0
0.0028089887640449437	0.0028089887640449437
0.01675977653631285	0.01675977653631285
0.008571428571428572	0.002857142857142857
0.010958904109589041	0
0.005698005698005698	0.002849002849002849
0.014124293785310734	0.002824858757062147
0.013774104683195593	0.005509641873278237
0.0110803324099723	0.002770083102493075
0.00558659217877095	0
0.0056657223796034	0
0.011235955056179775	0.008426966292134831
0.00558659217877095	0.0111731843575419
0.002849002849002849	0.008547008547008548
0	0.011235955056179775
0.011049723756906077	0.0055248618784530384
0.00821917808219178	0.0027397260273972603
0.005509641873278237	0.008264462809917356
0.011049723756906077	0.0055248618784530384
0.01098901098901099	0.0027472527472527475
0.008426966292134831	0
0.008426966292134831	0.0028089887640449437
0.0055248618784530384	0.013812154696132596
0.010810810810810811	0.002702702702702703
0.01084010840108401	0.0027100271002710027
0.013736263736263736	0.005494505494505495
0.008174386920980926	0
0.002881844380403458	0.002881844380403458
0.016260162601626018	0.0027100271002710027
0.01078167115902965	0.005390835579514825
0.013812154696132596	0.0027624309392265192
0.0027247956403269754	0.005449591280653951
0.008064516129032258	0.005376344086021506
0.008333333333333333	0.002777777777777778
0.016483516483516484	0
0.005405405405405406	0.005405405405405406
0.00273224043715847	0.00819672131147541
0.00819672131147541	0.00546448087431694
0.008086253369272238	0.005390835579514825
0.01098901098901099	0.008241758241758242
0.005434782608695652	0
0.005434782608695652	0
0.008241758241758242	0.008241758241758242
0.00546448087431694	0.00273224043715847
0.0026954177897574125	0
0.01643835616438356	0.00821917808219178
0.0028011204481792717	0.0056022408963585435
0.008108108108108109	0.002702702702702703
0.01652892561983471	0.0027548209366391185
0	0
0.010869565217391304	0.008152173913043478
0	0.005420054200542005
0.010810810810810811	0.002702702702702703
0.0027100271002710027	0.008130081300813009
0.005494505494505495	0.0027472527472527475
0.013812154696132596	0.0027624309392265192
0.008130081300813009	0.005420054200542005
0.002717391304347826	0.002717391304347826
0.005420054200542005	0.013550135501355014
0.01084010840108401	0
0.013927576601671309	0
0.008174386920980926	0.005449591280653951
0.0056179775280898875	0
0.016483516483516484	0.005494505494505495
0.010869565217391304	0.002717391304347826
0.005449591280653951	0
0.008086253369272238	0
0.0110803324099723	0.002770083102493075
0.008356545961002786	0.008356545961002786
0.010869565217391304	0.005434782608695652
0.010869565217391304	0.002717391304347826
0.008174386920980926	0
0.01358695652173913	0.008152173913043478
0.010869565217391304	0
0.005509641873278237	0.005509641873278237
0.00546448087431694	0.00546448087431694
0.00546448087431694	0
0.002702702702702703	0.005405405405405406
0.008333333333333333	0.002777777777777778
0.005494505494505495	0.005494505494505495
0.00546448087431694	0
0.013440860215053764	0.008064516129032258
0.01084010840108401	0.0027100271002710027
0.00819672131147541	0.00273224043715847
0.005376344086021506	0.005376344086021506
0.002717391304347826	0.005434782608695652
0.013477088948787063	0.0026954177897574125
0.01366120218579235	0.01092896174863388
0.008152173913043478	0.002717391304347826
0.0027472527472527475	0
0.008241758241758242	0
0.01639344262295082	0
0.011142061281337047	0
0.011019283746556474	0
0.0110803324099723	0.00554016620498615
0.002702702702702703	0.010810810810810811
0.01098901098901099	0
0.005449591280653951	0.0027247956403269754
0.005555555555555556	0
0.016216216216216217	0.002702702702702703
0.010752688172043012	0.002688172043010753
0.00821917808219178	0.0027397260273972603
0.008130081300813009	0.005420054200542005
0.0028011204481792717	0
0.00847457627118644	0
0.005555555555555556	0.005555555555555556
0.00819672131147541	0.00273224043715847
0.005434782608695652	0.002717391304347826
0.008108108108108109	0.005405405405405406
0.0027472527472527475	0.0027472527472527475
0.010869565217391304	0
0.00821917808219178	0.005479452054794521
0.005434782608695652	0.002717391304347826
0.008021390374331552	0.00267379679144385
0.008086253369272238	0.0026954177897574125
0.011142061281337047	0.005571030640668524
0.013736263736263736	0.008241758241758242
0.0027397260273972603	0.0027397260273972603
0.005361930294906166	0.002680965147453083
0.008021390374331552	0.008021390374331552
0.01084010840108401	0
0.013477088948787063	0.005390835579514825
0.0136986301369863	0.0027397260273972603
0.016304347826086956	0.005434782608695652
0.013774104683195593	0.0027548209366391185
0	0
0	0.0027624309392265192
0.00546448087431694	0.00819672131147541
0.011049723756906077	0.0027624309392265192
0.005449591280653951	0.008174386920980926
0.008310249307479225	0.008310249307479225
0.01366120218579235	0.00273224043715847
0.018970189701897018	0.0027100271002710027
0.002777777777777778	0.002777777777777778
0.00273224043715847	0.00273224043715847
0.008310249307479225	0
0.013404825737265416	0.002680965147453083
0.00821917808219178	0.0027397260273972603
0.010899182561307902	0.005449591280653951
0.016483516483516484	0
0.005449591280653951	0
0.013736263736263736	0.005494505494505495
0.005405405405405406	0.002702702702702703
0.0027472527472527475	0.0027472527472527475
0.005405405405405406	0.008108108108108109
0	0.008174386920980926
0.010958904109589041	0.005479452054794521
0.002717391304347826	0
0.0215633423180593	0
0.01084010840108401	0
0.008174386920980926	0.005449591280653951
0.00554016620498615	0.002770083102493075
0.00804289544235925	0.005361930294906166
0.008064516129032258	0.008064516129032258
0.01078167115902965	0.0026954177897574125
0.0053475935828877	0
0.008064516129032258	0.002688172043010753
0.013297872340425532	0.005319148936170213
0.0027100271002710027	0.005420054200542005
0.005509641873278237	0
0.013368983957219251	0.0053475935828877
0.013262599469496022	0.007957559681697613
0.010666666666666666	0.0026666666666666666
0.016172506738544475	0.01078167115902965
0.011049723756906077	0
0.007957559681697613	0.007957559681697613
0.010723860589812333	0.00804289544235925
0.00267379679144385	0.0053475935828877
0.005434782608695652	0.002717391304347826
0.005405405405405406	0.005405405405405406
0.00554016620498615	0.002770083102493075
0.00273224043715847	0.00273224043715847
0.008064516129032258	0.002688172043010753
0.013333333333333334	0.005333333333333333
0.013368983957219251	0.00267379679144385
0.005333333333333333	0.013333333333333334
0.008174386920980926	0.005449591280653951
0.011111111111111112	0.008333333333333333
0.005420054200542005	0.008130081300813009
0.011019283746556474	0.005509641873278237
0.005449591280653951	0.0027247956403269754
0.00546448087431694	0
0.0027397260273972603	0.0027397260273972603
0.00546448087431694	0.00819672131147541
0.0110803324099723	0.002770083102493075
0.008174386920980926	0.0027247956403269754
0.0027472527472527475	0.0027472527472527475
0.005479452054794521	0
0.005405405405405406	0.002702702702702703
0.00819672131147541	0.00273224043715847
0.01643835616438356	0
0.008241758241758242	0.008241758241758242
0.008310249307479225	0.002770083102493075
0.00819672131147541	0.01092896174863388
0.002849002849002849	0
0.005449591280653951	0
0.002688172043010753	0.002688172043010753
0.01092896174863388	0
0.00558659217877095	0
0.005555555555555556	0.008333333333333333
0	0.002717391304347826
0.008264462809917356	0.008264462809917356
0.013440860215053764	0
0.00546448087431694	0.00273224043715847
0.005449591280653951	0.005449591280653951
0.005449591280653951	0.010899182561307902
0.005420054200542005	0.0027100271002710027
0.0106951871657754	0
0.002680965147453083	0.002680965147453083
0.016483516483516484	0.0027472527472527475
0.008130081300813009	0.0027100271002710027
0.010810810810810811	0.016216216216216217
0.0055248618784530384	0.0055248618784530384
0.008287292817679558	0.008287292817679558
0.005420054200542005	0.0027100271002710027
0	0.01098901098901099
0.00819672131147541	0.00546448087431694
0.010752688172043012	0
0.007978723404255319	0.0026595744680851063
0.008130081300813009	0
0.013333333333333334	0.008
0.026737967914438502	0.00267379679144385
0.005390835579514825	0
0.013623978201634877	0.0027247956403269754
0.0079155672823219	0.005277044854881266
0.00804289544235925	0.010723860589812333
0.010899182561307902	0
0.016304347826086956	0
0.008021390374331552	0.0106951871657754
0.01891891891891892	0.002702702702702703
0.016129032258064516	0.005376344086021506
0.002680965147453083	0
0.010723860589812333	0
0.010752688172043012	0.008064516129032258
0.008	0.008
0.007957559681697613	0.002652519893899204
0.008086253369272238	0
0.0026666666666666666	0.0026666666666666666
0.005479452054794521	0.005479452054794521
0.010752688172043012	0.002688172043010753
0.013192612137203167	0
0.008021390374331552	0.008021390374331552
0.005333333333333333	0.008
0.011142061281337047	0.002785515320334262
0.008064516129032258	0.002688172043010753
0.013477088948787063	0.0026954177897574125
0.008021390374331552	0.0053475935828877
0.008174386920980926	0
0.005405405405405406	0.002702702702702703
0.008021390374331552	0
0.008021390374331552	0.00267379679144385
0.002652519893899204	0.007957559681697613
0.01891891891891892	0.002702702702702703
0.013440860215053764	0.002688172043010753
0.010723860589812333	0.002680965147453083
0.00819672131147541	0
0.018867924528301886	0.005390835579514825
0.008108108108108109	0
0.010869565217391304	0.005434782608695652
0.002717391304347826	0.002717391304347826
0.008174386920980926	0.010899182561307902
0.010752688172043012	0.005376344086021506
0.008021390374331552	0.00267379679144385
0.013262599469496022	0.005305039787798408
0.005319148936170213	0
0.0106951871657754	0.0053475935828877
0.005420054200542005	0
0.008450704225352112	0
0.005479452054794521	0
0.0027548209366391185	0.0027548209366391185
0.00273224043715847	0.00546448087431694
0.005449591280653951	0.005449591280653951
0.0027100271002710027	0.005420054200542005
0.010869565217391304	0
0.005494505494505495	0
0.0027100271002710027	0.008130081300813009
0.002777777777777778	0.011111111111111112
0.024324324324324326	0.008108108108108109
0.00546448087431694	0.00273224043715847
0.008310249307479225	0.00554016620498615
0.008130081300813009	0.0027100271002710027
0.013623978201634877	0.0027247956403269754
0	0.002702702702702703
0.005420054200542005	0
0.01078167115902965	0
0.016129032258064516	0.002688172043010753
0.005479452054794521	0.0027397260273972603
0.008241758241758242	0.005494505494505495
0.016172506738544475	0
0.005555555555555556	0
0.00821917808219178	0.0027397260273972603
0.022284122562674095	0
0.0027472527472527475	0.005494505494505495
0.008287292817679558	0.011049723756906077
0.013623978201634877	0
0.024930747922437674	0.002770083102493075
0.005494505494505495	0.005494505494505495
0.016172506738544475	0.0026954177897574125
0.01098901098901099	0.008241758241758242
0.008310249307479225	0.002770083102493075
0.008287292817679558	0.0055248618784530384
0.010958904109589041	0.0027397260273972603
0.005479452054794521	0.0027397260273972603
0.005390835579514825	0.005390835579514825
0.0027397260273972603	0.00821917808219178
0.005479452054794521	0.0027397260273972603
0.010958904109589041	0.0027397260273972603
0.008108108108108109	0.008108108108108109
0.0026954177897574125	0.005390835579514825
0.008021390374331552	0.00267379679144385
0	0.005390835579514825
0.01084010840108401	0
0.01891891891891892	0.002702702702702703
0.01084010840108401	0.0027100271002710027
0.010958904109589041	0.0027397260273972603
0	0.010899182561307902
0.008174386920980926	0
0.00546448087431694	0.00273224043715847
0.019021739130434784	0.005434782608695652
0.010810810810810811	0.005405405405405406
0.00821917808219178	0.0027397260273972603
0	0.0026954177897574125
0.008152173913043478	0.005434782608695652
0.00821917808219178	0.00821917808219178
0.00819672131147541	0.00273224043715847
0.008241758241758242	0
0.002785515320334262	0.016713091922005572
0.005449591280653951	0.005449591280653951
0.002717391304347826	0
0.005494505494505495	0.008241758241758242
0.0027100271002710027	0
0.008264462809917356	0.011019283746556474
0.0056022408963585435	0.008403361344537815
0.0028169014084507044	0.005633802816901409
0	0.005449591280653951
0.016172506738544475	0.005390835579514825
0.002717391304347826	0.005434782608695652
0.008152173913043478	0.008152173913043478
0.014005602240896359	0.0028011204481792717
0.0028011204481792717	0.008403361344537815
0.008064516129032258	0.010752688172043012
0.01092896174863388	0.01366120218579235
0.00273224043715847	0.00546448087431694
0.010869565217391304	0.002717391304347826
0.01098901098901099	0.005494505494505495
0.0027397260273972603	0.0027397260273972603
0.005420054200542005	0.005420054200542005
0.00273224043715847	0.00546448087431694
0.0027472527472527475	0
0.013623978201634877	0.0027247956403269754
0.008152173913043478	0.005434782608695652
0.008264462809917356	0.0027548209366391185
0.002717391304347826	0.002717391304347826
0.008241758241758242	0.0027472527472527475
0.0027100271002710027	0.005420054200542005
0.0110803324099723	0.008310249307479225
0.005277044854881266	0
0.010869565217391304	0.008152173913043478
0.008152173913043478	0.005434782608695652
0.005390835579514825	0.005390835579514825
0.00267379679144385	0.00267379679144385
0.016172506738544475	0.005390835579514825
0.005420054200542005	0.008130081300813009
0.0026954177897574125	0.0026954177897574125
0.013774104683195593	0
0.00273224043715847	0.00819672131147541
0.008086253369272238	0.008086253369272238
0.016	0.0026666666666666666
0.008064516129032258	0.005376344086021506
0.005405405405405406	0.005405405405405406
0.0027100271002710027	0.0027100271002710027
0.008241758241758242	0.01098901098901099
0.013477088948787063	0.0026954177897574125
0.008310249307479225	0.002770083102493075
0.027700831024930747	0.002770083102493075
0.016172506738544475	0.01078167115902965
0.0027100271002710027	0.0027100271002710027
0.01078167115902965	0.005390835579514825
0.013550135501355014	0.0027100271002710027
0.0027247956403269754	0.005449591280653951
0.010752688172043012	0.010752688172043012
0.008152173913043478	0.002717391304347826
0.016260162601626018	0.013550135501355014
0.008264462809917356	0.008264462809917356
0.0027247956403269754	0.005449591280653951
0.002702702702702703	0.005405405405405406
0.00821917808219178	0.0027397260273972603
0.011019283746556474	0.0027548209366391185
0.008241758241758242	0.0027472527472527475
0.005390835579514825	0
0.013404825737265416	0.002680965147453083
0.016	0
0.013477088948787063	0.005390835579514825
0.007936507936507936	0
0.005263157894736842	0.005263157894736842
0.008108108108108109	0
0.005449591280653951	0.008174386920980926
0.013368983957219251	0.008021390374331552
0.013297872340425532	0
0	0.00804289544235925
0	0.0026595744680851063
0.0053475935828877	0.0053475935828877
0.019021739130434784	0.002717391304347826
0.005405405405405406	0.008108108108108109
0.005277044854881266	0.002638522427440633
0.010666666666666666	0.008
0.02425876010781671	0.0026954177897574125
0.0106951871657754	0.00267379679144385
0.005390835579514825	0.0026954177897574125
0.008064516129032258	0
0.010666666666666666	0
0.0027247956403269754	0.005449591280653951
0.005263157894736842	0.002631578947368421
0.005390835579514825	0
0.005420054200542005	0.008130081300813009
0.005361930294906166	0.00804289544235925
0.008174386920980926	0.008174386920980926
0.021621621621621623	0.005405405405405406
0.005376344086021506	0.002688172043010753
0.021621621621621623	0.002702702702702703
0.013513513513513514	0
0.01078167115902965	0.016172506738544475
0	0.00819672131147541
0.0026595744680851063	0.0026595744680851063
0.008064516129032258	0.002688172043010753
0.013404825737265416	0
0.0053475935828877	0.0053475935828877
0.008086253369272238	0.008086253369272238
0.005333333333333333	0.013333333333333334
0.002702702702702703	0.005405405405405406
0.013623978201634877	0.008174386920980926
0.013297872340425532	0.0026595744680851063
0.005420054200542005	0.0027100271002710027
0.01078167115902965	0.005390835579514825
0.007978723404255319	0.005319148936170213
0.00804289544235925	0.002680965147453083
0.01084010840108401	0.0027100271002710027
0.002688172043010753	0.008064516129032258
0.008	0.0026666666666666666
0.013227513227513227	0
0.005405405405405406	0.002702702702702703
0.010666666666666666	0.005333333333333333
0.013513513513513514	0.010810810810810811
0.008064516129032258	0
0.0026954177897574125	0.0026954177897574125
0.008130081300813009	0.0027100271002710027
0.00273224043715847	0.00819672131147541
0.013404825737265416	0
0.005405405405405406	0.013513513513513514
0.005361930294906166	0.002680965147453083
0.008174386920980926	0.005449591280653951
0.013513513513513514	0.005405405405405406
0.002717391304347826	0.002717391304347826
0.00267379679144385	0.0106951871657754
0.005390835579514825	0.0026954177897574125
0.002717391304347826	0.002717391304347826
0.005571030640668524	0
0.010958904109589041	0
0.008021390374331552	0.008021390374331552
0.008379888268156424	0.002793296089385475
0.005390835579514825	0.0026954177897574125
0.013850415512465374	0.002770083102493075
0.008310249307479225	0.002770083102493075
0.005555555555555556	0.005555555555555556
0.008241758241758242	0
0.01098901098901099	0
0.008264462809917356	0.0027548209366391185
0.013850415512465374	0.002770083102493075
0.013550135501355014	0.008130081300813009
0.01358695652173913	0
0	0.008108108108108109
0.013440860215053764	0.010752688172043012
0.010723860589812333	0.00804289544235925
0.013477088948787063	0
0.008086253369272238	0.0026954177897574125
0.013227513227513227	0.0026455026455026454
0.00804289544235925	0.005361930294906166
0.010752688172043012	0.008064516129032258
0.016042780748663103	0.0053475935828877
0.005376344086021506	0.005376344086021506
0.008130081300813009	0
0.013440860215053764	0.002688172043010753
0.010958904109589041	0.0027397260273972603
0.008152173913043478	0.005434782608695652
0.010723860589812333	0
0.0027247956403269754	0.008174386920980926
0.010610079575596816	0.002652519893899204
0.002652519893899204	0.005305039787798408
0.002702702702702703	0.010810810810810811
0.005361930294906166	0.005361930294906166
0.005479452054794521	0
0.021447721179624665	0.013404825737265416
0.008174386920980926	0.010899182561307902
0.00819672131147541	0.00273224043715847
0.00819672131147541	0
0.008130081300813009	0.005420054200542005
0.00819672131147541	0.00273224043715847
0.01891891891891892	0.008108108108108109
0	0.005449591280653951
0.002680965147453083	0
0.005390835579514825	0.0026954177897574125
0.01078167115902965	0
0.008108108108108109	0.005405405405405406
0.005390835579514825	0.005390835579514825
0.008174386920980926	0.0027247956403269754
0.013550135501355014	0.005420054200542005
0.010899182561307902	0.0027247956403269754
0.005479452054794521	0.005479452054794521
0.010666666666666666	0.0026666666666666666
0.00821917808219178	0.005479452054794521
0.008174386920980926	0.008174386920980926
0.005571030640668524	0.002785515320334262
0.008241758241758242	0.008241758241758242
0.00267379679144385	0.0053475935828877
0.008152173913043478	0
0.010869565217391304	0.008152173913043478
0.005449591280653951	0
0.005420054200542005	0
0.008152173913043478	0.002717391304347826
0.011049723756906077	0.008287292817679558
0.005494505494505495	0.0027472527472527475
0.00554016620498615	0.008310249307479225
0.010810810810810811	0.002702702702702703
0.019021739130434784	0
0.005494505494505495	0.0027472527472527475
0.002717391304347826	0.005434782608695652
0.008108108108108109	0.013513513513513514
0.019021739130434784	0.005434782608695652
0.005361930294906166	0.005361930294906166
0.01084010840108401	0.005420054200542005
0.013368983957219251	0.0053475935828877
0	0.01084010840108401
0.013550135501355014	0.008130081300813009
0.0110803324099723	0.002770083102493075
0.016	0.0026666666666666666
0.005420054200542005	0.005420054200542005
0.0027397260273972603	0.00821917808219178
0.0053475935828877	0.00267379679144385
0.005405405405405406	0.008108108108108109
0.008130081300813009	0.005420054200542005
0.008130081300813009	0.005420054200542005
0	0.0027397260273972603
0.010899182561307902	0.008174386920980926
0.002717391304347826	0.008152173913043478
0.016172506738544475	0
0.005361930294906166	0.002680965147453083
0.005449591280653951	0
0.008264462809917356	0.005509641873278237
0.0053475935828877	0.0053475935828877
0	0.0026954177897574125
0.008241758241758242	0.0027472527472527475
0.011019283746556474	0
0.027700831024930747	0.008310249307479225
0.005494505494505495	0.0027472527472527475
0.005376344086021506	0.013440860215053764
0.005333333333333333	0.005333333333333333
0.0026954177897574125	0.008086253369272238
0.008108108108108109	0.002702702702702703
0.00804289544235925	0.002680965147453083
0.005555555555555556	0.002777777777777778
0.005405405405405406	0.002702702702702703
0.013333333333333334	0.0026666666666666666
0.016304347826086956	0
0.014005602240896359	0.011204481792717087
0.0027247956403269754	0.005449591280653951
0.00546448087431694	0
0.0027548209366391185	0.008264462809917356
0.008174386920980926	0.0027247956403269754
0.01358695652173913	0.005434782608695652
0.013550135501355014	0.005420054200542005
0.005390835579514825	0.01078167115902965
0.01084010840108401	0.008130081300813009
0.01871657754010695	0.00267379679144385
0.008064516129032258	0
0.013477088948787063	0.013477088948787063
0.0027100271002710027	0.0027100271002710027
0.008086253369272238	0.005390835579514825
0.01078167115902965	0.0026954177897574125
0.018970189701897018	0.01084010840108401
0.016304347826086956	0.002717391304347826
0.013440860215053764	0.005376344086021506
0.01634877384196185	0.0027247956403269754
0.005434782608695652	0
0.008	0.0026666666666666666
0.010869565217391304	0
0.01078167115902965	0.0026954177897574125
0	0
0.0027397260273972603	0.0027397260273972603
0.002702702702702703	0.008108108108108109
0.008086253369272238	0
0.0027624309392265192	0.0055248618784530384
0.008174386920980926	0
0.005390835579514825	0.0026954177897574125
0	0.0027247956403269754
0.010723860589812333	0.002680965147453083
0.008108108108108109	0.005405405405405406
0.008241758241758242	0
0.0106951871657754	0.008021390374331552
0.0055248618784530384	0.008287292817679558
0.011019283746556474	0.0027548209366391185
0.005479452054794521	0.005479452054794521
0.0055248618784530384	0
0.013623978201634877	0.005449591280653951
0.008264462809917356	0.0027548209366391185
0.0027472527472527475	0.0027472527472527475
0.010869565217391304	0.002717391304347826
0.00267379679144385	0.0106951871657754
0.005449591280653951	0.0027247956403269754
0.008108108108108109	0.008108108108108109
0.008086253369272238	0.01078167115902965
0	0.008086253369272238
0.0106951871657754	0.008021390374331552
0.005361930294906166	0.00804289544235925
0.0026954177897574125	0.008086253369272238
0.005449591280653951	0.0027247956403269754
0.008174386920980926	0.0027247956403269754
0.010869565217391304	0.002717391304347826
0.002702702702702703	0
0.0027397260273972603	0.00821917808219178
0.013440860215053764	0.005376344086021506
0.008108108108108109	0.005405405405405406
0.01358695652173913	0.002717391304347826
0.005449591280653951	0.005449591280653951
0.01078167115902965	0.0026954177897574125
0.005420054200542005	0.0027100271002710027
0.00273224043715847	0.00819672131147541
0.005479452054794521	0
0.01366120218579235	0.00273224043715847
0.021917808219178082	0
0.0027472527472527475	0.0027472527472527475
0.01078167115902965	0.005390835579514825
0.005405405405405406	0.002702702702702703
0.01366120218579235	0.00273224043715847
0.008064516129032258	0.005376344086021506
0.005479452054794521	0.00821917808219178
0.011049723756906077	0
0.008108108108108109	0.010810810810810811
0.008021390374331552	0.0053475935828877
0.016216216216216217	0.008108108108108109
0.0027472527472527475	0
0.008064516129032258	0.008064516129032258
0.016216216216216217	0.005405405405405406
0.008108108108108109	0.002702702702702703
0	0.0026666666666666666
0.016574585635359115	0
0.00546448087431694	0.00273224043715847
0.01912568306010929	0.00273224043715847
0.0027472527472527475	0.0027472527472527475
0.005390835579514825	0
0.008152173913043478	0
0.013333333333333334	0.0026666666666666666
0.008086253369272238	0.0026954177897574125
0.00804289544235925	0.010723860589812333
0.008	0.005333333333333333
0.005376344086021506	0.002688172043010753
0.005390835579514825	0.005390835579514825
0.007874015748031496	0
0.008064516129032258	0.005376344086021506
0.016	0.008
0	0.0026455026455026454
0.007978723404255319	0.005319148936170213
0.010666666666666666	0.0026666666666666666
0.013297872340425532	0.007978723404255319
0.002688172043010753	0.005376344086021506
0	0.0026954177897574125
0.005333333333333333	0.005333333333333333
0.007957559681697613	0.002652519893899204
0.007957559681697613	0.005305039787798408
0.0079155672823219	0.002638522427440633
0.013368983957219251	0.0053475935828877
0.002688172043010753	0.010752688172043012
0.010899182561307902	0
0.008108108108108109	0.005405405405405406
0.008	0.008
0.016260162601626018	0.0027100271002710027
0.013513513513513514	0.002702702702702703
0.008086253369272238	0
0.005449591280653951	0
0.01366120218579235	0.00546448087431694
0.01098901098901099	0
0.005376344086021506	0.005376344086021506
0.002777777777777778	0.005555555555555556
0.005434782608695652	0.005434782608695652
0.00819672131147541	0.01366120218579235
0.010752688172043012	0.005376344086021506
0.008130081300813009	0.0027100271002710027
0.005479452054794521	0
0.002793296089385475	0.002793296089385475
0.005555555555555556	0.002777777777777778
0.0026954177897574125	0
0.01366120218579235	0.01092896174863388
0.013888888888888888	0.005555555555555556
0.013404825737265416	0.002680965147453083
0.008	0.005333333333333333
0.016129032258064516	0.010752688172043012
0.005420054200542005	0.0027100271002710027
0.01098901098901099	0
0.016216216216216217	0.016216216216216217
0.008130081300813009	0.0027100271002710027
0.005494505494505495	0.01098901098901099
0.019021739130434784	0.005434782608695652
0.011049723756906077	0
0.00819672131147541	0.01092896174863388
0.011049723756906077	0.0055248618784530384
0.013623978201634877	0
0.013477088948787063	0
0.0110803324099723	0.002770083102493075
0.0136986301369863	0.00821917808219178
0	0.002717391304347826
0.010899182561307902	0.008174386920980926
0.010666666666666666	0.008
0.00558659217877095	0.00558659217877095
0.013736263736263736	0.005494505494505495
0.005405405405405406	0.002702702702702703
0.013440860215053764	0.002688172043010753
0.01634877384196185	0.005449591280653951
0.00267379679144385	0.00267379679144385
0.00819672131147541	0.00546448087431694
0.01912568306010929	0.00819672131147541
0.005434782608695652	0.002717391304347826
0.013477088948787063	0.008086253369272238
0.005405405405405406	0.005405405405405406
0.013440860215053764	0.005376344086021506
0.0026954177897574125	0.008086253369272238
0.00821917808219178	0.005479452054794521
0.005405405405405406	0.008108108108108109
0.01078167115902965	0.0026954177897574125
0.005698005698005698	0
0.008130081300813009	0.008130081300813009
0.02168021680216802	0.0027100271002710027
0.005405405405405406	0.002702702702702703
0.010899182561307902	0.0027247956403269754
0.01675977653631285	0.0111731843575419
0.002702702702702703	0.005405405405405406
0.008174386920980926	0.005449591280653951
0.002680965147453083	0.005361930294906166
0.002702702702702703	0
0.0027100271002710027	0.008130081300813009
0.01084010840108401	0.0027100271002710027
0.010666666666666666	0.010666666666666666
0.013550135501355014	0.008130081300813009
0.002717391304347826	0.01358695652173913
0.008021390374331552	0.008021390374331552
0.00546448087431694	0.00546448087431694
0.016304347826086956	0.002717391304347826
0.013774104683195593	0.005509641873278237
0.00819672131147541	0
0.00821917808219178	0.00821917808219178
0.008130081300813009	0.0027100271002710027
0.008130081300813009	0
0	0.005333333333333333
0.010752688172043012	0.002688172043010753
0	0.005376344086021506
0.0026666666666666666	0.008
0.010610079575596816	0.002652519893899204
0.01098901098901099	0.005494505494505495
0.00847457627118644	0.002824858757062147
0.005479452054794521	0.005479452054794521
0.010869565217391304	0.002717391304347826
0.005479452054794521	0.0027397260273972603
0.01634877384196185	0.010899182561307902
0.005555555555555556	0
0.008130081300813009	0.0027100271002710027
0.00273224043715847	0.00273224043715847
0.002770083102493075	0.00554016620498615
0.013440860215053764	0.005376344086021506
0.008130081300813009	0.0027100271002710027
0.008108108108108109	0.005405405405405406
0.0027247956403269754	0
0.002770083102493075	0.002770083102493075
0.010899182561307902	0.010899182561307902
0.008287292817679558	0
0.005449591280653951	0.0027247956403269754
0.011019283746556474	0.0027548209366391185
0.011111111111111112	0.002777777777777778
0.0027100271002710027	0
0.013850415512465374	0
0.008130081300813009	0.005420054200542005
0.0026666666666666666	0.0026666666666666666
0.008	0.008
0.01634877384196185	0.008174386920980926
0.008064516129032258	0.005376344086021506
0	0
0.005263157894736842	0.005263157894736842
0.013550135501355014	0.0027100271002710027
0	0.0027624309392265192
0.005420054200542005	0.0027100271002710027
0.005479452054794521	0.0136986301369863
0.0026954177897574125	0.0026954177897574125
0.008379888268156424	0.00558659217877095
0.008086253369272238	0.0026954177897574125
0.00821917808219178	0
0.008130081300813009	0.008130081300813009
0.00819672131147541	0.00273224043715847
0.0027100271002710027	0.01084010840108401
0.010752688172043012	0.008064516129032258
0.002717391304347826	0.008152173913043478
0.0160857908847185	0.002680965147453083
0.00273224043715847	0.00819672131147541
0.008241758241758242	0.008241758241758242
0.0053475935828877	0.00267379679144385
0.013774104683195593	0.011019283746556474
0.010752688172043012	0.010752688172043012
0.002717391304347826	0.002717391304347826
0.019943019943019943	0.008547008547008548
0.013623978201634877	0.005449591280653951
0.008108108108108109	0.002702702702702703
0.005420054200542005	0.005420054200542005
0.00558659217877095	0.00558659217877095
0.013550135501355014	0.0027100271002710027
0.01634877384196185	0.005449591280653951
0.005509641873278237	0.0027548209366391185
0	0.0027624309392265192
0.008264462809917356	0.005509641873278237
0.002793296089385475	0.002793296089385475
0.013192612137203167	0.005277044854881266
0.0026666666666666666	0.0026666666666666666
0.010638297872340425	0.005319148936170213
0.013404825737265416	0
0.0027472527472527475	0.0027472527472527475
0	0.005305039787798408
0.00546448087431694	0.00273224043715847
0.01078167115902965	0.008086253369272238
0.008152173913043478	0.002717391304347826
0.0136986301369863	0.00821917808219178
0.010958904109589041	0.0027397260273972603
0.0027548209366391185	0.008264462809917356
0.02452316076294278	0.0027247956403269754
0.008264462809917356	0
0.01358695652173913	0.005434782608695652
0.005509641873278237	0.0027548209366391185
0.008310249307479225	0.002770083102493075
0.005494505494505495	0.005494505494505495
0.016483516483516484	0.0027472527472527475
0.005449591280653951	0.005449591280653951
0.0026666666666666666	0.005333333333333333
0.00546448087431694	0.00819672131147541
0.0027100271002710027	0
0.00821917808219178	0.0027397260273972603
0.0027548209366391185	0.0027548209366391185
0.0056657223796034	0
0.005449591280653951	0.005449591280653951
0.005434782608695652	0.002717391304347826
0.0110803324099723	0.002770083102493075
0.002652519893899204	0.002652519893899204
0.008021390374331552	0.00267379679144385
0.005319148936170213	0
0	0
0.010752688172043012	0.002688172043010753
0.005449591280653951	0
0.01078167115902965	0.005390835579514825
0.0106951871657754	0
0.00273224043715847	0.00819672131147541
0.005479452054794521	0.0027397260273972603
0.005405405405405406	0.002702702702702703
0.011049723756906077	0.0027624309392265192
0.002717391304347826	0
0.005479452054794521	0
0.005405405405405406	0.005405405405405406
0.008174386920980926	0.010899182561307902
0.005509641873278237	0.0027548209366391185
0.005434782608695652	0
0.016216216216216217	0.010810810810810811
0.011049723756906077	0.0055248618784530384
0.013477088948787063	0.0026954177897574125
0.0027397260273972603	0.005479452054794521
0.01078167115902965	0.0026954177897574125
0.00273224043715847	0.00273224043715847
0.0026954177897574125	0
0.005494505494505495	0.005494505494505495
0.013513513513513514	0
0.005420054200542005	0.0027100271002710027
0.002688172043010753	0.002688172043010753
0.00804289544235925	0
0.008152173913043478	0.008152173913043478
0.013513513513513514	0
0.00267379679144385	0.0106951871657754
0.01643835616438356	0
0.010810810810810811	0.013513513513513514
0.0026954177897574125	0.005390835579514825
0.005434782608695652	0.002717391304347826
0.005405405405405406	0.002702702702702703
0.01078167115902965	0.0026954177897574125
0.01078167115902965	0.005390835579514825
0	0.002688172043010753
0.005494505494505495	0.008241758241758242
0.008064516129032258	0.005376344086021506
0.008264462809917356	0
0.010869565217391304	0.005434782608695652
0.01084010840108401	0.0027100271002710027
0.00546448087431694	0.00546448087431694
0.013850415512465374	0.002770083102493075
0.019553072625698324	0.002793296089385475
0.010666666666666666	0
0.008174386920980926	0
0.005420054200542005	0.0027100271002710027
0.010869565217391304	0
0.01358695652173913	0.005434782608695652
0.01078167115902965	0.008086253369272238
0.01084010840108401	0.008130081300813009
0.010723860589812333	0.002680965147453083
0.010958904109589041	0.005479452054794521
0.0136986301369863	0.0027397260273972603
0.016853932584269662	0.0028089887640449437
0.008174386920980926	0.005449591280653951
0.010899182561307902	0
0.008152173913043478	0.005434782608695652
0.01092896174863388	0.00273224043715847
0.005509641873278237	0
0.005479452054794521	0.0027397260273972603
0.005449591280653951	0.010899182561307902
0.013440860215053764	0.002688172043010753
0.00546448087431694	0.00546448087431694
0.016129032258064516	0.010752688172043012
0.002688172043010753	0.002688172043010753
0.010723860589812333	0.010723860589812333
0.01639344262295082	0.00273224043715847
0.010869565217391304	0.002717391304347826
0.01643835616438356	0.005479452054794521
0.01098901098901099	0.005494505494505495
0.008086253369272238	0
0.013404825737265416	0
0.005376344086021506	0.002688172043010753
0.0027247956403269754	0.0027247956403269754
0.013812154696132596	0.0027624309392265192
0.008450704225352112	0.008450704225352112
0	0.005434782608695652
0.005405405405405406	0
0.005420054200542005	0.005420054200542005
0.010582010582010581	0.0026455026455026454
0.01358695652173913	0.002717391304347826
0.00819672131147541	0.00273224043715847
0.005479452054794521	0.005479452054794521
0.007978723404255319	0.0026595744680851063
0.013368983957219251	0.00267379679144385
0.010752688172043012	0.005376344086021506
0	0.008152173913043478
0.005479452054794521	0.0136986301369863
0.0027548209366391185	0
0.008108108108108109	0.005405405405405406
0.016304347826086956	0
0.01098901098901099	0.008241758241758242
0.00819672131147541	0
0.005420054200542005	0.005420054200542005
0.00554016620498615	0.008310249307479225
0.005376344086021506	0.008064516129032258
0.01084010840108401	0.005420054200542005
0.013404825737265416	0.002680965147453083
0	0.01358695652173913
0.016260162601626018	0
0.00821917808219178	0.0136986301369863
0.008064516129032258	0.005376344086021506
0.0027472527472527475	0.005494505494505495
0.01078167115902965	0.0026954177897574125
0.010869565217391304	0.002717391304347826
0.0027100271002710027	0.0027100271002710027
0.008174386920980926	0.0027247956403269754
0	0.008264462809917356
0.016260162601626018	0.005420054200542005
0.010899182561307902	0.0027247956403269754
0	0.005390835579514825
0.002702702702702703	0.002702702702702703
0.011142061281337047	0.002785515320334262
0.013550135501355014	0.0027100271002710027
0	0.005649717514124294
0.010869565217391304	0.008152173913043478
0.002824858757062147	0.00847457627118644
0.00819672131147541	0.01092896174863388
0.013513513513513514	0.008108108108108109
0.016216216216216217	0.008108108108108109
0.01366120218579235	0
0.005390835579514825	0.0026954177897574125
0.00267379679144385	0.00267379679144385
0.00267379679144385	0.0053475935828877
0.013227513227513227	0.007936507936507936
0.005333333333333333	0.010666666666666666
0.0053475935828877	0.0053475935828877
0.008264462809917356	0.005509641873278237
0.013966480446927373	0.002793296089385475
0.021798365122615803	0.0027247956403269754
0.011142061281337047	0.002785515320334262
0.005434782608695652	0.008152173913043478
0.019337016574585635	0
0.005376344086021506	0.005376344086021506
0.018867924528301886	0
0.01092896174863388	0.00546448087431694
0.01639344262295082	0.00546448087431694
0.00546448087431694	0.00819672131147541
0.005571030640668524	0.005571030640668524
0.011049723756906077	0.0027624309392265192
0.005509641873278237	0.0027548209366391185
0.010869565217391304	0.008152173913043478
0.01084010840108401	0
0.0027624309392265192	0.0055248618784530384
0.013440860215053764	0.005376344086021506
0.01078167115902965	0.005390835579514825
0.013774104683195593	0.005509641873278237
0.010869565217391304	0.005434782608695652
0.008152173913043478	0.005434782608695652
0.008152173913043478	0
0.002702702702702703	0.002702702702702703
0.002688172043010753	0.005376344086021506
0.005333333333333333	0.0026666666666666666
0.01881720430107527	0
0.016129032258064516	0.005376344086021506
0.008130081300813009	0.005420054200542005
0.010869565217391304	0.005434782608695652
0.005434782608695652	0.002717391304347826
0.0027472527472527475	0.008241758241758242
0.01098901098901099	0
0.013477088948787063	0
0.022099447513812154	0.0055248618784530384
0.008086253369272238	0.0026954177897574125
0.008130081300813009	0
0.005333333333333333	0.005333333333333333
0.013333333333333334	0.0026666666666666666
0.005263157894736842	0.002631578947368421
0.002617801047120419	0.002617801047120419
0.0026954177897574125	0
0.00819672131147541	0
0.005361930294906166	0.002680965147453083
0.002717391304347826	0.005434782608695652
0.00819672131147541	0.01366120218579235
0.005479452054794521	0.0027397260273972603
0.013623978201634877	0.0027247956403269754
0.005449591280653951	0.008174386920980926
0.00558659217877095	0.002793296089385475
0.008130081300813009	0.005420054200542005
0.005420054200542005	0.008130081300813009
0.005449591280653951	0.0027247956403269754
0.005633802816901409	0.0028169014084507044
0.008064516129032258	0.005376344086021506
0.008130081300813009	0.0027100271002710027
0.01084010840108401	0.01084010840108401
0.00273224043715847	0.00273224043715847
0.0136986301369863	0.01643835616438356
0.008152173913043478	0.002717391304347826
0.005479452054794521	0.005479452054794521
0	0.011049723756906077
0.011019283746556474	0.013774104683195593
0.005390835579514825	0.008086253369272238
0.007894736842105263	0.005263157894736842
0.013262599469496022	0.002652519893899204
0	0
0.007978723404255319	0
0.0027397260273972603	0.005479452054794521
0.008152173913043478	0.005434782608695652
0.010899182561307902	0.005449591280653951
0.008021390374331552	0
0.005319148936170213	0.0026595744680851063
0.013297872340425532	0.0026595744680851063
0.005449591280653951	0.008174386920980926
0.002652519893899204	0.002652519893899204
0.008174386920980926	0.005449591280653951
0.0053475935828877	0.00267379679144385
0.005390835579514825	0.008086253369272238
0.005509641873278237	0.0027548209366391185
0.002680965147453083	0.005361930294906166
0.010810810810810811	0.002702702702702703
0.008152173913043478	0.002717391304347826
0.008174386920980926	0.005449591280653951
0.013623978201634877	0.0027247956403269754
0.010899182561307902	0.008174386920980926
0.010752688172043012	0.002688172043010753
0.0055248618784530384	0
0.008130081300813009	0.005420054200542005
0	0.005420054200542005
0.002702702702702703	0.002702702702702703
0.005449591280653951	0.0027247956403269754
0.002652519893899204	0.007957559681697613
0.005376344086021506	0.002688172043010753
0.005361930294906166	0.00804289544235925
0.01358695652173913	0.002717391304347826
0.019230769230769232	0.005494505494505495
0.005434782608695652	0.005434782608695652
0.005449591280653951	0.0027247956403269754
0.013440860215053764	0.002688172043010753
0.010752688172043012	0.008064516129032258
0.008241758241758242	0
0.005361930294906166	0.002680965147453083
0.013404825737265416	0.00804289544235925
0.01907356948228883	0
0.002688172043010753	0
0.008403361344537815	0.014005602240896359
0.00819672131147541	0.00273224043715847
0.011019283746556474	0.0027548209366391185
0.013513513513513514	0.005405405405405406
0.002702702702702703	0.010810810810810811
0.002688172043010753	0.005376344086021506
0.008174386920980926	0.0027247956403269754
0.008	0.005333333333333333
0.01639344262295082	0.00273224043715847
0.010869565217391304	0.002717391304347826
0.01652892561983471	0.0027548209366391185
0.01078167115902965	0.0026954177897574125
0.013550135501355014	0.005420054200542005
0.005420054200542005	0.008130081300813009
0.002688172043010753	0.008064516129032258
0.005494505494505495	0.008241758241758242
0.008130081300813009	0.0027100271002710027
0.01662049861495845	0.00554016620498615
0.008174386920980926	0.0027247956403269754
0.0160857908847185	0.005361930294906166
0.0053475935828877	0.008021390374331552
0.00273224043715847	0.00273224043715847
0.008086253369272238	0.0026954177897574125
0.0026666666666666666	0
0.005434782608695652	0.010869565217391304
0.013368983957219251	0
0.01078167115902965	0.008086253369272238
0.00819672131147541	0.00273224043715847
0.005571030640668524	0.005571030640668524
0.008064516129032258	0.005376344086021506
0.005479452054794521	0
0.010899182561307902	0.0027247956403269754
0.005509641873278237	0.0027548209366391185
0.008310249307479225	0.002770083102493075
0.00273224043715847	0
0.005555555555555556	0
0.008241758241758242	0.008241758241758242
0.008108108108108109	0.002702702702702703
0.00821917808219178	0
0.01078167115902965	0
0	0.002717391304347826
0.013333333333333334	0.005333333333333333
0.010752688172043012	0.005376344086021506
0.013477088948787063	0.005390835579514825
0.002652519893899204	0.007957559681697613
0.00267379679144385	0.008021390374331552
0.0027624309392265192	0.0055248618784530384
0.013513513513513514	0.005405405405405406
0.008086253369272238	0.0026954177897574125
0.010899182561307902	0
0.01084010840108401	0.0027100271002710027
0	0.005333333333333333
0.008021390374331552	0.008021390374331552
0.008174386920980926	0.0027247956403269754
0.008108108108108109	0.002702702702702703
0.010638297872340425	0.007978723404255319
0.005420054200542005	0.005420054200542005
0.0026954177897574125	0.008086253369272238
0.01643835616438356	0.00821917808219178
0.010810810810810811	0.002702702702702703
0.0027548209366391185	0
0.0026954177897574125	0.0026954177897574125
0.010810810810810811	0.008108108108108109
0.002680965147453083	0.00804289544235925
0.00554016620498615	0
0.01084010840108401	0.01084010840108401
0.008086253369272238	0.0026954177897574125
0.008086253369272238	0
0.01358695652173913	0.005434782608695652
0.010752688172043012	0.002688172043010753
0.005376344086021506	0.008064516129032258
0.0027247956403269754	0
0.00267379679144385	0.00267379679144385
0.008021390374331552	0.0053475935828877
0.002702702702702703	0.002702702702702703
0.0213903743315508	0.008021390374331552
0.008021390374331552	0.00267379679144385
0.005361930294906166	0.002680965147453083
0	0.002688172043010753
0.01084010840108401	0.0027100271002710027
0.007957559681697613	0.002652519893899204
0	0
0.013157894736842105	0.007894736842105263
0.011049723756906077	0.0027624309392265192
0.010582010582010581	0.007936507936507936
0.016129032258064516	0.005376344086021506
0.010723860589812333	0.002680965147453083
0.005390835579514825	0.0026954177897574125
0.002680965147453083	0.005361930294906166
0.007936507936507936	0.0026455026455026454
0.005319148936170213	0
0.005376344086021506	0.002688172043010753
0.007936507936507936	0.0026455026455026454
0.005509641873278237	0.0027548209366391185
0.010958904109589041	0.00821917808219178
0.005420054200542005	0.01084010840108401
0.002638522427440633	0.002638522427440633
0.008021390374331552	0.00267379679144385
0.010666666666666666	0.0026666666666666666
0.005494505494505495	0.005494505494505495
0.021621621621621623	0
0.008450704225352112	0.005633802816901409
0.01643835616438356	0.00821917808219178
0.005479452054794521	0.0027397260273972603
0.013550135501355014	0.008130081300813009
0.005494505494505495	0.005494505494505495
0.013623978201634877	0.005449591280653951
0.008310249307479225	0.002770083102493075
0.00546448087431694	0.00273224043715847
0.002717391304347826	0.002717391304347826
0.013550135501355014	0.0027100271002710027
0.01639344262295082	0.00273224043715847
0.008130081300813009	0.008130081300813009
0.019498607242339833	0.005571030640668524
0.008174386920980926	0
0.005420054200542005	0
0.016	0.008
0.0136986301369863	0.0027397260273972603
0.00267379679144385	0.0053475935828877
0.013297872340425532	0.0026595744680851063
0.005390835579514825	0.0026954177897574125
0.010723860589812333	0.005361930294906166
0.013440860215053764	0.005376344086021506
0.005449591280653951	0.005449591280653951
0.002680965147453083	0.005361930294906166
0.0053475935828877	0
0.016260162601626018	0
0.008241758241758242	0
0.008152173913043478	0.002717391304347826
0.0136986301369863	0.005479452054794521
0.008287292817679558	0.0055248618784530384
0.010869565217391304	0.005434782608695652
0.005420054200542005	0.005420054200542005
0.008152173913043478	0.002717391304347826
0.01078167115902965	0
0.0136986301369863	0.0027397260273972603
0.013440860215053764	0
0.010810810810810811	0.002702702702702703
0.008152173913043478	0.002717391304347826
0.010810810810810811	0.005405405405405406
0.010810810810810811	0
0.005405405405405406	0
0.008152173913043478	0.002717391304347826
0.0055248618784530384	0.0055248618784530384
0.0027247956403269754	0.0027247956403269754
0.013404825737265416	0
0.008130081300813009	0.005420054200542005
0.008021390374331552	0.00267379679144385
0.01084010840108401	0.0027100271002710027
0.005420054200542005	0
0.008130081300813009	0.01084010840108401
0.010958904109589041	0
0.00821917808219178	0
0.005361930294906166	0.002680965147453083
0.016172506738544475	0.0026954177897574125
0.00273224043715847	0
0.008241758241758242	0.016483516483516484
0.005494505494505495	0
0.00273224043715847	0.00546448087431694
0.0027548209366391185	0.0027548209366391185
0.002702702702702703	0.005405405405405406
0.008152173913043478	0.005434782608695652
0.0056179775280898875	0
0.01639344262295082	0.00546448087431694
0.013927576601671309	0.011142061281337047
0.01084010840108401	0.0027100271002710027
0.002680965147453083	0.005361930294906166
0.005420054200542005	0.005420054200542005
0.00821917808219178	0.0027397260273972603
0.008130081300813009	0.005420054200542005
0.013440860215053764	0
0.013477088948787063	0.005390835579514825
0.008152173913043478	0
0.013812154696132596	0.0027624309392265192
0.008333333333333333	0.002777777777777778
0.019021739130434784	0.005434782608695652
0.005449591280653951	0
0.005449591280653951	0
0.008287292817679558	0.0027624309392265192
0.005449591280653951	0.0027247956403269754
0.008333333333333333	0.005555555555555556
0.008	0.005333333333333333
0.002702702702702703	0.005405405405405406
0.0027472527472527475	0
0.024390243902439025	0.005420054200542005
0.0027247956403269754	0.0027247956403269754
0.010752688172043012	0.005376344086021506
0.002770083102493075	0.002770083102493075
0.011019283746556474	0.008264462809917356
0	0.010869565217391304
0.005633802816901409	0
0.0027472527472527475	0.005494505494505495
0.005405405405405406	0.005405405405405406
0.014245014245014245	0
0.013623978201634877	0.0027247956403269754
0.016713091922005572	0.008356545961002786
0.0028169014084507044	0.0028169014084507044
0.013404825737265416	0.00804289544235925
0.00273224043715847	0.01092896174863388
0.010723860589812333	0.01876675603217158
0.008064516129032258	0.002688172043010753
0.01891891891891892	0.005405405405405406
0.005494505494505495	0
0.02168021680216802	0.0027100271002710027
0.005449591280653951	0.0027247956403269754
0	0.002717391304347826
0.016304347826086956	0.005434782608695652
0.008086253369272238	0.008086253369272238
0.005361930294906166	0.005361930294906166
0.010723860589812333	0.002680965147453083
0.008130081300813009	0.0027100271002710027
0.005405405405405406	0.005405405405405406
0.002717391304347826	0.008152173913043478
0.008152173913043478	0.002717391304347826
0.010723860589812333	0
0.008130081300813009	0.005420054200542005
0.008310249307479225	0.002770083102493075
0.008174386920980926	0.0027247956403269754
0.0055248618784530384	0.0027624309392265192
0.008450704225352112	0.0028169014084507044
0.008403361344537815	0.008403361344537815
0.005291005291005291	0.007936507936507936
0.01837270341207349	0.010498687664041995
0.013227513227513227	0.005291005291005291
0.00804289544235925	0.002680965147453083
0.002717391304347826	0.016304347826086956
0.013157894736842105	0.002631578947368421
0.008174386920980926	0.008174386920980926
0.008108108108108109	0.005405405405405406
0.005449591280653951	0.008174386920980926
0.0027100271002710027	0
0.00546448087431694	0.00819672131147541
0.016304347826086956	0.005434782608695652
0.008174386920980926	0.005449591280653951
0.0106951871657754	0
0.008108108108108109	0
0.005449591280653951	0.0027247956403269754
0.005333333333333333	0.0026666666666666666
0.005361930294906166	0.005361930294906166
0.013368983957219251	0.00267379679144385
0.0079155672823219	0.002638522427440633
0.002652519893899204	0.005305039787798408
0.007957559681697613	0.005305039787798408
0.0106951871657754	0.00267379679144385
0.0026455026455026454	0.005291005291005291
0.007936507936507936	0.005291005291005291
0.02185792349726776	0.00546448087431694
0.0106951871657754	0.008021390374331552
0.00546448087431694	0.00546448087431694
0.005479452054794521	0
0.005479452054794521	0.010958904109589041
0.005277044854881266	0.002638522427440633
0.010666666666666666	0.0026666666666666666
0.010638297872340425	0.005319148936170213
0.005405405405405406	0.005405405405405406
0.002702702702702703	0.002702702702702703
0.013736263736263736	0.005494505494505495
0.008241758241758242	0.008241758241758242
0.002680965147453083	0.005361930294906166
0.005449591280653951	0
0.005333333333333333	0.0026666666666666666
0.005449591280653951	0.005449591280653951
0.008152173913043478	0.005434782608695652
0.008130081300813009	0.0027100271002710027
0.010723860589812333	0.002680965147453083
0.005361930294906166	0.002680965147453083
0.016129032258064516	0.008064516129032258
0.008174386920980926	0
0.005479452054794521	0.00821917808219178
0.005333333333333333	0.005333333333333333
0.008086253369272238	0.0026954177897574125
0	0.005361930294906166
0.005449591280653951	0.0027247956403269754
0.007874015748031496	0.0026246719160104987
0.008064516129032258	0.002688172043010753
0.0160857908847185	0.005361930294906166
0.0026954177897574125	0
0.00267379679144385	0.0053475935828877
0.010666666666666666	0.005333333333333333
0.005319148936170213	0.005319148936170213
0.013333333333333334	0.005333333333333333
0.008021390374331552	0.0053475935828877
0.010752688172043012	0.005376344086021506
0.013333333333333334	0
0.005277044854881266	0.005277044854881266
0.010810810810810811	0.002702702702702703
0.007957559681697613	0.005305039787798408
0.0106951871657754	0.00267379679144385
0	0.013227513227513227
0.0027548209366391185	0.0027548209366391185
0.008064516129032258	0.010752688172043012
0.010958904109589041	0
0.01092896174863388	0.00273224043715847
0.008174386920980926	0.0027247956403269754
0.010752688172043012	0
0.013404825737265416	0.00804289544235925
0.005305039787798408	0.002652519893899204
0.0027100271002710027	0.005420054200542005
0.005434782608695652	0.002717391304347826
0.018666666666666668	0.005333333333333333
0.005434782608695652	0.002717391304347826
0.02127659574468085	0.007978723404255319
0.008108108108108109	0.005405405405405406
0	0
0.0027100271002710027	0
0.007957559681697613	0.005305039787798408
0.008086253369272238	0.005390835579514825
0.008310249307479225	0.002770083102493075
0.002702702702702703	0.005405405405405406
0	0.0026954177897574125
0.002702702702702703	0
0.013623978201634877	0.0027247956403269754
0.005376344086021506	0.010752688172043012
0.00267379679144385	0
0.008310249307479225	0
0.010582010582010581	0.010582010582010581
0.010723860589812333	0.00804289544235925
0.010610079575596816	0.005305039787798408
0.008174386920980926	0.0027247956403269754
0.002688172043010753	0.002688172043010753
0.010638297872340425	0.007978723404255319
0.005405405405405406	0.002702702702702703
0.00804289544235925	0.00804289544235925
0.005405405405405406	0.002702702702702703
0	0.005376344086021506
0.005420054200542005	0.0027100271002710027
0.005291005291005291	0.007936507936507936
0.00819672131147541	0.00273224043715847
0.005571030640668524	0.002785515320334262
0.005405405405405406	0.005405405405405406
0.00819672131147541	0
0.016172506738544475	0.005390835579514825
0.013623978201634877	0
0.015873015873015872	0
0.005376344086021506	0
0.021220159151193633	0
0.005390835579514825	0
0.007957559681697613	0.005305039787798408
0.008086253369272238	0.005390835579514825
0.008310249307479225	0
0.005291005291005291	0
0.002680965147453083	0
0.008	0.005333333333333333
0.002785515320334262	0
0.013404825737265416	0.002680965147453083
0.016	0
0.013227513227513227	0
0.005479452054794521	0.005479452054794521
0.011235955056179775	0
0.011049723756906077	0
0.008426966292134831	0
0.00554016620498615	0
0.005681818181818182	0.011363636363636364
0	0.00819672131147541
0.0027624309392265192	0.0055248618784530384
0.011142061281337047	0.002785515320334262
0.008356545961002786	0.008356545961002786
0.002785515320334262	0.002785515320334262
0.005509641873278237	0.0027548209366391185
0.00546448087431694	0.01092896174863388
0.011204481792717087	0.0028011204481792717
0.0136986301369863	0.005479452054794521
0.008310249307479225	0.00554016620498615
0.0056179775280898875	0.0056179775280898875
0.005681818181818182	0.005681818181818182
0.008403361344537815	0.0056022408963585435
0.011204481792717087	0.011204481792717087
0.008450704225352112	0
0.005571030640668524	0.002785515320334262
0.002840909090909091	0.008522727272727272
0.00558659217877095	0
0.00554016620498615	0
0.016666666666666666	0.002777777777777778
0.016713091922005572	0
0.008403361344537815	0.008403361344537815
0.008333333333333333	0.002777777777777778
0	0.008287292817679558
0.019178082191780823	0.0027397260273972603
0.00558659217877095	0.008379888268156424
0.019886363636363636	0.002840909090909091
0.008450704225352112	0.0028169014084507044
0.0027624309392265192	0
0.011204481792717087	0.0028011204481792717
0.008333333333333333	0
0.0055248618784530384	0.008287292817679558
0.002770083102493075	0
0.013850415512465374	0.002770083102493075
0.008287292817679558	0.0027624309392265192
0.0055248618784530384	0.0055248618784530384
0.016483516483516484	0
0.00847457627118644	0.002824858757062147
0	0.005555555555555556
0.014326647564469915	0.0028653295128939827
0.011560693641618497	0.005780346820809248
0.005555555555555556	0.002777777777777778
0.008356545961002786	0
0.011049723756906077	0.008287292817679558
0.0055248618784530384	0.0027624309392265192
0	0
0.002785515320334262	0.005571030640668524
0	0.0055248618784530384
0.0057306590257879654	0.008595988538681949
0.0027397260273972603	0.005479452054794521
0.016574585635359115	0.0055248618784530384
0.008356545961002786	0
0.005555555555555556	0.002777777777777778
0.008310249307479225	0.00554016620498615
0	0.00558659217877095
0.0056657223796034	0.0084985835694051
0.011142061281337047	0.002785515320334262
0.011204481792717087	0
0.013850415512465374	0.002770083102493075
0.008356545961002786	0.005571030640668524
0.005649717514124294	0
0.008379888268156424	0.002793296089385475
0.002793296089385475	0
0.0084985835694051	0
0.011049723756906077	0.0027624309392265192
0.002840909090909091	0.005681818181818182
0.0027472527472527475	0.008241758241758242
0.00554016620498615	0
0.013812154696132596	0.0027624309392265192
0.008310249307479225	0.00554016620498615
0.005555555555555556	0
0.002770083102493075	0.002770083102493075
0.011204481792717087	0
0.008287292817679558	0
0.0113314447592068	0.0028328611898017
0.0136986301369863	0
0	0.005494505494505495
0.008426966292134831	0.0028089887640449437
0.005494505494505495	0.008241758241758242
0.008333333333333333	0.002777777777777778
0.0196078431372549	0.0056022408963585435
0.008379888268156424	0.002793296089385475
0.0027472527472527475	0.0027472527472527475
0.0027548209366391185	0.0027548209366391185
0.005555555555555556	0.005555555555555556
0.005649717514124294	0.005649717514124294
0.008287292817679558	0.0055248618784530384
0	0
0.002849002849002849	0.002849002849002849
0.0028089887640449437	0.011235955056179775
0.013774104683195593	0
0.01366120218579235	0.00273224043715847
0.0056022408963585435	0.0028011204481792717
0.011142061281337047	0.002785515320334262
0.013850415512465374	0
0.014204545454545454	0.005681818181818182
0.00847457627118644	0
0	0.0027624309392265192
0.0056179775280898875	0.011235955056179775
0.005698005698005698	0.002849002849002849
0.005633802816901409	0
0	0.0028169014084507044
0.00847457627118644	0.002824858757062147
0.005509641873278237	0.0027548209366391185
0.005698005698005698	0.005698005698005698
0.005555555555555556	0.008333333333333333
0.008695652173913044	0.014492753623188406
0.01694915254237288	0.002824858757062147
0.005479452054794521	0.005479452054794521
0	0.005681818181818182
0.008310249307479225	0.002770083102493075
0.008241758241758242	0.01098901098901099
0.005649717514124294	0.00847457627118644
0.013927576601671309	0.002785515320334262
0.008333333333333333	0
0.008426966292134831	0
0.013888888888888888	0.005555555555555556
0.008522727272727272	0.005681818181818182
0.005698005698005698	0.002849002849002849
0.0027548209366391185	0.0027548209366391185
0.008356545961002786	0.002785515320334262
0.008426966292134831	0.0028089887640449437
0.002785515320334262	0
0.00554016620498615	0
0.002785515320334262	0.005571030640668524
0.017045454545454544	0
0.014124293785310734	0.005649717514124294
0.008333333333333333	0
0.008264462809917356	0
0.010958904109589041	0
0.0027472527472527475	0.005494505494505495
0.022222222222222223	0.002777777777777778
0.014164305949008499	0.0028328611898017
0.008287292817679558	0.0027624309392265192
0.008403361344537815	0
0.0056022408963585435	0
0.0028653295128939827	0.0057306590257879654
0.0084985835694051	0.0056657223796034
0.011142061281337047	0.002785515320334262
0.008620689655172414	0.0028735632183908046
0.013888888888888888	0.005555555555555556
0.002849002849002849	0.002849002849002849
0.0196078431372549	0.0028011204481792717
0.008426966292134831	0.0056179775280898875
0.00558659217877095	0.0111731843575419
0.0056179775280898875	0.008426966292134831
0.0055248618784530384	0.013812154696132596
0.011235955056179775	0.0056179775280898875
0.005681818181818182	0.005681818181818182
0.013850415512465374	0.002770083102493075
0.005649717514124294	0.005649717514124294
0.005571030640668524	0
0.008241758241758242	0.005494505494505495
0.002849002849002849	0.005698005698005698
0.008310249307479225	0.002770083102493075
0.0084985835694051	0.0113314447592068
0.008426966292134831	0.008426966292134831
0.010958904109589041	0
0.008356545961002786	0
0.005649717514124294	0.005649717514124294
0.00554016620498615	0.002770083102493075
0.008379888268156424	0.002793296089385475
0.002793296089385475	0.00558659217877095
0	0.005494505494505495
0.014164305949008499	0.0056657223796034
0	0.005479452054794521
0.011299435028248588	0.005649717514124294
0.008571428571428572	0.005714285714285714
0.014084507042253521	0
0.002824858757062147	0.002824858757062147
0.00546448087431694	0
0.002824858757062147	0
0	0.0028169014084507044
0.008356545961002786	0.005571030640668524
0.005649717514124294	0.005649717514124294
0.011267605633802818	0.0028169014084507044
0.008450704225352112	0.0028169014084507044
0.008379888268156424	0
0.005571030640668524	0
0.008356545961002786	0.008356545961002786
0.011494252873563218	0.0028735632183908046
0.008379888268156424	0
0.014124293785310734	0.002824858757062147
0.008287292817679558	0.008287292817679558
0.008287292817679558	0
0.005494505494505495	0.005494505494505495
0.01098901098901099	0.0027472527472527475
0.01084010840108401	0.0027100271002710027
0.01928374655647383	0.005509641873278237
0.0053475935828877	0.0053475935828877
0.008287292817679558	0
0.0026666666666666666	0.0026666666666666666
0.010869565217391304	0.005434782608695652
0.00821917808219178	0.005479452054794521
0.013736263736263736	0.005494505494505495
0.021447721179624665	0.00804289544235925
0.026954177897574125	0.01078167115902965
0.00804289544235925	0.005361930294906166
0.008130081300813009	0
0.02168021680216802	0.008130081300813009
0.005361930294906166	0.002680965147453083
0.005405405405405406	0.002702702702702703
0.008064516129032258	0.010752688172043012
0.002680965147453083	0.005361930294906166
0.002680965147453083	0.010723860589812333
0.010638297872340425	0.007978723404255319
0.0027624309392265192	0.0027624309392265192
0.008064516129032258	0
0.005361930294906166	0.00804289544235925
0.005376344086021506	0
0.0027100271002710027	0.0027100271002710027
0.005420054200542005	0.0027100271002710027
0.010752688172043012	0.002688172043010753
0.005376344086021506	0.005376344086021506
0.010526315789473684	0.005263157894736842
0.010869565217391304	0.002717391304347826
0.010610079575596816	0.005305039787798408
0.010554089709762533	0.005277044854881266
0.007936507936507936	0
0.005333333333333333	0.005333333333333333
0	0
0.0079155672823219	0
0.010582010582010581	0.0026455026455026454
0.008	0.0026666666666666666
0.013404825737265416	0
0.015873015873015872	0.005291005291005291
0.013262599469496022	0
0.010443864229765013	0.0026109660574412533
0.0026595744680851063	0.010638297872340425
0.013623978201634877	0.005449591280653951
0.007978723404255319	0.0026595744680851063
0.005221932114882507	0.0026109660574412533
0.015957446808510637	0.0026595744680851063
0.015789473684210527	0
0.018666666666666668	0.0026666666666666666
0.0026595744680851063	0.005319148936170213
0.016216216216216217	0.002702702702702703
0.010666666666666666	0
0.002617801047120419	0.015706806282722512
0.01856763925729443	0
0.008	0.0026666666666666666
0.013297872340425532	0
0.01078167115902965	0.01078167115902965
0	0
0.013227513227513227	0.005291005291005291
0.013477088948787063	0.005390835579514825
0.00804289544235925	0
0.010610079575596816	0
0.007832898172323759	0.010443864229765013
0.005390835579514825	0.005390835579514825
0.005305039787798408	0.002652519893899204
0.010471204188481676	0.002617801047120419
0.007936507936507936	0.010582010582010581
0.008	0.008
0.005305039787798408	0.002652519893899204
0.013192612137203167	0.002638522427440633
0.010610079575596816	0
0.015873015873015872	0.0026455026455026454
0.010443864229765013	0
0.005405405405405406	0
0.007978723404255319	0
0.007894736842105263	0.005263157894736842
0.002702702702702703	0.010810810810810811
0.005277044854881266	0.0079155672823219
0.010638297872340425	0.005319148936170213
0.010526315789473684	0.002631578947368421
0.010666666666666666	0.0026666666666666666
0.013123359580052493	0.005249343832020997
0.008108108108108109	0.013513513513513514
0.0053475935828877	0
0.00804289544235925	0.005361930294906166
0.0136986301369863	0
0.02459016393442623	0.00273224043715847
0.005291005291005291	0.007936507936507936
0.008064516129032258	0.005376344086021506
0.013297872340425532	0.0026595744680851063
0.016	0.0026666666666666666
0.01092896174863388	0.00819672131147541
0.005390835579514825	0.005390835579514825
0	0.01078167115902965
0.015915119363395226	0.002652519893899204
0.008152173913043478	0.002717391304347826
0.00546448087431694	0.01092896174863388
0.0026954177897574125	0.005390835579514825
0.005361930294906166	0
0.005434782608695652	0.005434782608695652
0.007957559681697613	0.010610079575596816
0.0027100271002710027	0.0027100271002710027
0.008	0.008
0.005361930294906166	0.00804289544235925
0.005405405405405406	0.008108108108108109
0.005434782608695652	0.002717391304347826
0.01078167115902965	0.005390835579514825
0.016	0.0026666666666666666
0.008130081300813009	0
0.0027100271002710027	0.008130081300813009
0.005319148936170213	0.0026595744680851063
0.013440860215053764	0.008064516129032258
0.01358695652173913	0
0.005319148936170213	0.010638297872340425
0	0.00267379679144385
0.008064516129032258	0
0.010899182561307902	0.005449591280653951
0.008064516129032258	0.005376344086021506
0.008	0.008
0.005449591280653951	0
0.013477088948787063	0.005390835579514825
0.008	0.010666666666666666
0.008021390374331552	0.00267379679144385
0.00819672131147541	0.00546448087431694
0.002688172043010753	0.008064516129032258
0.008064516129032258	0.005376344086021506
0.002680965147453083	0.00804289544235925
0.005434782608695652	0.005434782608695652
0.010752688172043012	0.005376344086021506
0.0026954177897574125	0.005390835579514825
0.008130081300813009	0.0027100271002710027
0.0053475935828877	0
0.008064516129032258	0
0.008086253369272238	0.0026954177897574125
0.01358695652173913	0.008152173913043478
0.005333333333333333	0
0.005449591280653951	0.0027247956403269754
0.005390835579514825	0.0026954177897574125
0.015915119363395226	0.002652519893899204
0.0026954177897574125	0.0026954177897574125
0.008174386920980926	0.005449591280653951
0.013550135501355014	0
0.0027100271002710027	0.0027100271002710027
0.005390835579514825	0.0026954177897574125
0.008	0
0	0.0053475935828877
0.007978723404255319	0.0026595744680851063
0.008152173913043478	0.002717391304347826
0.016216216216216217	0.002702702702702703
0.008	0.005333333333333333
0	0.005291005291005291
0.008130081300813009	0.0027100271002710027
0.005405405405405406	0.002702702702702703
0.002688172043010753	0
0.005376344086021506	0.002688172043010753
0.013297872340425532	0.0026595744680851063
0.0026954177897574125	0.0026954177897574125
0.010666666666666666	0.0026666666666666666
0.00273224043715847	0
0.008086253369272238	0.005390835579514825
0.013157894736842105	0.005263157894736842
0.008130081300813009	0.0027100271002710027
0.013623978201634877	0
0.007957559681697613	0.005305039787798408
0.010638297872340425	0.0026595744680851063
0.013368983957219251	0.0053475935828877
0.007978723404255319	0
0.002777777777777778	0
0.0026455026455026454	0.007936507936507936
0.005376344086021506	0.008064516129032258
0.010582010582010581	0.005291005291005291
0.00267379679144385	0.0053475935828877
0.0026455026455026454	0.005291005291005291
0.013440860215053764	0.002688172043010753
0.01876675603217158	0.002680965147453083
0.0027247956403269754	0.0027247956403269754
0.010752688172043012	0.005376344086021506
0.005361930294906166	0.002680965147453083
0.005434782608695652	0.008152173913043478
0.01643835616438356	0.005479452054794521
0.01366120218579235	0.00819672131147541
0.00819672131147541	0.00273224043715847
0.018970189701897018	0.005420054200542005
0.00273224043715847	0.00273224043715847
0.008310249307479225	0.00554016620498615
0.008356545961002786	0.002785515320334262
0.008	0.0026666666666666666
0.008064516129032258	0
0.0027100271002710027	0.005420054200542005
0.016129032258064516	0.002688172043010753
0.010869565217391304	0
0.0027247956403269754	0.0027247956403269754
0.010899182561307902	0
0.01639344262295082	0.00819672131147541
0.013440860215053764	0
0.008152173913043478	0.002717391304347826
0.005434782608695652	0.002717391304347826
0.005361930294906166	0.010723860589812333
0.010666666666666666	0.0026666666666666666
0.008130081300813009	0.01084010840108401
0.005376344086021506	0.010752688172043012
0.01366120218579235	0.00546448087431694
0.010869565217391304	0.005434782608695652
0.008287292817679558	0
0.008174386920980926	0.0027247956403269754
0.005319148936170213	0.0026595744680851063
0.008152173913043478	0.010869565217391304
0.005277044854881266	0
0.008	0.008
0.008021390374331552	0
0	0
0.010610079575596816	0.005305039787798408
0.005319148936170213	0
0.0106951871657754	0.0106951871657754
0.008086253369272238	0
0.010638297872340425	0.005319148936170213
0.018867924528301886	0.005390835579514825
0.016	0.010666666666666666
0.010554089709762533	0.002638522427440633
0.013774104683195593	0.0027548209366391185
0.013550135501355014	0.0027100271002710027
0.008021390374331552	0
0.00546448087431694	0.01092896174863388
0.005449591280653951	0.010899182561307902
0.008356545961002786	0.005571030640668524
0.0027397260273972603	0
0	0.005479452054794521
0.011049723756906077	0.0055248618784530384
0.0027472527472527475	0.0027472527472527475
0.011111111111111112	0.008333333333333333
0.0027247956403269754	0.005449591280653951
0.01098901098901099	0
0.00821917808219178	0
0.002857142857142857	0.002857142857142857
0.008264462809917356	0.008264462809917356
0.005633802816901409	0
0.013550135501355014	0.005420054200542005
0.008333333333333333	0.008333333333333333
0.010869565217391304	0.008152173913043478
0.005361930294906166	0.005361930294906166
0.008108108108108109	0
0.005494505494505495	0.01098901098901099
0.0106951871657754	0.008021390374331552
0.01098901098901099	0
0.0136986301369863	0.0027397260273972603
0.008174386920980926	0.005449591280653951
0.005361930294906166	0.00804289544235925
0	0.005390835579514825
0.016172506738544475	0
0.00554016620498615	0
0	0
0.005390835579514825	0
0.008241758241758242	0.008241758241758242
0.008241758241758242	0.005494505494505495
0.01366120218579235	0.01092896174863388
0.005405405405405406	0
0.00273224043715847	0.00273224043715847
0.0027247956403269754	0.008174386920980926
0.00804289544235925	0.002680965147453083
0.005494505494505495	0.0027472527472527475
0.0027100271002710027	0.0027100271002710027
0.005405405405405406	0.002702702702702703
0.005449591280653951	0.005449591280653951
0.005449591280653951	0.0027247956403269754
0.008241758241758242	0.005494505494505495
0.013736263736263736	0.008241758241758242
0.008130081300813009	0
0.016172506738544475	0.0026954177897574125
0.00819672131147541	0.00546448087431694
0.010723860589812333	0
0.0027548209366391185	0.005509641873278237
0.002680965147453083	0
0.00821917808219178	0.00821917808219178
0.008108108108108109	0.002702702702702703
0.005449591280653951	0.0027247956403269754
0.008174386920980926	0
0.002793296089385475	0.002793296089385475
0	0.00273224043715847
0.005390835579514825	0.005390835579514825
0.005449591280653951	0.005449591280653951
0.008021390374331552	0.00267379679144385
0	0.00819672131147541
0.005571030640668524	0.008356545961002786
0.010899182561307902	0.0027247956403269754
0.01092896174863388	0
0.011049723756906077	0.0055248618784530384
0.0027472527472527475	0
0.019230769230769232	0.0027472527472527475
0.0057306590257879654	0.008595988538681949
0.005449591280653951	0.010899182561307902
0.008241758241758242	0.005494505494505495
0.005479452054794521	0.005479452054794521
0.01366120218579235	0.00546448087431694
0.013550135501355014	0.0027100271002710027
0.005449591280653951	0.005449591280653951
0.008287292817679558	0.008287292817679558
0.010810810810810811	0
0.008086253369272238	0.0026954177897574125
0.00546448087431694	0
0.01084010840108401	0
0.0027247956403269754	0.0027247956403269754
0.002688172043010753	0.013440860215053764
0.008021390374331552	0.00267379679144385
0.005479452054794521	0.0027397260273972603
0.00821917808219178	0.0027397260273972603
0.01078167115902965	0.005390835579514825
0.016260162601626018	0.008130081300813009
0.0111731843575419	0.002793296089385475
0.00554016620498615	0.00554016620498615
0.00821917808219178	0.00821917808219178
0.0026954177897574125	0
0.005291005291005291	0.0026455026455026454
0.018666666666666668	0.0026666666666666666
0.01643835616438356	0.0027397260273972603
0.008021390374331552	0.00267379679144385
0.010723860589812333	0.00804289544235925
0	0
0.0026666666666666666	0
0.008152173913043478	0.002717391304347826
0.005420054200542005	0.0027100271002710027
0.010666666666666666	0
0.01078167115902965	0
0.008287292817679558	0.011049723756906077
0.005434782608695652	0.005434782608695652
0.008174386920980926	0.0027247956403269754
0.002793296089385475	0.002793296089385475
0.005405405405405406	0
0.005420054200542005	0.013550135501355014
0.005509641873278237	0
0.005449591280653951	0.0027247956403269754
0.01078167115902965	0
0.005405405405405406	0.013513513513513514
0.013440860215053764	0.002688172043010753
0.0055248618784530384	0.011049723756906077
0.011299435028248588	0
0.008086253369272238	0.0026954177897574125
0.008021390374331552	0.00267379679144385
0.0027624309392265192	0.0055248618784530384
0.010810810810810811	0.002702702702702703
0.008064516129032258	0.002688172043010753
0.005434782608695652	0
0.013477088948787063	0.005390835579514825
0.005305039787798408	0
0.007853403141361256	0.007853403141361256
0.015873015873015872	0.0026455026455026454
0.016129032258064516	0
0.013550135501355014	0.005420054200542005
0.013623978201634877	0.008174386920980926
0.01084010840108401	0.005420054200542005
0.010752688172043012	0.005376344086021506
0.010723860589812333	0.005361930294906166
0.005361930294906166	0.00804289544235925
0	0.005376344086021506
0.007936507936507936	0.007936507936507936
0.005420054200542005	0.008130081300813009
0.01078167115902965	0.005390835579514825
0.007894736842105263	0
0.00804289544235925	0.002680965147453083
0.002688172043010753	0.002688172043010753
0.0106951871657754	0
0.00273224043715847	0.00546448087431694
0.008356545961002786	0.002785515320334262
0.0027397260273972603	0.0027397260273972603
0.010899182561307902	0.0027247956403269754
0.0106951871657754	0.013368983957219251
0.008086253369272238	0.005390835579514825
0.013513513513513514	0.005405405405405406
0.005479452054794521	0.005479452054794521
0.0053475935828877	0.00267379679144385
0	0.0026666666666666666
0	0.005263157894736842
0.010638297872340425	0.005319148936170213
0.008064516129032258	0.002688172043010753
0.010526315789473684	0
0.0027247956403269754	0.0027247956403269754
0.01084010840108401	0.0027100271002710027
0.01912568306010929	0.00819672131147541
0.008264462809917356	0.0027548209366391185
0.010471204188481676	0.005235602094240838
0.005376344086021506	0.002688172043010753
0.010723860589812333	0.013404825737265416
0.00554016620498615	0.002770083102493075
0.005420054200542005	0.0027100271002710027
0.013850415512465374	0.002770083102493075
0.005434782608695652	0.002717391304347826
0.005376344086021506	0.005376344086021506
0.008108108108108109	0.005405405405405406
0	0
0.00273224043715847	0.00546448087431694
0.013550135501355014	0.005420054200542005
0.01078167115902965	0.005390835579514825
0.002688172043010753	0.002688172043010753
0.010869565217391304	0.008152173913043478
0.005390835579514825	0.008086253369272238
0.010666666666666666	0.005333333333333333
0.01366120218579235	0.00273224043715847
0.00804289544235925	0.002680965147453083
0.011142061281337047	0.008356545961002786
0.0111731843575419	0
0.010810810810810811	0.008108108108108109
0.005361930294906166	0.00804289544235925
0.008152173913043478	0.005434782608695652
0.008287292817679558	0.0027624309392265192
0.013477088948787063	0.0026954177897574125
0.013736263736263736	0.01098901098901099
0.00819672131147541	0.00273224043715847
0.008	0.0026666666666666666
0.005319148936170213	0
0.010958904109589041	0.0027397260273972603
0.01078167115902965	0.0026954177897574125
0.005509641873278237	0.008264462809917356
0.010498687664041995	0.007874015748031496
0.013227513227513227	0.0026455026455026454
0.010526315789473684	0.015789473684210527
0.0027100271002710027	0.0027100271002710027
0.007894736842105263	0.005263157894736842
0.013333333333333334	0.0026666666666666666
0.002717391304347826	0.002717391304347826
0.005376344086021506	0.005376344086021506
0.005361930294906166	0.002680965147453083
0.008021390374331552	0.0053475935828877
0.013623978201634877	0.013623978201634877
0.0027472527472527475	0.0027472527472527475
0.0027548209366391185	0.0027548209366391185
0.0027472527472527475	0.008241758241758242
0.013550135501355014	0.0027100271002710027
0.002777777777777778	0.002777777777777778
0.010752688172043012	0.005376344086021506
0.013123359580052493	0.007874015748031496
0.008152173913043478	0.002717391304347826
0.01084010840108401	0.01084010840108401
0.019444444444444445	0
0.008108108108108109	0.002702702702702703
0	0.005494505494505495
0.005494505494505495	0.008241758241758242
0.010958904109589041	0.005479452054794521
0.0027624309392265192	0.0027624309392265192
0.013812154696132596	0.0055248618784530384
0.005555555555555556	0.002777777777777778
0.005479452054794521	0.00821917808219178
0.008310249307479225	0.002770083102493075
0	0
0.01652892561983471	0.005509641873278237
0.011111111111111112	0.008333333333333333
0.005571030640668524	0.002785515320334262
0.005449591280653951	0.008174386920980926
0.010869565217391304	0.002717391304347826
0.008086253369272238	0.005390835579514825
0.005479452054794521	0.0027397260273972603
0.013774104683195593	0.008264462809917356
0.008130081300813009	0
0	0.002717391304347826
0.010899182561307902	0.0027247956403269754
0.013550135501355014	0.01084010840108401
0.008287292817679558	0.0027624309392265192
0.008241758241758242	0.0027472527472527475
0.016574585635359115	0
0.0027624309392265192	0.0055248618784530384
0.010869565217391304	0.005434782608695652
0.016260162601626018	0
0.01907356948228883	0
0.008264462809917356	0.005509641873278237
0.00546448087431694	0.00546448087431694
0.010958904109589041	0.0027397260273972603
0.002793296089385475	0
0.0056179775280898875	0.0028089887640449437
0.0111731843575419	0.002793296089385475
0.0110803324099723	0.00554016620498615
0.00558659217877095	0.00558659217877095
0.008310249307479225	0.002770083102493075
0.0027548209366391185	0
0	0.005449591280653951
0.008310249307479225	0
0.01084010840108401	0.005420054200542005
0.0026666666666666666	0.0026666666666666666
0.008021390374331552	0.008021390374331552
0.011019283746556474	0.0027548209366391185
0	0.005434782608695652
0.01078167115902965	0
0	0.005434782608695652
0.008241758241758242	0.0027472527472527475
0.005449591280653951	0.005449591280653951
0.00819672131147541	0
0.01092896174863388	0.00819672131147541
0.008241758241758242	0
0.005449591280653951	0.013623978201634877
0.002777777777777778	0.002777777777777778
0.01662049861495845	0.008310249307479225
0.00819672131147541	0.00819672131147541
0.016574585635359115	0.0055248618784530384
0.005449591280653951	0.005449591280653951
0.008241758241758242	0.0027472527472527475
0.005509641873278237	0.0027548209366391185
0	0.005479452054794521
0.005449591280653951	0.005449591280653951
0	0.008287292817679558
0.008264462809917356	0.0027548209366391185
0.01358695652173913	0.002717391304347826
0.005509641873278237	0
0.01366120218579235	0.01092896174863388
0.008264462809917356	0.008264462809917356
0.0055248618784530384	0.008287292817679558
0.01098901098901099	0.01098901098901099
0.019390581717451522	0.002770083102493075
0.005390835579514825	0.005390835579514825
0.005333333333333333	0.0026666666666666666
0.008152173913043478	0.005434782608695652
0.013477088948787063	0.005390835579514825
0.013440860215053764	0.002688172043010753
0.005479452054794521	0.005479452054794521
0.00267379679144385	0.0053475935828877
0.015957446808510637	0
0.008021390374331552	0.008021390374331552
0.008064516129032258	0
0.010666666666666666	0.005333333333333333
0.013966480446927373	0.002793296089385475
0.013477088948787063	0.005390835579514825
0.005333333333333333	0.008
0.005390835579514825	0.0026954177897574125
0.013368983957219251	0.0053475935828877
0.01358695652173913	0.005434782608695652
0.005376344086021506	0.002688172043010753
0.0027397260273972603	0
0.005390835579514825	0.005390835579514825
0	0.0056022408963585435
0.011142061281337047	0.002785515320334262
0	0.013513513513513514
0.005405405405405406	0.002702702702702703
0.008108108108108109	0.008108108108108109
0.0053475935828877	0
0.005291005291005291	0.0026455026455026454
0.008021390374331552	0
0.00267379679144385	0
0.002702702702702703	0
0.010899182561307902	0.005449591280653951
0.010869565217391304	0.005434782608695652
0.016042780748663103	0.008021390374331552
0.01366120218579235	0.00273224043715847
0.005390835579514825	0.008086253369272238
0.010666666666666666	0
0.0027624309392265192	0
0.005405405405405406	0.002702702702702703
0	0.008064516129032258
0.007957559681697613	0
0.013966480446927373	0.002793296089385475
0.013623978201634877	0.0027247956403269754
0.01639344262295082	0.00546448087431694
0.0160857908847185	0.005361930294906166
0.005449591280653951	0.0027247956403269754
0.005420054200542005	0.005420054200542005
0.008241758241758242	0.013736263736263736
0.013550135501355014	0.008130081300813009
0.005333333333333333	0.0026666666666666666
0.011049723756906077	0.013812154696132596
0.00819672131147541	0.00819672131147541
0.0106951871657754	0.00267379679144385
0.013404825737265416	0.005361930294906166
0.005479452054794521	0.0027397260273972603
0.013368983957219251	0
0.01366120218579235	0.01366120218579235
0.00821917808219178	0.005479452054794521
0.011142061281337047	0.013927576601671309
0.005420054200542005	0
0.01358695652173913	0
0.005420054200542005	0.01084010840108401
0.01366120218579235	0
0.00819672131147541	0.00546448087431694
0.013736263736263736	0.005494505494505495
0.01643835616438356	0
0.008130081300813009	0.0027100271002710027
0.002770083102493075	0
0.008152173913043478	0.005434782608695652
0.0110803324099723	0
0.008241758241758242	0.0027472527472527475
0.005571030640668524	0.002785515320334262
0.011049723756906077	0.0027624309392265192
0.00821917808219178	0.0027397260273972603
0.01098901098901099	0
0.00554016620498615	0
0.0056022408963585435	0
0.008287292817679558	0.0055248618784530384
0.010899182561307902	0.010899182561307902
0.00554016620498615	0.00554016620498615
0.00819672131147541	0
0.00554016620498615	0.00554016620498615
0.005509641873278237	0.005509641873278237
0.00821917808219178	0.0027397260273972603
0.00546448087431694	0.00273224043715847
0.01366120218579235	0.00546448087431694
0.005420054200542005	0.01084010840108401
0	0.00554016620498615
0.011235955056179775	0.0028089887640449437
0.005449591280653951	0.005449591280653951
0.013812154696132596	0.008287292817679558
0.0027624309392265192	0.0055248618784530384
0.005449591280653951	0.005449591280653951
0.011019283746556474	0.008264462809917356
0.01092896174863388	0.00819672131147541
0.0027397260273972603	0.005479452054794521
0.011111111111111112	0
0.0027548209366391185	0.0027548209366391185
0.008174386920980926	0.010899182561307902
0.008310249307479225	0
0.0027472527472527475	0.0027472527472527475
0.013888888888888888	0
0.00273224043715847	0.01092896174863388
0.00554016620498615	0.002770083102493075
0.01366120218579235	0.00273224043715847
0.00821917808219178	0
0.011111111111111112	0.005555555555555556
0	0
0.008287292817679558	0.0027624309392265192
0.00819672131147541	0.00819672131147541
0.010899182561307902	0.0027247956403269754
0	0.005555555555555556
0.005509641873278237	0
0.00554016620498615	0
0.01634877384196185	0.005449591280653951
0.00546448087431694	0.00546448087431694
0.005571030640668524	0.008356545961002786
0.005571030640668524	0.002785515320334262
0.011019283746556474	0.0027548209366391185
0.00821917808219178	0
0.0027624309392265192	0.011049723756906077
0.00821917808219178	0.00821917808219178
0.013812154696132596	0.0027624309392265192
0.005571030640668524	0.002785515320334262
0.00554016620498615	0.002770083102493075
0.008264462809917356	0.011019283746556474
0.016260162601626018	0.005420054200542005
0.005571030640668524	0.002785515320334262
0.00554016620498615	0.00554016620498615
0.002777777777777778	0.002777777777777778
0.010899182561307902	0
0.002717391304347826	0.010869565217391304
0.008130081300813009	0
0.008130081300813009	0.0027100271002710027
0.005376344086021506	0.005376344086021506
0.0027397260273972603	0.0027397260273972603
0.00546448087431694	0.00546448087431694
0.005714285714285714	0.002857142857142857
0.010869565217391304	0.005434782608695652
0.010869565217391304	0.010869565217391304
0.0027548209366391185	0.005509641873278237
0.01098901098901099	0.0027472527472527475
0.008	0.0026666666666666666
0.01358695652173913	0.002717391304347826
0.005449591280653951	0
0.005333333333333333	0
0.005405405405405406	0.002702702702702703
0.005494505494505495	0.0027472527472527475
0.002770083102493075	0.002770083102493075
0.00546448087431694	0
0.010810810810810811	0.005405405405405406
0.013440860215053764	0.005376344086021506
0.00273224043715847	0.00273224043715847
0.002688172043010753	0.002688172043010753
0.008130081300813009	0.005420054200542005
0.0160857908847185	0.010723860589812333
0.011019283746556474	0.0027548209366391185
0.0110803324099723	0.002770083102493075
0.008522727272727272	0.005681818181818182
0.002785515320334262	0
0.005633802816901409	0.0028169014084507044
0.0110803324099723	0.002770083102493075
0.0027548209366391185	0.0027548209366391185
0.00821917808219178	0.0027397260273972603
0.002777777777777778	0
0.005555555555555556	0.002777777777777778
0.008241758241758242	0.005494505494505495
0.005479452054794521	0.0027397260273972603
0.005479452054794521	0.0027397260273972603
0.013513513513513514	0.002702702702702703
0.008130081300813009	0.0027100271002710027
0.0027548209366391185	0.008264462809917356
0.01358695652173913	0
0.018970189701897018	0.0027100271002710027
0.011049723756906077	0.0027624309392265192
0	0.014124293785310734
0.0056657223796034	0
0.01639344262295082	0
0.013440860215053764	0.010752688172043012
0.008108108108108109	0.002702702702702703
0.011019283746556474	0
0.01098901098901099	0.019230769230769232
0.008264462809917356	0.008264462809917356
0.010869565217391304	0
0.0056022408963585435	0.0028011204481792717
0.02452316076294278	0.005449591280653951
0.008426966292134831	0.008426966292134831
0.0027247956403269754	0.010899182561307902
0.0027548209366391185	0.005509641873278237
0.002770083102493075	0.002770083102493075
0.01092896174863388	0.00546448087431694
0.011267605633802818	0.0028169014084507044
0	0.005509641873278237
0.016304347826086956	0.01358695652173913
0.008356545961002786	0
0.008310249307479225	0.00554016620498615
0.0056657223796034	0.0028328611898017
0.0027100271002710027	0.005420054200542005
0	0
0.013774104683195593	0.0027548209366391185
0.008264462809917356	0
0.0027247956403269754	0
0.005509641873278237	0.005509641873278237
0.002770083102493075	0.002770083102493075
0.00821917808219178	0
0.01971830985915493	0.005633802816901409
0.008450704225352112	0
0.0169971671388102	0.0056657223796034
0.008403361344537815	0.0028011204481792717
0.010899182561307902	0
0.002770083102493075	0
0.005479452054794521	0.005479452054794521
0.008356545961002786	0.005571030640668524
0.00821917808219178	0.00821917808219178
0.0056022408963585435	0.0056022408963585435
0.013550135501355014	0.005420054200542005
0.01680672268907563	0.008403361344537815
0.005571030640668524	0.002785515320334262
0.002785515320334262	0.002785515320334262
0.011049723756906077	0.0055248618784530384
0.005633802816901409	0.0028169014084507044
0.019553072625698324	0
0.013623978201634877	0.005449591280653951
0.0055248618784530384	0
0.011111111111111112	0
0.005479452054794521	0.0027397260273972603
0.008241758241758242	0.0027472527472527475
0.011019283746556474	0.0027548209366391185
0.002717391304347826	0.002717391304347826
0.013440860215053764	0.005376344086021506
0.0028169014084507044	0.0028169014084507044
0.013736263736263736	0.005494505494505495
0.01098901098901099	0.008241758241758242
0.01652892561983471	0.0027548209366391185
0.00821917808219178	0.005479452054794521
0.00821917808219178	0.0027397260273972603
0.01366120218579235	0
0.008310249307479225	0.008310249307479225
0.011267605633802818	0.008450704225352112
0.0027397260273972603	0.0027397260273972603
0.008241758241758242	0
0.010899182561307902	0.005449591280653951
0.0055248618784530384	0
0.0056179775280898875	0.011235955056179775
0.0136986301369863	0.0027397260273972603
0.00819672131147541	0.00546448087431694
0.011267605633802818	0.0028169014084507044
0.0027624309392265192	0.0055248618784530384
0.008403361344537815	0.0056022408963585435
0	0.005420054200542005
0.011142061281337047	0.005571030640668524
0	0.011111111111111112
0.005633802816901409	0.0028169014084507044
0.0055248618784530384	0.0027624309392265192
0.00847457627118644	0
0.005555555555555556	0.002777777777777778
0.0027397260273972603	0.0027397260273972603
0.01977401129943503	0
0.010869565217391304	0
0.00554016620498615	0
0.014084507042253521	0.0028169014084507044
0.010958904109589041	0.00821917808219178
0.01634877384196185	0.0027247956403269754
0.005494505494505495	0.005494505494505495
0.00554016620498615	0
0.0056022408963585435	0
0.01366120218579235	0.00819672131147541
0	0.0055248618784530384
0.010869565217391304	0
0.008426966292134831	0.0028089887640449437
0.00273224043715847	0.00273224043715847
0.0027397260273972603	0.0027397260273972603
0.00821917808219178	0.0027397260273972603
0.01092896174863388	0
0.002702702702702703	0.008108108108108109
0.008108108108108109	0.005405405405405406
0.00819672131147541	0
0.002717391304347826	0.008152173913043478
0.00819672131147541	0.00273224043715847
0.01092896174863388	0.00273224043715847
0.019390581717451522	0.002770083102493075
0.005479452054794521	0.0027397260273972603
0.008310249307479225	0.002770083102493075
0.005555555555555556	0.005555555555555556
0.005555555555555556	0.008333333333333333
0	0.0028011204481792717
0.013966480446927373	0
0.00558659217877095	0.01675977653631285
0.0111731843575419	0.00558659217877095
0.01092896174863388	0.00819672131147541
0.005479452054794521	0
0.010810810810810811	0.013513513513513514
0.005494505494505495	0.01098901098901099
0.002770083102493075	0.002770083102493075
0.008310249307479225	0.002770083102493075
0.016574585635359115	0.0027624309392265192
0.002793296089385475	0.0111731843575419
0.008130081300813009	0
0.005405405405405406	0
0.01358695652173913	0.002717391304347826
0.013736263736263736	0.005494505494505495
0.010899182561307902	0.0027247956403269754
0.002717391304347826	0.008152173913043478
0.00821917808219178	0.0027397260273972603
0.008174386920980926	0.0027247956403269754
0.00273224043715847	0.00273224043715847
0.00821917808219178	0
0.00804289544235925	0
0	0.00821917808219178
0.0027397260273972603	0
0.013812154696132596	0.0027624309392265192
0.011396011396011397	0.005698005698005698
0.005494505494505495	0.005494505494505495
0.013888888888888888	0.005555555555555556
0.013623978201634877	0.0027247956403269754
0.005494505494505495	0.0027472527472527475
0.01098901098901099	0.0027472527472527475
0.008287292817679558	0.011049723756906077
0.00554016620498615	0.00554016620498615
0.0027624309392265192	0.011049723756906077
0.008152173913043478	0.008152173913043478
0.011049723756906077	0.0027624309392265192
0.005633802816901409	0
0.03234501347708895	0.0026954177897574125
0.0055248618784530384	0.011049723756906077
0.013736263736263736	0
0.011111111111111112	0.005555555555555556
0.019498607242339833	0.002785515320334262
0.016483516483516484	0.01098901098901099
0	0.0027100271002710027
0.008620689655172414	0.0028735632183908046
0.008522727272727272	0.005681818181818182
0.013550135501355014	0.005420054200542005
0.002777777777777778	0.005555555555555556
0.016574585635359115	0.0027624309392265192
0.01652892561983471	0.008264462809917356
0.008333333333333333	0.005555555555555556
0.002785515320334262	0.005571030640668524
0.005681818181818182	0.008522727272727272
0.010958904109589041	0.00821917808219178
0.0027548209366391185	0.005509641873278237
0.002793296089385475	0.002793296089385475
0.002793296089385475	0.008379888268156424
0.0056657223796034	0.0056657223796034
0.013966480446927373	0.00558659217877095
0.00554016620498615	0.002770083102493075
0.005494505494505495	0
0.01098901098901099	0
0.008310249307479225	0.002770083102493075
0.0110803324099723	0.002770083102493075
0.008403361344537815	0
0.011111111111111112	0
0.019230769230769232	0.005494505494505495
0.005376344086021506	0
0.005509641873278237	0.0027548209366391185
0.011111111111111112	0.005555555555555556
0.005376344086021506	0.008064516129032258
0.002680965147453083	0
0.0027472527472527475	0.005494505494505495
0.005633802816901409	0.005633802816901409
0.022727272727272728	0.002840909090909091
0.008310249307479225	0.002770083102493075
0.02247191011235955	0.0056179775280898875
0.016666666666666666	0.008333333333333333
0.016574585635359115	0.0027624309392265192
0.008264462809917356	0
0.0027397260273972603	0
0.0136986301369863	0.005479452054794521
0.008287292817679558	0
0.01092896174863388	0.00273224043715847
0.01643835616438356	0
0.013736263736263736	0.008241758241758242
0.00273224043715847	0.00546448087431694
0.01907356948228883	0.005449591280653951
0.002849002849002849	0.002849002849002849
0.010752688172043012	0.008064516129032258
0.008287292817679558	0
0.00819672131147541	0.01366120218579235
0.005509641873278237	0.005509641873278237
0.008241758241758242	0.008241758241758242
0.011111111111111112	0.008333333333333333
0.008152173913043478	0
0.00546448087431694	0.00546448087431694
0.010958904109589041	0.005479452054794521
0.011019283746556474	0
0.002702702702702703	0.002702702702702703
0.013550135501355014	0.005420054200542005
0.008241758241758242	0.008241758241758242
0.008379888268156424	0.002793296089385475
0	0.01092896174863388
0.01358695652173913	0.010869565217391304
0.013774104683195593	0.0027548209366391185
0.005649717514124294	0.002824858757062147
0	0
0.016666666666666666	0.005555555555555556
0.008403361344537815	0
0	0
0.0106951871657754	0.00267379679144385
0.0026666666666666666	0.0026666666666666666
0.005420054200542005	0.0027100271002710027
0.008108108108108109	0.008108108108108109
0.005361930294906166	0
0.005479452054794521	0.00821917808219178
0.013550135501355014	0
0.010752688172043012	0.002688172043010753
0.005390835579514825	0.0026954177897574125
0.01084010840108401	0.008130081300813009
0.005434782608695652	0
0	0.008287292817679558
0.013404825737265416	0.002680965147453083
0.008287292817679558	0.0027624309392265192
0.00558659217877095	0.002793296089385475
0.014005602240896359	0.0028011204481792717
0.016713091922005572	0.005571030640668524
0.0028011204481792717	0.0056022408963585435
0.00554016620498615	0.002770083102493075
0.013850415512465374	0.002770083102493075
0.008287292817679558	0.0027624309392265192
0.00558659217877095	0.00558659217877095
0.01098901098901099	0.005494505494505495
0.00554016620498615	0.0110803324099723
0.0027472527472527475	0.008241758241758242
0.013850415512465374	0.002770083102493075
0.0084985835694051	0.0028328611898017
0.008379888268156424	0
0.0028089887640449437	0.0056179775280898875
0.005434782608695652	0
0.010958904109589041	0.00821917808219178
0.008287292817679558	0.0027624309392265192
0.005390835579514825	0.005390835579514825
0	0.005449591280653951
0.010899182561307902	0.005449591280653951
0.008264462809917356	0.0027548209366391185
0.00819672131147541	0.00273224043715847
0.01084010840108401	0.005420054200542005
0.010869565217391304	0.010869565217391304
0.008086253369272238	0.008086253369272238
0.013477088948787063	0.008086253369272238
0.01092896174863388	0.00273224043715847
0.0027472527472527475	0.005494505494505495
0.00819672131147541	0.00546448087431694
0.008287292817679558	0.0055248618784530384
0.010899182561307902	0.0027247956403269754
0.0027472527472527475	0.008241758241758242
0.011142061281337047	0.008356545961002786
0.010899182561307902	0.01634877384196185
0.005449591280653951	0.0027247956403269754
0.008333333333333333	0.002777777777777778
0.005405405405405406	0.002702702702702703
0	0.005390835579514825
0.01662049861495845	0.0110803324099723
0.0110803324099723	0.008310249307479225
0.008130081300813009	0.008130081300813009
0.0027100271002710027	0.005420054200542005
0	0.0055248618784530384
0.005509641873278237	0
0.005405405405405406	0.008108108108108109
0.008287292817679558	0.0055248618784530384
0.01092896174863388	0.00819672131147541
0.008174386920980926	0.0027247956403269754
0.00804289544235925	0.005361930294906166
0.005494505494505495	0.0027472527472527475
0.0110803324099723	0.0110803324099723
0.00558659217877095	0.00558659217877095
0.008174386920980926	0.010899182561307902
0.013888888888888888	0.008333333333333333
0.01912568306010929	0
0.0028089887640449437	0
0.008241758241758242	0
0.008152173913043478	0.002717391304347826
0.01098901098901099	0.005494505494505495
0.010810810810810811	0.002702702702702703
0.013812154696132596	0.013812154696132596
0.005494505494505495	0.008241758241758242
0.005479452054794521	0.0027397260273972603
0.00273224043715847	0.00273224043715847
0.008064516129032258	0.005376344086021506
0.008086253369272238	0.005390835579514825
0.010723860589812333	0.002680965147453083
0.016216216216216217	0.002702702702702703
0.010810810810810811	0.005405405405405406
0.008241758241758242	0.0027472527472527475
0.008241758241758242	0.0027472527472527475
0.00546448087431694	0.00273224043715847
0.01092896174863388	0.00546448087431694
0.011142061281337047	0.002785515320334262
0.008130081300813009	0.005420054200542005
0.013513513513513514	0
0.0056179775280898875	0.0028089887640449437
0.010810810810810811	0
0.0027472527472527475	0.0027472527472527475
0.013623978201634877	0
0.010869565217391304	0.002717391304347826
0.013736263736263736	0.005494505494505495
0.005420054200542005	0.0027100271002710027
0.013850415512465374	0.002770083102493075
0.010899182561307902	0.0027247956403269754
0.008310249307479225	0.002770083102493075
0.00546448087431694	0.01092896174863388
0.010810810810810811	0.008108108108108109
0.005405405405405406	0.008108108108108109
0.005434782608695652	0.002717391304347826
0.010899182561307902	0.005449591280653951
0.005571030640668524	0.002785515320334262
0.010810810810810811	0
0.0027247956403269754	0.008174386920980926
0.0027397260273972603	0.0027397260273972603
0.01652892561983471	0.005509641873278237
0.005555555555555556	0.002777777777777778
0.013513513513513514	0.002702702702702703
0.008130081300813009	0.0027100271002710027
0.008152173913043478	0.005434782608695652
0.01078167115902965	0.0026954177897574125
0.013513513513513514	0
0.002717391304347826	0.005434782608695652
0.010810810810810811	0.005405405405405406
0.00546448087431694	0.00546448087431694
0.016260162601626018	0.005420054200542005
0.008174386920980926	0.008174386920980926
0	0
0.019553072625698324	0.008379888268156424
0.019021739130434784	0.002717391304347826
0.005449591280653951	0.005449591280653951
0.0027472527472527475	0.0027472527472527475
0.002702702702702703	0.008108108108108109
0.00847457627118644	0.005649717514124294
0.008356545961002786	0.002785515320334262
0.013774104683195593	0.005509641873278237
0.01098901098901099	0.0027472527472527475
0.008152173913043478	0.002717391304347826
0.008086253369272238	0.005390835579514825
0.0027548209366391185	0.0027548209366391185
0.01092896174863388	0.00819672131147541
0.008152173913043478	0.002717391304347826
0.00821917808219178	0
0.002702702702702703	0.002702702702702703
0.010899182561307902	0.0027247956403269754
0.0136986301369863	0.01643835616438356
0.013736263736263736	0.0027472527472527475
0.00273224043715847	0.00273224043715847
0.005555555555555556	0.005555555555555556
0.010810810810810811	0.008108108108108109
0.016172506738544475	0
0.005479452054794521	0.00821917808219178
0.00546448087431694	0.00273224043715847
0.0136986301369863	0
0.01078167115902965	0.005390835579514825
0.008241758241758242	0.005494505494505495
0.008426966292134831	0.0056179775280898875
0.008310249307479225	0.00554016620498615
0.016574585635359115	0.013812154696132596
0	0.0027548209366391185
0.0055248618784530384	0
0.01366120218579235	0
0.00554016620498615	0.00554016620498615
0.00847457627118644	0
0.0027472527472527475	0.005494505494505495
0.008356545961002786	0.002785515320334262
0.005571030640668524	0.008356545961002786
0.011142061281337047	0
0.01643835616438356	0.005479452054794521
0.011235955056179775	0
0.01366120218579235	0.00273224043715847
0.0056022408963585435	0
0.005420054200542005	0
0.005376344086021506	0.010752688172043012
0.013550135501355014	0.01084010840108401
0.005555555555555556	0.002777777777777778
0.016304347826086956	0.002717391304347826
0.01358695652173913	0
0.005479452054794521	0.005479452054794521
0.008130081300813009	0.013550135501355014
0.008264462809917356	0.0027548209366391185
0.00546448087431694	0.00819672131147541
0.008108108108108109	0.005405405405405406
0.0027472527472527475	0
0.008310249307479225	0.00554016620498615
0.00819672131147541	0
0.0027397260273972603	0.005479452054794521
0.0111731843575419	0.008379888268156424
0.0136986301369863	0.005479452054794521
0.008130081300813009	0.0027100271002710027
0.008152173913043478	0.002717391304347826
0.011049723756906077	0.0055248618784530384
0.005420054200542005	0.0027100271002710027
0.00821917808219178	0.00821917808219178
0.008152173913043478	0.002717391304347826
0.002717391304347826	0.005434782608695652
0.0027548209366391185	0.0027548209366391185
0.01358695652173913	0
0.008287292817679558	0.0055248618784530384
0.0056657223796034	0
0.013812154696132596	0.0055248618784530384
0.011049723756906077	0.0055248618784530384
0.01084010840108401	0.0027100271002710027
0.0027548209366391185	0.0027548209366391185
0.010958904109589041	0.0027397260273972603
0.011019283746556474	0
0.00273224043715847	0.00273224043715847
0.008174386920980926	0.005449591280653951
0.008241758241758242	0.005494505494505495
0.01084010840108401	0
0.00821917808219178	0.005479452054794521
0.01358695652173913	0.002717391304347826
0.0136986301369863	0
0.005479452054794521	0.005479452054794521
0.0055248618784530384	0.0027624309392265192
0.0110803324099723	0
0.013888888888888888	0.008333333333333333
0.0055248618784530384	0.0055248618784530384
0.008241758241758242	0
0.0056022408963585435	0.0056022408963585435
0	0.00273224043715847
0.008174386920980926	0.005449591280653951
0.005494505494505495	0.005494505494505495
0.0055248618784530384	0.0055248618784530384
0.002785515320334262	0.005571030640668524
0.00554016620498615	0.00554016620498615
0.011019283746556474	0
0.010958904109589041	0.0027397260273972603
0.005449591280653951	0.0027247956403269754
0.01928374655647383	0.0027548209366391185
0.005555555555555556	0.005555555555555556
0.008310249307479225	0
0.008403361344537815	0.0056022408963585435
0.008241758241758242	0.008241758241758242
0.0027624309392265192	0.0027624309392265192
0.005509641873278237	0.0027548209366391185
0.0055248618784530384	0.0055248618784530384
0.0027624309392265192	0
0.00821917808219178	0.0027397260273972603
0.019390581717451522	0.008310249307479225
0	0.002785515320334262
0.008356545961002786	0.002785515320334262
0.005449591280653951	0.0027247956403269754
0.008241758241758242	0.0027472527472527475
0.0136986301369863	0.0027397260273972603
0.008379888268156424	0.00558659217877095
0.00546448087431694	0.00546448087431694
0.014044943820224719	0.0056179775280898875
0.005555555555555556	0
0.005420054200542005	0.0027100271002710027
0.0110803324099723	0.002770083102493075
0.005509641873278237	0
0.016304347826086956	0.005434782608695652
0.00554016620498615	0
0.010899182561307902	0.005449591280653951
0.013812154696132596	0.0055248618784530384
0.00821917808219178	0
0.013736263736263736	0.008241758241758242
0.008264462809917356	0.0027548209366391185
0.008403361344537815	0.0028011204481792717
0.005479452054794521	0.0027397260273972603
0.011111111111111112	0.002777777777777778
0.002785515320334262	0.002785515320334262
0.01098901098901099	0
0.008450704225352112	0.0028169014084507044
0.01092896174863388	0
0.008174386920980926	0
0.011049723756906077	0.0027624309392265192
0.0111731843575419	0.002793296089385475
0.00847457627118644	0.00847457627118644
0	0.0028089887640449437
0.013888888888888888	0
0.01639344262295082	0.00819672131147541
0.008287292817679558	0.0055248618784530384
0.005420054200542005	0.008130081300813009
0.011111111111111112	0.013888888888888888
0.00273224043715847	0.00546448087431694
0.00819672131147541	0.00273224043715847
0.0028011204481792717	0.011204481792717087
0.0027397260273972603	0
0	0.005479452054794521
0.002824858757062147	0.002824858757062147
0.0136986301369863	0.0027397260273972603
0.0027624309392265192	0.0055248618784530384
0.01092896174863388	0.00546448087431694
0.01098901098901099	0.005494505494505495
0.0056179775280898875	0
0.011204481792717087	0.011204481792717087
0.0027624309392265192	0
0.016666666666666666	0
0.014084507042253521	0.014084507042253521
0.0027548209366391185	0.0027548209366391185
0.002785515320334262	0.008356545961002786
0.011049723756906077	0.0027624309392265192
0.0136986301369863	0.005479452054794521
0.014005602240896359	0.0056022408963585435
0.008264462809917356	0.005509641873278237
0.0110803324099723	0.008310249307479225
0.005555555555555556	0.008333333333333333
0.01639344262295082	0.00546448087431694
0.008450704225352112	0
0.008379888268156424	0.008379888268156424
0.019390581717451522	0.002770083102493075
0.0056022408963585435	0
0.016304347826086956	0.005434782608695652
0.013812154696132596	0
0.005479452054794521	0.00821917808219178
0.0169971671388102	0.0028328611898017
0.0027397260273972603	0.0027397260273972603
0.0027472527472527475	0.01098901098901099
0.011049723756906077	0.0027624309392265192
0.013927576601671309	0.011142061281337047
0.0028169014084507044	0.005633802816901409
0.0110803324099723	0.00554016620498615
0.005494505494505495	0.005494505494505495
0.002777777777777778	0
0.01098901098901099	0.0027472527472527475
0.0027472527472527475	0.0027472527472527475
0.011267605633802818	0.005633802816901409
0.013888888888888888	0.011111111111111112
0	0.0027100271002710027
0.005494505494505495	0.0027472527472527475
0.008333333333333333	0.008333333333333333
0.016574585635359115	0.0055248618784530384
0.013927576601671309	0.002785515320334262
0.002770083102493075	0.0110803324099723
0.008450704225352112	0
0.011299435028248588	0.002824858757062147
0.008287292817679558	0.0027624309392265192
0.005479452054794521	0.0027397260273972603
0.008130081300813009	0.0027100271002710027
0.002770083102493075	0.00554016620498615
0.008310249307479225	0.00554016620498615
0.005509641873278237	0.005509641873278237
0.01092896174863388	0.00273224043715847
0.0111731843575419	0.00558659217877095
0.011111111111111112	0
0.005509641873278237	0
0.008333333333333333	0.005555555555555556
0.011204481792717087	0.0028011204481792717
0.008356545961002786	0.008356545961002786
0.008379888268156424	0.008379888268156424
0.0113314447592068	0.0084985835694051
0.0055248618784530384	0.0055248618784530384
0.008264462809917356	0.005509641873278237
0.008130081300813009	0.0027100271002710027
0.0027624309392265192	0.0027624309392265192
0.005494505494505495	0.008241758241758242
0	0.002717391304347826
0.013850415512465374	0.00554016620498615
0.002793296089385475	0.00558659217877095
0.008287292817679558	0.0055248618784530384
0.0055248618784530384	0.016574585635359115
0.005479452054794521	0.0027397260273972603
0.005434782608695652	0
0.005479452054794521	0.0027397260273972603
0.008379888268156424	0.00558659217877095
0.0055248618784530384	0
0.00558659217877095	0.00558659217877095
0.002770083102493075	0
0.010958904109589041	0.0027397260273972603
0.011267605633802818	0
0.005633802816901409	0.005633802816901409
0.00821917808219178	0.0027397260273972603
0.008264462809917356	0
0.010958904109589041	0.0027397260273972603
0.008130081300813009	0.0027100271002710027
0.00554016620498615	0.002770083102493075
0.013736263736263736	0.0027472527472527475
0.005649717514124294	0.00847457627118644
0	0.002793296089385475
0.0110803324099723	0.013850415512465374
0.005747126436781609	0.005747126436781609
0.011019283746556474	0.0027548209366391185
0.005633802816901409	0
0.0084985835694051	0.0056657223796034
0.0136986301369863	0.00821917808219178
0	0.008310249307479225
0.008403361344537815	0
0	0
0.00558659217877095	0.008379888268156424
0.011142061281337047	0.002785515320334262
0.0029239766081871343	0.008771929824561403
0.011142061281337047	0.002785515320334262
0	0
0.011049723756906077	0.0027624309392265192
0.016901408450704224	0
0.01098901098901099	0
0.016853932584269662	0
0.0028328611898017	0.0056657223796034
0.0027624309392265192	0.0055248618784530384
0.0028169014084507044	0.0028169014084507044
0.011142061281337047	0
0.005420054200542005	0.0027100271002710027
0.01084010840108401	0
0.005434782608695652	0.008152173913043478
0.021447721179624665	0.002680965147453083
0.008264462809917356	0
0.005376344086021506	0
0.013333333333333334	0.005333333333333333
0.00821917808219178	0.0027397260273972603
0.010810810810810811	0.005405405405405406
0.005376344086021506	0.005376344086021506
0.008130081300813009	0.0027100271002710027
0.0027624309392265192	0.0055248618784530384
0.016129032258064516	0.005376344086021506
0.005420054200542005	0
0.008152173913043478	0.002717391304347826
0.010899182561307902	0
0.008174386920980926	0
0	0.005390835579514825
0.01366120218579235	0.00546448087431694
0.010869565217391304	0
0.008086253369272238	0
0.008174386920980926	0.008174386920980926
0.0111731843575419	0.002793296089385475
0.010958904109589041	0.0027397260273972603
0.008108108108108109	0
0.01634877384196185	0
0.01639344262295082	0.00819672131147541
0.002702702702702703	0.002702702702702703
0.005509641873278237	0.0027548209366391185
0.0026954177897574125	0.008086253369272238
0.00554016620498615	0.008310249307479225
0.002717391304347826	0
0.0053475935828877	0.008021390374331552
0.008287292817679558	0.0027624309392265192
0.0027100271002710027	0.0027100271002710027
0.0027548209366391185	0
0.005479452054794521	0.0027397260273972603
0.0027624309392265192	0.008287292817679558
0.008522727272727272	0.008522727272727272
0.005494505494505495	0
0.005390835579514825	0.0026954177897574125
0.00821917808219178	0.005479452054794521
0.002717391304347826	0.01358695652173913
0.0027548209366391185	0
0.01092896174863388	0
0.008174386920980926	0.0027247956403269754
0.0110803324099723	0
0.013623978201634877	0.0027247956403269754
0.013888888888888888	0.002777777777777778
0.0026954177897574125	0.01078167115902965
0.021447721179624665	0.002680965147453083
0.0028169014084507044	0.0028169014084507044
0.01078167115902965	0.008086253369272238
0.008152173913043478	0.005434782608695652
0	0.011142061281337047
0.0026954177897574125	0
0.0056179775280898875	0.0056179775280898875
0.002770083102493075	0.0110803324099723
0.00821917808219178	0.010958904109589041
0.01092896174863388	0
0.005494505494505495	0.008241758241758242
0.005420054200542005	0.0027100271002710027
0.013888888888888888	0.005555555555555556
0.010958904109589041	0.00821917808219178
0	0.0027472527472527475
0.008152173913043478	0
0.008264462809917356	0.0027548209366391185
0.00821917808219178	0.00821917808219178
0.002793296089385475	0.00558659217877095
0	0
0.005494505494505495	0.0027472527472527475
0	0.002824858757062147
0.008264462809917356	0.005509641873278237
0.008130081300813009	0.005420054200542005
0.01092896174863388	0.00273224043715847
0	0.005555555555555556
0.008379888268156424	0.00558659217877095
0.005509641873278237	0.005509641873278237
0.00554016620498615	0.00554016620498615
0.010899182561307902	0.008174386920980926
0.014005602240896359	0
0.0110803324099723	0.002770083102493075
0	0.016574585635359115
0.0110803324099723	0.008310249307479225
0.013850415512465374	0.002770083102493075
0.01652892561983471	0.0027548209366391185
0.0110803324099723	0.008310249307479225
0.011111111111111112	0.005555555555555556
0.005494505494505495	0
0.014204545454545454	0.014204545454545454
0.002717391304347826	0.010869565217391304
0.0055248618784530384	0.0055248618784530384
0.011235955056179775	0.0056179775280898875
0.01652892561983471	0
0.008333333333333333	0.008333333333333333
0.0027472527472527475	0.0027472527472527475
0.0028011204481792717	0.0028011204481792717
0.00558659217877095	0
0.016713091922005572	0.013927576601671309
0.0028011204481792717	0.0056022408963585435
0.008310249307479225	0.00554016620498615
0.013774104683195593	0.005509641873278237
0.016483516483516484	0
0.010958904109589041	0.0027397260273972603
0.002785515320334262	0
0.00273224043715847	0.00273224043715847
0.008356545961002786	0
0.0055248618784530384	0.0055248618784530384
0.0027247956403269754	0
0.002770083102493075	0
0.00821917808219178	0
0.008241758241758242	0.008241758241758242
0	0.005571030640668524
0	0.0028011204481792717
0.00819672131147541	0.00273224043715847
0.0111731843575419	0.002793296089385475
0.016713091922005572	0.011142061281337047
0.0055248618784530384	0.0027624309392265192
0.01639344262295082	0.00273224043715847
0.0027472527472527475	0.005494505494505495
0.01358695652173913	0.002717391304347826
0.005633802816901409	0.005633802816901409
0.008333333333333333	0.002777777777777778
0.005509641873278237	0.0027548209366391185
0.008333333333333333	0
0.008450704225352112	0.005633802816901409
0.008333333333333333	0.002777777777777778
0.002777777777777778	0.002777777777777778
0.00819672131147541	0
0.008241758241758242	0.005494505494505495
0.00554016620498615	0.008310249307479225
0.014044943820224719	0.0056179775280898875
0.008333333333333333	0
0.008287292817679558	0.011049723756906077
0.008356545961002786	0.008356545961002786
0.008310249307479225	0.002770083102493075
0.005509641873278237	0.013774104683195593
0.0084985835694051	0
0.0111731843575419	0
0.005633802816901409	0.008450704225352112
0.011235955056179775	0.0028089887640449437
0.008426966292134831	0.0028089887640449437
0.008403361344537815	0.0056022408963585435
0.008241758241758242	0
0.008310249307479225	0
0.0084985835694051	0.0056657223796034
0.014084507042253521	0.0028169014084507044
0.00558659217877095	0.002793296089385475
0.01098901098901099	0.005494505494505495
0.008426966292134831	0.0028089887640449437
0.01098901098901099	0.005494505494505495
0.008356545961002786	0
0.014124293785310734	0.00847457627118644
0.00558659217877095	0.008379888268156424
0.0028328611898017	0.0028328611898017
0.008356545961002786	0
0.017094017094017096	0
0.005479452054794521	0.0027397260273972603
0.01694915254237288	0.00847457627118644
0.008287292817679558	0.0027624309392265192
0.00554016620498615	0.00554016620498615
0.008310249307479225	0
0.005494505494505495	0.005494505494505495
0.002777777777777778	0.008333333333333333
0.0027247956403269754	0
0.005479452054794521	0
0.010958904109589041	0.005479452054794521
0.008264462809917356	0.0027548209366391185
0.008310249307479225	0.002770083102493075
0.01098901098901099	0.008241758241758242
0.0027247956403269754	0.005449591280653951
0.00273224043715847	0.01092896174863388
0.014044943820224719	0.014044943820224719
0.0110803324099723	0
0	0.008287292817679558
0	0.002785515320334262
0.008287292817679558	0.008287292817679558
0.011142061281337047	0
0.0027548209366391185	0.011019283746556474
0.005555555555555556	0.005555555555555556
0	0.008241758241758242
0.0055248618784530384	0.0027624309392265192
0.002785515320334262	0.002785515320334262
0.013850415512465374	0.002770083102493075
0.005571030640668524	0.002785515320334262
0.008403361344537815	0.0056022408963585435
0.008287292817679558	0.008287292817679558
0.016666666666666666	0
0.0056179775280898875	0.008426966292134831
0.01680672268907563	0
0.008264462809917356	0
0.008333333333333333	0.002777777777777778
0.008174386920980926	0
0	0.005571030640668524
0.01092896174863388	0.00819672131147541
0.005698005698005698	0.011396011396011397
0.00821917808219178	0
0.008310249307479225	0.00554016620498615
0.008152173913043478	0.005434782608695652
0.002777777777777778	0
0.013774104683195593	0.0027548209366391185
0.013927576601671309	0.002785515320334262
0	0
0.01098901098901099	0
0.00819672131147541	0.00546448087431694
0.005571030640668524	0.005571030640668524
0.008152173913043478	0.008152173913043478
0.010958904109589041	0.0027397260273972603
0.00554016620498615	0.00554016620498615
0.0110803324099723	0
0.002770083102493075	0.00554016620498615
0.002793296089385475	0.008379888268156424
0.014245014245014245	0
0.005479452054794521	0.0027397260273972603
0.011049723756906077	0.0055248618784530384
0.013774104683195593	0.0027548209366391185
0.00546448087431694	0.00546448087431694
0.002777777777777778	0.002777777777777778
0.008174386920980926	0.005449591280653951
0.002824858757062147	0.011299435028248588
0.008264462809917356	0.013774104683195593
0.013888888888888888	0.005555555555555556
0.019886363636363636	0.002840909090909091
0.011019283746556474	0.005509641873278237
0.0056179775280898875	0
0.011235955056179775	0
0.005494505494505495	0.0027472527472527475
0.013736263736263736	0.0027472527472527475
0.00546448087431694	0.00546448087431694
0.00821917808219178	0
0.011235955056179775	0.0056179775280898875
0.008241758241758242	0.0027472527472527475
0.00554016620498615	0.013850415512465374
0.013774104683195593	0.005509641873278237
0.008403361344537815	0.0028011204481792717
0.00273224043715847	0.00273224043715847
0.013812154696132596	0
0.01912568306010929	0.01092896174863388
0.005649717514124294	0.005649717514124294
0.01643835616438356	0.005479452054794521
0.01639344262295082	0.00273224043715847
0.011111111111111112	0.002777777777777778
0.01662049861495845	0.00554016620498615
0.019178082191780823	0.005479452054794521
0.008310249307479225	0
0.008356545961002786	0.008356545961002786
0.013850415512465374	0.008310249307479225
0.005494505494505495	0.008241758241758242
0.008287292817679558	0.0027624309392265192
0.00546448087431694	0.00273224043715847
0.005633802816901409	0.005633802816901409
0.0028169014084507044	0.011267605633802818
0.011111111111111112	0
0.005434782608695652	0.002717391304347826
0.002777777777777778	0.005555555555555556
0.005434782608695652	0.002717391304347826
0	0.002770083102493075
0.013623978201634877	0.0027247956403269754
0.0027397260273972603	0.010958904109589041
0.008241758241758242	0.0027472527472527475
0.008174386920980926	0.0027247956403269754
0	0.0027247956403269754
0.0027548209366391185	0.0027548209366391185
0.008241758241758242	0.008241758241758242
0.008241758241758242	0
0.0056022408963585435	0.0056022408963585435
0.008310249307479225	0
0.008241758241758242	0.0027472527472527475
0.002770083102493075	0.00554016620498615
0.008333333333333333	0.005555555555555556
0.014164305949008499	0.0113314447592068
0.0027472527472527475	0
0.008264462809917356	0.008264462809917356
0.008130081300813009	0.0027100271002710027
0.011142061281337047	0.013927576601671309
0.00546448087431694	0.00546448087431694
0	0.010958904109589041
0.0026954177897574125	0.0026954177897574125
0.008264462809917356	0
0.013966480446927373	0
0.008241758241758242	0.0027472527472527475
0	0.00821917808219178
0.0026954177897574125	0.0026954177897574125
0.019390581717451522	0.00554016620498615
0.01098901098901099	0.01098901098901099
0	0.0027100271002710027
0.0055248618784530384	0.0055248618784530384
0.002702702702702703	0.002702702702702703
0.010810810810810811	0.002702702702702703
0	0
0.011049723756906077	0.0055248618784530384
0.008174386920980926	0.0027247956403269754
0.002770083102493075	0.00554016620498615
0.01098901098901099	0
0.013850415512465374	0.002770083102493075
0.005494505494505495	0.01098901098901099
0.002777777777777778	0.008333333333333333
0.011235955056179775	0.0028089887640449437
0.005479452054794521	0.005479452054794521
0.011111111111111112	0.005555555555555556
0.005420054200542005	0
0.005509641873278237	0.008264462809917356
0.0027548209366391185	0.008264462809917356
0.008174386920980926	0.010899182561307902
0.01098901098901099	0.008241758241758242
0	0.010899182561307902
0.010869565217391304	0.008152173913043478
0.005434782608695652	0.005434782608695652
0.008547008547008548	0.002849002849002849
0.010869565217391304	0
0.010810810810810811	0.002702702702702703
0.0027247956403269754	0.005449591280653951
0.0026954177897574125	0.013477088948787063
0.008064516129032258	0.013440860215053764
0.013812154696132596	0.0055248618784530384
0.0027397260273972603	0.005479452054794521
0.008403361344537815	0.0028011204481792717
0.00546448087431694	0.01366120218579235
0.0027472527472527475	0
0.011235955056179775	0
0	0
0	0
0.00819672131147541	0.00273224043715847
0.00546448087431694	0.00819672131147541
0.005479452054794521	0.0027397260273972603
0.008287292817679558	0
0.011049723756906077	0.0027624309392265192
0.0027548209366391185	0
0.01366120218579235	0.01092896174863388
0.014044943820224719	0.0028089887640449437
0.005681818181818182	0
0.0027624309392265192	0.0027624309392265192
0.011049723756906077	0.0055248618784530384
0.011111111111111112	0.005555555555555556
0.016129032258064516	0.002688172043010753
0.005390835579514825	0.0026954177897574125
0	0.0026954177897574125
0	0.002777777777777778
0.01358695652173913	0.002717391304347826
0.0027100271002710027	0.008130081300813009
0.024128686327077747	0.005361930294906166
0.013513513513513514	0.002702702702702703
0.010958904109589041	0
0.0055248618784530384	0.0027624309392265192
0.019021739130434784	0
0.005420054200542005	0
0.013550135501355014	0.01084010840108401
0.00558659217877095	0.002793296089385475
0.008152173913043478	0
0.01084010840108401	0
0.002793296089385475	0.00558659217877095
0.005434782608695652	0.005434782608695652
0.008064516129032258	0.005376344086021506
0.013736263736263736	0
0.008130081300813009	0.0027100271002710027
0.013623978201634877	0.005449591280653951
0.008241758241758242	0.008241758241758242
0.005449591280653951	0.0027247956403269754
0.005434782608695652	0.002717391304347826
0.008174386920980926	0.005449591280653951
0.00821917808219178	0.0027397260273972603
0.008174386920980926	0.0027247956403269754
0.00821917808219178	0.005479452054794521
0.0027247956403269754	0.0027247956403269754
0.008264462809917356	0.0027548209366391185
0.008333333333333333	0.005555555555555556
0.00821917808219178	0.0027397260273972603
0.008174386920980926	0.0027247956403269754
0.0106951871657754	0.0106951871657754
0.002770083102493075	0.00554016620498615
0.002717391304347826	0.008152173913043478
0.008064516129032258	0.002688172043010753
0.005405405405405406	0
0.00546448087431694	0.00273224043715847
0.00273224043715847	0.00546448087431694
0.016260162601626018	0
0.008174386920980926	0.0027247956403269754
0.010752688172043012	0.008064516129032258
0	0
0.010810810810810811	0.008108108108108109
0.005449591280653951	0.005449591280653951
0.005509641873278237	0
0.013368983957219251	0.0053475935828877
0.00273224043715847	0.00273224043715847
0.008310249307479225	0.002770083102493075
0.010752688172043012	0.002688172043010753
0.008174386920980926	0
0.005390835579514825	0.0026954177897574125
0.005449591280653951	0.005449591280653951
0.008174386920980926	0.008174386920980926
0.016666666666666666	0.002777777777777778
0.00821917808219178	0
0.010958904109589041	0.0027397260273972603
0.0027100271002710027	0
0.013513513513513514	0
0.0027548209366391185	0.005509641873278237
0.0106951871657754	0.008021390374331552
0.005434782608695652	0.002717391304347826
0.0027100271002710027	0
0.00821917808219178	0.0027397260273972603
0.005376344086021506	0
0.013440860215053764	0.002688172043010753
0.01907356948228883	0
0.010958904109589041	0.00821917808219178
0.005405405405405406	0
0.00273224043715847	0.00546448087431694
0.010899182561307902	0.0027247956403269754
0.008064516129032258	0.010752688172043012
0.0027548209366391185	0.005509641873278237
0.005361930294906166	0.005361930294906166
0.00273224043715847	0.00273224043715847
0.002717391304347826	0.005434782608695652
0.0027100271002710027	0
0	0.005479452054794521
0.005449591280653951	0.0027247956403269754
0.0113314447592068	0.0028328611898017
0.005698005698005698	0.008547008547008548
0.005698005698005698	0.005698005698005698
0.0056657223796034	0.0056657223796034
0.002777777777777778	0.005555555555555556
0.00821917808219178	0.005479452054794521
0.002785515320334262	0
0.011235955056179775	0.0028089887640449437
0.008426966292134831	0.0028089887640449437
0.005649717514124294	0
0.002840909090909091	0.005681818181818182
0.008450704225352112	0.0028169014084507044
0.002785515320334262	0.005571030640668524
0.0056657223796034	0.0084985835694051
0.0028089887640449437	0.008426966292134831
0.002857142857142857	0.002857142857142857
0.0056022408963585435	0.0028011204481792717
0.013966480446927373	0.00558659217877095
0.008547008547008548	0.002849002849002849
0.011560693641618497	0.005780346820809248
0.005681818181818182	0.008522727272727272
0.005681818181818182	0.005681818181818182
0.005681818181818182	0.002840909090909091
0.00558659217877095	0.002793296089385475
0.008450704225352112	0
0.005494505494505495	0.0027472527472527475
0.008333333333333333	0.002777777777777778
0	0.0057306590257879654
0	0.00273224043715847
0.0028011204481792717	0.0028011204481792717
0.00554016620498615	0
0.0028011204481792717	0
0.002785515320334262	0.011142061281337047
0.008403361344537815	0.008403361344537815
0.0056022408963585435	0
0.008333333333333333	0.002777777777777778
0.0055248618784530384	0.0027624309392265192
0.002785515320334262	0
0.005571030640668524	0.005571030640668524
0.005633802816901409	0.0028169014084507044
0.013774104683195593	0.005509641873278237
0.0028735632183908046	0.0028735632183908046
0.011428571428571429	0.005714285714285714
0.0028169014084507044	0.0028169014084507044
0.022222222222222223	0.002777777777777778
0.0056657223796034	0
0.008333333333333333	0.002777777777777778
0.005681818181818182	0
0.0028328611898017	0.0028328611898017
0.016901408450704224	0
0.005633802816901409	0.008450704225352112
0.011204481792717087	0.0028011204481792717
0.005714285714285714	0
0.011494252873563218	0
0.005571030640668524	0.005571030640668524
0.014285714285714285	0.005714285714285714
0.005633802816901409	0
0.0113314447592068	0.0056657223796034
0	0
0.011111111111111112	0.005555555555555556
0.0113314447592068	0.0056657223796034
0.0028169014084507044	0
0.002824858757062147	0
0.014124293785310734	0.002824858757062147
0.005555555555555556	0.011111111111111112
0.005571030640668524	0.002785515320334262
0.01098901098901099	0
0.005633802816901409	0.005633802816901409
0.005633802816901409	0.0028169014084507044
0.005479452054794521	0
0	0.005571030640668524
0.00821917808219178	0.005479452054794521
0.005633802816901409	0.0028169014084507044
0.005494505494505495	0
0.002770083102493075	0.00554016620498615
0.014084507042253521	0.0028169014084507044
0.0084985835694051	0.0056657223796034
0.008333333333333333	0.011111111111111112
0.005555555555555556	0.002777777777777778
0.0056179775280898875	0.0056179775280898875
0.011396011396011397	0.002849002849002849
0.008595988538681949	0.0057306590257879654
0.0056022408963585435	0.0028011204481792717
0.011267605633802818	0
0.005714285714285714	0.002857142857142857
0.002840909090909091	0
0.013966480446927373	0.008379888268156424
0.022792022792022793	0.005698005698005698
0.008450704225352112	0.008450704225352112
0.01440922190201729	0.005763688760806916
0.008522727272727272	0.005681818181818182
0.002785515320334262	0.011142061281337047
0.008356545961002786	0
0.002849002849002849	0.005698005698005698
0.014044943820224719	0.008426966292134831
0.005714285714285714	0.008571428571428572
0.014084507042253521	0
0.011363636363636364	0
0.008403361344537815	0.0056022408963585435
0.008450704225352112	0.0028169014084507044
0.0084985835694051	0.0056657223796034
0.011267605633802818	0
0	0
0.005698005698005698	0.008547008547008548
0.011204481792717087	0.0056022408963585435
0.008356545961002786	0.002785515320334262
0.00558659217877095	0.002793296089385475
0.005714285714285714	0
0.0084985835694051	0.0028328611898017
0.002849002849002849	0
0.014164305949008499	0.0056657223796034
0.013927576601671309	0
0.011267605633802818	0.005633802816901409
0.0056022408963585435	0.0056022408963585435
0.011299435028248588	0.002824858757062147
0.008379888268156424	0.002793296089385475
0.00558659217877095	0.00558659217877095
0.011299435028248588	0.00847457627118644
0.0056022408963585435	0.0028011204481792717
0.00847457627118644	0.002824858757062147
0.011142061281337047	0.002785515320334262
0.008547008547008548	0.008547008547008548
0.008450704225352112	0
0	0.0028169014084507044
0.0028089887640449437	0.008426966292134831
0.005747126436781609	0.0028735632183908046
0.011142061281337047	0
0.0028011204481792717	0
0.014044943820224719	0.011235955056179775
0.0056179775280898875	0
0	0
0.0113314447592068	0
0.005555555555555556	0.008333333333333333
0.005555555555555556	0.002777777777777778
0.005747126436781609	0.008620689655172414
0.01971830985915493	0.005633802816901409
0.005571030640668524	0.005571030640668524
0.011461318051575931	0
0.0028089887640449437	0
0.0056022408963585435	0
0.011142061281337047	0.002785515320334262
0.005633802816901409	0.0028169014084507044
0.008379888268156424	0.00558659217877095
0.008426966292134831	0
0.005633802816901409	0
0.0111731843575419	0.002793296089385475
0.011267605633802818	0
0.0028169014084507044	0
0.005555555555555556	0.002777777777777778
0.00847457627118644	0
0.005555555555555556	0.005555555555555556
0.0056179775280898875	0.0028089887640449437
0.008426966292134831	0.0056179775280898875
0.002785515320334262	0
0.002793296089385475	0.002793296089385475
0.01912568306010929	0.00546448087431694
0.011111111111111112	0
0	0.0055248618784530384
0.011142061281337047	0.011142061281337047
0.005494505494505495	0
0.005633802816901409	0.008450704225352112
0.008379888268156424	0.002793296089385475
0.014044943820224719	0
0.0111731843575419	0.0111731843575419
0.008333333333333333	0.002777777777777778
0.005555555555555556	0.005555555555555556
0.0056022408963585435	0.014005602240896359
0.008426966292134831	0.0056179775280898875
0.011396011396011397	0.008547008547008548
0.017045454545454544	0.011363636363636364
0.013736263736263736	0
0.008426966292134831	0.0028089887640449437
0	0.008264462809917356
0.01092896174863388	0.00546448087431694
0.008333333333333333	0
0.0028011204481792717	0.0028011204481792717
0.013966480446927373	0
0.008403361344537815	0
0.0028169014084507044	0.008450704225352112
0.014084507042253521	0
0.008522727272727272	0
0.00847457627118644	0.005649717514124294
0.0056179775280898875	0.0028089887640449437
0.014124293785310734	0
0.0056657223796034	0.0028328611898017
0.002840909090909091	0.002840909090909091
0	0.0113314447592068
0.014005602240896359	0
0	0.0056179775280898875
0.002777777777777778	0.005555555555555556
0.0028089887640449437	0.0028089887640449437
0.013888888888888888	0.002777777777777778
0.014044943820224719	0.0028089887640449437
0.008547008547008548	0.005698005698005698
0.005571030640668524	0.002785515320334262
0.00847457627118644	0.002824858757062147
0	0.002881844380403458
0.0028089887640449437	0
0.022598870056497175	0
0.005633802816901409	0
0.005555555555555556	0
0.0111731843575419	0
0.016901408450704224	0.005633802816901409
0.008403361344537815	0
0.0084985835694051	0.0113314447592068
0.011396011396011397	0.005698005698005698
0.011299435028248588	0.005649717514124294
0.0056657223796034	0
0.0111731843575419	0
0	0
0.008356545961002786	0.002785515320334262
0.011428571428571429	0.002857142857142857
0.0084985835694051	0.0056657223796034
0.011267605633802818	0
0.0056657223796034	0.0028328611898017
0.013812154696132596	0.0027624309392265192
0.0056022408963585435	0
0.005681818181818182	0.002840909090909091
0.0028011204481792717	0
0.008450704225352112	0
0.008547008547008548	0.002849002849002849
0.008595988538681949	0
0.014204545454545454	0.008522727272727272
0.011204481792717087	0.0028011204481792717
0.005681818181818182	0.002840909090909091
0.008522727272727272	0
0.002824858757062147	0.002824858757062147
0.00847457627118644	0.00847457627118644
0.002793296089385475	0.00558659217877095
0.005780346820809248	0.002890173410404624
0.00554016620498615	0.002770083102493075
0.00554016620498615	0.008310249307479225
0.011049723756906077	0.0027624309392265192
0.002777777777777778	0.005555555555555556
0.0111731843575419	0
0.01680672268907563	0
0.0028328611898017	0
0.0113314447592068	0.0084985835694051
0.002793296089385475	0.002793296089385475
0.0113314447592068	0.0056657223796034
0.00558659217877095	0.002793296089385475
0.002849002849002849	0
0.01680672268907563	0
0.008379888268156424	0
0.002785515320334262	0.005571030640668524
0.0056179775280898875	0.0028089887640449437
0.014084507042253521	0.005633802816901409
0.0028169014084507044	0
0.011396011396011397	0.008547008547008548
0.005633802816901409	0
0.005714285714285714	0
0.008403361344537815	0.0056022408963585435
0.011363636363636364	0
0.011142061281337047	0.008356545961002786
0.014005602240896359	0.0056022408963585435
0.005633802816901409	0.0028169014084507044
0.011428571428571429	0.005714285714285714
0	0.0028169014084507044
0.008670520231213872	0.005780346820809248
0.008547008547008548	0.005698005698005698
0.011299435028248588	0.011299435028248588
0.014044943820224719	0.008426966292134831
0.005555555555555556	0.005555555555555556
0.0028169014084507044	0.008450704225352112
0	0
0.008379888268156424	0.008379888268156424
0.002785515320334262	0.002785515320334262
0	0.00558659217877095
0.014164305949008499	0.0028328611898017
0.008333333333333333	0.002777777777777778
0.005571030640668524	0.002785515320334262
0.008379888268156424	0.00558659217877095
0.008547008547008548	0.005698005698005698
0.014164305949008499	0.0113314447592068
0.0028653295128939827	0.0028653295128939827
0.0057306590257879654	0.0028653295128939827
0.005714285714285714	0.005714285714285714
0.008746355685131196	0.008746355685131196
0.0056657223796034	0.0056657223796034
0.0028735632183908046	0
0.005698005698005698	0.002849002849002849
0.005633802816901409	0.0028169014084507044
0.011267605633802818	0
0.005763688760806916	0
0.002857142857142857	0.005714285714285714
0.0028011204481792717	0.0056022408963585435
0.0028011204481792717	0.0028011204481792717
0.013927576601671309	0.002785515320334262
0.002824858757062147	0.002824858757062147
0.00554016620498615	0.008310249307479225
0.0110803324099723	0.00554016620498615
0.016260162601626018	0.008130081300813009
0	0.008645533141210375
0.005571030640668524	0.005571030640668524
0.011142061281337047	0.002785515320334262
0.0028089887640449437	0.014044943820224719
0.00558659217877095	0
0.011142061281337047	0.005571030640668524
0.02203856749311295	0.005509641873278237
0	0.005633802816901409
0.008310249307479225	0.00554016620498615
0.008450704225352112	0.0028169014084507044
0.008287292817679558	0.0027624309392265192
0.011142061281337047	0.005571030640668524
0	0
0.011428571428571429	0.002857142857142857
0.008356545961002786	0
0.005698005698005698	0.005698005698005698
0.002785515320334262	0.008356545961002786
0.005763688760806916	0.005763688760806916
0.0111731843575419	0.00558659217877095
0.008426966292134831	0
0.005698005698005698	0.005698005698005698
0.005633802816901409	0.0028169014084507044
0.002840909090909091	0.002840909090909091
0.0056657223796034	0.0084985835694051
0.002840909090909091	0.002840909090909091
0.0084985835694051	0.0028328611898017
0.008403361344537815	0.011204481792717087
0.013850415512465374	0.00554016620498615
0.0169971671388102	0
0.0028328611898017	0
0.002770083102493075	0.008310249307479225
0.0055248618784530384	0.0027624309392265192
0.0111731843575419	0
0.019943019943019943	0.002849002849002849
0.014044943820224719	0
0.0056657223796034	0
0.019553072625698324	0
0.002857142857142857	0.002857142857142857
0.008403361344537815	0.0056022408963585435
0.008547008547008548	0.008547008547008548
0.011142061281337047	0.002785515320334262
0.0084985835694051	0
0.00554016620498615	0
0.011019283746556474	0.0027548209366391185
0.005571030640668524	0.005571030640668524
0.008403361344537815	0.0028011204481792717
0.011267605633802818	0
0.002793296089385475	0.008379888268156424
0.008426966292134831	0.0028089887640449437
0.002770083102493075	0.002770083102493075
0.002777777777777778	0.008333333333333333
0.011267605633802818	0.005633802816901409
0.011019283746556474	0
0.02535211267605634	0
0.0055248618784530384	0.0055248618784530384
0.005555555555555556	0
0.0110803324099723	0.00554016620498615
0.01092896174863388	0.00273224043715847
0.0028169014084507044	0.005633802816901409
0	0
0.008333333333333333	0.005555555555555556
0.005649717514124294	0.002824858757062147
0	0.0056179775280898875
0.002785515320334262	0.002785515320334262
0.008379888268156424	0.002793296089385475
0.008241758241758242	0.0027472527472527475
0.0110803324099723	0.00554016620498615
0.005555555555555556	0.005555555555555556
0.008152173913043478	0.01358695652173913
0.002717391304347826	0.005434782608695652
0.00273224043715847	0.00819672131147541
0.00847457627118644	0.005649717514124294
0	0.0027624309392265192
0.005509641873278237	0.005509641873278237
0.01092896174863388	0.00546448087431694
0.005633802816901409	0.0028169014084507044
0.00554016620498615	0.008310249307479225
0.0111731843575419	0.002793296089385475
0.0027100271002710027	0.0027100271002710027
0.011049723756906077	0.0027624309392265192
0.011560693641618497	0.011560693641618497
0.008241758241758242	0.005494505494505495
0.013774104683195593	0.005509641873278237
0.011019283746556474	0.008264462809917356
0.013927576601671309	0
0.0027548209366391185	0
0.01639344262295082	0.00546448087431694
0.011142061281337047	0.008356545961002786
0.005555555555555556	0.005555555555555556
0.008174386920980926	0.010899182561307902
0.002824858757062147	0
0.00546448087431694	0.00819672131147541
0.011019283746556474	0.0027548209366391185
0	0
0.013774104683195593	0
0.00554016620498615	0.008310249307479225
0.011049723756906077	0.0055248618784530384
0.008333333333333333	0
0	0.0027100271002710027
0	0
0.005555555555555556	0.002777777777777778
0.0111731843575419	0.002793296089385475
0.0028089887640449437	0.0028089887640449437
0.008450704225352112	0
0.01092896174863388	0.00273224043715847
0.0028011204481792717	0
0.016713091922005572	0.002785515320334262
0.008264462809917356	0.005509641873278237
0.011049723756906077	0
0.013812154696132596	0.0027624309392265192
0.002777777777777778	0.002777777777777778
0.005509641873278237	0
0.01643835616438356	0.00821917808219178
0.01634877384196185	0.005449591280653951
0.005633802816901409	0.0028169014084507044
0.005449591280653951	0.0027247956403269754
0.005555555555555556	0.008333333333333333
0.0111731843575419	0.00558659217877095
0.00558659217877095	0.002793296089385475
0.014124293785310734	0.002824858757062147
0.0055248618784530384	0.008287292817679558
0.0055248618784530384	0
0.0136986301369863	0.0027397260273972603
0.011019283746556474	0
0.008287292817679558	0.0027624309392265192
0.005434782608695652	0.005434782608695652
0.011235955056179775	0.0028089887640449437
0.005633802816901409	0.011267605633802818
0.008130081300813009	0.013550135501355014
0.008333333333333333	0
0.005479452054794521	0.0027397260273972603
0.013850415512465374	0.002770083102493075
0.019553072625698324	0.002793296089385475
0	0.011204481792717087
0.013736263736263736	0.01098901098901099
0.008264462809917356	0.005509641873278237
0.005509641873278237	0.005509641873278237
0.01098901098901099	0.01098901098901099
0.008287292817679558	0.0027624309392265192
0.008310249307479225	0.013850415512465374
0.0056022408963585435	0.0028011204481792717
0.0056657223796034	0
0.0110803324099723	0
0.00546448087431694	0.01366120218579235
0.013927576601671309	0
0.008264462809917356	0.008264462809917356
0.008264462809917356	0
0.01928374655647383	0.008264462809917356
0.013774104683195593	0.005509641873278237
0.0027548209366391185	0.005509641873278237
0.011142061281337047	0.008356545961002786
0.008333333333333333	0.008333333333333333
0.005494505494505495	0.005494505494505495
0.008426966292134831	0
0.005714285714285714	0.005714285714285714
0.01639344262295082	0.00546448087431694
0.013812154696132596	0.0027624309392265192
0	0.005449591280653951
0.02197802197802198	0.008241758241758242
0.002824858757062147	0.005649717514124294
0.008403361344537815	0.0056022408963585435
0.008620689655172414	0.0028735632183908046
0.0084985835694051	0.014164305949008499
0.008670520231213872	0
0.002785515320334262	0.005571030640668524
0.002840909090909091	0.008522727272727272
0.011461318051575931	0.0057306590257879654
0.005681818181818182	0.011363636363636364
0.011396011396011397	0.002849002849002849
0	0.002898550724637681
0.011267605633802818	0.0028169014084507044
0.008547008547008548	0.002849002849002849
0.005633802816901409	0.005633802816901409
0.013966480446927373	0.008379888268156424
0.002785515320334262	0.008356545961002786
0.005681818181818182	0.005681818181818182
0.005681818181818182	0.005681818181818182
0.013888888888888888	0
0.00847457627118644	0
0.0056179775280898875	0.011235955056179775
0.01694915254237288	0.002824858757062147
0.01744186046511628	0.005813953488372093
0.0084985835694051	0.0028328611898017
0.011396011396011397	0.005698005698005698
0.005571030640668524	0.002785515320334262
0.0084985835694051	0
0.008426966292134831	0
0.011461318051575931	0
0.002793296089385475	0.002793296089385475
0.0028011204481792717	0.0028011204481792717
0.0111731843575419	0.00558659217877095
0.008571428571428572	0.008571428571428572
0.0029154518950437317	0.0058309037900874635
0.0113314447592068	0.0056657223796034
0.0056022408963585435	0.0028011204481792717
0.013888888888888888	0.002777777777777778
0.0028328611898017	0.0056657223796034
0.005714285714285714	0
0.008571428571428572	0.002857142857142857
0.01675977653631285	0.002793296089385475
0.00558659217877095	0.00558659217877095
0.014326647564469915	0
0.005698005698005698	0.002849002849002849
0.005649717514124294	0.002824858757062147
0.011363636363636364	0.002840909090909091
0.011627906976744186	0
0.005698005698005698	0
0.005649717514124294	0
0.008522727272727272	0.008522727272727272
0.022988505747126436	0.005747126436781609
0.008620689655172414	0
0.002857142857142857	0
0.005681818181818182	0.002840909090909091
0.008695652173913044	0.002898550724637681
0.0056657223796034	0
0.002840909090909091	0.005681818181818182
0.002857142857142857	0.002857142857142857
0.002849002849002849	0.005698005698005698
0.005780346820809248	0.002890173410404624
0.008620689655172414	0.011494252873563218
0.01694915254237288	0.005649717514124294
0.005633802816901409	0.0028169014084507044
0.002840909090909091	0.008522727272727272
0.014204545454545454	0.002840909090909091
0.019886363636363636	0.002840909090909091
0	0.005763688760806916
0.0028169014084507044	0.0028169014084507044
0.002849002849002849	0.005698005698005698
0.005698005698005698	0
0.0084985835694051	0
0	0
0.008595988538681949	0.014326647564469915
0.005714285714285714	0.005714285714285714
0.008645533141210375	0.005763688760806916
0.005649717514124294	0.002824858757062147
0.013927576601671309	0.002785515320334262
0.0028169014084507044	0.005633802816901409
0.0028328611898017	0
0.002849002849002849	0.002849002849002849
0.005633802816901409	0.008450704225352112
0.0057306590257879654	0
0.008695652173913044	0
0.014005602240896359	0.0028011204481792717
0.002824858757062147	0.00847457627118644
0.0028169014084507044	0.0028169014084507044
0.0113314447592068	0.0028328611898017
0.0084985835694051	0.0113314447592068
0.0028089887640449437	0.008426966292134831
0.0028169014084507044	0.0028169014084507044
0.014245014245014245	0.011396011396011397
0.01729106628242075	0.005763688760806916
0.014044943820224719	0
0.002840909090909091	0
0.011363636363636364	0.005681818181818182
0.016853932584269662	0.0028089887640449437
0.014005602240896359	0.008403361344537815
0.005571030640668524	0
0.011204481792717087	0.0028011204481792717
0.00558659217877095	0.013966480446927373
0.0028169014084507044	0
0.005681818181818182	0.005681818181818182
0.005698005698005698	0.002849002849002849
0.011527377521613832	0.002881844380403458
0.008426966292134831	0.0056179775280898875
0.0028089887640449437	0.0028089887640449437
0.005571030640668524	0
0.008620689655172414	0.005747126436781609
0.0056657223796034	0.0056657223796034
0.011142061281337047	0.002785515320334262
0	0.008522727272727272
0.002849002849002849	0.008547008547008548
0.002857142857142857	0.008571428571428572
0.008403361344537815	0.0056022408963585435
0.0223463687150838	0.002793296089385475
0	0.008522727272727272
0.00558659217877095	0.002793296089385475
0.002849002849002849	0.005698005698005698
0.005449591280653951	0.0027247956403269754
0.021739130434782608	0.008152173913043478
0.005494505494505495	0.0027472527472527475
0.002717391304347826	0.002717391304347826
0.01092896174863388	0.00546448087431694
0.008174386920980926	0.005449591280653951
0	0.00554016620498615
0.00546448087431694	0.00273224043715847
0.008174386920980926	0
0.016574585635359115	0.0027624309392265192
0.01912568306010929	0.00273224043715847
0.008403361344537815	0.008403361344537815
0.005681818181818182	0.008522727272727272
0.016713091922005572	0.002785515320334262
0.011111111111111112	0.005555555555555556
0.002824858757062147	0.005649717514124294
0.016574585635359115	0
0.00819672131147541	0
0.005420054200542005	0.0027100271002710027
0.005555555555555556	0.002777777777777778
0.013966480446927373	0
0.022535211267605635	0.005633802816901409
0.008310249307479225	0.008310249307479225
0.011019283746556474	0
0.00821917808219178	0.005479452054794521
0.00554016620498615	0.008310249307479225
0.0110803324099723	0
0.005479452054794521	0.0027397260273972603
0.011019283746556474	0.0027548209366391185
0.01675977653631285	0
0.011142061281337047	0
0.0111731843575419	0.002793296089385475
0.005633802816901409	0.0028169014084507044
0.0055248618784530384	0
0.002785515320334262	0.002785515320334262
0.011111111111111112	0.005555555555555556
0.011204481792717087	0.014005602240896359
0.002785515320334262	0.002785515320334262
0.008241758241758242	0.0027472527472527475
0.008522727272727272	0
0.013850415512465374	0.002770083102493075
0.0110803324099723	0.00554016620498615
0.011019283746556474	0.005509641873278237
0.0028328611898017	0.0056657223796034
0.0027397260273972603	0.0027397260273972603
0.008379888268156424	0.008379888268156424
0.008241758241758242	0.0027472527472527475
0.005509641873278237	0.005509641873278237
0.0055248618784530384	0.008287292817679558
0.011267605633802818	0.0028169014084507044
0.016260162601626018	0.008130081300813009
0.00558659217877095	0
0.008264462809917356	0
0.00847457627118644	0.002824858757062147
0.013966480446927373	0.002793296089385475
0.013550135501355014	0.0027100271002710027
0.021739130434782608	0.008152173913043478
0.005479452054794521	0.005479452054794521
0.011299435028248588	0.002824858757062147
0.005509641873278237	0.011019283746556474
0.01098901098901099	0.0027472527472527475
0.011049723756906077	0.0027624309392265192
0.005681818181818182	0.002840909090909091
0.013927576601671309	0
0.010899182561307902	0.008174386920980926
0.013774104683195593	0.008264462809917356
0.010899182561307902	0
0.008333333333333333	0.005555555555555556
0.0027624309392265192	0
0.0111731843575419	0.002793296089385475
0.008450704225352112	0.0028169014084507044
0.01366120218579235	0.00273224043715847
0.0028328611898017	0.0084985835694051
0.013850415512465374	0
0.008333333333333333	0.002777777777777778
0.01634877384196185	0
0.0056179775280898875	0.008426966292134831
0.008310249307479225	0.00554016620498615
0.019178082191780823	0.010958904109589041
0.00554016620498615	0
0.002824858757062147	0.002824858757062147
0.008333333333333333	0
0.005509641873278237	0.008264462809917356
0.0027624309392265192	0.008287292817679558
0.011204481792717087	0.0056022408963585435
0	0.002785515320334262
0.008241758241758242	0.0027472527472527475
0.0028089887640449437	0.0028089887640449437
0.014005602240896359	0.0028011204481792717
0	0.0056657223796034
0.011019283746556474	0.0027548209366391185
0.00821917808219178	0.00821917808219178
0.005555555555555556	0
0.0111731843575419	0.00558659217877095
0.008403361344537815	0
0.0027624309392265192	0.0027624309392265192
0.0056179775280898875	0.0028089887640449437
0.011142061281337047	0.008356545961002786
0.008287292817679558	0.0027624309392265192
0.005555555555555556	0
0.008403361344537815	0
0.014005602240896359	0.008403361344537815
0.011363636363636364	0.005681818181818182
0.008287292817679558	0.0027624309392265192
0.005555555555555556	0.005555555555555556
0	0.00554016620498615
0.005571030640668524	0.005571030640668524
0.00558659217877095	0.00558659217877095
0.0056022408963585435	0.011204481792717087
0.011019283746556474	0
0.008287292817679558	0.0027624309392265192
0.0028011204481792717	0
0.002793296089385475	0
0.0028011204481792717	0
0.0028089887640449437	0.008426966292134831
0.013927576601671309	0.008356545961002786
0.00554016620498615	0
0.008356545961002786	0.005571030640668524
0.005494505494505495	0
0.008426966292134831	0
0.008403361344537815	0.0028011204481792717
0.008426966292134831	0
0.005649717514124294	0.005649717514124294
0.011019283746556474	0.0027548209366391185
0.0111731843575419	0.00558659217877095
0.00554016620498615	0
0.002840909090909091	0.002840909090909091
0.008356545961002786	0.005571030640668524
0.008547008547008548	0
0.011299435028248588	0
0.0056657223796034	0.0028328611898017
0.014044943820224719	0.0056179775280898875
0.011111111111111112	0
0.002793296089385475	0.00558659217877095
0.005633802816901409	0
0.014044943820224719	0.008426966292134831
0.01440922190201729	0
0.011428571428571429	0.002857142857142857
0.008450704225352112	0.011267605633802818
0.011204481792717087	0.008403361344537815
0.017045454545454544	0.008522727272727272
0.011627906976744186	0.0029069767441860465
0.005714285714285714	0.002857142857142857
0.011267605633802818	0.005633802816901409
0	0.002824858757062147
0.0113314447592068	0.0028328611898017
0.002857142857142857	0.002857142857142857
0.014367816091954023	0.0028735632183908046
0.002840909090909091	0.005681818181818182
0.017045454545454544	0.002840909090909091
0.005714285714285714	0.008571428571428572
0.016901408450704224	0
0.0028735632183908046	0
0.011627906976744186	0.0029069767441860465
0.0057306590257879654	0.0057306590257879654
0.011111111111111112	0.008333333333333333
0.002824858757062147	0.002824858757062147
0.014285714285714285	0.002857142857142857
0.0057306590257879654	0.0057306590257879654
0.01694915254237288	0.005649717514124294
0.014204545454545454	0.002840909090909091
0.0056179775280898875	0.0056179775280898875
0	0
0.0028089887640449437	0.0028089887640449437
0.008571428571428572	0.011428571428571429
0.017191977077363897	0.0028653295128939827
0.008379888268156424	0
0.0056179775280898875	0.0028089887640449437
0.008333333333333333	0.011111111111111112
0.011299435028248588	0.005649717514124294
0.008450704225352112	0.0028169014084507044
0.011299435028248588	0.002824858757062147
0.002785515320334262	0.002785515320334262
0.008522727272727272	0.002840909090909091
0.0056179775280898875	0.0028089887640449437
0.00558659217877095	0
0.00847457627118644	0.002824858757062147
0.008426966292134831	0.0028089887640449437
0.005649717514124294	0.00847457627118644
0.002857142857142857	0.002857142857142857
0.0028011204481792717	0.014005602240896359
0.0113314447592068	0.0056657223796034
0.0029069767441860465	0.0029069767441860465
0.011428571428571429	0
0.005681818181818182	0.005681818181818182
0.002824858757062147	0.005649717514124294
0.014204545454545454	0.008522727272727272
0.019498607242339833	0
0.008522727272727272	0
0.008595988538681949	0.008595988538681949
0.005633802816901409	0.0028169014084507044
0.013927576601671309	0.005571030640668524
0.0056657223796034	0.0056657223796034
0.011299435028248588	0.002824858757062147
0	0.005681818181818182
0.008426966292134831	0
0.005571030640668524	0.002785515320334262
0.002849002849002849	0.002849002849002849
0.002840909090909091	0.008522727272727272
0	0
0.0028328611898017	0
0.0056022408963585435	0
0.011363636363636364	0
0.0113314447592068	0.0028328611898017
0.011235955056179775	0.0056179775280898875
0.00847457627118644	0
0	0
0.008450704225352112	0.008450704225352112
0.0084985835694051	0.0084985835694051
0.002857142857142857	0.005714285714285714
0.0028653295128939827	0
0	0.002840909090909091
0.005649717514124294	0.00847457627118644
0.008571428571428572	0.002857142857142857
0.005633802816901409	0
0.005633802816901409	0
0	0.008645533141210375
0.008547008547008548	0.005698005698005698
0.011142061281337047	0.002785515320334262
0.002840909090909091	0.005681818181818182
0.005714285714285714	0
0.0028328611898017	0.0113314447592068
0.0056179775280898875	0
0.002849002849002849	0
0.0057306590257879654	0.0028653295128939827
0.008620689655172414	0.0028735632183908046
0.00558659217877095	0
0.005747126436781609	0
0.0056657223796034	0
0.002824858757062147	0
0.005714285714285714	0.005714285714285714
0.005649717514124294	0.002824858757062147
0.008450704225352112	0.0028169014084507044
0.002824858757062147	0.011299435028248588
0.023054755043227664	0.005763688760806916
0.00847457627118644	0.002824858757062147
0.0113314447592068	0.0056657223796034
0.0028169014084507044	0.005633802816901409
0.011396011396011397	0.005698005698005698
0.002793296089385475	0.008379888268156424
0.016853932584269662	0
0.0056022408963585435	0.0028011204481792717
0.011111111111111112	0.002777777777777778
0.002824858757062147	0.002824858757062147
0.0028011204481792717	0.011204481792717087
0.005681818181818182	0.005681818181818182
0.0056022408963585435	0.011204481792717087
0.011204481792717087	0
0.011204481792717087	0.0028011204481792717
0.002824858757062147	0.005649717514124294
0.005649717514124294	0
0.008522727272727272	0.008522727272727272
0.00847457627118644	0.00847457627118644
0.011396011396011397	0.005698005698005698
0.00558659217877095	0.00558659217877095
0.014084507042253521	0.005633802816901409
0.014084507042253521	0.008450704225352112
0.005681818181818182	0.005681818181818182
0.008403361344537815	0.0028011204481792717
0.008571428571428572	0.011428571428571429
0.011428571428571429	0
0.0028653295128939827	0.0028653295128939827
0.005763688760806916	0.002881844380403458
0.0028735632183908046	0.0028735632183908046
0.01440922190201729	0.002881844380403458
0.0028328611898017	0.0028328611898017
0.0028328611898017	0
0.005681818181818182	0
0.0084985835694051	0
0.014044943820224719	0.0028089887640449437
0.0028011204481792717	0.0056022408963585435
0.005555555555555556	0.002777777777777778
0.0056657223796034	0.0028328611898017
0.011267605633802818	0.005633802816901409
0.0084985835694051	0.0028328611898017
0.008379888268156424	0
0.014367816091954023	0.008620689655172414
0.008547008547008548	0.002849002849002849
0	0.0056179775280898875
0	0
0.0027624309392265192	0.0027624309392265192
0.002840909090909091	0.002840909090909091
0.008379888268156424	0.008379888268156424
0.005571030640668524	0.002785515320334262
0.008403361344537815	0.0028011204481792717
0.005494505494505495	0
0.0056179775280898875	0.011235955056179775
0.011111111111111112	0.005555555555555556
0.008333333333333333	0
0.014044943820224719	0.0028089887640449437
0.008241758241758242	0.005494505494505495
0.008356545961002786	0
0.005494505494505495	0
0.008403361344537815	0.008403361344537815
0.0110803324099723	0.00554016620498615
0.005555555555555556	0.002777777777777778
0.008356545961002786	0
0.008379888268156424	0
0.008356545961002786	0.005571030640668524
0.0056179775280898875	0.0028089887640449437
0.008287292817679558	0.0027624309392265192
0.005555555555555556	0.002777777777777778
0.005571030640668524	0
0.013774104683195593	0.0027548209366391185
0.002777777777777778	0.002777777777777778
0.005494505494505495	0
0.01652892561983471	0.008264462809917356
0.01675977653631285	0.00558659217877095
0.0221606648199446	0.008310249307479225
0.005494505494505495	0.0027472527472527475
0.00819672131147541	0.00546448087431694
0.005479452054794521	0.0027397260273972603
0.01098901098901099	0.0027472527472527475
0	0.00554016620498615
0.0056657223796034	0.0056657223796034
0.00847457627118644	0.002824858757062147
0.00554016620498615	0.002770083102493075
0.01098901098901099	0.0027472527472527475
0.014044943820224719	0.008426966292134831
0.011111111111111112	0.002777777777777778
0.008426966292134831	0.008426966292134831
0.0028169014084507044	0.005633802816901409
0.011204481792717087	0.008403361344537815
0.0028011204481792717	0.0028011204481792717
0.008264462809917356	0.0027548209366391185
0.011560693641618497	0.005780346820809248
0	0
0.002770083102493075	0
0.0111731843575419	0
0.008287292817679558	0.011049723756906077
0.0056179775280898875	0.0028089887640449437
0.0028011204481792717	0.0056022408963585435
0.0056179775280898875	0
0.016483516483516484	0.005494505494505495
0.008333333333333333	0.008333333333333333
0.013888888888888888	0.005555555555555556
0.01098901098901099	0.008241758241758242
0	0
0.008522727272727272	0.005681818181818182
0.0027624309392265192	0.0027624309392265192
0.01098901098901099	0.0027472527472527475
0.0056022408963585435	0.0028011204481792717
0.005555555555555556	0.002777777777777778
0.002785515320334262	0.005571030640668524
0.005555555555555556	0.005555555555555556
0.005714285714285714	0
0.013927576601671309	0.002785515320334262
0.00821917808219178	0
0.008426966292134831	0.0028089887640449437
0.0113314447592068	0
0.013927576601671309	0.002785515320334262
0.0056179775280898875	0.0028089887640449437
0.002785515320334262	0
0.011142061281337047	0.011142061281337047
0.0056179775280898875	0.0056179775280898875
0.0084985835694051	0.0084985835694051
0.011396011396011397	0.005698005698005698
0.00847457627118644	0.002824858757062147
0.0056179775280898875	0.0028089887640449437
0.005555555555555556	0.002777777777777778
0	0.005747126436781609
0.0111731843575419	0.008379888268156424
0.013927576601671309	0
0.0056022408963585435	0.0028011204481792717
0.005555555555555556	0.008333333333333333
0.002824858757062147	0.00847457627118644
0.008522727272727272	0
0	0.002840909090909091
0.014084507042253521	0.005633802816901409
0.005633802816901409	0.008450704225352112
0.005633802816901409	0.0028169014084507044
0.002849002849002849	0.002849002849002849
0.005747126436781609	0.0028735632183908046
0.005633802816901409	0
0	0.0028089887640449437
0.0111731843575419	0.00558659217877095
0.011299435028248588	0.005649717514124294
0.011267605633802818	0.011267605633802818
0.008522727272727272	0
0.0028735632183908046	0.005747126436781609
0.005698005698005698	0.002849002849002849
0.014164305949008499	0
0.008571428571428572	0.008571428571428572
0.011560693641618497	0
0.002824858757062147	0.002824858757062147
0.0084985835694051	0
0.0028328611898017	0.0028328611898017
0.0028328611898017	0.0084985835694051
0.002824858757062147	0.005649717514124294
0.0084985835694051	0.0056657223796034
0.002849002849002849	0.008547008547008548
0.0169971671388102	0
0.008620689655172414	0.0028735632183908046
0.008379888268156424	0.00558659217877095
0.00847457627118644	0.00847457627118644
0.01680672268907563	0.0056022408963585435
0	0.0027548209366391185
0.008571428571428572	0
0.011142061281337047	0.002785515320334262
0.008426966292134831	0.0028089887640449437
0	0.0056657223796034
0.0056657223796034	0.0028328611898017
0.005698005698005698	0.002849002849002849
0.011142061281337047	0.005571030640668524
0.005649717514124294	0.00847457627118644
0.011235955056179775	0.0028089887640449437
0	0
0.0028011204481792717	0.0056022408963585435
0.014084507042253521	0.0028169014084507044
0.008333333333333333	0.002777777777777778
0.005571030640668524	0
0.002793296089385475	0.002793296089385475
0.016713091922005572	0.005571030640668524
0.008356545961002786	0.002785515320334262
0.002840909090909091	0.008522727272727272
0.0196078431372549	0.0028011204481792717
0.011204481792717087	0.008403361344537815
0.002785515320334262	0.008356545961002786
0.011527377521613832	0.002881844380403458
0.011235955056179775	0.008426966292134831
0.0056657223796034	0
0.005633802816901409	0.005633802816901409
0.0056657223796034	0.0028328611898017
0.008450704225352112	0.005633802816901409
0.0056179775280898875	0.0056179775280898875
0.002793296089385475	0
0.0056022408963585435	0.0056022408963585435
0.011142061281337047	0.008356545961002786
0.005571030640668524	0.002785515320334262
0.014124293785310734	0.005649717514124294
0.0056657223796034	0.0028328611898017
0.008450704225352112	0.005633802816901409
0.005649717514124294	0.002824858757062147
0.008403361344537815	0.0028011204481792717
0.0057306590257879654	0.0057306590257879654
0.002793296089385475	0
0.002793296089385475	0
0.011235955056179775	0.0056179775280898875
0.005555555555555556	0.005555555555555556
0	0.005698005698005698
0.008403361344537815	0.011204481792717087
0	0.0028169014084507044
0.005633802816901409	0.0028169014084507044
0.00847457627118644	0
0.019444444444444445	0
0.008333333333333333	0.011111111111111112
0.013812154696132596	0.0027624309392265192
0.016483516483516484	0.005494505494505495
0.008310249307479225	0
0.011111111111111112	0.008333333333333333
0.011142061281337047	0.002785515320334262
0.01092896174863388	0.00819672131147541
0.010958904109589041	0.005479452054794521
0.0028011204481792717	0.0056022408963585435
0.010958904109589041	0.0027397260273972603
0.0027472527472527475	0.005494505494505495
0.0027624309392265192	0.0027624309392265192
0.011111111111111112	0.002777777777777778
0.005555555555555556	0.008333333333333333
0.005555555555555556	0.002777777777777778
0.014044943820224719	0
0.008695652173913044	0.008695652173913044
0.005509641873278237	0
0.0084985835694051	0.0028328611898017
0.014326647564469915	0
0.002793296089385475	0
0.0056179775280898875	0.008426966292134831
0.011049723756906077	0.0055248618784530384
0.00273224043715847	0.00546448087431694
0.01358695652173913	0.005434782608695652
0.00546448087431694	0.00273224043715847
0.0027472527472527475	0.005494505494505495
0.019178082191780823	0.005479452054794521
0.008152173913043478	0
0.008264462809917356	0.005509641873278237
0.013774104683195593	0.008264462809917356
0.0027472527472527475	0.005494505494505495
0.0027624309392265192	0.0027624309392265192
0.010869565217391304	0.002717391304347826
0.0136986301369863	0.0027397260273972603
0.011235955056179775	0.0056179775280898875
0.0136986301369863	0.0027397260273972603
0.013850415512465374	0
0.005494505494505495	0.005494505494505495
0.008403361344537815	0.011204481792717087
0.002793296089385475	0.002793296089385475
0.008333333333333333	0.008333333333333333
0.0027624309392265192	0
0.01092896174863388	0.00273224043715847
0.008356545961002786	0.002785515320334262
0.011267605633802818	0
0.010958904109589041	0.005479452054794521
0	0
0	0.0027397260273972603
0.013736263736263736	0
0.013812154696132596	0
0.014044943820224719	0.0028089887640449437
0.016901408450704224	0.0028169014084507044
0.013774104683195593	0.0027548209366391185
0.013850415512465374	0.008310249307479225
0.008356545961002786	0.005571030640668524
0.011267605633802818	0.0028169014084507044
0.011396011396011397	0.008547008547008548
0.011142061281337047	0.002785515320334262
0.0027624309392265192	0.0027624309392265192
0	0.00273224043715847
0.008152173913043478	0.005434782608695652
0.00273224043715847	0.00273224043715847
0.005479452054794521	0.0027397260273972603
0.008450704225352112	0
0.019390581717451522	0.00554016620498615
0.013774104683195593	0
0.008333333333333333	0.002777777777777778
0.00558659217877095	0.00558659217877095
0.01634877384196185	0.0027247956403269754
0.008356545961002786	0.005571030640668524
0.0027548209366391185	0.005509641873278237
0.014044943820224719	0.0028089887640449437
0.011049723756906077	0.0027624309392265192
0.002785515320334262	0.008356545961002786
0.013966480446927373	0
0.016901408450704224	0.005633802816901409
0.01662049861495845	0
0.005555555555555556	0.008333333333333333
0.013966480446927373	0.00558659217877095
0.013966480446927373	0
0.005494505494505495	0.0027472527472527475
0	0.005494505494505495
0.008450704225352112	0.0028169014084507044
0.011363636363636364	0.002840909090909091
0.019178082191780823	0.00821917808219178
0.00546448087431694	0.00273224043715847
0.005449591280653951	0.0027247956403269754
0.013812154696132596	0.0055248618784530384
0.013812154696132596	0.0055248618784530384
0.0027247956403269754	0.005449591280653951
0	0.0028169014084507044
0.00819672131147541	0.00819672131147541
0.00554016620498615	0.00554016620498615
0.008403361344537815	0.0028011204481792717
0.011396011396011397	0
0.005494505494505495	0.008241758241758242
0.016483516483516484	0.008241758241758242
0.002770083102493075	0.002770083102493075
0	0.005649717514124294
0.011019283746556474	0.008264462809917356
0.010958904109589041	0
0.005434782608695652	0.002717391304347826
0.005571030640668524	0.011142061281337047
0.01098901098901099	0.0027472527472527475
0.005571030640668524	0.002785515320334262
0.005479452054794521	0.0027397260273972603
0.005714285714285714	0.008571428571428572
0.005509641873278237	0.005509641873278237
0.01098901098901099	0.005494505494505495
0.00546448087431694	0.00546448087431694
0.005449591280653951	0.010899182561307902
0.01366120218579235	0
0.0027548209366391185	0
0.016901408450704224	0.005633802816901409
0.013927576601671309	0.005571030640668524
0.00554016620498615	0.00554016620498615
0	0.0110803324099723
0.00273224043715847	0.00273224043715847
0.00821917808219178	0
0.011049723756906077	0.0027624309392265192
0.002785515320334262	0.002785515320334262
0	0
0.005681818181818182	0
0.0028089887640449437	0.0028089887640449437
0.008356545961002786	0
0.0027548209366391185	0.0027548209366391185
0.01366120218579235	0.00819672131147541
0.00558659217877095	0.002793296089385475
0.0027548209366391185	0.005509641873278237
0.011235955056179775	0.008426966292134831
0.0027548209366391185	0
0.0136986301369863	0.005479452054794521
0.013774104683195593	0.0027548209366391185
0.008264462809917356	0.0027548209366391185
0.025280898876404494	0.0028089887640449437
0.011142061281337047	0.005571030640668524
0.00558659217877095	0.00558659217877095
0.008241758241758242	0.008241758241758242
0.011142061281337047	0.005571030640668524
0.008379888268156424	0.00558659217877095
0.008241758241758242	0.008241758241758242
0.01639344262295082	0.00819672131147541
0.008287292817679558	0.0055248618784530384
0.008333333333333333	0.008333333333333333
0.013927576601671309	0.008356545961002786
0.011111111111111112	0
0.005479452054794521	0.0027397260273972603
0.014245014245014245	0.008547008547008548
0.016483516483516484	0.013736263736263736
0.0056179775280898875	0
0.01366120218579235	0.00273224043715847
0.008333333333333333	0.005555555555555556
0.005509641873278237	0.008264462809917356
0.005571030640668524	0.002785515320334262
0.005633802816901409	0.008450704225352112
0.008356545961002786	0.008356545961002786
0.01366120218579235	0.00819672131147541
0.008356545961002786	0.002785515320334262
0.011235955056179775	0.0028089887640449437
0.005494505494505495	0
0.005509641873278237	0.008264462809917356
0.0084985835694051	0.0056657223796034
0.016304347826086956	0.005434782608695652
0.0028328611898017	0.0056657223796034
0.0055248618784530384	0
0.0055248618784530384	0
0.0110803324099723	0.00554016620498615
0.0056022408963585435	0.0056022408963585435
0.005649717514124294	0
0	0.002824858757062147
0.002777777777777778	0.005555555555555556
0.014044943820224719	0
0.0056657223796034	0
0.011461318051575931	0.0057306590257879654
0.008333333333333333	0.008333333333333333
0.00847457627118644	0.002824858757062147
0.0028011204481792717	0
0.011142061281337047	0.005571030640668524
0.014044943820224719	0.008426966292134831
0.0028011204481792717	0
0.0056179775280898875	0.0056179775280898875
0.002857142857142857	0.002857142857142857
0.00847457627118644	0
0	0.0056179775280898875
0.0028089887640449437	0.011235955056179775
0.002793296089385475	0
0	0
0.005633802816901409	0.0028169014084507044
0.008450704225352112	0.0028169014084507044
0.014044943820224719	0.0056179775280898875
0	0.002849002849002849
0.00847457627118644	0.005649717514124294
0.008333333333333333	0
0.002857142857142857	0.005714285714285714
0.005555555555555556	0.005555555555555556
0.008426966292134831	0.0056179775280898875
0.002793296089385475	0.0111731843575419
0.00558659217877095	0
0.01764705882352941	0.0058823529411764705
0.011363636363636364	0.008522727272727272
0.00847457627118644	0.011299435028248588
0.014044943820224719	0.0028089887640449437
0.005714285714285714	0.002857142857142857
0.017045454545454544	0.002840909090909091
0.011235955056179775	0.008426966292134831
0.0084985835694051	0.0169971671388102
0.008547008547008548	0.002849002849002849
0.00847457627118644	0.002824858757062147
0.0028169014084507044	0.0028169014084507044
0.011204481792717087	0
0.013927576601671309	0
0.008356545961002786	0.008356545961002786
0.0028089887640449437	0.0028089887640449437
0.014044943820224719	0.0028089887640449437
0.0084985835694051	0.0056657223796034
0.00847457627118644	0.005649717514124294
0.0029154518950437317	0.0029154518950437317
0.005681818181818182	0.002840909090909091
0.005633802816901409	0.0028169014084507044
0	0.00847457627118644
0.005714285714285714	0.005714285714285714
0.002849002849002849	0
0.011235955056179775	0.011235955056179775
0.011428571428571429	0.002857142857142857
0.011299435028248588	0.011299435028248588
0.014245014245014245	0.002849002849002849
0.008379888268156424	0
0.011299435028248588	0.00847457627118644
0	0.0028653295128939827
0.005698005698005698	0.002849002849002849
0.0056657223796034	0.0084985835694051
0.00847457627118644	0.005649717514124294
0.00847457627118644	0.00847457627118644
0.002857142857142857	0.005714285714285714
0.005813953488372093	0.011627906976744186
0.013966480446927373	0.008379888268156424
0.011235955056179775	0.0028089887640449437
0.005633802816901409	0.0028169014084507044
0.0113314447592068	0
0	0.0056657223796034
0	0.0056179775280898875
0.008620689655172414	0.0028735632183908046
0.005780346820809248	0.005780346820809248
0.011267605633802818	0
0.005633802816901409	0
0.002785515320334262	0.002785515320334262
0.002890173410404624	0.005780346820809248
0.011428571428571429	0.002857142857142857
0.0056657223796034	0
0.017142857142857144	0.005714285714285714
0.011204481792717087	0.008403361344537815
0.011396011396011397	0.005698005698005698
0.008522727272727272	0
0.0057306590257879654	0
0.005714285714285714	0.011428571428571429
0.008333333333333333	0.011111111111111112
0.011363636363636364	0
0.008356545961002786	0.005571030640668524
0.008426966292134831	0.0028089887640449437
0.011363636363636364	0.005681818181818182
0.0028011204481792717	0.011204481792717087
0.011204481792717087	0
0.008426966292134831	0
0.011235955056179775	0.008426966292134831
0.0028653295128939827	0.0028653295128939827
0.011494252873563218	0.0028735632183908046
0.0056022408963585435	0.0056022408963585435
0.008426966292134831	0.0028089887640449437
0	0.005714285714285714
0.016901408450704224	0
0.002840909090909091	0.002840909090909091
0.0028735632183908046	0.0028735632183908046
0.008571428571428572	0.002857142857142857
0.011235955056179775	0
0.002824858757062147	0.002824858757062147
0.0056179775280898875	0.0056179775280898875
0.0057306590257879654	0.0028653295128939827
0.011299435028248588	0.002824858757062147
0.00558659217877095	0.002793296089385475
0.005797101449275362	0.002898550724637681
0.005698005698005698	0.011396011396011397
0.011299435028248588	0.00847457627118644
0.005747126436781609	0.0028735632183908046
0.011204481792717087	0.0028011204481792717
0.017191977077363897	0.0028653295128939827
0.01078167115902965	0
0.016172506738544475	0.008086253369272238
0.002702702702702703	0
0.008064516129032258	0.008064516129032258
0.00847457627118644	0.005649717514124294
0.007874015748031496	0
0.010582010582010581	0.0026455026455026454
0.013054830287206266	0.0026109660574412533
0.005420054200542005	0.008130081300813009
0.008086253369272238	0.0026954177897574125
0.015957446808510637	0.0026595744680851063
0.00804289544235925	0
0.0056022408963585435	0.014005602240896359
0.00554016620498615	0
0.008064516129032258	0
0.010899182561307902	0.0027247956403269754
0.005376344086021506	0.002688172043010753
0.005405405405405406	0.002702702702702703
0.00821917808219178	0.005479452054794521
0.013477088948787063	0.0026954177897574125
0.00558659217877095	0
0.005305039787798408	0.002652519893899204
0.01098901098901099	0.005494505494505495
0.0053475935828877	0.00267379679144385
0	0.0213903743315508
0.013333333333333334	0.005333333333333333
0.01358695652173913	0
0.005420054200542005	0.005420054200542005
0	0.005333333333333333
0.008021390374331552	0.00267379679144385
0.010666666666666666	0.0026666666666666666
0.002638522427440633	0
0.005319148936170213	0.007978723404255319
0.00267379679144385	0
0.013368983957219251	0.00267379679144385
0.0106951871657754	0.0053475935828877
0.002652519893899204	0.007957559681697613
0.016	0.0026666666666666666
0.0079155672823219	0.005277044854881266
0.010810810810810811	0
0.00821917808219178	0.0027397260273972603
0.0026595744680851063	0.0026595744680851063
0.013333333333333334	0
0.0084985835694051	0.0028328611898017
0.005681818181818182	0.002840909090909091
0.008426966292134831	0
0	0.0111731843575419
0.028328611898016998	0
0.008403361344537815	0.0028011204481792717
0.0113314447592068	0.0084985835694051
0.014164305949008499	0
0.011627906976744186	0.0029069767441860465
0.0028169014084507044	0.005633802816901409
0.005698005698005698	0.002849002849002849
0.016901408450704224	0
0.002840909090909091	0.002840909090909091
0.011267605633802818	0.005633802816901409
0.013927576601671309	0
0.008426966292134831	0.0056179775280898875
0.019830028328611898	0.0084985835694051
0.008595988538681949	0.0028653295128939827
0.0056179775280898875	0.0028089887640449437
0.008450704225352112	0.005633802816901409
0.005681818181818182	0.002840909090909091
0.011299435028248588	0.005649717514124294
0	0.005698005698005698
0.0169971671388102	0
0.011363636363636364	0.002840909090909091
0.008522727272727272	0.005681818181818182
0	0
0.014245014245014245	0.005698005698005698
0	0.011527377521613832
0.0028653295128939827	0.0028653295128939827
0.008522727272727272	0.002840909090909091
0.0028011204481792717	0.0056022408963585435
0.008547008547008548	0.002849002849002849
0.0111731843575419	0.002793296089385475
0	0.0028653295128939827
0.008620689655172414	0.017241379310344827
0.014245014245014245	0.002849002849002849
0.005681818181818182	0.002840909090909091
0.008333333333333333	0
0.011299435028248588	0.002824858757062147
0	0.005763688760806916
0.005649717514124294	0.011299435028248588
0.008522727272727272	0.011363636363636364
0.008379888268156424	0.002793296089385475
0.008571428571428572	0
0.005633802816901409	0.008450704225352112
0.011428571428571429	0.008571428571428572
0.014164305949008499	0.0056657223796034
0.016901408450704224	0.005633802816901409
0.008379888268156424	0.002793296089385475
0.005571030640668524	0.005571030640668524
0.005698005698005698	0.002849002849002849
0.0028328611898017	0.0028328611898017
0	0.008379888268156424
0.014005602240896359	0.0028011204481792717
0.011111111111111112	0.011111111111111112
0.005763688760806916	0.011527377521613832
0.019444444444444445	0.002777777777777778
0.013966480446927373	0.00558659217877095
0.002840909090909091	0.002840909090909091
0.008450704225352112	0
0.005633802816901409	0.0028169014084507044
0.0056022408963585435	0.0056022408963585435
0.0057306590257879654	0.0028653295128939827
0.008571428571428572	0.002857142857142857
0.0056657223796034	0.0113314447592068
0.013927576601671309	0.005571030640668524
0.008670520231213872	0.002890173410404624
0.0056179775280898875	0.0028089887640449437
0.0056179775280898875	0.0028089887640449437
0	0.01977401129943503
0.017045454545454544	0.005681818181818182
0.008645533141210375	0.005763688760806916
0.014164305949008499	0.0028328611898017
0.0028653295128939827	0
0.0056657223796034	0.0056657223796034
0.014005602240896359	0.0028011204481792717
0.008450704225352112	0.005633802816901409
0.008670520231213872	0.005780346820809248
0.005847953216374269	0.008771929824561403
0.0056022408963585435	0.008403361344537815
0.002824858757062147	0
0.0056179775280898875	0.008426966292134831
0.005681818181818182	0
0.0028653295128939827	0.0028653295128939827
0.008695652173913044	0.002898550724637681
0	0.0056179775280898875
0.00847457627118644	0.005649717514124294
0.02	0.008571428571428572
0.014285714285714285	0.005714285714285714
0.014124293785310734	0
0.0111731843575419	0.00558659217877095
0.011299435028248588	0.00847457627118644
0.002840909090909091	0.005681818181818182
0.0028328611898017	0.0084985835694051
0.01440922190201729	0.002881844380403458
0.017142857142857144	0.002857142857142857
0.008547008547008548	0.005698005698005698
0.014044943820224719	0.008426966292134831
0.0111731843575419	0.00558659217877095
0.0028653295128939827	0
0.017191977077363897	0.0057306590257879654
0	0
0.011299435028248588	0.00847457627118644
0.002777777777777778	0.002777777777777778
0.013927576601671309	0
0.005698005698005698	0.005698005698005698
0.005420054200542005	0.0027100271002710027
0.00821917808219178	0.0027397260273972603
0.008021390374331552	0.00267379679144385
0.00819672131147541	0.00273224043715847
0.010723860589812333	0.005361930294906166
0.013623978201634877	0.0027247956403269754
0.002680965147453083	0.005361930294906166
0.01078167115902965	0.008086253369272238
0.013440860215053764	0
0.01891891891891892	0.008108108108108109
0.008241758241758242	0.0027472527472527475
0.01358695652173913	0.010869565217391304
0.008086253369272238	0
0.008108108108108109	0.005405405405405406
0.005390835579514825	0.0026954177897574125
0.013513513513513514	0.002702702702702703
0.00819672131147541	0.00546448087431694
0.005376344086021506	0.005376344086021506
0.00819672131147541	0.01092896174863388
0.005405405405405406	0.002702702702702703
0.008086253369272238	0.0026954177897574125
0.010899182561307902	0.005449591280653951
0.01098901098901099	0.008241758241758242
0.002702702702702703	0.010810810810810811
0.005376344086021506	0.008064516129032258
0.0027247956403269754	0
0.005390835579514825	0
0.013623978201634877	0
0.0106951871657754	0
0.016129032258064516	0.005376344086021506
0.0213903743315508	0.0053475935828877
0.010958904109589041	0
0.008130081300813009	0
0.008130081300813009	0
0.005390835579514825	0.005390835579514825
0.008174386920980926	0
0.01907356948228883	0
0.008064516129032258	0.005376344086021506
0.00273224043715847	0.00273224043715847
0.008086253369272238	0.0026954177897574125
0.008064516129032258	0
0.0136986301369863	0.005479452054794521
0.008064516129032258	0
0.00273224043715847	0.00273224043715847
0.005420054200542005	0
0.005420054200542005	0.005420054200542005
0.01078167115902965	0.0026954177897574125
0.0027100271002710027	0.0027100271002710027
0.01977401129943503	0.002824858757062147
0.005449591280653951	0
0.018867924528301886	0.0026954177897574125
0.005449591280653951	0.008174386920980926
0.010723860589812333	0.005361930294906166
0.013157894736842105	0
0.01871657754010695	0.008021390374331552
0.010582010582010581	0.0026455026455026454
0.005319148936170213	0.010638297872340425
0.010638297872340425	0
0	0
0.007894736842105263	0.007894736842105263
0.007936507936507936	0.0026455026455026454
0.005319148936170213	0.005319148936170213
0.002652519893899204	0.002652519893899204
0.010582010582010581	0
0.005333333333333333	0
0.0026954177897574125	0.005390835579514825
0.013089005235602094	0.005235602094240838
0.008174386920980926	0.0027247956403269754
0.010810810810810811	0.010810810810810811
0.008021390374331552	0.00267379679144385
0.010810810810810811	0.010810810810810811
0.01078167115902965	0.013477088948787063
0.0158311345646438	0.002638522427440633
0.005405405405405406	0
0	0.0106951871657754
0.0027100271002710027	0.0027100271002710027
0.005449591280653951	0.010899182561307902
0.010869565217391304	0.002717391304347826
0.008241758241758242	0.0027472527472527475
0.005420054200542005	0.005420054200542005
0.016260162601626018	0.01084010840108401
0.008086253369272238	0
0.00819672131147541	0.00546448087431694
0.00819672131147541	0.00819672131147541
0.005319148936170213	0
0.013623978201634877	0.0027247956403269754
0.0027472527472527475	0.005494505494505495
0.0055248618784530384	0.011049723756906077
0.010869565217391304	0.005434782608695652
0.005361930294906166	0.002680965147453083
0.002702702702702703	0.002702702702702703
0.010899182561307902	0.0027247956403269754
0.010810810810810811	0.008108108108108109
0.011142061281337047	0
0.013623978201634877	0.0027247956403269754
0.008108108108108109	0
0.013477088948787063	0.008086253369272238
0.005319148936170213	0.005319148936170213
0.016216216216216217	0.002702702702702703
0.008086253369272238	0.0026954177897574125
0.008108108108108109	0
0.00267379679144385	0.00267379679144385
0.0026455026455026454	0.0026455026455026454
0.008108108108108109	0.002702702702702703
0.013477088948787063	0.008086253369272238
0.0026246719160104987	0.007874015748031496
0.005420054200542005	0.005420054200542005
0.013368983957219251	0.0053475935828877
0.010723860589812333	0.005361930294906166
0.0026666666666666666	0.0026666666666666666
0.011019283746556474	0.0027548209366391185
0.015957446808510637	0
0.008130081300813009	0
0.010958904109589041	0
0.013623978201634877	0.008174386920980926
0.016129032258064516	0.005376344086021506
0.0026595744680851063	0.005319148936170213
0.0136986301369863	0.005479452054794521
0.008108108108108109	0.002702702702702703
0.013368983957219251	0.0053475935828877
0.015915119363395226	0
0.013333333333333334	0.005333333333333333
0.013227513227513227	0
0.013404825737265416	0.002680965147453083
0.005479452054794521	0.00821917808219178
0.024456521739130436	0.002717391304347826
0.010582010582010581	0.0026455026455026454
0	0
0.008108108108108109	0.002702702702702703
0.013123359580052493	0
0.008264462809917356	0
0	0.002652519893899204
0.011019283746556474	0.005509641873278237
0.005291005291005291	0.007936507936507936
0.007978723404255319	0.0026595744680851063
0.00804289544235925	0.00804289544235925
0.013227513227513227	0.0026455026455026454
0.010554089709762533	0.0079155672823219
0.010810810810810811	0.005405405405405406
0.00821917808219178	0.005479452054794521
0.005376344086021506	0.005376344086021506
0.00819672131147541	0.00273224043715847
0.002702702702702703	0
0.005420054200542005	0
0	0.002680965147453083
0.005405405405405406	0.005405405405405406
0.01078167115902965	0.0026954177897574125
0.01078167115902965	0.008086253369272238
0.01078167115902965	0.005390835579514825
0.005449591280653951	0
0.008021390374331552	0.00267379679144385
0.008152173913043478	0.002717391304347826
0.013477088948787063	0.0026954177897574125
0.015915119363395226	0.002652519893899204
0.008064516129032258	0
0.013333333333333334	0.0026666666666666666
0.005305039787798408	0.002652519893899204
0.005405405405405406	0
0.0027247956403269754	0.008174386920980926
0.007936507936507936	0.0026455026455026454
0.016	0.0026666666666666666
0.0106951871657754	0
0.005291005291005291	0.007936507936507936
0.005208333333333333	0.005208333333333333
0.015544041450777202	0.0051813471502590676
0.005194805194805195	0
0.012987012987012988	0.005194805194805195
0.010666666666666666	0
0.010810810810810811	0.008108108108108109
0.0160857908847185	0.002680965147453083
0.00273224043715847	0.00546448087431694
0.013513513513513514	0.002702702702702703
0.026525198938992044	0.002652519893899204
0.016216216216216217	0.005405405405405406
0.007936507936507936	0.013227513227513227
0.002688172043010753	0.008064516129032258
0.010610079575596816	0
0.007957559681697613	0.010610079575596816
0.016129032258064516	0.005376344086021506
0.018867924528301886	0.005390835579514825
0.010869565217391304	0.008152173913043478
0.005376344086021506	0.002688172043010753
0.00819672131147541	0.01092896174863388
0.013513513513513514	0
0.005361930294906166	0.005361930294906166
0.005376344086021506	0.002688172043010753
0.013513513513513514	0.005405405405405406
0.01084010840108401	0.0027100271002710027
0.010752688172043012	0.002688172043010753
0.0053475935828877	0.013368983957219251
0.01084010840108401	0.0027100271002710027
0.013550135501355014	0.005420054200542005
0.0106951871657754	0.013368983957219251
0.019021739130434784	0
0.005405405405405406	0.002702702702702703
0.016	0.008
0.013404825737265416	0.002680965147453083
0.0027247956403269754	0.005449591280653951
0.005361930294906166	0
0.005405405405405406	0.002702702702702703
0.010899182561307902	0.0027247956403269754
0.005405405405405406	0.005405405405405406
0.008287292817679558	0.011049723756906077
0.01871657754010695	0.00267379679144385
0.0027548209366391185	0.011019283746556474
0.005434782608695652	0.002717391304347826
0.005405405405405406	0.005405405405405406
0.013262599469496022	0.002652519893899204
0.013477088948787063	0.0026954177897574125
0.013333333333333334	0
0.013262599469496022	0.002652519893899204
0.01078167115902965	0.0026954177897574125
0.01078167115902965	0
0.005376344086021506	0.005376344086021506
0.002652519893899204	0.002652519893899204
0.005390835579514825	0.0026954177897574125
0.008086253369272238	0.0026954177897574125
0.008130081300813009	0.005420054200542005
0.010723860589812333	0.002680965147453083
0.0079155672823219	0.010554089709762533
0.013297872340425532	0.0026595744680851063
0.013227513227513227	0
0.013157894736842105	0.005263157894736842
0.010610079575596816	0.005305039787798408
0.016	0.008
0.018518518518518517	0.0026455026455026454
0.002680965147453083	0
0.010554089709762533	0
0.005291005291005291	0.005291005291005291
0.01078167115902965	0.005390835579514825
0.010666666666666666	0.005333333333333333
0.0026595744680851063	0.005319148936170213
0.0026595744680851063	0.005319148936170213
0.005376344086021506	0.002688172043010753
0.013477088948787063	0.0026954177897574125
0.015706806282722512	0.005235602094240838
0.0079155672823219	0
0.007792207792207792	0.01038961038961039
0.008064516129032258	0.005376344086021506
0.005277044854881266	0
0.0026246719160104987	0.013123359580052493
0.005263157894736842	0.007894736842105263
0.021052631578947368	0.005263157894736842
0.008108108108108109	0.005405405405405406
0.0103359173126615	0.002583979328165375
0.010526315789473684	0.007894736842105263
0.007772020725388601	0.0025906735751295338
0.007832898172323759	0.005221932114882507
0.015873015873015872	0.005291005291005291
0.002680965147453083	0.002680965147453083
0.0026041666666666665	0.0078125
0.007936507936507936	0
0.002652519893899204	0.002652519893899204
0.005494505494505495	0
0.015789473684210527	0.007894736842105263
0.007792207792207792	0
0.01078167115902965	0
0.010582010582010581	0.007936507936507936
0.013227513227513227	0.005291005291005291
0.010582010582010581	0.005291005291005291
0.005235602094240838	0.010471204188481676
0.016216216216216217	0.002702702702702703
0.002638522427440633	0
0.013333333333333334	0.0026666666666666666
0.007832898172323759	0.005221932114882507
0.005208333333333333	0
0.00267379679144385	0.0106951871657754
0.010443864229765013	0.005221932114882507
0.005333333333333333	0.0026666666666666666
0.007853403141361256	0.010471204188481676
0.005376344086021506	0
0.0079155672823219	0.005277044854881266
0.005361930294906166	0.010723860589812333
0.013440860215053764	0.002688172043010753
0.0079155672823219	0.005277044854881266
0.0029498525073746312	0
0.016853932584269662	0.0028089887640449437
0	0
0.0113314447592068	0
0.011267605633802818	0
0.011267605633802818	0
0.0113314447592068	0.0028328611898017
0.014124293785310734	0
0.0056022408963585435	0.0028011204481792717
0.00847457627118644	0
0.017094017094017096	0.011396011396011397
0.0084985835694051	0.0113314447592068
0.002857142857142857	0
0.00847457627118644	0.002824858757062147
0.011204481792717087	0.0056022408963585435
0.008450704225352112	0
0.0056657223796034	0.0028328611898017
0.0056022408963585435	0.0028011204481792717
0.002824858757062147	0.005649717514124294
0.017045454545454544	0.005681818181818182
0.011428571428571429	0.008571428571428572
0.005555555555555556	0
0.008356545961002786	0.002785515320334262
0.0084985835694051	0.0028328611898017
0.0084985835694051	0.0113314447592068
0.014005602240896359	0
0.008595988538681949	0
0	0.0056179775280898875
0.011204481792717087	0.0056022408963585435
0.011204481792717087	0.014005602240896359
0.016666666666666666	0.008333333333333333
0.011235955056179775	0.0028089887640449437
0.008379888268156424	0.0111731843575419
0.0058309037900874635	0.0029154518950437317
0.014084507042253521	0.0028169014084507044
0.002857142857142857	0.008571428571428572
0.011235955056179775	0.0028089887640449437
0.0028328611898017	0.0113314447592068
0.005747126436781609	0.0028735632183908046
0.0084985835694051	0.0084985835694051
0.0028089887640449437	0.008426966292134831
0.005698005698005698	0
0.0028328611898017	0.0056657223796034
0.008522727272727272	0
0.0028089887640449437	0.008426966292134831
0.014285714285714285	0
0.008450704225352112	0.008450704225352112
0.011267605633802818	0.008450704225352112
0.0057306590257879654	0.0028653295128939827
0.0028169014084507044	0.0028169014084507044
0	0.008450704225352112
0.014164305949008499	0.0084985835694051
0.01694915254237288	0.00847457627118644
0.002840909090909091	0.002840909090909091
0.002824858757062147	0.00847457627118644
0.008403361344537815	0.0056022408963585435
0.014204545454545454	0
0.005649717514124294	0.00847457627118644
0.011299435028248588	0.00847457627118644
0.008379888268156424	0.00558659217877095
0.01675977653631285	0.008379888268156424
0.011363636363636364	0.005681818181818182
0.005571030640668524	0.005571030640668524
0.008403361344537815	0.008403361344537815
0.0056657223796034	0.0113314447592068
0.011267605633802818	0
0.002824858757062147	0.002824858757062147
0.008379888268156424	0
0.002890173410404624	0.008670520231213872
0.008379888268156424	0
0.002849002849002849	0.002849002849002849
0.008522727272727272	0
0.005747126436781609	0
0.0028169014084507044	0.008450704225352112
0.008450704225352112	0.0028169014084507044
0.002840909090909091	0
0.00847457627118644	0.002824858757062147
0.0057306590257879654	0.0057306590257879654
0.011428571428571429	0.008571428571428572
0.014044943820224719	0.0056179775280898875
0.014326647564469915	0.0057306590257879654
0.014124293785310734	0.005649717514124294
0.008547008547008548	0.002849002849002849
0.0113314447592068	0.0028328611898017
0.010958904109589041	0.0027397260273972603
0.016042780748663103	0.0053475935828877
0.013513513513513514	0.008108108108108109
0.01078167115902965	0
0.002652519893899204	0.005305039787798408
0.013477088948787063	0.008086253369272238
0.013297872340425532	0.005319148936170213
0.005291005291005291	0.007936507936507936
0.008086253369272238	0.0026954177897574125
0.00546448087431694	0.00273224043715847
0.008152173913043478	0.005434782608695652
0.010666666666666666	0.0026666666666666666
0.013227513227513227	0.0026455026455026454
0.008021390374331552	0.0053475935828877
0.0106951871657754	0.00267379679144385
0.013227513227513227	0.005291005291005291
0.007874015748031496	0.010498687664041995
0.008021390374331552	0.0053475935828877
0.008152173913043478	0.008152173913043478
0.010752688172043012	0.002688172043010753
0.008152173913043478	0.008152173913043478
0.010723860589812333	0.00804289544235925
0.016172506738544475	0.005390835579514825
0.007894736842105263	0.002631578947368421
0.007957559681697613	0.002652519893899204
0.010723860589812333	0.005361930294906166
0.013297872340425532	0.0026595744680851063
0.005249343832020997	0.005249343832020997
0.01876675603217158	0.002680965147453083
0.005376344086021506	0.002688172043010753
0.002652519893899204	0.007957559681697613
0.005449591280653951	0.005449591280653951
0.005333333333333333	0.005333333333333333
0.01871657754010695	0.00267379679144385
0.005249343832020997	0.0026246719160104987
0.0110803324099723	0
0.005361930294906166	0.002680965147453083
0.013368983957219251	0.00267379679144385
0.013262599469496022	0.005305039787798408
0.005420054200542005	0.005420054200542005
0.0053475935828877	0.00267379679144385
0.013368983957219251	0.0053475935828877
0.005263157894736842	0.002631578947368421
0.010582010582010581	0.010582010582010581
0.01634877384196185	0.005449591280653951
0.002702702702702703	0.013513513513513514
0	0.0026666666666666666
0.008174386920980926	0.008174386920980926
0.008	0.005333333333333333
0.015957446808510637	0.0026595744680851063
0.010582010582010581	0
0.0158311345646438	0.010554089709762533
0.013812154696132596	0.0027624309392265192
0.00804289544235925	0.005361930294906166
0.01366120218579235	0
0.008064516129032258	0.005376344086021506
0.0106951871657754	0.008021390374331552
0.008021390374331552	0.00267379679144385
0.0026954177897574125	0.005390835579514825
0.013513513513513514	0.002702702702702703
0.008086253369272238	0
0.01078167115902965	0.005390835579514825
0.01078167115902965	0.008086253369272238
0.013262599469496022	0.005305039787798408
0	0.00546448087431694
0.010582010582010581	0.007936507936507936
0.007957559681697613	0.005305039787798408
0.005333333333333333	0.010666666666666666
0.015915119363395226	0.007957559681697613
0.01856763925729443	0.005305039787798408
0.013262599469496022	0.005305039787798408
0.010582010582010581	0
0.008174386920980926	0
0.018666666666666668	0.008
0.008021390374331552	0.0053475935828877
0.016042780748663103	0.00267379679144385
0.005305039787798408	0
0.005277044854881266	0.005277044854881266
0.013297872340425532	0.007978723404255319
0.010638297872340425	0
0.013623978201634877	0.008174386920980926
0.00267379679144385	0
0.0027100271002710027	0.005420054200542005
0.010810810810810811	0
0.010638297872340425	0.005319148936170213
0.005333333333333333	0.005333333333333333
0.013297872340425532	0.005319148936170213
0.00267379679144385	0.00267379679144385
0.01084010840108401	0.0027100271002710027
0.0026041666666666665	0.0078125
0.015748031496062992	0.007874015748031496
0.013192612137203167	0.005277044854881266
0.008	0.010666666666666666
0.013192612137203167	0.002638522427440633
0.0053475935828877	0.0053475935828877
0.010610079575596816	0.005305039787798408
0.007957559681697613	0.005305039787798408
0	0.0026666666666666666
0.002638522427440633	0.002638522427440633
0.002638522427440633	0.002638522427440633
0.013157894736842105	0
0.013123359580052493	0.0026246719160104987
0.002680965147453083	0
0.008064516129032258	0
0.0026455026455026454	0
0.013123359580052493	0.005249343832020997
0.005249343832020997	0
0.013333333333333334	0.005333333333333333
0.010554089709762533	0.005277044854881266
0.005263157894736842	0.005263157894736842
0.007978723404255319	0.005319148936170213
0.010610079575596816	0.005305039787798408
0.016042780748663103	0.00267379679144385
0.013368983957219251	0.00267379679144385
0.002638522427440633	0.013192612137203167
0.015915119363395226	0.002652519893899204
0.008021390374331552	0.008021390374331552
0.010723860589812333	0.005361930294906166
0.010638297872340425	0.0026595744680851063
0.008130081300813009	0.0027100271002710027
0.01078167115902965	0.005390835579514825
0.008021390374331552	0.013368983957219251
0.0053475935828877	0.0053475935828877
0.005361930294906166	0.002680965147453083
0.005449591280653951	0.005449591280653951
0.010752688172043012	0
0.010810810810810811	0.005405405405405406
0.005305039787798408	0.002652519893899204
0.011142061281337047	0
0.0027247956403269754	0.0027247956403269754
0.010610079575596816	0.010610079575596816
0.0026109660574412533	0.007832898172323759
0.010582010582010581	0.0026455026455026454
0.0106951871657754	0.0053475935828877
0.005494505494505495	0.0027472527472527475
0.0026595744680851063	0
0.0053475935828877	0
0.0106951871657754	0.0053475935828877
0.0026666666666666666	0.008
0.013550135501355014	0.005420054200542005
0.008152173913043478	0.008152173913043478
0.005405405405405406	0
0.013368983957219251	0.00267379679144385
0.015873015873015872	0.005291005291005291
0.005249343832020997	0
0.005571030640668524	0.011142061281337047
0.005319148936170213	0.0026595744680851063
0.008152173913043478	0.002717391304347826
0.005361930294906166	0
0.005420054200542005	0.01084010840108401
0.01092896174863388	0.00546448087431694
0.002652519893899204	0.002652519893899204
0.008064516129032258	0.002688172043010753
0.008152173913043478	0.005434782608695652
0.005420054200542005	0.0027100271002710027
0.002688172043010753	0.002688172043010753
0.008064516129032258	0.008064516129032258
0.010610079575596816	0
0.005249343832020997	0.007874015748031496
0.005333333333333333	0
0.008152173913043478	0.005434782608695652
0.005277044854881266	0.005277044854881266
0.005376344086021506	0.005376344086021506
0.013297872340425532	0.005319148936170213
0.005361930294906166	0.005361930294906166
0.010752688172043012	0.013440860215053764
0.0106951871657754	0.008021390374331552
0.005405405405405406	0.005405405405405406
0.01092896174863388	0.00546448087431694
0.013333333333333334	0
0	0.013333333333333334
0.008086253369272238	0.0026954177897574125
0.008152173913043478	0.005434782608695652
0.010810810810810811	0.005405405405405406
0.013368983957219251	0.00267379679144385
0.013404825737265416	0.002680965147453083
0.015957446808510637	0.0026595744680851063
0.007874015748031496	0.0026246719160104987
0	0.0053475935828877
0.005390835579514825	0.0026954177897574125
0.005333333333333333	0.005333333333333333
0.010638297872340425	0.0026595744680851063
0.010638297872340425	0.0026595744680851063
0.00546448087431694	0.00273224043715847
0.005509641873278237	0.0027548209366391185
0	0.002702702702702703
0.01078167115902965	0.01078167115902965
0.008108108108108109	0.008108108108108109
0	0.008064516129032258
0.013404825737265416	0.002680965147453083
0.008174386920980926	0.0027247956403269754
0.0027247956403269754	0.005449591280653951
0.005361930294906166	0.013404825737265416
0.0106951871657754	0.00267379679144385
0.013297872340425532	0.0026595744680851063
0.01098901098901099	0.0027472527472527475
0.010723860589812333	0.002680965147453083
0.010958904109589041	0
0.005361930294906166	0.002680965147453083
0.005405405405405406	0
0.002680965147453083	0.002680965147453083
0.01084010840108401	0
0.010752688172043012	0.002688172043010753
0.013440860215053764	0.008064516129032258
0.010810810810810811	0
0.008	0.005333333333333333
0.0026954177897574125	0.005390835579514825
0.0026455026455026454	0.005291005291005291
0.013404825737265416	0.005361930294906166
0.010723860589812333	0.005361930294906166
0.013550135501355014	0.005420054200542005
0.0027100271002710027	0.01084010840108401
0.008108108108108109	0.008108108108108109
0.010752688172043012	0.002688172043010753
0	0.010666666666666666
0.005494505494505495	0.0027472527472527475
0.010723860589812333	0.005361930294906166
0.00558659217877095	0.0111731843575419
0.007894736842105263	0.007894736842105263
0.0026455026455026454	0.007936507936507936
0.015915119363395226	0.002652519893899204
0.005249343832020997	0.010498687664041995
0.013368983957219251	0.008021390374331552
0.005449591280653951	0.0027247956403269754
0.024128686327077747	0
0.013227513227513227	0.007936507936507936
0.007874015748031496	0.007874015748031496
0.005479452054794521	0.010958904109589041
0.002680965147453083	0.00804289544235925
0.005361930294906166	0.002680965147453083
0.0026455026455026454	0.005291005291005291
0.016129032258064516	0.005376344086021506
0.013020833333333334	0.0026041666666666665
0.005434782608695652	0.008152173913043478
0.016901408450704224	0.0028169014084507044
0.005361930294906166	0.005361930294906166
0.0160857908847185	0.010723860589812333
0.013404825737265416	0.005361930294906166
0.013513513513513514	0.008108108108108109
0.005333333333333333	0.005333333333333333
0.005390835579514825	0.005390835579514825
0.005376344086021506	0.002688172043010753
0.007957559681697613	0.002652519893899204
0.01092896174863388	0.00546448087431694
0.005305039787798408	0.010610079575596816
0.005420054200542005	0.0027100271002710027
0.008086253369272238	0.005390835579514825
0.008130081300813009	0.0027100271002710027
0.002688172043010753	0
0.007957559681697613	0.007957559681697613
0.015748031496062992	0
0.00267379679144385	0.0106951871657754
0.010582010582010581	0.007936507936507936
0.008108108108108109	0.002702702702702703
0.0027100271002710027	0.01084010840108401
0.005390835579514825	0.005390835579514825
0.005449591280653951	0
0.010638297872340425	0.0026595744680851063
0.0106951871657754	0
0.010610079575596816	0
0.008064516129032258	0.008064516129032258
0.007978723404255319	0.010638297872340425
0.005376344086021506	0.002688172043010753
0.016129032258064516	0.002688172043010753
0.005277044854881266	0
0.002717391304347826	0.002717391304347826
0.007936507936507936	0.0026455026455026454
0.008174386920980926	0.005449591280653951
0.005319148936170213	0
0.01078167115902965	0.0026954177897574125
0.02127659574468085	0
0.015915119363395226	0.007957559681697613
0.002688172043010753	0.002688172043010753
0.0213903743315508	0.0053475935828877
0.008021390374331552	0.0053475935828877
0.005405405405405406	0.005405405405405406
0.0027100271002710027	0.0027100271002710027
0.010899182561307902	0
0.02406417112299465	0.0053475935828877
0.005319148936170213	0
0.013550135501355014	0.005420054200542005
0.005319148936170213	0
0.00819672131147541	0.00273224043715847
0.016172506738544475	0.005390835579514825
0.008086253369272238	0.005390835579514825
0.01092896174863388	0
0.008130081300813009	0.0027100271002710027
0.018666666666666668	0.0026666666666666666
0.008152173913043478	0.002717391304347826
0.008108108108108109	0.008108108108108109
0.007978723404255319	0.005319148936170213
0.015789473684210527	0.005263157894736842
0	0.002680965147453083
0.010666666666666666	0.005333333333333333
0.015873015873015872	0.0026455026455026454
0.00819672131147541	0.00546448087431694
0.0055248618784530384	0.0027624309392265192
0.013623978201634877	0.008174386920980926
0.021447721179624665	0.010723860589812333
0	0.00267379679144385
0	0
0.008086253369272238	0.005390835579514825
0.0053475935828877	0.00267379679144385
0.007874015748031496	0.005249343832020997
0.013297872340425532	0.013297872340425532
0.010638297872340425	0.0026595744680851063
0.014005602240896359	0
0.020114942528735632	0
0.01440922190201729	0
0.002840909090909091	0.002840909090909091
0.005714285714285714	0.011428571428571429
0.002824858757062147	0.005649717514124294
0.011461318051575931	0.0057306590257879654
0.011204481792717087	0.0028011204481792717
0.008595988538681949	0
0.011428571428571429	0.005714285714285714
0.002881844380403458	0.002881844380403458
0.017341040462427744	0.002890173410404624
0.008547008547008548	0.005698005698005698
0.005649717514124294	0.00847457627118644
0.011299435028248588	0.002824858757062147
0	0.005633802816901409
0.002824858757062147	0.002824858757062147
0.016713091922005572	0.013927576601671309
0	0.0028653295128939827
0.00558659217877095	0.00558659217877095
0.00558659217877095	0
0.014124293785310734	0.005649717514124294
0	0.0028089887640449437
0.008403361344537815	0.0028011204481792717
0.0028011204481792717	0
0.02023121387283237	0.002890173410404624
0	0.005633802816901409
0.008595988538681949	0.0028653295128939827
0.011363636363636364	0
0.005698005698005698	0.017094017094017096
0.00558659217877095	0.0111731843575419
0.0028011204481792717	0.0028011204481792717
0.019943019943019943	0.005698005698005698
0.011396011396011397	0.002849002849002849
0.005763688760806916	0
0.008595988538681949	0.0057306590257879654
0.005633802816901409	0.0028169014084507044
0.00558659217877095	0
0.0028328611898017	0.0028328611898017
0.0056179775280898875	0.0056179775280898875
0.002777777777777778	0.008333333333333333
0.011428571428571429	0.005714285714285714
0.008450704225352112	0.005633802816901409
0.008379888268156424	0.002793296089385475
0.011267605633802818	0.0028169014084507044
0.002849002849002849	0.002849002849002849
0.0028089887640449437	0.0028089887640449437
0.005649717514124294	0.002824858757062147
0.005649717514124294	0
0.008620689655172414	0.005747126436781609
0.00847457627118644	0
0.005633802816901409	0.011267605633802818
0.005681818181818182	0.005681818181818182
0.022535211267605635	0.0028169014084507044
0.005633802816901409	0.011267605633802818
0.00558659217877095	0.002793296089385475
0.011142061281337047	0.005571030640668524
0.014285714285714285	0.002857142857142857
0.00872093023255814	0.00872093023255814
0.01440922190201729	0.008645533141210375
0.0056022408963585435	0.008403361344537815
0.013966480446927373	0.00558659217877095
0.002890173410404624	0.002890173410404624
0.005681818181818182	0
0.0028328611898017	0.0056657223796034
0.011111111111111112	0.008333333333333333
0.005698005698005698	0
0.008620689655172414	0.0028735632183908046
0.0056179775280898875	0.0028089887640449437
0.02247191011235955	0.0056179775280898875
0.011461318051575931	0.0057306590257879654
0.014005602240896359	0.008403361344537815
0.011560693641618497	0.002890173410404624
0.0028089887640449437	0.011235955056179775
0.0084985835694051	0.0028328611898017
0.008356545961002786	0.002785515320334262
0.011204481792717087	0.0056022408963585435
0.0056179775280898875	0.0056179775280898875
0.011267605633802818	0.011267605633802818
0.008522727272727272	0.005681818181818182
0.0028653295128939827	0.008595988538681949
0.008403361344537815	0.008403361344537815
0.0084985835694051	0.0084985835694051
0.0113314447592068	0.0056657223796034
0	0.005698005698005698
0.014124293785310734	0.005649717514124294
0.005681818181818182	0.002840909090909091
0.008645533141210375	0
0.0028328611898017	0.0056657223796034
0.0029069767441860465	0.00872093023255814
0.011299435028248588	0.005649717514124294
0.008522727272727272	0.002840909090909091
0.0056179775280898875	0.0056179775280898875
0.013888888888888888	0
0.008356545961002786	0.002785515320334262
0.0028011204481792717	0
0.011396011396011397	0.002849002849002849
0.011428571428571429	0.002857142857142857
0.014367816091954023	0.0028735632183908046
0	0.005571030640668524
0.0028653295128939827	0.0057306590257879654
0.0084985835694051	0
0.011204481792717087	0.0028011204481792717
0.008379888268156424	0.008379888268156424
0.00558659217877095	0.002793296089385475
0.008450704225352112	0.014084507042253521
0.0028328611898017	0
0.008522727272727272	0.005681818181818182
0.008571428571428572	0.002857142857142857
0.0056657223796034	0.0056657223796034
0	0.0056657223796034
0.008547008547008548	0.008547008547008548
0.002824858757062147	0.00847457627118644
0.0113314447592068	0
0.011204481792717087	0.0028011204481792717
0.008379888268156424	0.00558659217877095
0.014084507042253521	0.0028169014084507044
0.008333333333333333	0.002777777777777778
0.005681818181818182	0.005681818181818182
0.016853932584269662	0
0.011299435028248588	0
0.005555555555555556	0.005555555555555556
0.005763688760806916	0.002881844380403458
0.02023121387283237	0
0.0056657223796034	0.0028328611898017
0.011494252873563218	0.008620689655172414
0.011204481792717087	0.0028011204481792717
0.014285714285714285	0
0.008547008547008548	0.005698005698005698
0.017241379310344827	0
0	0.0056657223796034
0.011111111111111112	0.002777777777777778
0.005649717514124294	0.002824858757062147
0.0057306590257879654	0.0028653295128939827
0.014326647564469915	0.008595988538681949
0.01440922190201729	0.002881844380403458
0	0.008522727272727272
0.008426966292134831	0
0.011363636363636364	0
0.005780346820809248	0.005780346820809248
0.008595988538681949	0.0057306590257879654
0.011204481792717087	0
0.008620689655172414	0.0028735632183908046
0.0056022408963585435	0.008403361344537815
0.0113314447592068	0.0056657223796034
0.008645533141210375	0
0.014084507042253521	0.005633802816901409
0	0.0028169014084507044
0.00847457627118644	0.00847457627118644
0.0113314447592068	0.0028328611898017
0.002849002849002849	0.005698005698005698
0.002840909090909091	0.005681818181818182
0	0.011396011396011397
0.005681818181818182	0.002840909090909091
0.008522727272727272	0.011363636363636364
0.005747126436781609	0.005747126436781609
0.0111731843575419	0.002793296089385475
0.011267605633802818	0.0028169014084507044
0.0056022408963585435	0.0056022408963585435
0.008547008547008548	0
